Username,Profile URL,GitHub ID,Year_Group,Public_Repositories,Lifetime_Commits,sector_id,sector_label
iFadey,https://github.com/iFadey,183519,2010-01,10,45,0,2010–2017
whizpool,https://github.com/whizpool,195207,2010-02,14,264,0,2010–2017
visiosoft,https://github.com/visiosoft,237692,2010-04,62,1836,0,2010–2017
salmanulhaq,https://github.com/salmanulhaq,273014,2010-05,17,43,0,2010–2017
Javaid,https://github.com/Javaid,313539,2010-06,26,139,0,2010–2017
shoaibnawaz,https://github.com/shoaibnawaz,316389,2010-06,19,17,0,2010–2017
AnnuN,https://github.com/AnnuN,338166,2010-07,18,26,0,2010–2017
jawadabbass,https://github.com/jawadabbass,359515,2010-08,6,56,0,2010–2017
ch3ckmat3,https://github.com/ch3ckmat3,362814,2010-08,14,16,0,2010–2017
Waleedzkhan,https://github.com/Waleedzkhan,403886,2010-09,22,30,0,2010–2017
fahdi,https://github.com/fahdi,434134,2010-10,314,709,0,2010–2017
awakeel,https://github.com/awakeel,535570,2010-12,68,252,0,2010–2017
samiujan,https://github.com/samiujan,511368,2010-12,43,110,0,2010–2017
chall3ng3r,https://github.com/chall3ng3r,529419,2010-12,17,105,0,2010–2017
m-umer-farooq,https://github.com/m-umer-farooq,621476,2011-02,19,226,0,2010–2017
qadir0108,https://github.com/qadir0108,677058,2011-03,68,486,0,2010–2017
mrkkhattak,https://github.com/mrkkhattak,687774,2011-03,16,187,0,2010–2017
kingsatti,https://github.com/kingsatti,692414,2011-03,13,52,0,2010–2017
harissarwar,https://github.com/harissarwar,693246,2011-03,24,18,0,2010–2017
junaidp,https://github.com/junaidp,747843,2011-04,107,1106,0,2010–2017
shaan360,https://github.com/shaan360,803938,2011-05,415,362,0,2010–2017
kamranshahzad,https://github.com/kamranshahzad,773620,2011-05,17,178,0,2010–2017
aasif,https://github.com/aasif,1006414,2011-08,8,106,0,2010–2017
irfanahm3d,https://github.com/irfanahm3d,1006830,2011-08,10,83,0,2010–2017
sadafrasheed,https://github.com/sadafrasheed,1001302,2011-08,11,35,0,2010–2017
anaspk,https://github.com/anaspk,1071973,2011-09,23,149,0,2010–2017
zahoorkhan,https://github.com/zahoorkhan,1137544,2011-10,9,89,0,2010–2017
kiranali,https://github.com/kiranali,1225950,2011-11,19,49,0,2010–2017
zamd,https://github.com/zamd,1377205,2012-01,101,778,0,2010–2017
assadvirgo,https://github.com/assadvirgo,1374374,2012-01,31,503,0,2010–2017
rathoreahsan,https://github.com/rathoreahsan,1388743,2012-01,7,63,0,2010–2017
abdulaleem313,https://github.com/abdulaleem313,1485940,2012-02,29,191,0,2010–2017
iamimran,https://github.com/iamimran,1425997,2012-02,31,144,0,2010–2017
atifsaeed14,https://github.com/atifsaeed14,1452857,2012-02,12,96,0,2010–2017
ahmad-luqman,https://github.com/ahmad-luqman,1522464,2012-03,82,918,0,2010–2017
shaghab,https://github.com/shaghab,1546339,2012-03,27,860,0,2010–2017
professorhaseeb,https://github.com/professorhaseeb,1492888,2012-03,73,114,0,2010–2017
SiddiqueAhmad,https://github.com/SiddiqueAhmad,1517075,2012-03,55,89,0,2010–2017
mkadeel,https://github.com/mkadeel,1554077,2012-03,10,46,0,2010–2017
yasiralijaved,https://github.com/yasiralijaved,1651426,2012-04,37,157,0,2010–2017
AliSherKashif,https://github.com/AliSherKashif,1741792,2012-05,14,186,0,2010–2017
imranashraf,https://github.com/imranashraf,1899376,2012-06,129,476,0,2010–2017
naveedanjum,https://github.com/naveedanjum,1901664,2012-06,26,68,0,2010–2017
alijamal14,https://github.com/alijamal14,2056312,2012-07,23,6309,0,2010–2017
ahmadalibaloch,https://github.com/ahmadalibaloch,1916642,2012-07,39,983,0,2010–2017
saqibrazzaq,https://github.com/saqibrazzaq,1948021,2012-07,25,434,0,2010–2017
alleey,https://github.com/alleey,2000085,2012-07,10,116,0,2010–2017
haiderktk,https://github.com/haiderktk,2012409,2012-07,10,50,0,2010–2017
atiffarrukh,https://github.com/atiffarrukh,1938333,2012-07,14,20,0,2010–2017
talentedaamer,https://github.com/talentedaamer,2241691,2012-08,47,326,0,2010–2017
moinism,https://github.com/moinism,2242528,2012-08,16,143,0,2010–2017
wajihullahbaig,https://github.com/wajihullahbaig,2294224,2012-09,54,657,0,2010–2017
qaavi,https://github.com/qaavi,2408213,2012-09,186,171,0,2010–2017
uziiuzair,https://github.com/uziiuzair,2352977,2012-09,21,82,0,2010–2017
bilalmughal,https://github.com/bilalmughal,2370808,2012-09,15,47,0,2010–2017
IrfanAli150,https://github.com/IrfanAli150,2345099,2012-09,17,45,0,2010–2017
Khurram664,https://github.com/Khurram664,2360255,2012-09,9,12,0,2010–2017
TabLand,https://github.com/TabLand,2546543,2012-10,34,4226,0,2010–2017
shahumar,https://github.com/shahumar,2528658,2012-10,25,147,0,2010–2017
innamhunzai,https://github.com/innamhunzai,2614198,2012-10,14,29,0,2010–2017
shafqatjan,https://github.com/shafqatjan,2777232,2012-11,15,847,0,2010–2017
saud404,https://github.com/saud404,2745349,2012-11,282,242,0,2010–2017
ibrahimahmed443,https://github.com/ibrahimahmed443,2877755,2012-11,35,183,0,2010–2017
mughalmuneeb786,https://github.com/mughalmuneeb786,2847350,2012-11,90,151,0,2010–2017
rightturn,https://github.com/rightturn,2788795,2012-11,15,89,0,2010–2017
jamalkhan2k6,https://github.com/jamalkhan2k6,2820542,2012-11,10,36,0,2010–2017
aftabahmad334,https://github.com/aftabahmad334,2854226,2012-11,10,26,0,2010–2017
musmanrafiq,https://github.com/musmanrafiq,2999953,2012-12,102,706,0,2010–2017
sohail042414,https://github.com/sohail042414,3031085,2012-12,48,267,0,2010–2017
hasan4it,https://github.com/hasan4it,3106601,2012-12,31,168,0,2010–2017
toadeelali,https://github.com/toadeelali,3049798,2012-12,13,121,0,2010–2017
yasirsiddiqui,https://github.com/yasirsiddiqui,3072536,2012-12,14,90,0,2010–2017
factian,https://github.com/factian,3153651,2012-12,56,62,0,2010–2017
shahzad-saddam,https://github.com/shahzad-saddam,3042332,2012-12,12,56,0,2010–2017
mahmoodkk,https://github.com/mahmoodkk,3069042,2012-12,10,25,0,2010–2017
haider-pw,https://github.com/haider-pw,3355880,2013-01,52,793,0,2010–2017
mudiman,https://github.com/mudiman,3204719,2013-01,33,166,0,2010–2017
imranshafqat,https://github.com/imranshafqat,3274225,2013-01,38,17,0,2010–2017
Bilalmirza,https://github.com/Bilalmirza,3693453,2013-02,9,806,0,2010–2017
shahdanish,https://github.com/shahdanish,3727124,2013-02,12,200,0,2010–2017
sohailkhanmarwat,https://github.com/sohailkhanmarwat,3712798,2013-02,640,170,0,2010–2017
saqib-nadeem,https://github.com/saqib-nadeem,3468379,2013-02,39,102,0,2010–2017
sulemanhasib43,https://github.com/sulemanhasib43,3601332,2013-02,17,90,0,2010–2017
sahibkhan,https://github.com/sahibkhan,3574456,2013-02,8,60,0,2010–2017
nomizodiac,https://github.com/nomizodiac,3611309,2013-02,15,39,0,2010–2017
adilshahzad,https://github.com/adilshahzad,3637848,2013-02,14,34,0,2010–2017
kashif181,https://github.com/kashif181,3944914,2013-03,16,1266,0,2010–2017
ibnYusrat,https://github.com/ibnYusrat,3955226,2013-03,49,966,0,2010–2017
demoderator,https://github.com/demoderator,3775668,2013-03,8,673,0,2010–2017
samiulhaq,https://github.com/samiulhaq,3774752,2013-03,15,82,0,2010–2017
waseefakhtar,https://github.com/waseefakhtar,4093820,2013-04,76,751,0,2010–2017
mfuzailzubari,https://github.com/mfuzailzubari,4161179,2013-04,20,120,0,2010–2017
waqas-ali,https://github.com/waqas-ali,4289842,2013-04,17,67,0,2010–2017
inamkhosa,https://github.com/inamkhosa,4208487,2013-04,8,47,0,2010–2017
ahmedrizwan,https://github.com/ahmedrizwan,4357275,2013-05,35,1021,0,2010–2017
Asjad27,https://github.com/Asjad27,4342016,2013-05,8,124,0,2010–2017
mshahbazm,https://github.com/mshahbazm,4339047,2013-05,10,53,0,2010–2017
Technocrux,https://github.com/Technocrux,4522182,2013-05,7,18,0,2010–2017
arkhitech,https://github.com/arkhitech,4892536,2013-06,145,1097,0,2010–2017
NeoBoy,https://github.com/NeoBoy,4787117,2013-06,88,181,0,2010–2017
Adnan1990,https://github.com/Adnan1990,4607952,2013-06,36,88,0,2010–2017
Nomiluks,https://github.com/Nomiluks,4704211,2013-06,39,79,0,2010–2017
khurramIlyas,https://github.com/khurramIlyas,4669065,2013-06,8,73,0,2010–2017
mansoorakhtar,https://github.com/mansoorakhtar,4660979,2013-06,7,62,0,2010–2017
usman-whizpool,https://github.com/usman-whizpool,5094671,2013-07,20,148113,0,2010–2017
WasimAhmad,https://github.com/WasimAhmad,5045365,2013-07,193,329,0,2010–2017
Qazi-Farjad,https://github.com/Qazi-Farjad,4918481,2013-07,7,105,0,2010–2017
arshadmuhammad,https://github.com/arshadmuhammad,5055339,2013-07,29,80,0,2010–2017
sajidzaman,https://github.com/sajidzaman,5072833,2013-07,13,58,0,2010–2017
naumanthunder22,https://github.com/naumanthunder22,5123240,2013-07,7,27,0,2010–2017
send2naeem,https://github.com/send2naeem,4962429,2013-07,11,24,0,2010–2017
MaxSamnani,https://github.com/MaxSamnani,4962782,2013-07,14,20,0,2010–2017
aliakhtar,https://github.com/aliakhtar,5325112,2013-08,31,1514,0,2010–2017
zubairze7,https://github.com/zubairze7,5235013,2013-08,6,13,0,2010–2017
starmun-0010,https://github.com/starmun-0010,5557278,2013-09,47,938,0,2010–2017
naveedahmad99,https://github.com/naveedahmad99,5438968,2013-09,49,318,0,2010–2017
centangle,https://github.com/centangle,5390438,2013-09,9,266,0,2010–2017
khawajamechatronics,https://github.com/khawajamechatronics,5573931,2013-09,160,149,0,2010–2017
SaadBilal,https://github.com/SaadBilal,5398803,2013-09,210,106,0,2010–2017
umairashraf1986,https://github.com/umairashraf1986,5472078,2013-09,11,29,0,2010–2017
irfansh,https://github.com/irfansh,5575323,2013-09,12,16,0,2010–2017
khurrumsaleem,https://github.com/khurrumsaleem,5681739,2013-10,674,1884,0,2010–2017
MoazamALi,https://github.com/MoazamALi,5764374,2013-10,14,473,0,2010–2017
gamingumar,https://github.com/gamingumar,5675313,2013-10,56,370,0,2010–2017
fidabhittani,https://github.com/fidabhittani,5584787,2013-10,23,138,0,2010–2017
ahsansher,https://github.com/ahsansher,5606819,2013-10,9,68,0,2010–2017
attiqueullah,https://github.com/attiqueullah,5801649,2013-10,12,57,0,2010–2017
pakistanimoon,https://github.com/pakistanimoon,5585103,2013-10,16,45,0,2010–2017
wasimshigri,https://github.com/wasimshigri,5734084,2013-10,10,19,0,2010–2017
mustafa-syed,https://github.com/mustafa-syed,5612950,2013-10,6,17,0,2010–2017
malikmudassar,https://github.com/malikmudassar,6041664,2013-11,51,1314,0,2010–2017
meetsohail,https://github.com/meetsohail,5951985,2013-11,26,336,0,2010–2017
codernaut,https://github.com/codernaut,6038652,2013-11,86,303,0,2010–2017
abdullah2993,https://github.com/abdullah2993,5978905,2013-11,100,290,0,2010–2017
wasxxm,https://github.com/wasxxm,5878994,2013-11,20,188,0,2010–2017
hussainahmad,https://github.com/hussainahmad,5903522,2013-11,108,177,0,2010–2017
walkinlogic,https://github.com/walkinlogic,6039701,2013-11,44,141,0,2010–2017
Qamar4P,https://github.com/Qamar4P,5989134,2013-11,43,124,0,2010–2017
emadsyed91,https://github.com/emadsyed91,5961061,2013-11,8,96,0,2010–2017
ibrar06hussain,https://github.com/ibrar06hussain,5997877,2013-11,18,67,0,2010–2017
fahedyasin,https://github.com/fahedyasin,5945904,2013-11,7,33,0,2010–2017
13bscsmahmad,https://github.com/13bscsmahmad,6093810,2013-12,17,234,0,2010–2017
twoe-hub,https://github.com/twoe-hub,6112435,2013-12,9,210,0,2010–2017
AtiqueUrRehman,https://github.com/AtiqueUrRehman,6249624,2013-12,12,181,0,2010–2017
Vicky-shah,https://github.com/Vicky-shah,6151505,2013-12,14,91,0,2010–2017
daniyal229,https://github.com/daniyal229,6096459,2013-12,14,70,0,2010–2017
daniyalyasin93,https://github.com/daniyalyasin93,6183604,2013-12,16,46,0,2010–2017
Ahmed8485,https://github.com/Ahmed8485,6276850,2013-12,6,18,0,2010–2017
shabbarabbas,https://github.com/shabbarabbas,6230508,2013-12,84,17,0,2010–2017
farazmateen,https://github.com/farazmateen,6193548,2013-12,14,17,0,2010–2017
mrimran,https://github.com/mrimran,6545893,2014-01,50,1723,0,2010–2017
ebtihaj-khan,https://github.com/ebtihaj-khan,6501341,2014-01,23,104,0,2010–2017
farhansalam,https://github.com/farhansalam,6501901,2014-01,50,73,0,2010–2017
Khalid-Usman,https://github.com/Khalid-Usman,6439736,2014-01,25,44,0,2010–2017
Syed-Shah-Asad,https://github.com/Syed-Shah-Asad,6541677,2014-01,60,39,0,2010–2017
zakeerio,https://github.com/zakeerio,6605533,2014-02,13,1374,0,2010–2017
shabbir1993,https://github.com/shabbir1993,6572251,2014-02,67,660,0,2010–2017
KhubaibQaiser,https://github.com/KhubaibQaiser,6773396,2014-02,17,441,0,2010–2017
ArchTaqi,https://github.com/ArchTaqi,6747841,2014-02,63,214,0,2010–2017
fliegen-tech,https://github.com/fliegen-tech,6589442,2014-02,7,67,0,2010–2017
WahidKan,https://github.com/WahidKan,6713049,2014-02,16,34,0,2010–2017
shahkhalid,https://github.com/shahkhalid,6701745,2014-02,9,20,0,2010–2017
umerkiani,https://github.com/umerkiani,6712605,2014-02,258,17,0,2010–2017
omeryousaf,https://github.com/omeryousaf,6904200,2014-03,14,307,0,2010–2017
KashifAhmad,https://github.com/KashifAhmad,6997691,2014-03,23,253,0,2010–2017
shahqaan,https://github.com/shahqaan,7103308,2014-03,20,164,0,2010–2017
krazi3,https://github.com/krazi3,6938697,2014-03,20,102,0,2010–2017
RapidoCoder,https://github.com/RapidoCoder,6987937,2014-03,9,81,0,2010–2017
Ahsan343,https://github.com/Ahsan343,6968178,2014-03,15,77,0,2010–2017
pun777chy,https://github.com/pun777chy,6859320,2014-03,12,74,0,2010–2017
mudassartufail,https://github.com/mudassartufail,6898235,2014-03,7,46,0,2010–2017
owaiskiani,https://github.com/owaiskiani,6938942,2014-03,12,43,0,2010–2017
jalilkhan,https://github.com/jalilkhan,6985662,2014-03,10,34,0,2010–2017
tayyabmehmood,https://github.com/tayyabmehmood,6890404,2014-03,8,27,0,2010–2017
asadchachar,https://github.com/asadchachar,6999888,2014-03,12,25,0,2010–2017
niftyfire,https://github.com/niftyfire,7106007,2014-03,19,23,0,2010–2017
sohaib1415,https://github.com/sohaib1415,7118700,2014-03,16,21,0,2010–2017
umairb3,https://github.com/umairb3,7263304,2014-04,14,337,0,2010–2017
ZafarComputers,https://github.com/ZafarComputers,7240377,2014-04,7,81,0,2010–2017
noman3qau,https://github.com/noman3qau,7313497,2014-04,24,61,0,2010–2017
MVakas,https://github.com/MVakas,7447077,2014-04,21,29,0,2010–2017
aamirbutt,https://github.com/aamirbutt,7382325,2014-04,7,11,0,2010–2017
kqureshi14,https://github.com/kqureshi14,7656961,2014-05,45,251,0,2010–2017
Samad313,https://github.com/Samad313,7558684,2014-05,7,100,0,2010–2017
raheeliftikhar5,https://github.com/raheeliftikhar5,7496211,2014-05,21,96,0,2010–2017
mushtaqkhan,https://github.com/mushtaqkhan,7737885,2014-05,30,42,0,2010–2017
haiderwazir,https://github.com/haiderwazir,7649571,2014-05,9,36,0,2010–2017
khannaum,https://github.com/khannaum,7712413,2014-05,16,19,0,2010–2017
shakil0549,https://github.com/shakil0549,7625554,2014-05,11,16,0,2010–2017
rabeehabbasi,https://github.com/rabeehabbasi,7829615,2014-06,13,472,0,2010–2017
hassanj-576,https://github.com/hassanj-576,7910446,2014-06,21,382,0,2010–2017
iamabdullahmalik,https://github.com/iamabdullahmalik,7901693,2014-06,8,111,0,2010–2017
muhammadtalha04,https://github.com/muhammadtalha04,7966758,2014-06,16,84,0,2010–2017
arsalanworld,https://github.com/arsalanworld,7779579,2014-06,18,77,0,2010–2017
Zahidasghar,https://github.com/Zahidasghar,7939610,2014-06,29,74,0,2010–2017
adlmayo,https://github.com/adlmayo,7836088,2014-06,7,47,0,2010–2017
xiarahman,https://github.com/xiarahman,7999789,2014-06,14,44,0,2010–2017
Daniyal261,https://github.com/Daniyal261,7877899,2014-06,14,25,0,2010–2017
raza91,https://github.com/raza91,7911514,2014-06,16,24,0,2010–2017
SaimShuja,https://github.com/SaimShuja,7951452,2014-06,52,16,0,2010–2017
HassanAftab,https://github.com/HassanAftab,7793451,2014-06,26,13,0,2010–2017
ishaq27,https://github.com/ishaq27,7989589,2014-06,17,13,0,2010–2017
ArslanHayat12,https://github.com/ArslanHayat12,8244839,2014-07,35,717,0,2010–2017
umair13adil,https://github.com/umair13adil,8060868,2014-07,56,651,0,2010–2017
ProTechnologist,https://github.com/ProTechnologist,8305098,2014-07,13,90,0,2010–2017
yousafshah1214,https://github.com/yousafshah1214,8214248,2014-07,11,72,0,2010–2017
adan1145,https://github.com/adan1145,8194831,2014-07,26,70,0,2010–2017
aliarshadpro,https://github.com/aliarshadpro,8155897,2014-07,26,50,0,2010–2017
kriaz100,https://github.com/kriaz100,8234049,2014-07,39,36,0,2010–2017
ghayyour-spyko,https://github.com/ghayyour-spyko,8260454,2014-07,14,33,0,2010–2017
faisalabbas444,https://github.com/faisalabbas444,8055421,2014-07,12,18,0,2010–2017
rizasif,https://github.com/rizasif,8410351,2014-08,65,721,0,2010–2017
sadiash,https://github.com/sadiash,8554113,2014-08,18,302,0,2010–2017
ramigiki,https://github.com/ramigiki,8509880,2014-08,8,140,0,2010–2017
taqimustafa,https://github.com/taqimustafa,8524942,2014-08,23,72,0,2010–2017
ataulmustafa,https://github.com/ataulmustafa,8523508,2014-08,17,60,0,2010–2017
jahanzaibseyal,https://github.com/jahanzaibseyal,8545341,2014-08,9,45,0,2010–2017
thisisirfan,https://github.com/thisisirfan,8430282,2014-08,14,41,0,2010–2017
tariqabbas,https://github.com/tariqabbas,8388558,2014-08,18,33,0,2010–2017
Carino-Technologies,https://github.com/Carino-Technologies,8404735,2014-08,7,31,0,2010–2017
alirehmani,https://github.com/alirehmani,8677848,2014-09,10,88774,0,2010–2017
aitasadduq,https://github.com/aitasadduq,8677203,2014-09,21,436,0,2010–2017
waqarahmad901,https://github.com/waqarahmad901,8752381,2014-09,16,297,0,2010–2017
ahmerrkhanzz,https://github.com/ahmerrkhanzz,8692331,2014-09,32,215,0,2010–2017
waqaas993,https://github.com/waqaas993,8936118,2014-09,17,109,0,2010–2017
asn111,https://github.com/asn111,8926549,2014-09,18,52,0,2010–2017
ehsansajjad465,https://github.com/ehsansajjad465,8619477,2014-09,70,34,0,2010–2017
aadiljaleel,https://github.com/aadiljaleel,9087704,2014-10,22,10062,0,2010–2017
unaibamir,https://github.com/unaibamir,9289583,2014-10,28,451,0,2010–2017
asadhayat1068,https://github.com/asadhayat1068,8993735,2014-10,93,428,0,2010–2017
qayyumu,https://github.com/qayyumu,9069285,2014-10,11,390,0,2010–2017
saadhashmi91,https://github.com/saadhashmi91,9041491,2014-10,40,286,0,2010–2017
mrsahar,https://github.com/mrsahar,9487255,2014-10,34,282,0,2010–2017
muneeb-mashhood,https://github.com/muneeb-mashhood,9271563,2014-10,14,190,0,2010–2017
ZiaUrR3hman,https://github.com/ZiaUrR3hman,9167406,2014-10,11,119,0,2010–2017
sohaibali01,https://github.com/sohaibali01,8984852,2014-10,16,101,0,2010–2017
HassanNiazi,https://github.com/HassanNiazi,9024288,2014-10,22,91,0,2010–2017
BushraAbro,https://github.com/BushraAbro,9003956,2014-10,10,58,0,2010–2017
YasirAmeen,https://github.com/YasirAmeen,9055099,2014-10,31,49,0,2010–2017
imransarwarpk,https://github.com/imransarwarpk,9356099,2014-10,9,46,0,2010–2017
kashifiqbal,https://github.com/kashifiqbal,9335563,2014-10,6,45,0,2010–2017
SpaceCog,https://github.com/SpaceCog,8986115,2014-10,8,11,0,2010–2017
zainzafar90,https://github.com/zainzafar90,9788221,2014-11,111,1116,0,2010–2017
AtlasGondal,https://github.com/AtlasGondal,9794206,2014-11,36,194,0,2010–2017
awaidus,https://github.com/awaidus,9782807,2014-11,22,177,0,2010–2017
faisaldeveloper,https://github.com/faisaldeveloper,9621474,2014-11,29,171,0,2010–2017
zeecorleone,https://github.com/zeecorleone,9975195,2014-11,60,158,0,2010–2017
arifktk32,https://github.com/arifktk32,9917658,2014-11,22,112,0,2010–2017
awaisss,https://github.com/awaisss,9997311,2014-11,28,94,0,2010–2017
themegabyte,https://github.com/themegabyte,9980686,2014-11,33,82,0,2010–2017
ashhadsheikh,https://github.com/ashhadsheikh,9883787,2014-11,35,74,0,2010–2017
Rj707,https://github.com/Rj707,9985642,2014-11,21,63,0,2010–2017
ajmalhasan,https://github.com/ajmalhasan,9639048,2014-11,9,52,0,2010–2017
husnain0111,https://github.com/husnain0111,9663908,2014-11,19,50,0,2010–2017
EmMerry,https://github.com/EmMerry,9958323,2014-11,13,31,0,2010–2017
razam217,https://github.com/razam217,9858462,2014-11,11,14,0,2010–2017
AleemIqbal,https://github.com/AleemIqbal,10142670,2014-12,35,826,0,2010–2017
aqibibrahim,https://github.com/aqibibrahim,10336120,2014-12,43,611,0,2010–2017
hassaanp,https://github.com/hassaanp,10243572,2014-12,31,147,0,2010–2017
mzubairsaleem,https://github.com/mzubairsaleem,10283381,2014-12,243,105,0,2010–2017
amirk3321,https://github.com/amirk3321,10207753,2014-12,88,104,0,2010–2017
abbasshah17,https://github.com/abbasshah17,10087415,2014-12,16,101,0,2010–2017
touseefahmad,https://github.com/touseefahmad,10152807,2014-12,19,92,0,2010–2017
Jazeb,https://github.com/Jazeb,10204723,2014-12,10,72,0,2010–2017
zeeshangithub,https://github.com/zeeshangithub,10150682,2014-12,41,31,0,2010–2017
qmjeelani,https://github.com/qmjeelani,10349131,2014-12,8,16,0,2010–2017
nouman-khan,https://github.com/nouman-khan,10208286,2014-12,9,13,0,2010–2017
Asad-Iftikhar,https://github.com/Asad-Iftikhar,10369084,2015-01,8,319,0,2010–2017
syedwaseemjan,https://github.com/syedwaseemjan,10591478,2015-01,7,254,0,2010–2017
Hammad2111,https://github.com/Hammad2111,10460155,2015-01,11,106,0,2010–2017
usmansaleem542,https://github.com/usmansaleem542,10381528,2015-01,16,82,0,2010–2017
ranausmans,https://github.com/ranausmans,10561485,2015-01,18,76,0,2010–2017
Affan007,https://github.com/Affan007,10585206,2015-01,18,61,0,2010–2017
saad-s,https://github.com/saad-s,10422979,2015-01,22,54,0,2010–2017
zeeshantariqcs,https://github.com/zeeshantariqcs,10784949,2015-01,12,54,0,2010–2017
waqasahmedhijazi,https://github.com/waqasahmedhijazi,10436635,2015-01,10,37,0,2010–2017
12beseuahmad,https://github.com/12beseuahmad,10365693,2015-01,8,32,0,2010–2017
aadilmirrani,https://github.com/aadilmirrani,10547279,2015-01,7,29,0,2010–2017
alyshain,https://github.com/alyshain,10633491,2015-01,20,28,0,2010–2017
MadITHouse,https://github.com/MadITHouse,10467157,2015-01,11,12,0,2010–2017
Bagoro,https://github.com/Bagoro,10801600,2015-02,12,1192,0,2010–2017
HasnainAshfaq,https://github.com/HasnainAshfaq,11078828,2015-02,14,708,0,2010–2017
RaafehM,https://github.com/RaafehM,11080313,2015-02,6,415,0,2010–2017
Waseem-farooqui,https://github.com/Waseem-farooqui,10846095,2015-02,31,234,0,2010–2017
hanzlamateen,https://github.com/hanzlamateen,10975502,2015-02,26,188,0,2010–2017
shakirullah41,https://github.com/shakirullah41,11015120,2015-02,20,151,0,2010–2017
ZaheerUdDeen,https://github.com/ZaheerUdDeen,11150958,2015-02,45,127,0,2010–2017
vtoxi,https://github.com/vtoxi,11134225,2015-02,14,94,0,2010–2017
nabeelhayat,https://github.com/nabeelhayat,11197291,2015-02,30,93,0,2010–2017
Bismillah-Jan,https://github.com/Bismillah-Jan,10809646,2015-02,9,88,0,2010–2017
ShahidNauman,https://github.com/ShahidNauman,10918680,2015-02,10,69,0,2010–2017
ZubairMasih,https://github.com/ZubairMasih,11209514,2015-02,116,55,0,2010–2017
waqarahmad-code,https://github.com/waqarahmad-code,10944098,2015-02,14,53,0,2010–2017
awais006,https://github.com/awais006,10939040,2015-02,20,50,0,2010–2017
hasnatali1892,https://github.com/hasnatali1892,10962069,2015-02,14,46,0,2010–2017
deedaralam,https://github.com/deedaralam,11017812,2015-02,12,41,0,2010–2017
rsrana78,https://github.com/rsrana78,11165760,2015-02,7,34,0,2010–2017
rameezrehman408,https://github.com/rameezrehman408,10866087,2015-02,8,29,0,2010–2017
imranihsan,https://github.com/imranihsan,10893340,2015-02,12,28,0,2010–2017
zulfiqarpk92,https://github.com/zulfiqarpk92,11179904,2015-02,12,26,0,2010–2017
ShaharyarMaroof,https://github.com/ShaharyarMaroof,10959027,2015-02,9,22,0,2010–2017
shahidawan1,https://github.com/shahidawan1,11165825,2015-02,6,20,0,2010–2017
MHamza81,https://github.com/MHamza81,11178617,2015-02,7,19,0,2010–2017
chaqib,https://github.com/chaqib,10925520,2015-02,12,18,0,2010–2017
dnajaf,https://github.com/dnajaf,11078900,2015-02,6,17,0,2010–2017
usmanumar90,https://github.com/usmanumar90,11086707,2015-02,41,12,0,2010–2017
muzammilhussnain14,https://github.com/muzammilhussnain14,11178535,2015-02,32,12,0,2010–2017
sshariqrizvi,https://github.com/sshariqrizvi,11078537,2015-02,8,12,0,2010–2017
ahsan856jalal,https://github.com/ahsan856jalal,11498382,2015-03,20,533,0,2010–2017
NasirAziz,https://github.com/NasirAziz,11295794,2015-03,24,485,0,2010–2017
thisismairaj,https://github.com/thisismairaj,11309323,2015-03,39,396,0,2010–2017
ahmed666916,https://github.com/ahmed666916,11421957,2015-03,60,371,0,2010–2017
Sprinkle7,https://github.com/Sprinkle7,11424984,2015-03,106,254,0,2010–2017
tanseercena,https://github.com/tanseercena,11566927,2015-03,18,203,0,2010–2017
AliButtar,https://github.com/AliButtar,11333899,2015-03,22,147,0,2010–2017
zuhaib446,https://github.com/zuhaib446,11615371,2015-03,13,101,0,2010–2017
leeli0,https://github.com/leeli0,11633940,2015-03,21,99,0,2010–2017
mustafakhalidcs,https://github.com/mustafakhalidcs,11524135,2015-03,38,96,0,2010–2017
shery089,https://github.com/shery089,11508556,2015-03,29,44,0,2010–2017
ibraizQazi,https://github.com/ibraizQazi,11464549,2015-03,12,38,0,2010–2017
Ghulamrs,https://github.com/Ghulamrs,11317561,2015-03,23,28,0,2010–2017
dropocol,https://github.com/dropocol,11982876,2015-04,8,704,0,2010–2017
asadqazi,https://github.com/asadqazi,11749438,2015-04,47,408,0,2010–2017
0kakarot0,https://github.com/0kakarot0,11844157,2015-04,131,399,0,2010–2017
SalmanHaider5,https://github.com/SalmanHaider5,12092633,2015-04,6,322,0,2010–2017
muhammad-junaid-iftikhar,https://github.com/muhammad-junaid-iftikhar,11982970,2015-04,10,303,0,2010–2017
AmirHussain,https://github.com/AmirHussain,11998648,2015-04,20,222,0,2010–2017
hikmat30ce,https://github.com/hikmat30ce,12110040,2015-04,66,173,0,2010–2017
maliknabeel,https://github.com/maliknabeel,11770523,2015-04,13,162,0,2010–2017
abdur-android-dev,https://github.com/abdur-android-dev,11784617,2015-04,9,86,0,2010–2017
atariq6298,https://github.com/atariq6298,11856170,2015-04,21,84,0,2010–2017
wajahatbashir,https://github.com/wajahatbashir,11786908,2015-04,54,71,0,2010–2017
shahbazkhan94,https://github.com/shahbazkhan94,11898353,2015-04,27,53,0,2010–2017
lutfullah-kakakhel,https://github.com/lutfullah-kakakhel,11750688,2015-04,7,48,0,2010–2017
Sajidkkhan,https://github.com/Sajidkkhan,11984074,2015-04,16,47,0,2010–2017
asadnadeem93,https://github.com/asadnadeem93,11904129,2015-04,8,41,0,2010–2017
imrankhanswati,https://github.com/imrankhanswati,12090076,2015-04,8,36,0,2010–2017
rasheed123,https://github.com/rasheed123,11911097,2015-04,9,33,0,2010–2017
qamariit,https://github.com/qamariit,12161363,2015-04,9,29,0,2010–2017
umair-ali,https://github.com/umair-ali,12492201,2015-05,6,1794,0,2010–2017
umar-dev,https://github.com/umar-dev,12548998,2015-05,38,1104,0,2010–2017
syedumeralishah,https://github.com/syedumeralishah,12598549,2015-05,6,406,0,2010–2017
OsamaMahmood,https://github.com/OsamaMahmood,12585224,2015-05,27,271,0,2010–2017
shozibabbas,https://github.com/shozibabbas,12479978,2015-05,37,262,0,2010–2017
ShanShafiq01,https://github.com/ShanShafiq01,12216282,2015-05,6,159,0,2010–2017
usman10scorpio,https://github.com/usman10scorpio,12570317,2015-05,22,147,0,2010–2017
daniq350,https://github.com/daniq350,12201316,2015-05,12,72,0,2010–2017
arbabkhalil,https://github.com/arbabkhalil,12617992,2015-05,6,53,0,2010–2017
WaqasIbrahim,https://github.com/WaqasIbrahim,12554146,2015-05,23,52,0,2010–2017
junaidkbr,https://github.com/junaidkbr,12216819,2015-05,11,41,0,2010–2017
siraj-ur-rahman,https://github.com/siraj-ur-rahman,12571769,2015-05,11,34,0,2010–2017
alp317,https://github.com/alp317,12571786,2015-05,7,18,0,2010–2017
Faqahat,https://github.com/Faqahat,12972150,2015-06,32,2239,0,2010–2017
umarnasir1,https://github.com/umarnasir1,13011744,2015-06,9,855,0,2010–2017
mubbarikali,https://github.com/mubbarikali,13020221,2015-06,43,568,0,2010–2017
M-A-S1,https://github.com/M-A-S1,13079785,2015-06,19,343,0,2010–2017
programmer131,https://github.com/programmer131,12946496,2015-06,57,295,0,2010–2017
aamirkhan-91,https://github.com/aamirkhan-91,12995565,2015-06,6,146,0,2010–2017
jawadzaib,https://github.com/jawadzaib,13061081,2015-06,12,120,0,2010–2017
fahadfarooqmurawat,https://github.com/fahadfarooqmurawat,13122690,2015-06,6,118,0,2010–2017
ApsXpert,https://github.com/ApsXpert,13087765,2015-06,18,37,0,2010–2017
shahnawaz-minhas,https://github.com/shahnawaz-minhas,12895115,2015-06,10,25,0,2010–2017
mirzamudassar,https://github.com/mirzamudassar,12889521,2015-06,6,16,0,2010–2017
aforalee,https://github.com/aforalee,13517079,2015-07,20,2760,0,2010–2017
ijunaid8989,https://github.com/ijunaid8989,13561999,2015-07,135,933,0,2010–2017
nashmia-riaz,https://github.com/nashmia-riaz,13387692,2015-07,26,445,0,2010–2017
salmanmaq,https://github.com/salmanmaq,13566663,2015-07,42,326,0,2010–2017
umerjamil16,https://github.com/umerjamil16,13183600,2015-07,114,178,0,2010–2017
jahangir7389,https://github.com/jahangir7389,13574340,2015-07,38,163,0,2010–2017
ladlamalik,https://github.com/ladlamalik,13295742,2015-07,42,153,0,2010–2017
Sajad-Ul-Mulk,https://github.com/Sajad-Ul-Mulk,13518901,2015-07,26,79,0,2010–2017
hussainabbas,https://github.com/hussainabbas,13273598,2015-07,14,44,0,2010–2017
Shahmeerm,https://github.com/Shahmeerm,13545460,2015-07,10,17,0,2010–2017
qasimriaz002,https://github.com/qasimriaz002,13980331,2015-08,30,156,0,2010–2017
hashir1296,https://github.com/hashir1296,13798381,2015-08,12,131,0,2010–2017
Abdullahparacha,https://github.com/Abdullahparacha,13667005,2015-08,12,33,0,2010–2017
tahir-shahzad4,https://github.com/tahir-shahzad4,13693384,2015-08,67,22,0,2010–2017
NumanHassan,https://github.com/NumanHassan,13610484,2015-08,12,21,0,2010–2017
hzubyrss,https://github.com/hzubyrss,13892232,2015-08,12,21,0,2010–2017
Krazzaq47,https://github.com/Krazzaq47,13831947,2015-08,10,20,0,2010–2017
nxtgenwebsites,https://github.com/nxtgenwebsites,14246932,2015-09,16,804,0,2010–2017
Sindhani,https://github.com/Sindhani,14761161,2015-09,25,796,0,2010–2017
naeemdev,https://github.com/naeemdev,14875812,2015-09,38,421,0,2010–2017
Daniyal-Naeem,https://github.com/Daniyal-Naeem,14074089,2015-09,75,410,0,2010–2017
mehreencs87,https://github.com/mehreencs87,14890513,2015-09,158,345,0,2010–2017
jawad7ali,https://github.com/jawad7ali,14174507,2015-09,29,152,0,2010–2017
ranamohib,https://github.com/ranamohib,14858362,2015-09,36,133,0,2010–2017
Fariha1123,https://github.com/Fariha1123,14864360,2015-09,34,81,0,2010–2017
ahtishamyousaf,https://github.com/ahtishamyousaf,14872458,2015-09,6,81,0,2010–2017
UroojAyub,https://github.com/UroojAyub,14291737,2015-09,18,78,0,2010–2017
umerahmadmehtab,https://github.com/umerahmadmehtab,14297618,2015-09,27,70,0,2010–2017
Uzair-Developer,https://github.com/Uzair-Developer,14177017,2015-09,32,65,0,2010–2017
hamza-iqbal-hi,https://github.com/hamza-iqbal-hi,14298971,2015-09,7,63,0,2010–2017
Syedwaheed,https://github.com/Syedwaheed,14071753,2015-09,10,55,0,2010–2017
mohsinnaqvi606,https://github.com/mohsinnaqvi606,14882412,2015-09,11,50,0,2010–2017
Ali-Haider5,https://github.com/Ali-Haider5,14237366,2015-09,7,35,0,2010–2017
mshoaibraja,https://github.com/mshoaibraja,14818615,2015-09,14,34,0,2010–2017
hussnainwaris,https://github.com/hussnainwaris,14217464,2015-09,28,30,0,2010–2017
zaryabbkh,https://github.com/zaryabbkh,14287497,2015-09,25,23,0,2010–2017
hamidrhashmi,https://github.com/hamidrhashmi,14875110,2015-09,33,19,0,2010–2017
NoumanMasood,https://github.com/NoumanMasood,14115229,2015-09,13,19,0,2010–2017
bilalpakistani,https://github.com/bilalpakistani,14684789,2015-09,17,16,0,2010–2017
AbdulMoqeet43,https://github.com/AbdulMoqeet43,14822562,2015-09,9,16,0,2010–2017
haroon47,https://github.com/haroon47,14541408,2015-09,16,14,0,2010–2017
wahmedswl,https://github.com/wahmedswl,15020561,2015-10,43,1534,0,2010–2017
AamirNawaz,https://github.com/AamirNawaz,15338772,2015-10,35,519,0,2010–2017
aonsyed,https://github.com/aonsyed,15318951,2015-10,21,97,0,2010–2017
umarmuzammil,https://github.com/umarmuzammil,14996063,2015-10,7,94,0,2010–2017
mwaleedkhan,https://github.com/mwaleedkhan,15328761,2015-10,17,88,0,2010–2017
tayyab80,https://github.com/tayyab80,15234379,2015-10,24,56,0,2010–2017
WaqqadKhan,https://github.com/WaqqadKhan,15216064,2015-10,6,31,0,2010–2017
abqadeer,https://github.com/abqadeer,14950319,2015-10,11,17,0,2010–2017
mustafa9140,https://github.com/mustafa9140,14973265,2015-10,51,12,0,2010–2017
nauyan,https://github.com/nauyan,16066688,2015-11,50,504,0,2010–2017
asimniazi63,https://github.com/asimniazi63,15937296,2015-11,45,182,0,2010–2017
sajjadathar,https://github.com/sajjadathar,15966931,2015-11,27,109,0,2010–2017
rizwanswati,https://github.com/rizwanswati,15974748,2015-11,23,95,0,2010–2017
mobeentalha,https://github.com/mobeentalha,16056866,2015-11,13,67,0,2010–2017
SyedOsman33,https://github.com/SyedOsman33,15930071,2015-11,26,49,0,2010–2017
Zeeshan0x01,https://github.com/Zeeshan0x01,15604769,2015-11,8,39,0,2010–2017
JalalHussain,https://github.com/JalalHussain,15604735,2015-11,17,26,0,2010–2017
MuhammadShuja,https://github.com/MuhammadShuja,15723710,2015-11,15,25,0,2010–2017
LiaqatSaeed,https://github.com/LiaqatSaeed,16321880,2015-12,57,407,0,2010–2017
noumanDev,https://github.com/noumanDev,16192189,2015-12,46,343,0,2010–2017
MajidAliKhanQuaid,https://github.com/MajidAliKhanQuaid,16289269,2015-12,29,198,0,2010–2017
WaleedAli070,https://github.com/WaleedAli070,16451265,2015-12,16,164,0,2010–2017
waqargpgc,https://github.com/waqargpgc,16403584,2015-12,28,143,0,2010–2017
affanrafiquemirza,https://github.com/affanrafiquemirza,16098406,2015-12,8,125,0,2010–2017
usmanjdn93,https://github.com/usmanjdn93,16402690,2015-12,41,96,0,2010–2017
sikandar9370,https://github.com/sikandar9370,16335332,2015-12,12,77,0,2010–2017
sabiriiui,https://github.com/sabiriiui,16346134,2015-12,10,72,0,2010–2017
ZubairGill,https://github.com/ZubairGill,16318781,2015-12,13,63,0,2010–2017
Samadmehmood,https://github.com/Samadmehmood,16504542,2015-12,10,56,0,2010–2017
umairali89,https://github.com/umairali89,16162043,2015-12,11,35,0,2010–2017
wasifnaeem,https://github.com/wasifnaeem,16463844,2015-12,6,34,0,2010–2017
adilrasheedkhan,https://github.com/adilrasheedkhan,16166639,2015-12,13,21,0,2010–2017
MamoonAhmad,https://github.com/MamoonAhmad,16513023,2016-01,25,308,0,2010–2017
mcashif,https://github.com/mcashif,16693545,2016-01,10,192,0,2010–2017
KashShahzad,https://github.com/KashShahzad,16708541,2016-01,61,134,0,2010–2017
ubaid332,https://github.com/ubaid332,16523017,2016-01,31,103,0,2010–2017
hybridlogics,https://github.com/hybridlogics,16943413,2016-01,25,88,0,2010–2017
uwajhi,https://github.com/uwajhi,16879051,2016-01,8,79,0,2010–2017
huzefakhan,https://github.com/huzefakhan,16893783,2016-01,18,55,0,2010–2017
zeeshannaseem,https://github.com/zeeshannaseem,16624651,2016-01,7,42,0,2010–2017
hwaqar44,https://github.com/hwaqar44,16574815,2016-01,11,33,0,2010–2017
Allay054,https://github.com/Allay054,16519656,2016-01,9,27,0,2010–2017
shahzadbacha,https://github.com/shahzadbacha,16791779,2016-01,6,26,0,2010–2017
naumanahmad17,https://github.com/naumanahmad17,16565514,2016-01,38,18,0,2010–2017
kampooters,https://github.com/kampooters,16535385,2016-01,7,17,0,2010–2017
jughoor,https://github.com/jughoor,16518659,2016-01,13,16,0,2010–2017
usamasubhani,https://github.com/usamasubhani,17341491,2016-02,72,2008,0,2010–2017
RafayAK,https://github.com/RafayAK,17025191,2016-02,45,1091,0,2010–2017
rehanalam,https://github.com/rehanalam,17064396,2016-02,53,720,0,2010–2017
BashiAlee,https://github.com/BashiAlee,17060024,2016-02,12,426,0,2010–2017
hzburki,https://github.com/hzburki,17387720,2016-02,30,380,0,2010–2017
sardartaimour,https://github.com/sardartaimour,17540269,2016-02,22,287,0,2010–2017
ali28729,https://github.com/ali28729,17414191,2016-02,20,209,0,2010–2017
hamza-saj,https://github.com/hamza-saj,17195591,2016-02,19,160,0,2010–2017
rkhan06,https://github.com/rkhan06,17148526,2016-02,24,152,0,2010–2017
Muhammad-Usman17,https://github.com/Muhammad-Usman17,17220872,2016-02,24,130,0,2010–2017
awaiskhalidawan,https://github.com/awaiskhalidawan,17162589,2016-02,13,101,0,2010–2017
nouman91,https://github.com/nouman91,17067898,2016-02,26,96,0,2010–2017
hammad-tariq,https://github.com/hammad-tariq,17141897,2016-02,11,70,0,2010–2017
tehseenullah92,https://github.com/tehseenullah92,17446313,2016-02,24,65,0,2010–2017
HafizFarhan,https://github.com/HafizFarhan,17525149,2016-02,11,63,0,2010–2017
azhrkhan,https://github.com/azhrkhan,17448015,2016-02,10,50,0,2010–2017
Muhammad-Shehzad,https://github.com/Muhammad-Shehzad,17267180,2016-02,17,45,0,2010–2017
13bscsmumar,https://github.com/13bscsmumar,17102721,2016-02,14,44,0,2010–2017
wakasabbasid,https://github.com/wakasabbasid,17085366,2016-02,11,44,0,2010–2017
aahtesham,https://github.com/aahtesham,17232352,2016-02,10,37,0,2010–2017
atifzia,https://github.com/atifzia,17085869,2016-02,8,25,0,2010–2017
minhalsherazi,https://github.com/minhalsherazi,17113304,2016-02,7,21,0,2010–2017
hassanAwanAlvi,https://github.com/hassanAwanAlvi,17249527,2016-02,12,20,0,2010–2017
afaqmehmood,https://github.com/afaqmehmood,17067040,2016-02,15,19,0,2010–2017
maazsherpao,https://github.com/maazsherpao,17331350,2016-02,11,19,0,2010–2017
mhmalik,https://github.com/mhmalik,17514152,2016-02,15,16,0,2010–2017
OwaisMaleq,https://github.com/OwaisMaleq,17047040,2016-02,12,16,0,2010–2017
aneniex,https://github.com/aneniex,18040975,2016-03,7,2842,0,2010–2017
KhizerRehan,https://github.com/KhizerRehan,17727069,2016-03,107,658,0,2010–2017
ErajGulraiz,https://github.com/ErajGulraiz,18137256,2016-03,7,477,0,2010–2017
mkamalkayani,https://github.com/mkamalkayani,17708588,2016-03,37,399,0,2010–2017
Mughees52,https://github.com/Mughees52,17783266,2016-03,44,172,0,2010–2017
Asfand6417,https://github.com/Asfand6417,18124616,2016-03,22,170,0,2010–2017
yasserzubair,https://github.com/yasserzubair,18016507,2016-03,35,141,0,2010–2017
sarmadgardezi,https://github.com/sarmadgardezi,18191721,2016-03,23,119,0,2010–2017
KhalilMohammad,https://github.com/KhalilMohammad,17926533,2016-03,31,117,0,2010–2017
adeel696,https://github.com/adeel696,17796291,2016-03,15,106,0,2010–2017
zainriaz,https://github.com/zainriaz,17902827,2016-03,172,86,0,2010–2017
alicerommi,https://github.com/alicerommi,17943779,2016-03,9,57,0,2010–2017
naxir,https://github.com/naxir,17848552,2016-03,55,49,0,2010–2017
harisazam,https://github.com/harisazam,17931317,2016-03,8,34,0,2010–2017
salman440,https://github.com/salman440,18024325,2016-03,10,33,0,2010–2017
Muneeb316,https://github.com/Muneeb316,17945107,2016-03,10,32,0,2010–2017
jamaun,https://github.com/jamaun,18096577,2016-03,8,31,0,2010–2017
Nouman24,https://github.com/Nouman24,18117734,2016-03,7,30,0,2010–2017
mujahidalkausari,https://github.com/mujahidalkausari,17641291,2016-03,14,29,0,2010–2017
musawirjon,https://github.com/musawirjon,18184776,2016-03,12,28,0,2010–2017
auzair92,https://github.com/auzair92,17614117,2016-03,9,20,0,2010–2017
raoasifraza11,https://github.com/raoasifraza11,18229291,2016-04,166,1077,0,2010–2017
IMDroidude,https://github.com/IMDroidude,18243186,2016-04,34,444,0,2010–2017
Saimhassan,https://github.com/Saimhassan,18645081,2016-04,36,276,0,2010–2017
malikatiq786,https://github.com/malikatiq786,18621952,2016-04,14,273,0,2010–2017
sufyankhanrao,https://github.com/sufyankhanrao,18752818,2016-04,40,203,0,2010–2017
Ehsan1997,https://github.com/Ehsan1997,18682992,2016-04,32,183,0,2010–2017
supremeninjacoder,https://github.com/supremeninjacoder,18418522,2016-04,23,177,0,2010–2017
shahzaibkhan1993,https://github.com/shahzaibkhan1993,18576435,2016-04,7,61,0,2010–2017
zeeshanbiit,https://github.com/zeeshanbiit,18328470,2016-04,10,59,0,2010–2017
4Hasham,https://github.com/4Hasham,18756649,2016-04,6,57,0,2010–2017
haroon-hussain,https://github.com/haroon-hussain,18279267,2016-04,24,24,0,2010–2017
kamranabbaci,https://github.com/kamranabbaci,18495735,2016-04,10,23,0,2010–2017
Souch007,https://github.com/Souch007,18206080,2016-04,13,22,0,2010–2017
hmzaminhas,https://github.com/hmzaminhas,18427043,2016-04,11,21,0,2010–2017
ja9898,https://github.com/ja9898,18307384,2016-04,6,21,0,2010–2017
AtharKharal,https://github.com/AtharKharal,19528308,2016-05,120,35736,0,2010–2017
IUKHAN53,https://github.com/IUKHAN53,19414350,2016-05,42,713,0,2010–2017
irdanish11,https://github.com/irdanish11,19354208,2016-05,51,664,0,2010–2017
Marslanali,https://github.com/Marslanali,19324754,2016-05,47,463,0,2010–2017
assadakram,https://github.com/assadakram,19648215,2016-05,20,181,0,2010–2017
Mubasher693,https://github.com/Mubasher693,19280614,2016-05,12,148,0,2010–2017
DawoodShahat,https://github.com/DawoodShahat,19612755,2016-05,36,97,0,2010–2017
adeelazad591,https://github.com/adeelazad591,19474914,2016-05,6,64,0,2010–2017
kashifzahid,https://github.com/kashifzahid,19375345,2016-05,27,62,0,2010–2017
IrumZahraAwan,https://github.com/IrumZahraAwan,19490075,2016-05,20,60,0,2010–2017
khawarali971,https://github.com/khawarali971,19194040,2016-05,17,58,0,2010–2017
abdullah345,https://github.com/abdullah345,19620816,2016-05,14,39,0,2010–2017
faheemiq,https://github.com/faheemiq,19533984,2016-05,7,33,0,2010–2017
hamza6348,https://github.com/hamza6348,19537469,2016-05,20,27,0,2010–2017
shafeeq07,https://github.com/shafeeq07,19400687,2016-05,8,23,0,2010–2017
MuhammadFarhan01,https://github.com/MuhammadFarhan01,19556988,2016-05,11,18,0,2010–2017
fahadqcns,https://github.com/fahadqcns,19672613,2016-05,6,12,0,2010–2017
IrfanHayat,https://github.com/IrfanHayat,19885465,2016-06,51,935,0,2010–2017
ahab94,https://github.com/ahab94,19879385,2016-06,67,207,0,2010–2017
Rehan-Ahmad,https://github.com/Rehan-Ahmad,19752648,2016-06,22,191,0,2010–2017
Sagher,https://github.com/Sagher,20042101,2016-06,6,190,0,2010–2017
KanYousaf,https://github.com/KanYousaf,20198994,2016-06,69,131,0,2010–2017
wajahatiqbal,https://github.com/wajahatiqbal,19972722,2016-06,14,129,0,2010–2017
wajahat-iqbal,https://github.com/wajahat-iqbal,20109427,2016-06,20,83,0,2010–2017
abid-umer,https://github.com/abid-umer,20210412,2016-06,14,83,0,2010–2017
farobarcha,https://github.com/farobarcha,19695563,2016-06,195,73,0,2010–2017
isamirkhaan1,https://github.com/isamirkhaan1,19786697,2016-06,25,51,0,2010–2017
FaizanAhmaddev,https://github.com/FaizanAhmaddev,19833675,2016-06,8,47,0,2010–2017
mehakrafiq,https://github.com/mehakrafiq,19900704,2016-06,41,33,0,2010–2017
hsn41,https://github.com/hsn41,19886881,2016-06,9,30,0,2010–2017
kaabtahir,https://github.com/kaabtahir,20139288,2016-06,9,26,0,2010–2017
UsamaAR,https://github.com/UsamaAR,19916000,2016-06,10,13,0,2010–2017
usmanaridian,https://github.com/usmanaridian,20089774,2016-06,9,13,0,2010–2017
saad-nafees,https://github.com/saad-nafees,20095700,2016-06,13,11,0,2010–2017
muzammilshakir,https://github.com/muzammilshakir,20425042,2016-07,16,30209,0,2010–2017
umerkay,https://github.com/umerkay,20483712,2016-07,76,995,0,2010–2017
ahmednawazkhan,https://github.com/ahmednawazkhan,20334388,2016-07,14,714,0,2010–2017
aabi0044,https://github.com/aabi0044,20538460,2016-07,50,523,0,2010–2017
Ahmadkhan12345566,https://github.com/Ahmadkhan12345566,20639894,2016-07,90,507,0,2010–2017
ayeshakhtar209,https://github.com/ayeshakhtar209,20378913,2016-07,21,354,0,2010–2017
FahadYousafMahar,https://github.com/FahadYousafMahar,20330772,2016-07,20,213,0,2010–2017
HammadAli55,https://github.com/HammadAli55,20493127,2016-07,25,156,0,2010–2017
Mtea994,https://github.com/Mtea994,20420633,2016-07,53,137,0,2010–2017
ihaseeb,https://github.com/ihaseeb,20477957,2016-07,18,63,0,2010–2017
SyedShahzaib790,https://github.com/SyedShahzaib790,20438140,2016-07,6,61,0,2010–2017
al-bahith,https://github.com/al-bahith,20646619,2016-07,23,53,0,2010–2017
abbasnazar970,https://github.com/abbasnazar970,20533322,2016-07,9,51,0,2010–2017
hamza005,https://github.com/hamza005,20417498,2016-07,12,44,0,2010–2017
abdullahrazzaki,https://github.com/abdullahrazzaki,20298331,2016-07,15,38,0,2010–2017
muhammadzubair906,https://github.com/muhammadzubair906,20667931,2016-07,32,20,0,2010–2017
xam33r,https://github.com/xam33r,20706156,2016-07,17,16,0,2010–2017
Looper-575,https://github.com/Looper-575,20401194,2016-07,44,14,0,2010–2017
AbdulRaufVtl,https://github.com/AbdulRaufVtl,20637341,2016-07,6,11,0,2010–2017
mfarooq28,https://github.com/mfarooq28,21285928,2016-08,33,2615,0,2010–2017
MachineIntelligence6,https://github.com/MachineIntelligence6,21236130,2016-08,53,1984,0,2010–2017
jahanzaib-dx,https://github.com/jahanzaib-dx,21052419,2016-08,7,1883,0,2010–2017
AmmarHameeed,https://github.com/AmmarHameeed,21247371,2016-08,28,702,0,2010–2017
BilalLiaquat7,https://github.com/BilalLiaquat7,21335436,2016-08,35,515,0,2010–2017
VIRGO96,https://github.com/VIRGO96,20814233,2016-08,45,421,0,2010–2017
ZafarBukhari,https://github.com/ZafarBukhari,21336372,2016-08,26,414,0,2010–2017
Abdulrehmanghani,https://github.com/Abdulrehmanghani,21092649,2016-08,22,293,0,2010–2017
hamzaahmedkhan,https://github.com/hamzaahmedkhan,20903695,2016-08,122,279,0,2010–2017
umarshahid,https://github.com/umarshahid,21136459,2016-08,18,248,0,2010–2017
zunnurainbadar,https://github.com/zunnurainbadar,21104976,2016-08,34,230,0,2010–2017
khan57,https://github.com/khan57,21038452,2016-08,49,199,0,2010–2017
abdulwahid40,https://github.com/abdulwahid40,21302747,2016-08,14,183,0,2010–2017
IjlalBaig,https://github.com/IjlalBaig,21259266,2016-08,8,132,0,2010–2017
hskhawaja,https://github.com/hskhawaja,21059392,2016-08,12,126,0,2010–2017
mtm-talha,https://github.com/mtm-talha,21173153,2016-08,13,103,0,2010–2017
applebyte1992,https://github.com/applebyte1992,21213160,2016-08,26,101,0,2010–2017
mobeenriaz89,https://github.com/mobeenriaz89,21241156,2016-08,13,98,0,2010–2017
UsamaMunawar,https://github.com/UsamaMunawar,21172025,2016-08,16,92,0,2010–2017
imhafeez,https://github.com/imhafeez,21155655,2016-08,59,84,0,2010–2017
AhmerMH,https://github.com/AhmerMH,20803033,2016-08,17,70,0,2010–2017
syedmuhammadmuslim,https://github.com/syedmuhammadmuslim,21218089,2016-08,13,69,0,2010–2017
ucerd,https://github.com/ucerd,21309787,2016-08,11,69,0,2010–2017
NIMRAH97,https://github.com/NIMRAH97,21264765,2016-08,31,61,0,2010–2017
iwk5,https://github.com/iwk5,21277415,2016-08,21,59,0,2010–2017
ars27196,https://github.com/ars27196,20838841,2016-08,21,56,0,2010–2017
IamAbdulQadar,https://github.com/IamAbdulQadar,21020658,2016-08,24,39,0,2010–2017
zubairrana,https://github.com/zubairrana,20956481,2016-08,8,35,0,2010–2017
Samreen-Imtiaz,https://github.com/Samreen-Imtiaz,21160777,2016-08,9,31,0,2010–2017
asifrauf1,https://github.com/asifrauf1,21119351,2016-08,7,31,0,2010–2017
khawajaetisam99,https://github.com/khawajaetisam99,20875240,2016-08,85,29,0,2010–2017
hmzisb,https://github.com/hmzisb,21350316,2016-08,24,27,0,2010–2017
najamulabideen,https://github.com/najamulabideen,21244627,2016-08,6,26,0,2010–2017
suhail-akhtar,https://github.com/suhail-akhtar,22403218,2016-09,45,6538,0,2010–2017
sulemanhelp,https://github.com/sulemanhelp,22400366,2016-09,9,689,0,2010–2017
msibtain,https://github.com/msibtain,22138087,2016-09,39,186,0,2010–2017
Zedstron,https://github.com/Zedstron,22364618,2016-09,13,125,0,2010–2017
tayyabamin12,https://github.com/tayyabamin12,22519934,2016-09,28,75,0,2010–2017
mzsabir,https://github.com/mzsabir,21976130,2016-09,10,52,0,2010–2017
farrukhbashir,https://github.com/farrukhbashir,22269001,2016-09,11,33,0,2010–2017
Hamza1239,https://github.com/Hamza1239,22516673,2016-09,17,30,0,2010–2017
hamzatahir96,https://github.com/hamzatahir96,22562252,2016-10,7,4229,0,2010–2017
mammaraltaf,https://github.com/mammaraltaf,23153587,2016-10,44,723,0,2010–2017
israrahmedjan,https://github.com/israrahmedjan,22904876,2016-10,24,674,0,2010–2017
affan10,https://github.com/affan10,22591256,2016-10,29,330,0,2010–2017
yasirz,https://github.com/yasirz,22834742,2016-10,11,275,0,2010–2017
AsadullahFarooqi,https://github.com/AsadullahFarooqi,22820358,2016-10,30,264,0,2010–2017
sajidali1996,https://github.com/sajidali1996,22676356,2016-10,54,231,0,2010–2017
SalahudinMalik,https://github.com/SalahudinMalik,23012339,2016-10,38,221,0,2010–2017
asadullahilyas,https://github.com/asadullahilyas,23030449,2016-10,10,178,0,2010–2017
uzairzia,https://github.com/uzairzia,22623977,2016-10,18,110,0,2010–2017
wajahatshaw,https://github.com/wajahatshaw,22732308,2016-10,11,94,0,2010–2017
inayatDeveloper,https://github.com/inayatDeveloper,22600231,2016-10,25,89,0,2010–2017
digitalapplications,https://github.com/digitalapplications,22602174,2016-10,39,78,0,2010–2017
alinawazT,https://github.com/alinawazT,22786084,2016-10,11,74,0,2010–2017
khanfaizan1,https://github.com/khanfaizan1,22655221,2016-10,12,46,0,2010–2017
raouneeb,https://github.com/raouneeb,23012873,2016-10,21,39,0,2010–2017
engineer-amjid,https://github.com/engineer-amjid,23170505,2016-10,8,22,0,2010–2017
ammaar493,https://github.com/ammaar493,22792670,2016-10,6,22,0,2010–2017
Haris-09,https://github.com/Haris-09,23480855,2016-11,40,360,0,2010–2017
ahmedjamshed,https://github.com/ahmedjamshed,23229626,2016-11,28,326,0,2010–2017
atalha652,https://github.com/atalha652,24271041,2016-11,9,208,0,2010–2017
ammaarrahmed,https://github.com/ammaarrahmed,23737368,2016-11,24,193,0,2010–2017
matesio,https://github.com/matesio,23452747,2016-11,69,174,0,2010–2017
nadeem833,https://github.com/nadeem833,24270424,2016-11,28,165,0,2010–2017
fazzysyed,https://github.com/fazzysyed,24165501,2016-11,34,143,0,2010–2017
PassionatlyCS,https://github.com/PassionatlyCS,23528259,2016-11,13,121,0,2010–2017
iqasim-com,https://github.com/iqasim-com,23281307,2016-11,23,107,0,2010–2017
frazghuman,https://github.com/frazghuman,24270484,2016-11,20,94,0,2010–2017
fn-faisal,https://github.com/fn-faisal,23558802,2016-11,9,72,0,2010–2017
ahsenmukhtarmaken,https://github.com/ahsenmukhtarmaken,23330170,2016-11,12,49,0,2010–2017
mureedhussain1,https://github.com/mureedhussain1,24269242,2016-11,10,38,0,2010–2017
AmirKhan47,https://github.com/AmirKhan47,23741716,2016-11,9,32,0,2010–2017
bahadurh,https://github.com/bahadurh,23403802,2016-11,30,27,0,2010–2017
talha0324,https://github.com/talha0324,23639404,2016-11,7,20,0,2010–2017
IrfanBehsoodi,https://github.com/IrfanBehsoodi,24179783,2016-11,6,20,0,2010–2017
thisalihassan,https://github.com/thisalihassan,24819103,2016-12,33,1001,0,2010–2017
bilal-rashid,https://github.com/bilal-rashid,24587399,2016-12,41,678,0,2010–2017
SaadbinWaheed,https://github.com/SaadbinWaheed,24440961,2016-12,31,520,0,2010–2017
Musta1337,https://github.com/Musta1337,24548994,2016-12,18,443,0,2010–2017
haseeb5i,https://github.com/haseeb5i,24607693,2016-12,33,297,0,2010–2017
its4zahoor,https://github.com/its4zahoor,24554084,2016-12,35,291,0,2010–2017
Junaid199f,https://github.com/Junaid199f,24545828,2016-12,72,289,0,2010–2017
saadasghar96,https://github.com/saadasghar96,24845911,2016-12,9,162,0,2010–2017
iabduul7,https://github.com/iabduul7,24309704,2016-12,11,154,0,2010–2017
prshahbaz,https://github.com/prshahbaz,24513278,2016-12,8,141,0,2010–2017
atifraza,https://github.com/atifraza,24366479,2016-12,7,136,0,2010–2017
SikanderMehmood,https://github.com/SikanderMehmood,24297045,2016-12,11,106,0,2010–2017
alfahadiqbal,https://github.com/alfahadiqbal,24490639,2016-12,24,105,0,2010–2017
muradkhateeb78,https://github.com/muradkhateeb78,24789672,2016-12,10,100,0,2010–2017
DevProvider,https://github.com/DevProvider,24803338,2016-12,10,98,0,2010–2017
hrbaig,https://github.com/hrbaig,24764026,2016-12,8,89,0,2010–2017
ZahoorAhmad,https://github.com/ZahoorAhmad,24820225,2016-12,12,52,0,2010–2017
MZabih,https://github.com/MZabih,24524961,2016-12,11,48,0,2010–2017
Qaiser79,https://github.com/Qaiser79,24856111,2016-12,6,34,0,2010–2017
sadheerajk,https://github.com/sadheerajk,24701992,2016-12,7,25,0,2010–2017
areeshatariq,https://github.com/areeshatariq,24654457,2016-12,27,22,0,2010–2017
Ehtisham95,https://github.com/Ehtisham95,24632786,2016-12,8,21,0,2010–2017
SheikhSaad05,https://github.com/SheikhSaad05,24655285,2016-12,9,19,0,2010–2017
Ranags,https://github.com/Ranags,24490048,2016-12,6,17,0,2010–2017
shahzaman900,https://github.com/shahzaman900,25133745,2017-01,75,1143,0,2010–2017
MansoorNisar92,https://github.com/MansoorNisar92,24930314,2017-01,16,296,0,2010–2017
usaidbinshafqat,https://github.com/usaidbinshafqat,25301958,2017-01,8,296,0,2010–2017
faakhir-habib,https://github.com/faakhir-habib,24899905,2017-01,72,107,0,2010–2017
SoftechMansoor,https://github.com/SoftechMansoor,25426853,2017-01,40,74,0,2010–2017
khushboohussain,https://github.com/khushboohussain,24985947,2017-01,12,60,0,2010–2017
Mayo1122,https://github.com/Mayo1122,25296644,2017-01,50,55,0,2010–2017
MAbubakkar,https://github.com/MAbubakkar,25326447,2017-01,20,46,0,2010–2017
AbbasZaidi493,https://github.com/AbbasZaidi493,25306552,2017-01,10,46,0,2010–2017
MHamzaRajput,https://github.com/MHamzaRajput,25355264,2017-01,47,31,0,2010–2017
murtazarahat,https://github.com/murtazarahat,25393170,2017-01,8,27,0,2010–2017
RANAHAFEEZ,https://github.com/RANAHAFEEZ,25347593,2017-01,16,23,0,2010–2017
sayyamabbasi,https://github.com/sayyamabbasi,24865318,2017-01,10,22,0,2010–2017
qayoomsaif,https://github.com/qayoomsaif,25367723,2017-01,6,19,0,2010–2017
Qaisar-Nisar,https://github.com/Qaisar-Nisar,25198352,2017-01,12,18,0,2010–2017
mohsinabid,https://github.com/mohsinabid,24939489,2017-01,10,18,0,2010–2017
m-ikramulhaq,https://github.com/m-ikramulhaq,24886905,2017-01,15,13,0,2010–2017
seeratawan01,https://github.com/seeratawan01,26021449,2017-02,43,377,0,2010–2017
AliAyub007,https://github.com/AliAyub007,25840461,2017-02,96,339,0,2010–2017
noorulislam770,https://github.com/noorulislam770,25498125,2017-02,60,325,0,2010–2017
GhufranHasan,https://github.com/GhufranHasan,25532387,2017-02,28,291,0,2010–2017
uurehman,https://github.com/uurehman,25850029,2017-02,32,198,0,2010–2017
NajeebTyson,https://github.com/NajeebTyson,25772136,2017-02,28,197,0,2010–2017
alizahidch,https://github.com/alizahidch,25931657,2017-02,25,193,0,2010–2017
parkerqueen,https://github.com/parkerqueen,25511740,2017-02,11,148,0,2010–2017
ihamidraza,https://github.com/ihamidraza,25814622,2017-02,34,130,0,2010–2017
Rafah-Mehfooz,https://github.com/Rafah-Mehfooz,26027366,2017-02,17,123,0,2010–2017
adeel-hashmi,https://github.com/adeel-hashmi,25954392,2017-02,33,120,0,2010–2017
Numan24,https://github.com/Numan24,25590708,2017-02,20,115,0,2010–2017
Sheraz788,https://github.com/Sheraz788,25757288,2017-02,27,113,0,2010–2017
MuhammadZohair,https://github.com/MuhammadZohair,26007909,2017-02,12,106,0,2010–2017
SHAH-JI,https://github.com/SHAH-JI,25644067,2017-02,12,104,0,2010–2017
abubakardev0,https://github.com/abubakardev0,25550063,2017-02,10,98,0,2010–2017
ammadakhtar,https://github.com/ammadakhtar,26001327,2017-02,41,91,0,2010–2017
noumandilshad,https://github.com/noumandilshad,25882940,2017-02,8,83,0,2010–2017
arhamfarman,https://github.com/arhamfarman,25659834,2017-02,37,64,0,2010–2017
Zunnorain,https://github.com/Zunnorain,26039628,2017-02,14,60,0,2010–2017
Arsalan-Qureshi,https://github.com/Arsalan-Qureshi,25948214,2017-02,10,58,0,2010–2017
crbc-samreen,https://github.com/crbc-samreen,25844658,2017-02,11,44,0,2010–2017
AbduSami-bK,https://github.com/AbduSami-bK,25630657,2017-02,11,37,0,2010–2017
fayzii,https://github.com/fayzii,25678614,2017-02,21,33,0,2010–2017
faizankhan1995,https://github.com/faizankhan1995,26068396,2017-02,10,33,0,2010–2017
gqchishti,https://github.com/gqchishti,26007469,2017-02,20,28,0,2010–2017
mumarzeeshan,https://github.com/mumarzeeshan,25493266,2017-02,13,26,0,2010–2017
AsadGhouri065,https://github.com/AsadGhouri065,25960247,2017-02,9,26,0,2010–2017
jalalzia1,https://github.com/jalalzia1,25956090,2017-02,19,23,0,2010–2017
musamaashraf,https://github.com/musamaashraf,25971822,2017-02,6,20,0,2010–2017
AdnanKhan496,https://github.com/AdnanKhan496,25612055,2017-02,13,18,0,2010–2017
Mati86,https://github.com/Mati86,26069699,2017-02,6,18,0,2010–2017
sposman2,https://github.com/sposman2,25549230,2017-02,43,16,0,2010–2017
Shaikh-Qasim,https://github.com/Shaikh-Qasim,25534027,2017-02,10,16,0,2010–2017
azharsaeedkhan,https://github.com/azharsaeedkhan,26054845,2017-02,9,12,0,2010–2017
MuhammadSaadSiddique,https://github.com/MuhammadSaadSiddique,26270646,2017-03,70,6879,0,2010–2017
baseerx,https://github.com/baseerx,26169433,2017-03,96,665,0,2010–2017
mediapark-pk,https://github.com/mediapark-pk,26744316,2017-03,18,652,0,2010–2017
MuhammadHassanAmin,https://github.com/MuhammadHassanAmin,26143205,2017-03,21,465,0,2010–2017
zees98,https://github.com/zees98,26415558,2017-03,33,343,0,2010–2017
fahadakbar24,https://github.com/fahadakbar24,26380184,2017-03,7,288,0,2010–2017
anasbaigmughal,https://github.com/anasbaigmughal,26245633,2017-03,18,206,0,2010–2017
khayamkhan852,https://github.com/khayamkhan852,26347286,2017-03,36,192,0,2010–2017
anumshk27,https://github.com/anumshk27,26293676,2017-03,25,185,0,2010–2017
usama0155,https://github.com/usama0155,26654822,2017-03,10,164,0,2010–2017
fawadpro,https://github.com/fawadpro,26505646,2017-03,12,122,1,2017–2019
abdulwaheed01,https://github.com/abdulwaheed01,26248015,2017-03,13,96,1,2017–2019
Muhammad-Imtiaz,https://github.com/Muhammad-Imtiaz,26163684,2017-03,18,87,1,2017–2019
xee-beast,https://github.com/xee-beast,26602086,2017-03,14,81,1,2017–2019
codedbymali,https://github.com/codedbymali,26744340,2017-03,17,80,1,2017–2019
rehman159,https://github.com/rehman159,26570435,2017-03,18,51,1,2017–2019
imranjofficial,https://github.com/imranjofficial,26598469,2017-03,21,49,1,2017–2019
itstar2057,https://github.com/itstar2057,26284954,2017-03,13,46,1,2017–2019
azizulhassan,https://github.com/azizulhassan,26454097,2017-03,12,39,1,2017–2019
Zu-Bair,https://github.com/Zu-Bair,26678702,2017-03,12,38,1,2017–2019
faai5200,https://github.com/faai5200,26823974,2017-03,13,27,1,2017–2019
AbdulSammad786,https://github.com/AbdulSammad786,26528033,2017-03,7,21,1,2017–2019
novaseven,https://github.com/novaseven,26243828,2017-03,7,18,1,2017–2019
adeelahmedmirza,https://github.com/adeelahmedmirza,26634524,2017-03,8,13,1,2017–2019
vkyios,https://github.com/vkyios,26816632,2017-03,10,11,1,2017–2019
fadikhan96,https://github.com/fadikhan96,27143233,2017-04,15,1080,1,2017–2019
hassanaftab93,https://github.com/hassanaftab93,28183420,2017-04,97,1035,1,2017–2019
numan98khan,https://github.com/numan98khan,27693599,2017-04,58,596,1,2017–2019
M-Usman10,https://github.com/M-Usman10,27444225,2017-04,33,500,1,2017–2019
Noor-Khan,https://github.com/Noor-Khan,27694735,2017-04,22,383,1,2017–2019
HaseebIjaz,https://github.com/HaseebIjaz,27227936,2017-04,73,369,1,2017–2019
hamidriasat,https://github.com/hamidriasat,27721996,2017-04,25,278,1,2017–2019
simplyaakif,https://github.com/simplyaakif,26874542,2017-04,25,227,1,2017–2019
Nouman-Waheed-93,https://github.com/Nouman-Waheed-93,27947733,2017-04,19,213,1,2017–2019
deenario,https://github.com/deenario,27721372,2017-04,17,208,1,2017–2019
Deltacron,https://github.com/Deltacron,27882944,2017-04,10,140,1,2017–2019
awaisaly,https://github.com/awaisaly,27803117,2017-04,11,129,1,2017–2019
shoaibsattar823,https://github.com/shoaibsattar823,27397532,2017-04,15,126,1,2017–2019
aneeq-ur-rehman4,https://github.com/aneeq-ur-rehman4,28219006,2017-04,31,121,1,2017–2019
Sheharyar570,https://github.com/Sheharyar570,27616679,2017-04,18,109,1,2017–2019
salmankarim64,https://github.com/salmankarim64,27474360,2017-04,22,78,1,2017–2019
AmbalviUsman,https://github.com/AmbalviUsman,28122920,2017-04,9,76,1,2017–2019
nauman555,https://github.com/nauman555,26959349,2017-04,21,74,1,2017–2019
adnanahmed-dev,https://github.com/adnanahmed-dev,28006815,2017-04,12,62,1,2017–2019
noumanriazkhan,https://github.com/noumanriazkhan,27811354,2017-04,25,59,1,2017–2019
saddamrao2572,https://github.com/saddamrao2572,26959848,2017-04,16,53,1,2017–2019
mubasharNazar,https://github.com/mubasharNazar,27148672,2017-04,22,52,1,2017–2019
AhmarAshraf,https://github.com/AhmarAshraf,27740362,2017-04,98,49,1,2017–2019
sharifsheraz,https://github.com/sharifsheraz,27895518,2017-04,12,47,1,2017–2019
iamsiddiquek,https://github.com/iamsiddiquek,27549702,2017-04,56,36,1,2017–2019
hannanshahid,https://github.com/hannanshahid,27994356,2017-04,12,29,1,2017–2019
feemix93,https://github.com/feemix93,27199622,2017-04,11,20,1,2017–2019
AmanUllah710,https://github.com/AmanUllah710,27359152,2017-04,15,19,1,2017–2019
LocoPixel,https://github.com/LocoPixel,26927541,2017-04,7,12,1,2017–2019
Sohail2915,https://github.com/Sohail2915,28058341,2017-04,18,11,1,2017–2019
KashifWebDev,https://github.com/KashifWebDev,28998627,2017-05,46,1088,1,2017–2019
waqasalimughal,https://github.com/waqasalimughal,28826465,2017-05,12,897,1,2017–2019
mshafiq92,https://github.com/mshafiq92,28787892,2017-05,27,570,1,2017–2019
qayyumgb,https://github.com/qayyumgb,29039788,2017-05,37,436,1,2017–2019
Ahsan196,https://github.com/Ahsan196,28579056,2017-05,20,357,1,2017–2019
Atif-Anwer,https://github.com/Atif-Anwer,28299708,2017-05,36,302,1,2017–2019
imransharp,https://github.com/imransharp,28641245,2017-05,88,229,1,2017–2019
Aliyar897,https://github.com/Aliyar897,28949092,2017-05,45,197,1,2017–2019
mahsammalik,https://github.com/mahsammalik,28933110,2017-05,11,193,1,2017–2019
Jawad-hussain-kalwar,https://github.com/Jawad-hussain-kalwar,28845008,2017-05,16,172,1,2017–2019
iammtw,https://github.com/iammtw,28999730,2017-05,34,168,1,2017–2019
Zahid07,https://github.com/Zahid07,28824043,2017-05,32,134,1,2017–2019
zubairkhanshinwari,https://github.com/zubairkhanshinwari,28441240,2017-05,35,130,1,2017–2019
saif0307,https://github.com/saif0307,29040395,2017-05,29,109,1,2017–2019
mtalhaubaid,https://github.com/mtalhaubaid,29067957,2017-05,19,85,1,2017–2019
uaibak,https://github.com/uaibak,29094099,2017-05,21,81,1,2017–2019
Jawad-repo,https://github.com/Jawad-repo,29011022,2017-05,12,73,1,2017–2019
osama1malik,https://github.com/osama1malik,28570793,2017-05,13,66,1,2017–2019
attasam,https://github.com/attasam,29061521,2017-05,11,64,1,2017–2019
Alinazeshan,https://github.com/Alinazeshan,28594200,2017-05,26,49,1,2017–2019
fawadhussainshah,https://github.com/fawadhussainshah,29094418,2017-05,10,39,1,2017–2019
mdavidkhan,https://github.com/mdavidkhan,28916062,2017-05,6,32,1,2017–2019
1stfoldAhmad,https://github.com/1stfoldAhmad,28776862,2017-05,14,30,1,2017–2019
UmerDaraz163,https://github.com/UmerDaraz163,28687076,2017-05,9,26,1,2017–2019
umairlaoo,https://github.com/umairlaoo,28349771,2017-05,8,24,1,2017–2019
iqbalskd,https://github.com/iqbalskd,28513553,2017-05,9,14,1,2017–2019
zeshan-xeesoft,https://github.com/zeshan-xeesoft,29046310,2017-05,67,12,1,2017–2019
DanishBuilds,https://github.com/DanishBuilds,29259769,2017-06,24,1963,1,2017–2019
hash3liZer,https://github.com/hash3liZer,29171692,2017-06,38,1460,1,2017–2019
sajjadahmad300,https://github.com/sajjadahmad300,29186700,2017-06,20,905,1,2017–2019
KingPegasus,https://github.com/KingPegasus,29549417,2017-06,55,724,1,2017–2019
m-adnan8080,https://github.com/m-adnan8080,29769343,2017-06,32,621,1,2017–2019
amerfarooq,https://github.com/amerfarooq,29232491,2017-06,40,449,1,2017–2019
sajidsdk19,https://github.com/sajidsdk19,29339472,2017-06,50,275,1,2017–2019
ishaq001,https://github.com/ishaq001,29262070,2017-06,27,236,1,2017–2019
malihasameen,https://github.com/malihasameen,29500288,2017-06,22,225,1,2017–2019
mshakir39,https://github.com/mshakir39,29411265,2017-06,15,221,1,2017–2019
alihasan01,https://github.com/alihasan01,29166465,2017-06,18,144,1,2017–2019
marif0025,https://github.com/marif0025,29769352,2017-06,19,125,1,2017–2019
ShahidKhosa,https://github.com/ShahidKhosa,29543397,2017-06,22,121,1,2017–2019
thearslankhalid,https://github.com/thearslankhalid,29803039,2017-06,18,120,1,2017–2019
sheikx1221,https://github.com/sheikx1221,29302599,2017-06,20,96,1,2017–2019
Hasannajeeb,https://github.com/Hasannajeeb,29169588,2017-06,8,85,1,2017–2019
snaveedanjum,https://github.com/snaveedanjum,29395180,2017-06,7,80,1,2017–2019
danishashraf047,https://github.com/danishashraf047,29304493,2017-06,30,71,1,2017–2019
devturi,https://github.com/devturi,29617943,2017-06,19,54,1,2017–2019
tahaf10,https://github.com/tahaf10,29115328,2017-06,9,53,1,2017–2019
MalikMurtaza92,https://github.com/MalikMurtaza92,29395241,2017-06,25,52,1,2017–2019
pakCoder11,https://github.com/pakCoder11,29569767,2017-06,10,38,1,2017–2019
sheryglitch,https://github.com/sheryglitch,29517273,2017-06,6,35,1,2017–2019
talhasup,https://github.com/talhasup,29448538,2017-06,9,31,1,2017–2019
hackslashX,https://github.com/hackslashX,30191829,2017-07,22,12822,1,2017–2019
arham-anees,https://github.com/arham-anees,29898712,2017-07,22,1910,1,2017–2019
asmamalik0165,https://github.com/asmamalik0165,30252655,2017-07,6,1028,1,2017–2019
s4-ali,https://github.com/s4-ali,30603432,2017-07,22,947,1,2017–2019
botui,https://github.com/botui,29958442,2017-07,6,580,1,2017–2019
sami-haq99,https://github.com/sami-haq99,30415580,2017-07,21,285,1,2017–2019
hammzaza,https://github.com/hammzaza,30552758,2017-07,10,281,1,2017–2019
khanashes,https://github.com/khanashes,30200507,2017-07,27,237,1,2017–2019
hannanhafeez,https://github.com/hannanhafeez,30556614,2017-07,58,206,1,2017–2019
sundas-riasat,https://github.com/sundas-riasat,30256467,2017-07,35,188,1,2017–2019
imrankhakwani,https://github.com/imrankhakwani,30284761,2017-07,86,131,1,2017–2019
hamzanasirr,https://github.com/hamzanasirr,30026900,2017-07,38,106,1,2017–2019
aliraza-dev,https://github.com/aliraza-dev,29816038,2017-07,30,104,1,2017–2019
cofttech,https://github.com/cofttech,30345983,2017-07,30,94,1,2017–2019
smusman,https://github.com/smusman,30601099,2017-07,24,94,1,2017–2019
Aamirpare,https://github.com/Aamirpare,30555231,2017-07,14,92,1,2017–2019
awaisharal,https://github.com/awaisharal,30431327,2017-07,10,88,1,2017–2019
azharasif,https://github.com/azharasif,30373584,2017-07,17,87,1,2017–2019
AhmadSajid,https://github.com/AhmadSajid,30253152,2017-07,19,78,1,2017–2019
safiulm123,https://github.com/safiulm123,30210925,2017-07,29,77,1,2017–2019
Muhammad-Zaryaab-Shahbaz,https://github.com/Muhammad-Zaryaab-Shahbaz,29832682,2017-07,12,77,1,2017–2019
SyedNaqiraza,https://github.com/SyedNaqiraza,30272044,2017-07,23,53,1,2017–2019
Talha-Saleem,https://github.com/Talha-Saleem,30122794,2017-07,9,49,1,2017–2019
mgabalti,https://github.com/mgabalti,29997899,2017-07,18,43,1,2017–2019
malikkamranabid,https://github.com/malikkamranabid,30325523,2017-07,7,36,1,2017–2019
ishfaqfariq,https://github.com/ishfaqfariq,30369065,2017-07,8,29,1,2017–2019
mraheelkhan,https://github.com/mraheelkhan,30007262,2017-07,28,26,1,2017–2019
sheheryar17,https://github.com/sheheryar17,30393948,2017-07,11,25,1,2017–2019
Waqas334,https://github.com/Waqas334,29954908,2017-07,8,17,1,2017–2019
abdulbasitwaqas,https://github.com/abdulbasitwaqas,30478835,2017-07,6,16,1,2017–2019
umerwaqas92,https://github.com/umerwaqas92,31407451,2017-08,84,625,1,2017–2019
MuhammadWaleed83752,https://github.com/MuhammadWaleed83752,30799999,2017-08,8,418,1,2017–2019
jasimawan,https://github.com/jasimawan,31315869,2017-08,34,239,1,2017–2019
mehmoodak,https://github.com/mehmoodak,31419912,2017-08,15,238,1,2017–2019
HamzaBinSarfraz,https://github.com/HamzaBinSarfraz,30901435,2017-08,29,227,1,2017–2019
ishahzaibkhan,https://github.com/ishahzaibkhan,31375790,2017-08,18,222,1,2017–2019
uahmad235,https://github.com/uahmad235,30628125,2017-08,21,206,1,2017–2019
waleedahmedwaheed,https://github.com/waleedahmedwaheed,31502387,2017-08,84,172,1,2017–2019
mtoqeer,https://github.com/mtoqeer,31422464,2017-08,13,127,1,2017–2019
backcoc,https://github.com/backcoc,31105126,2017-08,36,119,1,2017–2019
Tayyab-Ilahi12,https://github.com/Tayyab-Ilahi12,31399596,2017-08,32,110,1,2017–2019
saqixpro,https://github.com/saqixpro,30664335,2017-08,25,103,1,2017–2019
imtiaz142,https://github.com/imtiaz142,30682313,2017-08,17,97,1,2017–2019
shahzadwaris,https://github.com/shahzadwaris,30781585,2017-08,8,95,1,2017–2019
Sabeeh1996,https://github.com/Sabeeh1996,31490435,2017-08,34,91,1,2017–2019
mak12,https://github.com/mak12,30626811,2017-08,28,91,1,2017–2019
Hasham24,https://github.com/Hasham24,31188910,2017-08,8,77,1,2017–2019
Mubeen07,https://github.com/Mubeen07,31301467,2017-08,8,75,1,2017–2019
ahsanbinrafiq,https://github.com/ahsanbinrafiq,31357484,2017-08,8,67,1,2017–2019
muteebali,https://github.com/muteebali,31405887,2017-08,12,50,1,2017–2019
shehryar96,https://github.com/shehryar96,30655897,2017-08,6,45,1,2017–2019
Danial-Qureshi,https://github.com/Danial-Qureshi,31220442,2017-08,10,41,1,2017–2019
ShadowWalker91,https://github.com/ShadowWalker91,31478058,2017-08,10,33,1,2017–2019
bmushahid,https://github.com/bmushahid,31076505,2017-08,13,21,1,2017–2019
ibraheembukhari,https://github.com/ibraheembukhari,30974942,2017-08,10,21,1,2017–2019
Tabraizahmed,https://github.com/Tabraizahmed,31471858,2017-08,7,21,1,2017–2019
umar-faroooq,https://github.com/umar-faroooq,32106010,2017-09,73,12253,1,2017–2019
amirsaleem1990,https://github.com/amirsaleem1990,31971908,2017-09,10,11858,1,2017–2019
zainmalik65,https://github.com/zainmalik65,31902132,2017-09,25,1103,1,2017–2019
Technopreneur1,https://github.com/Technopreneur1,31839944,2017-09,9,549,1,2017–2019
SurhanZahid,https://github.com/SurhanZahid,32094006,2017-09,22,361,1,2017–2019
faseihs,https://github.com/faseihs,32078180,2017-09,15,322,1,2017–2019
shafiq9,https://github.com/shafiq9,31807191,2017-09,37,309,1,2017–2019
muzahirabbas,https://github.com/muzahirabbas,32038453,2017-09,39,306,1,2017–2019
fakhirali,https://github.com/fakhirali,32309516,2017-09,43,274,1,2017–2019
KamranKhankhail,https://github.com/KamranKhankhail,31986011,2017-09,62,261,1,2017–2019
muizahmed,https://github.com/muizahmed,32010729,2017-09,22,223,1,2017–2019
zeeshan9,https://github.com/zeeshan9,32017409,2017-09,23,221,1,2017–2019
fmqbl,https://github.com/fmqbl,32066661,2017-09,12,200,1,2017–2019
adilKhan72,https://github.com/adilKhan72,31621120,2017-09,20,175,1,2017–2019
abdulhafeez1724,https://github.com/abdulhafeez1724,32317154,2017-09,38,148,1,2017–2019
QuellxCode,https://github.com/QuellxCode,32193984,2017-09,16,105,1,2017–2019
BhuttoZen,https://github.com/BhuttoZen,32035288,2017-09,23,85,1,2017–2019
waqaswahid1,https://github.com/waqaswahid1,31756914,2017-09,127,82,1,2017–2019
noamanilyas,https://github.com/noamanilyas,31916743,2017-09,13,80,1,2017–2019
HamzaMahmood1999,https://github.com/HamzaMahmood1999,32306783,2017-09,8,76,1,2017–2019
omersaleem89,https://github.com/omersaleem89,32268774,2017-09,8,76,1,2017–2019
mufazal-dev99,https://github.com/mufazal-dev99,32016175,2017-09,39,73,1,2017–2019
abdullahisrar,https://github.com/abdullahisrar,31652556,2017-09,16,69,1,2017–2019
5anjay-kumar,https://github.com/5anjay-kumar,31819303,2017-09,15,64,1,2017–2019
farazh12,https://github.com/farazh12,32040488,2017-09,10,59,1,2017–2019
ibraheem88,https://github.com/ibraheem88,31616730,2017-09,19,54,1,2017–2019
sadia60,https://github.com/sadia60,32097326,2017-09,25,52,1,2017–2019
ahsantfw,https://github.com/ahsantfw,32137168,2017-09,13,47,1,2017–2019
MuhammadAmmarMalik,https://github.com/MuhammadAmmarMalik,32198289,2017-09,10,43,1,2017–2019
junaidahmed57,https://github.com/junaidahmed57,32070197,2017-09,7,34,1,2017–2019
hasannasirkhan,https://github.com/hasannasirkhan,32238236,2017-09,6,33,1,2017–2019
talalriaz,https://github.com/talalriaz,32254749,2017-09,6,33,1,2017–2019
ijazimg,https://github.com/ijazimg,32316852,2017-09,25,26,1,2017–2019
fahadzia10,https://github.com/fahadzia10,32065147,2017-09,7,23,1,2017–2019
explorer91,https://github.com/explorer91,32108536,2017-09,7,20,1,2017–2019
Muhammad-MujtabaSaeed,https://github.com/Muhammad-MujtabaSaeed,32064616,2017-09,7,19,1,2017–2019
iamhammaad,https://github.com/iamhammaad,32202832,2017-09,10,18,1,2017–2019
uxair3e5,https://github.com/uxair3e5,31895295,2017-09,10,16,1,2017–2019
haseebalisajid,https://github.com/haseebalisajid,32738765,2017-10,27,613,1,2017–2019
sikandar94iqbal,https://github.com/sikandar94iqbal,32866763,2017-10,41,256,1,2017–2019
ziayanj,https://github.com/ziayanj,32636011,2017-10,25,238,1,2017–2019
zairahira,https://github.com/zairahira,33151350,2017-10,52,227,1,2017–2019
abdullahmughl,https://github.com/abdullahmughl,32700365,2017-10,30,190,1,2017–2019
usamasarwar188,https://github.com/usamasarwar188,33223776,2017-10,36,183,1,2017–2019
hassankhan98,https://github.com/hassankhan98,33081303,2017-10,21,147,1,2017–2019
alamsohaib,https://github.com/alamsohaib,32506705,2017-10,7,131,1,2017–2019
razaullah123,https://github.com/razaullah123,32725781,2017-10,13,114,1,2017–2019
Zahidtanveer,https://github.com/Zahidtanveer,32439553,2017-10,22,86,1,2017–2019
Adeela12,https://github.com/Adeela12,33265227,2017-10,16,78,1,2017–2019
SaKhan555,https://github.com/SaKhan555,32830927,2017-10,15,77,1,2017–2019
OwaisGondal,https://github.com/OwaisGondal,32593444,2017-10,37,73,1,2017–2019
ihiratanveer,https://github.com/ihiratanveer,33114673,2017-10,8,67,1,2017–2019
awaisazmat,https://github.com/awaisazmat,32704688,2017-10,11,65,1,2017–2019
ibtiikhhn,https://github.com/ibtiikhhn,33105134,2017-10,37,52,1,2017–2019
UsmanAhmad888,https://github.com/UsmanAhmad888,32453027,2017-10,14,47,1,2017–2019
thetalhaahmed,https://github.com/thetalhaahmed,32592010,2017-10,10,45,1,2017–2019
SyedMinhalHasan,https://github.com/SyedMinhalHasan,32817273,2017-10,9,45,1,2017–2019
ahsan78689,https://github.com/ahsan78689,32966382,2017-10,37,42,1,2017–2019
muneebasirshar,https://github.com/muneebasirshar,32802056,2017-10,6,42,1,2017–2019
Tanveer17,https://github.com/Tanveer17,32610406,2017-10,18,38,1,2017–2019
fazliraziq,https://github.com/fazliraziq,33161888,2017-10,9,37,1,2017–2019
iusmankh1,https://github.com/iusmankh1,32810827,2017-10,15,35,1,2017–2019
hamzakhan2021,https://github.com/hamzakhan2021,32629247,2017-10,6,31,1,2017–2019
pakeeza29,https://github.com/pakeeza29,32482263,2017-10,31,28,1,2017–2019
iAhtasham,https://github.com/iAhtasham,33226899,2017-10,6,26,1,2017–2019
malikatifsaleem,https://github.com/malikatifsaleem,32438301,2017-10,10,22,1,2017–2019
rajarizwan2007,https://github.com/rajarizwan2007,33256730,2017-10,9,21,1,2017–2019
AmanUllah2,https://github.com/AmanUllah2,33278271,2017-11,30,16597,1,2017–2019
ihassanjavaid,https://github.com/ihassanjavaid,33691734,2017-11,52,1214,1,2017–2019
AliToori,https://github.com/AliToori,33688122,2017-11,87,815,1,2017–2019
HassaanYounas,https://github.com/HassaanYounas,33688878,2017-11,13,314,1,2017–2019
saifullah73,https://github.com/saifullah73,33462650,2017-11,21,306,1,2017–2019
tanoDxyz,https://github.com/tanoDxyz,33701127,2017-11,25,290,1,2017–2019
mrcreamio,https://github.com/mrcreamio,34095723,2017-11,85,270,1,2017–2019
obaidismailz,https://github.com/obaidismailz,33636405,2017-11,23,251,1,2017–2019
jaslam94,https://github.com/jaslam94,33651074,2017-11,10,211,1,2017–2019
zakriaAbbasi,https://github.com/zakriaAbbasi,33291823,2017-11,7,210,1,2017–2019
sydTalha,https://github.com/sydTalha,33785392,2017-11,19,181,1,2017–2019
IAMOSAMA111,https://github.com/IAMOSAMA111,33492161,2017-11,14,175,1,2017–2019
zamansandhu,https://github.com/zamansandhu,33923090,2017-11,23,153,1,2017–2019
salokhan,https://github.com/salokhan,33288428,2017-11,10,150,1,2017–2019
awaisjuno,https://github.com/awaisjuno,34066051,2017-11,17,138,1,2017–2019
ahmed9497,https://github.com/ahmed9497,33793508,2017-11,25,130,1,2017–2019
fullstackdev101,https://github.com/fullstackdev101,33765820,2017-11,16,129,1,2017–2019
jawadincode,https://github.com/jawadincode,33722354,2017-11,18,124,1,2017–2019
abbangash333,https://github.com/abbangash333,33775917,2017-11,18,114,1,2017–2019
ehtixhamamjad,https://github.com/ehtixhamamjad,33822563,2017-11,13,88,1,2017–2019
IbK7,https://github.com/IbK7,33448270,2017-11,14,85,1,2017–2019
rnabeel,https://github.com/rnabeel,33636553,2017-11,19,84,1,2017–2019
UmairMukhtar,https://github.com/UmairMukhtar,34018917,2017-11,19,69,1,2017–2019
bilaljaved786,https://github.com/bilaljaved786,33897726,2017-11,15,68,1,2017–2019
usamahameedx,https://github.com/usamahameedx,33513331,2017-11,22,63,1,2017–2019
ethn033,https://github.com/ethn033,33565409,2017-11,6,54,1,2017–2019
iamnoumanimran,https://github.com/iamnoumanimran,33524195,2017-11,13,45,1,2017–2019
TayyabTahir71,https://github.com/TayyabTahir71,33512771,2017-11,10,44,1,2017–2019
staqchaniMusa,https://github.com/staqchaniMusa,33323353,2017-11,13,36,1,2017–2019
Haseeb718,https://github.com/Haseeb718,33603735,2017-11,7,35,1,2017–2019
abasit-q,https://github.com/abasit-q,33746084,2017-11,7,32,1,2017–2019
sohailkhann05,https://github.com/sohailkhann05,33517732,2017-11,25,25,1,2017–2019
farazjaved,https://github.com/farazjaved,33320819,2017-11,12,18,1,2017–2019
Yasiraliweb,https://github.com/Yasiraliweb,33684074,2017-11,12,15,1,2017–2019
Zulfiqar-Ali-Hunxai,https://github.com/Zulfiqar-Ali-Hunxai,33711185,2017-11,6,12,1,2017–2019
iusmanali,https://github.com/iusmanali,33463810,2017-11,10,11,1,2017–2019
Mubshr07,https://github.com/Mubshr07,34352213,2017-12,44,6608,1,2017–2019
shaddy43,https://github.com/shaddy43,34940939,2017-12,13,388,1,2017–2019
nouman0320,https://github.com/nouman0320,34275481,2017-12,33,339,1,2017–2019
imehsans,https://github.com/imehsans,34196609,2017-12,73,315,1,2017–2019
asharibkamal1,https://github.com/asharibkamal1,34808132,2017-12,146,306,1,2017–2019
SaadShah11,https://github.com/SaadShah11,34264037,2017-12,51,298,1,2017–2019
hassansuhaib,https://github.com/hassansuhaib,34768242,2017-12,27,213,1,2017–2019
jan-at-school,https://github.com/jan-at-school,34775308,2017-12,22,196,1,2017–2019
Abdul-Haseeb1998,https://github.com/Abdul-Haseeb1998,34208054,2017-12,11,191,1,2017–2019
huzaifazahoor,https://github.com/huzaifazahoor,34338069,2017-12,27,176,1,2017–2019
mkhalid1,https://github.com/mkhalid1,34795347,2017-12,40,175,1,2017–2019
Khushnu,https://github.com/Khushnu,34332682,2017-12,46,168,1,2017–2019
umairsajid0017,https://github.com/umairsajid0017,34675906,2017-12,26,161,1,2017–2019
MuhammadAbdullah54321,https://github.com/MuhammadAbdullah54321,34376568,2017-12,25,109,1,2017–2019
hussainwajahat,https://github.com/hussainwajahat,34621051,2017-12,13,103,1,2017–2019
abaeg,https://github.com/abaeg,34359431,2017-12,8,92,1,2017–2019
imabdullah,https://github.com/imabdullah,34446373,2017-12,21,73,1,2017–2019
haiderrizvi92,https://github.com/haiderrizvi92,34154539,2017-12,19,64,1,2017–2019
creativeasad,https://github.com/creativeasad,34605240,2017-12,11,54,1,2017–2019
khaleeqrh,https://github.com/khaleeqrh,34159662,2017-12,17,51,1,2017–2019
kashiftufail007,https://github.com/kashiftufail007,34978760,2017-12,26,47,1,2017–2019
HuzaifaArshadAwan,https://github.com/HuzaifaArshadAwan,34858343,2017-12,7,46,1,2017–2019
iamasghar,https://github.com/iamasghar,34656340,2017-12,10,37,1,2017–2019
fahadsheraz,https://github.com/fahadsheraz,34412342,2017-12,24,36,1,2017–2019
harooniqbal1993,https://github.com/harooniqbal1993,34275088,2017-12,6,35,1,2017–2019
honeybutt,https://github.com/honeybutt,34813605,2017-12,16,28,1,2017–2019
iHamzaKhanzada,https://github.com/iHamzaKhanzada,34980386,2017-12,19,26,1,2017–2019
mawaismalik,https://github.com/mawaismalik,34827285,2017-12,19,26,1,2017–2019
mbilalbakhtawar,https://github.com/mbilalbakhtawar,34718017,2017-12,15,24,1,2017–2019
imad28122017,https://github.com/imad28122017,34911838,2017-12,11,24,1,2017–2019
tabindakhan,https://github.com/tabindakhan,34632699,2017-12,9,24,1,2017–2019
arsal-imran,https://github.com/arsal-imran,34774542,2017-12,6,21,1,2017–2019
muhammadsaadfarooq,https://github.com/muhammadsaadfarooq,34304496,2017-12,7,19,1,2017–2019
Lubnazafar,https://github.com/Lubnazafar,34271745,2017-12,23,16,1,2017–2019
hasseb0007,https://github.com/hasseb0007,34939597,2017-12,21,16,1,2017–2019
sheheryar238,https://github.com/sheheryar238,34582497,2017-12,7,15,1,2017–2019
faheem121,https://github.com/faheem121,34395002,2017-12,9,12,1,2017–2019
usmanmughalji,https://github.com/usmanmughalji,35332218,2018-01,176,14331,1,2017–2019
aatifbangash,https://github.com/aatifbangash,35859555,2018-01,73,8508,1,2017–2019
qasimraheem,https://github.com/qasimraheem,35058402,2018-01,63,1699,1,2017–2019
maveeshah,https://github.com/maveeshah,35832293,2018-01,57,542,1,2017–2019
fisforfaheem,https://github.com/fisforfaheem,35878088,2018-01,91,381,1,2017–2019
UmairAfzalGitHub,https://github.com/UmairAfzalGitHub,35869556,2018-01,26,369,1,2017–2019
itszeeshan,https://github.com/itszeeshan,35112049,2018-01,13,333,1,2017–2019
asfandtaimoor,https://github.com/asfandtaimoor,35215443,2018-01,44,332,1,2017–2019
RaiAnsar,https://github.com/RaiAnsar,35567562,2018-01,50,287,1,2017–2019
Attaullahkhanit,https://github.com/Attaullahkhanit,35913737,2018-01,62,286,1,2017–2019
Enaeemullah,https://github.com/Enaeemullah,35742914,2018-01,41,278,1,2017–2019
FarhanHassanKhan9,https://github.com/FarhanHassanKhan9,35919810,2018-01,21,249,1,2017–2019
salman-qamar-khan,https://github.com/salman-qamar-khan,35492292,2018-01,8,187,1,2017–2019
SQasimHamdani,https://github.com/SQasimHamdani,35899401,2018-01,21,173,1,2017–2019
abdullahkhan70,https://github.com/abdullahkhan70,34994487,2018-01,66,155,1,2017–2019
manshaw,https://github.com/manshaw,35028949,2018-01,30,144,1,2017–2019
workspaceking,https://github.com/workspaceking,35493528,2018-01,154,109,1,2017–2019
frazbakht5,https://github.com/frazbakht5,35104035,2018-01,15,87,1,2017–2019
Masab12,https://github.com/Masab12,35832242,2018-01,12,85,1,2017–2019
AdnanAdj,https://github.com/AdnanAdj,35558862,2018-01,23,82,1,2017–2019
OsamaAkhlaq,https://github.com/OsamaAkhlaq,35818469,2018-01,20,61,1,2017–2019
bilalMJHD,https://github.com/bilalMJHD,35788870,2018-01,16,57,1,2017–2019
Ahmed3651998,https://github.com/Ahmed3651998,35167975,2018-01,16,50,1,2017–2019
junaid-codestudio,https://github.com/junaid-codestudio,35734867,2018-01,14,48,1,2017–2019
Sarwan-Ahmed,https://github.com/Sarwan-Ahmed,35005609,2018-01,16,42,1,2017–2019
MalikAhsanAftab,https://github.com/MalikAhsanAftab,35437200,2018-01,9,40,1,2017–2019
junaidmajeed,https://github.com/junaidmajeed,35539538,2018-01,24,35,1,2017–2019
abidanchan,https://github.com/abidanchan,35367362,2018-01,10,34,1,2017–2019
saadkalpar,https://github.com/saadkalpar,35149580,2018-01,7,28,1,2017–2019
LuqmanUddin0007,https://github.com/LuqmanUddin0007,35363250,2018-01,13,23,1,2017–2019
Kashiffrq,https://github.com/Kashiffrq,35001654,2018-01,11,19,1,2017–2019
qasim018,https://github.com/qasim018,35780247,2018-01,6,19,1,2017–2019
hamzaiqbal786,https://github.com/hamzaiqbal786,35693458,2018-01,6,18,1,2017–2019
mrayubmuhammad,https://github.com/mrayubmuhammad,35683738,2018-01,9,16,1,2017–2019
tayb6883,https://github.com/tayb6883,35079969,2018-01,9,15,1,2017–2019
shake-bhai,https://github.com/shake-bhai,35712096,2018-01,6,15,1,2017–2019
Farasat-Niazi,https://github.com/Farasat-Niazi,35969121,2018-01,8,13,1,2017–2019
aitizaz-ul-haq,https://github.com/aitizaz-ul-haq,36325075,2018-02,40,2373,1,2017–2019
kingabzpro,https://github.com/kingabzpro,36753484,2018-02,137,1024,1,2017–2019
zainkhan-afk,https://github.com/zainkhan-afk,36267237,2018-02,37,928,1,2017–2019
malik727,https://github.com/malik727,36758261,2018-02,21,821,1,2017–2019
razasaeed,https://github.com/razasaeed,36797633,2018-02,30,531,1,2017–2019
OsamaQureshi147,https://github.com/OsamaQureshi147,36345159,2018-02,31,431,1,2017–2019
zee78,https://github.com/zee78,36064689,2018-02,18,356,1,2017–2019
jazayahmad,https://github.com/jazayahmad,36314805,2018-02,30,349,1,2017–2019
Kaleemullah007,https://github.com/Kaleemullah007,36308751,2018-02,45,302,1,2017–2019
muhammadimranfarooqi,https://github.com/muhammadimranfarooqi,36222055,2018-02,33,291,1,2017–2019
Haris-584,https://github.com/Haris-584,36724032,2018-02,49,241,1,2017–2019
Hamza2080,https://github.com/Hamza2080,36309525,2018-02,27,219,1,2017–2019
arsalazeem,https://github.com/arsalazeem,36434007,2018-02,17,157,1,2017–2019
naveed-niazi,https://github.com/naveed-niazi,36236041,2018-02,25,155,1,2017–2019
asif512,https://github.com/asif512,36840648,2018-02,25,138,1,2017–2019
01-398242-025,https://github.com/01-398242-025,36520789,2018-02,19,122,1,2017–2019
meharbhutta,https://github.com/meharbhutta,36732724,2018-02,42,120,1,2017–2019
Uroos,https://github.com/Uroos,36559643,2018-02,17,101,1,2017–2019
zeeshanbarcha,https://github.com/zeeshanbarcha,36358202,2018-02,7,95,1,2017–2019
YawarAhmadKhan,https://github.com/YawarAhmadKhan,36065624,2018-02,17,92,1,2017–2019
juni12891226,https://github.com/juni12891226,36666683,2018-02,6,83,1,2017–2019
AkmalAbbas,https://github.com/AkmalAbbas,36509285,2018-02,15,67,1,2017–2019
alinakazi,https://github.com/alinakazi,36731338,2018-02,21,66,1,2017–2019
anjumdar7864,https://github.com/anjumdar7864,36340793,2018-02,14,66,1,2017–2019
HamzaKhan1998,https://github.com/HamzaKhan1998,36290084,2018-02,16,59,1,2017–2019
qasim1892,https://github.com/qasim1892,36690077,2018-02,15,48,1,2017–2019
M-Zeeshan-Haider,https://github.com/M-Zeeshan-Haider,36418814,2018-02,35,47,1,2017–2019
Faiza-Farooqui,https://github.com/Faiza-Farooqui,36657067,2018-02,7,43,1,2017–2019
Basit-ameer,https://github.com/Basit-ameer,36634392,2018-02,10,30,1,2017–2019
twinfrozr,https://github.com/twinfrozr,36220650,2018-02,8,30,1,2017–2019
atta94,https://github.com/atta94,36081237,2018-02,13,13,1,2017–2019
omarhanif,https://github.com/omarhanif,36670031,2018-02,6,11,1,2017–2019
naveedjaved20,https://github.com/naveedjaved20,37734603,2018-03,28,1731,1,2017–2019
MuhammadShifa,https://github.com/MuhammadShifa,36985668,2018-03,138,824,1,2017–2019
asadamatic,https://github.com/asadamatic,37589169,2018-03,68,768,1,2017–2019
AsifIqbal093,https://github.com/AsifIqbal093,37586612,2018-03,43,457,1,2017–2019
meullah,https://github.com/meullah,37839632,2018-03,63,414,1,2017–2019
farazBhatti,https://github.com/farazBhatti,37732181,2018-03,69,409,1,2017–2019
asherfraz,https://github.com/asherfraz,37267032,2018-03,21,406,1,2017–2019
kazmi066,https://github.com/kazmi066,37541648,2018-03,14,353,1,2017–2019
thetruefuss,https://github.com/thetruefuss,37049011,2018-03,14,350,1,2017–2019
hashirm,https://github.com/hashirm,37501188,2018-03,27,181,1,2017–2019
sham132,https://github.com/sham132,37959920,2018-03,35,167,1,2017–2019
jibran1298,https://github.com/jibran1298,36957144,2018-03,18,165,1,2017–2019
wittnesstech,https://github.com/wittnesstech,37652603,2018-03,16,125,1,2017–2019
aqib1831,https://github.com/aqib1831,37044332,2018-03,21,123,1,2017–2019
khassan3090,https://github.com/khassan3090,36939696,2018-03,21,98,1,2017–2019
aqeel1211,https://github.com/aqeel1211,37745098,2018-03,21,95,1,2017–2019
abdulrafeh857,https://github.com/abdulrafeh857,37897250,2018-03,10,95,1,2017–2019
BasedMusa,https://github.com/BasedMusa,37034459,2018-03,17,91,1,2017–2019
muhammadtahasuhail,https://github.com/muhammadtahasuhail,37846193,2018-03,20,78,1,2017–2019
AttiqUrRehmann,https://github.com/AttiqUrRehmann,37021920,2018-03,28,72,1,2017–2019
syedsarmadkazmi,https://github.com/syedsarmadkazmi,36984862,2018-03,14,68,1,2017–2019
muhammadhaad,https://github.com/muhammadhaad,37215158,2018-03,16,63,1,2017–2019
osamashahzad,https://github.com/osamashahzad,37658621,2018-03,10,48,1,2017–2019
Black-Rider,https://github.com/Black-Rider,37348699,2018-03,10,43,1,2017–2019
MrEhsanEllahi,https://github.com/MrEhsanEllahi,37433424,2018-03,8,42,1,2017–2019
Shield-Jaguar,https://github.com/Shield-Jaguar,37825767,2018-03,10,38,1,2017–2019
faizux,https://github.com/faizux,37137262,2018-03,19,33,1,2017–2019
ZainULArfeen,https://github.com/ZainULArfeen,37686241,2018-03,26,27,1,2017–2019
Philanthropist80,https://github.com/Philanthropist80,37252101,2018-03,16,27,1,2017–2019
saads96,https://github.com/saads96,37954514,2018-03,11,22,1,2017–2019
Hassanriaz23,https://github.com/Hassanriaz23,37630853,2018-03,8,14,1,2017–2019
seezubair,https://github.com/seezubair,38471378,2018-04,24,13965,1,2017–2019
Zeeshan138063,https://github.com/Zeeshan138063,38259687,2018-04,333,7757,1,2017–2019
nadirabbas,https://github.com/nadirabbas,38838675,2018-04,53,306,1,2017–2019
mujtaba-io,https://github.com/mujtaba-io,38527141,2018-04,55,279,1,2017–2019
chfaraz,https://github.com/chfaraz,38011901,2018-04,40,261,1,2017–2019
taaha827,https://github.com/taaha827,38415905,2018-04,15,237,1,2017–2019
talha3111997,https://github.com/talha3111997,38329738,2018-04,35,217,1,2017–2019
amankakar,https://github.com/amankakar,38261321,2018-04,75,184,1,2017–2019
umar-aftab-qureshi,https://github.com/umar-aftab-qureshi,38203722,2018-04,21,179,1,2017–2019
shah0nawaz,https://github.com/shah0nawaz,38689408,2018-04,15,179,1,2017–2019
HasanJamal96,https://github.com/HasanJamal96,38585782,2018-04,50,173,1,2017–2019
Hassantahir0000,https://github.com/Hassantahir0000,38188405,2018-04,11,164,1,2017–2019
komal-raza,https://github.com/komal-raza,38317046,2018-04,30,125,1,2017–2019
Lalee10,https://github.com/Lalee10,38792700,2018-04,10,125,1,2017–2019
mhassaankhokhar,https://github.com/mhassaankhokhar,38805695,2018-04,35,115,1,2017–2019
faizanhub,https://github.com/faizanhub,38282882,2018-04,25,115,1,2017–2019
Maryamsana-1998,https://github.com/Maryamsana-1998,38385864,2018-04,29,107,1,2017–2019
hybridonroot,https://github.com/hybridonroot,38476104,2018-04,28,97,1,2017–2019
Rimshay,https://github.com/Rimshay,38166440,2018-04,17,81,1,2017–2019
ahmadrana24,https://github.com/ahmadrana24,38013715,2018-04,22,80,1,2017–2019
malikqaiser91,https://github.com/malikqaiser91,38145311,2018-04,23,57,1,2017–2019
tekmode,https://github.com/tekmode,38366545,2018-04,23,50,1,2017–2019
arslanali823,https://github.com/arslanali823,38832978,2018-04,7,40,1,2017–2019
ShahzebDev,https://github.com/ShahzebDev,38539219,2018-04,11,31,1,2017–2019
shahjaayy,https://github.com/shahjaayy,38506623,2018-04,8,26,1,2017–2019
AhsanMughal10,https://github.com/AhsanMughal10,38587201,2018-04,14,25,1,2017–2019
MabidAlinaqvi,https://github.com/MabidAlinaqvi,38426599,2018-04,14,21,1,2017–2019
Muhammad-Talha-Hashmi,https://github.com/Muhammad-Talha-Hashmi,38327310,2018-04,10,19,1,2017–2019
wassizafar786,https://github.com/wassizafar786,38142662,2018-04,7,13,1,2017–2019
osamask,https://github.com/osamask,38404912,2018-04,31,11,1,2017–2019
Diaga,https://github.com/Diaga,38937684,2018-05,36,645,1,2017–2019
codemasters2624,https://github.com/codemasters2624,39014748,2018-05,45,616,1,2017–2019
MahreenAthar,https://github.com/MahreenAthar,39671939,2018-05,29,270,1,2017–2019
shaghnanii,https://github.com/shaghnanii,39025545,2018-05,37,264,1,2017–2019
ColiseumSoft786,https://github.com/ColiseumSoft786,39431927,2018-05,23,173,1,2017–2019
adnanamin69,https://github.com/adnanamin69,39734335,2018-05,29,147,1,2017–2019
habib-developer,https://github.com/habib-developer,38948458,2018-05,25,140,1,2017–2019
ihteshamm123,https://github.com/ihteshamm123,39794328,2018-05,9,124,1,2017–2019
passbaan,https://github.com/passbaan,38996347,2018-05,18,96,1,2017–2019
ranamubashir55,https://github.com/ranamubashir55,39158538,2018-05,13,94,1,2017–2019
door2021,https://github.com/door2021,39302585,2018-05,7,91,1,2017–2019
kashif197,https://github.com/kashif197,39567371,2018-05,7,56,1,2017–2019
KhawajaAli246,https://github.com/KhawajaAli246,39322386,2018-05,52,54,1,2017–2019
hammadnadeemx,https://github.com/hammadnadeemx,39166780,2018-05,10,53,1,2017–2019
faizii143,https://github.com/faizii143,39012546,2018-05,9,51,1,2017–2019
aamirsea110,https://github.com/aamirsea110,39347123,2018-05,14,42,1,2017–2019
Arshad-engr,https://github.com/Arshad-engr,38892274,2018-05,9,37,1,2017–2019
Nouman241996,https://github.com/Nouman241996,39439180,2018-05,10,26,1,2017–2019
Roshana-Naqvi,https://github.com/Roshana-Naqvi,39453659,2018-05,35,23,1,2017–2019
asmatkhan344,https://github.com/asmatkhan344,39399956,2018-05,10,17,1,2017–2019
MaazEllahiKhan,https://github.com/MaazEllahiKhan,39745096,2018-05,6,16,1,2017–2019
ossamamehmood,https://github.com/ossamamehmood,40134503,2018-06,42,16710,1,2017–2019
SalmanAhmed24,https://github.com/SalmanAhmed24,40638940,2018-06,47,648,1,2017–2019
FrazNaveed,https://github.com/FrazNaveed,40366924,2018-06,17,584,1,2017–2019
MuhammadAli13562,https://github.com/MuhammadAli13562,40227926,2018-06,23,441,1,2017–2019
SarmadMir,https://github.com/SarmadMir,40486074,2018-06,9,435,1,2017–2019
Safiullah509,https://github.com/Safiullah509,40234494,2018-06,13,234,1,2017–2019
Bilal-Abbas,https://github.com/Bilal-Abbas,40523465,2018-06,21,201,1,2017–2019
AhmadHumayun,https://github.com/AhmadHumayun,40564900,2018-06,21,169,1,2017–2019
haseebmohsin,https://github.com/haseebmohsin,40571977,2018-06,16,128,1,2017–2019
muhammadubaid001,https://github.com/muhammadubaid001,39967022,2018-06,22,122,1,2017–2019
awaisgt,https://github.com/awaisgt,39981782,2018-06,21,117,1,2017–2019
umarfarooq-developer,https://github.com/umarfarooq-developer,40161715,2018-06,11,95,1,2017–2019
atttaskalyar,https://github.com/atttaskalyar,40478931,2018-06,21,85,1,2017–2019
munawwaranwar,https://github.com/munawwaranwar,40491738,2018-06,6,81,1,2017–2019
Mehmood007,https://github.com/Mehmood007,40523647,2018-06,11,77,1,2017–2019
Arsal96,https://github.com/Arsal96,40561870,2018-06,22,76,1,2017–2019
malikmmoaz,https://github.com/malikmmoaz,40146994,2018-06,16,69,1,2017–2019
moslemparve,https://github.com/moslemparve,40214868,2018-06,10,53,1,2017–2019
anamsajid06,https://github.com/anamsajid06,40668993,2018-06,19,44,1,2017–2019
abdullah6625,https://github.com/abdullah6625,40285002,2018-06,12,44,1,2017–2019
afaq2327,https://github.com/afaq2327,40390830,2018-06,17,40,1,2017–2019
SalmanTariqkhan,https://github.com/SalmanTariqkhan,40152436,2018-06,11,23,1,2017–2019
mohid29,https://github.com/mohid29,40218812,2018-06,13,19,1,2017–2019
Almgirjhanzaib,https://github.com/Almgirjhanzaib,40323050,2018-06,28,15,1,2017–2019
i150251,https://github.com/i150251,39897640,2018-06,7,14,1,2017–2019
AsadBukharee,https://github.com/AsadBukharee,41694519,2018-07,95,7970,1,2017–2019
HamadUllah16,https://github.com/HamadUllah16,41640719,2018-07,23,469,1,2017–2019
ali-anwar1,https://github.com/ali-anwar1,40871099,2018-07,29,396,1,2017–2019
sanaasaeed,https://github.com/sanaasaeed,41577469,2018-07,22,332,1,2017–2019
noman-akram29,https://github.com/noman-akram29,41416875,2018-07,23,304,1,2017–2019
khan-zia,https://github.com/khan-zia,41148588,2018-07,12,178,1,2017–2019
rizwanahmedziai,https://github.com/rizwanahmedziai,41960965,2018-07,32,170,1,2017–2019
Irtisam24,https://github.com/Irtisam24,41005848,2018-07,12,103,1,2017–2019
muhammadfazeel,https://github.com/muhammadfazeel,40838582,2018-07,35,86,1,2017–2019
Arish68,https://github.com/Arish68,41190268,2018-07,29,80,1,2017–2019
Asfandkhan1159,https://github.com/Asfandkhan1159,41617151,2018-07,18,79,1,2017–2019
GovindaK3210,https://github.com/GovindaK3210,40784894,2018-07,10,70,1,2017–2019
TehreemFarooqi,https://github.com/TehreemFarooqi,40829272,2018-07,16,69,1,2017–2019
NaqashZulfiqar,https://github.com/NaqashZulfiqar,41199679,2018-07,7,59,1,2017–2019
yaqoobjamal,https://github.com/yaqoobjamal,41775354,2018-07,8,47,1,2017–2019
FahdHabib,https://github.com/FahdHabib,41792311,2018-07,14,35,1,2017–2019
athar-usama,https://github.com/athar-usama,41828100,2018-07,9,27,1,2017–2019
AmmarHSufyan,https://github.com/AmmarHSufyan,41756342,2018-07,9,26,1,2017–2019
wahabkhalid,https://github.com/wahabkhalid,41482547,2018-07,10,23,1,2017–2019
alisaeedkhan101,https://github.com/alisaeedkhan101,41804185,2018-07,6,23,1,2017–2019
muzzammilalam2,https://github.com/muzzammilalam2,41226575,2018-07,12,21,1,2017–2019
Abdur-Raziq-Khan,https://github.com/Abdur-Raziq-Khan,41491314,2018-07,17,18,1,2017–2019
Aslam009,https://github.com/Aslam009,41364236,2018-07,10,15,1,2017–2019
Awan,https://github.com/Awan,42554663,2018-08,93,2833526,1,2017–2019
umair-mirza,https://github.com/umair-mirza,42217546,2018-08,52,3731,1,2017–2019
gdafzalkhan99,https://github.com/gdafzalkhan99,42251024,2018-08,36,1196,1,2017–2019
umairgillani93,https://github.com/umairgillani93,42276213,2018-08,37,1147,1,2017–2019
sadeedullahkhan,https://github.com/sadeedullahkhan,42419733,2018-08,12,301,1,2017–2019
FarhanKhan1,https://github.com/FarhanKhan1,42420096,2018-08,38,155,1,2017–2019
MuneebAhmedQureshi,https://github.com/MuneebAhmedQureshi,42738006,2018-08,10,116,1,2017–2019
MuhammadWaqas4,https://github.com/MuhammadWaqas4,42266544,2018-08,46,104,1,2017–2019
zeealik,https://github.com/zeealik,42112097,2018-08,36,94,1,2017–2019
Zeeshan860,https://github.com/Zeeshan860,42467430,2018-08,7,94,1,2017–2019
harrissohail6,https://github.com/harrissohail6,42135466,2018-08,9,86,1,2017–2019
ShahidNiazi,https://github.com/ShahidNiazi,42842153,2018-08,8,69,1,2017–2019
salobhi,https://github.com/salobhi,42340995,2018-08,10,59,1,2017–2019
atiqurrehman123,https://github.com/atiqurrehman123,42108910,2018-08,12,56,1,2017–2019
alihucayn,https://github.com/alihucayn,42090199,2018-08,8,52,1,2017–2019
Baderah,https://github.com/Baderah,42194275,2018-08,7,47,1,2017–2019
mobeenair,https://github.com/mobeenair,42134499,2018-08,18,46,1,2017–2019
UsamaMehmood8924,https://github.com/UsamaMehmood8924,42065763,2018-08,10,35,1,2017–2019
iamfaizanahmad,https://github.com/iamfaizanahmad,42837890,2018-08,15,28,1,2017–2019
zameer-72,https://github.com/zameer-72,42403700,2018-08,6,26,1,2017–2019
ahmedgrevall,https://github.com/ahmedgrevall,42873610,2018-08,8,20,1,2017–2019
sulemankhan824,https://github.com/sulemankhan824,42543382,2018-08,9,16,1,2017–2019
MABD001,https://github.com/MABD001,42814073,2018-08,8,13,1,2017–2019
Mubarrim-Iqbal,https://github.com/Mubarrim-Iqbal,43439646,2018-09,8,52255,1,2017–2019
WaseemMirzaa,https://github.com/WaseemMirzaa,43670664,2018-09,45,2045,1,2017–2019
zainkhalid91,https://github.com/zainkhalid91,43206893,2018-09,11,813,1,2017–2019
themohal,https://github.com/themohal,43019983,2018-09,79,697,1,2017–2019
afaq-ahmad,https://github.com/afaq-ahmad,43147574,2018-09,64,657,1,2017–2019
HamzaMateen,https://github.com/HamzaMateen,43349591,2018-09,83,520,1,2017–2019
iamshahidameen,https://github.com/iamshahidameen,43674745,2018-09,155,482,1,2017–2019
sajidshah960,https://github.com/sajidshah960,43347971,2018-09,22,346,1,2017–2019
israr2018,https://github.com/israr2018,43034338,2018-09,85,286,1,2017–2019
kaashe,https://github.com/kaashe,43569363,2018-09,26,277,1,2017–2019
johari9292,https://github.com/johari9292,43699985,2018-09,98,231,1,2017–2019
Xeroxxhah,https://github.com/Xeroxxhah,43526417,2018-09,22,220,1,2017–2019
YAHYA-YOUNAS,https://github.com/YAHYA-YOUNAS,43009392,2018-09,34,180,1,2017–2019
wasimkhana,https://github.com/wasimkhana,43634095,2018-09,52,170,1,2017–2019
Ahmad-Mehtab,https://github.com/Ahmad-Mehtab,43634796,2018-09,12,146,1,2017–2019
asad926,https://github.com/asad926,42972151,2018-09,27,130,1,2017–2019
abdulbasit10397,https://github.com/abdulbasit10397,43374184,2018-09,18,129,1,2017–2019
ysrdxb,https://github.com/ysrdxb,42891967,2018-09,13,122,1,2017–2019
shaheerhas,https://github.com/shaheerhas,43469415,2018-09,16,88,1,2017–2019
Hassan-404,https://github.com/Hassan-404,43202951,2018-09,20,77,1,2017–2019
imshoaibaslam,https://github.com/imshoaibaslam,42939218,2018-09,7,55,1,2017–2019
hamza-imran75,https://github.com/hamza-imran75,43512631,2018-09,28,49,1,2017–2019
urahmank,https://github.com/urahmank,43683005,2018-09,14,49,1,2017–2019
hinashahrukhtech,https://github.com/hinashahrukhtech,43381939,2018-09,7,47,1,2017–2019
Haris3243,https://github.com/Haris3243,43663314,2018-09,10,45,1,2017–2019
Taimoorhayat,https://github.com/Taimoorhayat,43269021,2018-09,24,41,1,2017–2019
Awaismukhtar,https://github.com/Awaismukhtar,42942774,2018-09,22,41,1,2017–2019
wajidhabib,https://github.com/wajidhabib,43421608,2018-09,17,39,1,2017–2019
qaskhk,https://github.com/qaskhk,43263432,2018-09,12,36,1,2017–2019
EhtashamAhmed,https://github.com/EhtashamAhmed,43585768,2018-09,6,21,1,2017–2019
wajahatkarimFASTIAN,https://github.com/wajahatkarimFASTIAN,43478212,2018-09,9,19,1,2017–2019
mAzeems,https://github.com/mAzeems,43700826,2018-09,11,18,1,2017–2019
tehceen,https://github.com/tehceen,43634528,2018-09,7,17,1,2017–2019
Raxa93,https://github.com/Raxa93,43405545,2018-09,7,11,1,2017–2019
em-mubashir,https://github.com/em-mubashir,43860395,2018-10,21,38677,1,2017–2019
UsmanNiazi,https://github.com/UsmanNiazi,43772815,2018-10,55,1215,1,2017–2019
faaiz99,https://github.com/faaiz99,44613754,2018-10,18,949,1,2017–2019
AhmadyarRashid,https://github.com/AhmadyarRashid,44378856,2018-10,46,531,1,2017–2019
nomanmajeed,https://github.com/nomanmajeed,44547517,2018-10,43,492,1,2017–2019
asadmumtaz92,https://github.com/asadmumtaz92,44339021,2018-10,23,254,1,2017–2019
m-ahmadshaikh,https://github.com/m-ahmadshaikh,43930796,2018-10,50,232,1,2017–2019
CodeSauces,https://github.com/CodeSauces,44334119,2018-10,11,197,1,2017–2019
mujtaba-88,https://github.com/mujtaba-88,44338585,2018-10,27,195,1,2017–2019
saimrahdari,https://github.com/saimrahdari,43989990,2018-10,45,183,1,2017–2019
Faizi1,https://github.com/Faizi1,44631234,2018-10,31,170,1,2017–2019
musadiq90,https://github.com/musadiq90,44022271,2018-10,26,164,1,2017–2019
SAIF312,https://github.com/SAIF312,43753853,2018-10,16,145,1,2017–2019
its-bilal-khan,https://github.com/its-bilal-khan,44600054,2018-10,13,139,1,2017–2019
AliChaudharySandhu,https://github.com/AliChaudharySandhu,44301346,2018-10,20,134,1,2017–2019
haroonkhan02,https://github.com/haroonkhan02,43880281,2018-10,15,133,1,2017–2019
Abubakarjutt,https://github.com/Abubakarjutt,44613232,2018-10,7,133,1,2017–2019
saba722,https://github.com/saba722,44337168,2018-10,20,130,1,2017–2019
TARasti,https://github.com/TARasti,44437642,2018-10,13,118,1,2017–2019
Naumankhan76,https://github.com/Naumankhan76,44312679,2018-10,11,116,1,2017–2019
YahyaDar,https://github.com/YahyaDar,44116782,2018-10,26,111,1,2017–2019
haroondhanyal,https://github.com/haroondhanyal,44204782,2018-10,21,101,1,2017–2019
sajjadnaqvi,https://github.com/sajjadnaqvi,44344800,2018-10,36,100,1,2017–2019
m-ali-isb2,https://github.com/m-ali-isb2,44408196,2018-10,12,92,1,2017–2019
ImaadUllah,https://github.com/ImaadUllah,44241526,2018-10,44,88,1,2017–2019
haseeb075,https://github.com/haseeb075,44320645,2018-10,28,76,1,2017–2019
spraxblue,https://github.com/spraxblue,43744209,2018-10,17,72,1,2017–2019
faisalabbas1,https://github.com/faisalabbas1,43875246,2018-10,10,69,1,2017–2019
aliraza9996,https://github.com/aliraza9996,43965776,2018-10,20,61,1,2017–2019
raanawaleed,https://github.com/raanawaleed,43804115,2018-10,13,61,1,2017–2019
shakeel404,https://github.com/shakeel404,43760740,2018-10,20,52,1,2017–2019
wahab82,https://github.com/wahab82,44261011,2018-10,10,50,1,2017–2019
syedmuhammadshah,https://github.com/syedmuhammadshah,44096671,2018-10,11,46,1,2017–2019
farooqkhandev,https://github.com/farooqkhandev,44323870,2018-10,6,46,1,2017–2019
khadijashahid,https://github.com/khadijashahid,43807288,2018-10,12,43,1,2017–2019
Tauseefislamian232,https://github.com/Tauseefislamian232,43759125,2018-10,7,34,1,2017–2019
mshahidrasheed,https://github.com/mshahidrasheed,43881236,2018-10,8,32,1,2017–2019
MrUmair1,https://github.com/MrUmair1,44020106,2018-10,15,28,1,2017–2019
ZubairK653,https://github.com/ZubairK653,44175839,2018-10,7,26,1,2017–2019
muhammadzainqazi,https://github.com/muhammadzainqazi,44297001,2018-10,7,22,1,2017–2019
Syedwajihshah,https://github.com/Syedwajihshah,44123061,2018-10,14,18,1,2017–2019
snjiskani,https://github.com/snjiskani,43849627,2018-10,8,11,1,2017–2019
raorizwaniftikhar,https://github.com/raorizwaniftikhar,45117794,2018-11,47,60469,1,2017–2019
SaifKhaki,https://github.com/SaifKhaki,44811001,2018-11,44,1590,1,2017–2019
m-aliabbas,https://github.com/m-aliabbas,45088131,2018-11,58,434,1,2017–2019
thehamzza,https://github.com/thehamzza,45312947,2018-11,38,422,1,2017–2019
ChHannan,https://github.com/ChHannan,45265763,2018-11,12,420,1,2017–2019
AlamKhalid,https://github.com/AlamKhalid,44979650,2018-11,87,330,1,2017–2019
aitsamahad,https://github.com/aitsamahad,45127525,2018-11,52,330,1,2017–2019
wahaj123,https://github.com/wahaj123,44682195,2018-11,44,321,1,2017–2019
hammad-ahmed-1999,https://github.com/hammad-ahmed-1999,45166466,2018-11,19,238,1,2017–2019
AyazAI,https://github.com/AyazAI,45338553,2018-11,82,225,1,2017–2019
primekhan555,https://github.com/primekhan555,45237811,2018-11,39,225,1,2017–2019
yousaf530,https://github.com/yousaf530,45168689,2018-11,14,208,1,2017–2019
sameerbinraees,https://github.com/sameerbinraees,44906406,2018-11,33,191,1,2017–2019
safiurrrehman,https://github.com/safiurrrehman,45163254,2018-11,40,189,1,2017–2019
Safdar-Nazir,https://github.com/Safdar-Nazir,44896417,2018-11,31,176,1,2017–2019
shahabmuhammad,https://github.com/shahabmuhammad,44934080,2018-11,37,160,1,2017–2019
asfandyarjalil,https://github.com/asfandyarjalil,44685834,2018-11,14,123,1,2017–2019
abdulrahmanjawad,https://github.com/abdulrahmanjawad,45163518,2018-11,15,112,1,2017–2019
agkal,https://github.com/agkal,44904882,2018-11,37,105,1,2017–2019
asadmehmood091,https://github.com/asadmehmood091,45494881,2018-11,26,105,1,2017–2019
mehfoozsalik,https://github.com/mehfoozsalik,45255523,2018-11,25,101,1,2017–2019
ahmedhassan135,https://github.com/ahmedhassan135,45296458,2018-11,9,96,1,2017–2019
Muhammad-Zeerak,https://github.com/Muhammad-Zeerak,45163268,2018-11,22,88,1,2017–2019
sherySJ,https://github.com/sherySJ,44723580,2018-11,17,86,1,2017–2019
uatiintellect,https://github.com/uatiintellect,45406440,2018-11,25,84,1,2017–2019
AyazYousafxai,https://github.com/AyazYousafxai,44762893,2018-11,31,79,1,2017–2019
iamwaseemsh,https://github.com/iamwaseemsh,45127178,2018-11,25,65,1,2017–2019
haris741,https://github.com/haris741,45047495,2018-11,22,65,1,2017–2019
kahmedmujtaba,https://github.com/kahmedmujtaba,45388164,2018-11,7,65,1,2017–2019
CivicTechHackathon,https://github.com/CivicTechHackathon,45464919,2018-11,37,60,1,2017–2019
murtrax,https://github.com/murtrax,44900656,2018-11,22,58,1,2017–2019
Tahoor27,https://github.com/Tahoor27,45266894,2018-11,11,52,1,2017–2019
HamadNasir10,https://github.com/HamadNasir10,44904096,2018-11,8,51,1,2017–2019
JawadGondal,https://github.com/JawadGondal,45098558,2018-11,13,50,1,2017–2019
abdulsattarmalic,https://github.com/abdulsattarmalic,44732604,2018-11,10,41,1,2017–2019
Mauzkhan143,https://github.com/Mauzkhan143,45231916,2018-11,16,39,1,2017–2019
ghostxxz,https://github.com/ghostxxz,45238315,2018-11,15,39,1,2017–2019
junaid78600,https://github.com/junaid78600,45033213,2018-11,23,38,1,2017–2019
daniyalcomsoft,https://github.com/daniyalcomsoft,45420985,2018-11,24,35,1,2017–2019
ahsanrukhsar,https://github.com/ahsanrukhsar,45335008,2018-11,12,30,1,2017–2019
AB-Rahman-07,https://github.com/AB-Rahman-07,45161997,2018-11,8,30,1,2017–2019
AkashAli506,https://github.com/AkashAli506,45498607,2018-11,13,29,1,2017–2019
UmarNauman,https://github.com/UmarNauman,44795630,2018-11,19,26,1,2017–2019
aadi1993,https://github.com/aadi1993,45212397,2018-11,13,26,1,2017–2019
GeospatialGeeks,https://github.com/GeospatialGeeks,44969429,2018-11,7,23,1,2017–2019
talhaaahmed,https://github.com/talhaaahmed,45163394,2018-11,10,20,1,2017–2019
asghar3630,https://github.com/asghar3630,44834645,2018-11,8,18,1,2017–2019
Tazah-Gul,https://github.com/Tazah-Gul,45310106,2018-11,7,18,1,2017–2019
UsamaAslam-9,https://github.com/UsamaAslam-9,45137910,2018-11,6,17,1,2017–2019
lol45612,https://github.com/lol45612,44798012,2018-11,8,16,1,2017–2019
asadsohail-x,https://github.com/asadsohail-x,44903261,2018-11,7,16,1,2017–2019
mabdullah100,https://github.com/mabdullah100,44908857,2018-11,9,13,1,2017–2019
talhapythoneer,https://github.com/talhapythoneer,46148603,2018-12,26,1159,1,2017–2019
Asim-2000,https://github.com/Asim-2000,46053827,2018-12,89,632,1,2017–2019
awaisajaz1,https://github.com/awaisajaz1,45993114,2018-12,34,542,1,2017–2019
alinisarhaider,https://github.com/alinisarhaider,45901944,2018-12,8,403,1,2017–2019
rafayrty,https://github.com/rafayrty,46190106,2018-12,55,335,1,2017–2019
samiullahjamil99,https://github.com/samiullahjamil99,45909613,2018-12,8,323,1,2017–2019
AbdurRehman712,https://github.com/AbdurRehman712,46182746,2018-12,20,308,1,2017–2019
iZoom786,https://github.com/iZoom786,45719832,2018-12,39,260,1,2017–2019
rizi97,https://github.com/rizi97,46156744,2018-12,33,243,1,2017–2019
shijisohail,https://github.com/shijisohail,46225562,2018-12,17,230,1,2017–2019
mahnoor-fatima-saad,https://github.com/mahnoor-fatima-saad,45865489,2018-12,19,191,1,2017–2019
SalmanQureshi97,https://github.com/SalmanQureshi97,45896078,2018-12,39,187,1,2017–2019
Alihasnat10,https://github.com/Alihasnat10,45508866,2018-12,42,178,1,2017–2019
mohtshim,https://github.com/mohtshim,46097990,2018-12,6,174,1,2017–2019
aizazayubi,https://github.com/aizazayubi,46074258,2018-12,16,149,1,2017–2019
Salaar71,https://github.com/Salaar71,46056231,2018-12,12,139,1,2017–2019
MGAbbasi123,https://github.com/MGAbbasi123,45997820,2018-12,7,120,1,2017–2019
aaizkhan,https://github.com/aaizkhan,45678226,2018-12,29,115,1,2017–2019
Eleyeen,https://github.com/Eleyeen,46245561,2018-12,24,110,1,2017–2019
RazaHussain090,https://github.com/RazaHussain090,45599066,2018-12,16,107,1,2017–2019
shayan2007,https://github.com/shayan2007,45532567,2018-12,10,106,1,2017–2019
0Parus0,https://github.com/0Parus0,46166596,2018-12,69,101,1,2017–2019
qalab-e-hassnain,https://github.com/qalab-e-hassnain,46196730,2018-12,8,88,1,2017–2019
Hisham-Pak,https://github.com/Hisham-Pak,45965466,2018-12,20,86,1,2017–2019
Mohammad-Akhtar-Awan,https://github.com/Mohammad-Akhtar-Awan,45616014,2018-12,9,80,1,2017–2019
haroonalam,https://github.com/haroonalam,45801844,2018-12,16,74,1,2017–2019
UsamaAbbasi12,https://github.com/UsamaAbbasi12,45781066,2018-12,49,72,1,2017–2019
RummanAli,https://github.com/RummanAli,45504456,2018-12,18,59,1,2017–2019
Aqibchaudhary,https://github.com/Aqibchaudhary,45809714,2018-12,27,55,1,2017–2019
adnansudozai,https://github.com/adnansudozai,45669092,2018-12,9,53,1,2017–2019
qaisark,https://github.com/qaisark,46220827,2018-12,13,52,1,2017–2019
ShaheryarK,https://github.com/ShaheryarK,45919322,2018-12,13,47,1,2017–2019
shahzeb-iOS,https://github.com/shahzeb-iOS,45847192,2018-12,9,38,1,2017–2019
iftkharali,https://github.com/iftkharali,45867000,2018-12,14,34,1,2017–2019
ahmedtaimoorpk,https://github.com/ahmedtaimoorpk,45932244,2018-12,28,27,1,2017–2019
raiabdullahbashir,https://github.com/raiabdullahbashir,45608333,2018-12,7,27,1,2017–2019
Rizwan52422,https://github.com/Rizwan52422,46090133,2018-12,12,25,1,2017–2019
mfahadshah,https://github.com/mfahadshah,46130423,2018-12,10,25,1,2017–2019
SMHuzaifa,https://github.com/SMHuzaifa,46086064,2018-12,9,24,1,2017–2019
aamir456,https://github.com/aamir456,46199667,2018-12,9,22,1,2017–2019
MuneebZafar00713,https://github.com/MuneebZafar00713,45596300,2018-12,6,20,1,2017–2019
AdnanZafar0005,https://github.com/AdnanZafar0005,45895341,2018-12,8,13,1,2017–2019
imsohaibjaved,https://github.com/imsohaibjaved,46132275,2018-12,6,11,1,2017–2019
hamza-khan-mhk1,https://github.com/hamza-khan-mhk1,46816886,2019-01,66,607,1,2017–2019
axiftaj,https://github.com/axiftaj,47206155,2019-01,62,528,1,2017–2019
khizarhayat11,https://github.com/khizarhayat11,46673873,2019-01,16,457,1,2017–2019
muhamdasim,https://github.com/muhamdasim,47195175,2019-01,29,339,1,2017–2019
Noman-Tanveer,https://github.com/Noman-Tanveer,46514771,2019-01,101,287,1,2017–2019
hiibrarahmad,https://github.com/hiibrarahmad,46841978,2019-01,20,273,1,2017–2019
Mahyar-Ali,https://github.com/Mahyar-Ali,46643509,2019-01,36,258,1,2017–2019
asgharibraheembaloch,https://github.com/asgharibraheembaloch,46741864,2019-01,66,248,1,2017–2019
aaqibmehrban,https://github.com/aaqibmehrban,46885712,2019-01,70,208,1,2017–2019
IrfanG-cloud,https://github.com/IrfanG-cloud,46726735,2019-01,95,205,1,2017–2019
mibbrahim,https://github.com/mibbrahim,46568134,2019-01,13,155,1,2017–2019
aknadeem,https://github.com/aknadeem,46559220,2019-01,22,142,1,2017–2019
waqaskhan5570,https://github.com/waqaskhan5570,46786384,2019-01,23,141,1,2017–2019
almaskhanwazir,https://github.com/almaskhanwazir,46604137,2019-01,24,135,1,2017–2019
Sheheryar-Ahmed,https://github.com/Sheheryar-Ahmed,46754664,2019-01,11,92,1,2017–2019
ibraraziz,https://github.com/ibraraziz,46542325,2019-01,13,79,1,2017–2019
mo-ali12,https://github.com/mo-ali12,46417639,2019-01,36,74,1,2017–2019
muhammadarmaghan,https://github.com/muhammadarmaghan,46818449,2019-01,14,68,1,2017–2019
sheheryar-pirzada,https://github.com/sheheryar-pirzada,47099947,2019-01,16,66,1,2017–2019
ihtisham467,https://github.com/ihtisham467,47100251,2019-01,18,55,1,2017–2019
kafayat786,https://github.com/kafayat786,47139611,2019-01,13,39,1,2017–2019
jdr86,https://github.com/jdr86,46722062,2019-01,6,39,1,2017–2019
abdullahshinwari,https://github.com/abdullahshinwari,46522854,2019-01,10,37,1,2017–2019
muhammad1146,https://github.com/muhammad1146,47077633,2019-01,18,27,1,2017–2019
MArslanZD,https://github.com/MArslanZD,46383170,2019-01,13,22,1,2017–2019
Umarhayat3,https://github.com/Umarhayat3,46805741,2019-01,11,17,1,2017–2019
MoeenAhmed,https://github.com/MoeenAhmed,46958723,2019-01,8,17,1,2017–2019
Syed-Abdul-wasay,https://github.com/Syed-Abdul-wasay,46631715,2019-01,10,16,1,2017–2019
AlifArslan,https://github.com/AlifArslan,47207557,2019-01,10,13,1,2017–2019
abdur1547,https://github.com/abdur1547,47577116,2019-02,19,3852,1,2017–2019
Abdulcomsian,https://github.com/Abdulcomsian,47965862,2019-02,100,1905,1,2017–2019
Abubakaryounas,https://github.com/Abubakaryounas,48103859,2019-02,17,1644,1,2017–2019
thehaseebshah,https://github.com/thehaseebshah,48080916,2019-02,29,748,1,2017–2019
bmutahhar,https://github.com/bmutahhar,47751444,2019-02,45,454,1,2017–2019
muhammadaasim,https://github.com/muhammadaasim,47273318,2019-02,49,443,1,2017–2019
isadamkhan,https://github.com/isadamkhan,47504498,2019-02,9,307,1,2017–2019
sikanderrafiq,https://github.com/sikanderrafiq,47382856,2019-02,12,305,1,2017–2019
iamtayyab007,https://github.com/iamtayyab007,47768528,2019-02,61,303,1,2017–2019
hamzakhan977,https://github.com/hamzakhan977,47412130,2019-02,11,295,1,2017–2019
maverickphp,https://github.com/maverickphp,47550439,2019-02,30,282,1,2017–2019
waseembabar,https://github.com/waseembabar,47915976,2019-02,10,274,1,2017–2019
shaaandi,https://github.com/shaaandi,47233671,2019-02,44,252,1,2017–2019
shehlizah,https://github.com/shehlizah,47559615,2019-02,19,250,1,2017–2019
aunjaffery,https://github.com/aunjaffery,48084117,2019-02,20,223,2,2019–2020
jimishah514,https://github.com/jimishah514,47571992,2019-02,31,192,2,2019–2020
umarsajjad1992,https://github.com/umarsajjad1992,47843546,2019-02,15,190,2,2019–2020
WaqasAyubShah,https://github.com/WaqasAyubShah,47623474,2019-02,143,180,2,2019–2020
Technical-Abm,https://github.com/Technical-Abm,47935105,2019-02,10,162,2,2019–2020
atharjaved15,https://github.com/atharjaved15,47935439,2019-02,64,140,2,2019–2020
bilalCh213,https://github.com/bilalCh213,47918386,2019-02,8,130,2,2019–2020
najibshah,https://github.com/najibshah,47885737,2019-02,13,128,2,2019–2020
AzharGhafoor,https://github.com/AzharGhafoor,47841078,2019-02,22,122,2,2019–2020
syed-nadeem,https://github.com/syed-nadeem,48100883,2019-02,33,109,2,2019–2020
kashif-121,https://github.com/kashif-121,48064879,2019-02,17,105,2,2019–2020
SaimNasser,https://github.com/SaimNasser,47677992,2019-02,6,99,2,2019–2020
Abdullahdurrani,https://github.com/Abdullahdurrani,47690409,2019-02,9,95,2,2019–2020
NaumanSatti,https://github.com/NaumanSatti,47976829,2019-02,19,94,2,2019–2020
ahmedijazbhatti111,https://github.com/ahmedijazbhatti111,47322444,2019-02,16,83,2,2019–2020
alidiplana,https://github.com/alidiplana,47469261,2019-02,22,81,2,2019–2020
AbdulBariKhan,https://github.com/AbdulBariKhan,47476261,2019-02,18,74,2,2019–2020
swhamdani,https://github.com/swhamdani,47280616,2019-02,10,71,2,2019–2020
ahmdkhan-cs,https://github.com/ahmdkhan-cs,47412577,2019-02,13,67,2,2019–2020
ImranKhan00,https://github.com/ImranKhan00,48027992,2019-02,25,64,2,2019–2020
mrizwansalik,https://github.com/mrizwansalik,47275249,2019-02,27,63,2,2019–2020
Umer86,https://github.com/Umer86,47927659,2019-02,24,59,2,2019–2020
MehranAli0312,https://github.com/MehranAli0312,47806822,2019-02,31,48,2,2019–2020
aqdesk,https://github.com/aqdesk,47736172,2019-02,17,45,2,2019–2020
ehtishamsajjad,https://github.com/ehtishamsajjad,47937929,2019-02,7,40,2,2019–2020
usman15997,https://github.com/usman15997,47842851,2019-02,9,26,2,2019–2020
inshalsaleem,https://github.com/inshalsaleem,47316911,2019-02,12,19,2,2019–2020
Hasnainajmal,https://github.com/Hasnainajmal,47265062,2019-02,24,15,2,2019–2020
aneesahmad28,https://github.com/aneesahmad28,47945255,2019-02,7,15,2,2019–2020
n0uxh,https://github.com/n0uxh,47351785,2019-02,7,14,2,2019–2020
waqastahir1,https://github.com/waqastahir1,48080469,2019-02,8,12,2,2019–2020
hibaakram,https://github.com/hibaakram,47317181,2019-02,10,11,2,2019–2020
sayedsaddam,https://github.com/sayedsaddam,48250591,2019-03,37,1522,2,2019–2020
revealer409,https://github.com/revealer409,48885797,2019-03,562,646,2,2019–2020
awaisniaz,https://github.com/awaisniaz,48234437,2019-03,130,646,2,2019–2020
malikhaiderkhan,https://github.com/malikhaiderkhan,48483877,2019-03,45,644,2,2019–2020
ahmedahtazaz,https://github.com/ahmedahtazaz,49054500,2019-03,29,475,2,2019–2020
smkhurramkhan,https://github.com/smkhurramkhan,48547204,2019-03,31,454,2,2019–2020
ikrma47,https://github.com/ikrma47,48593323,2019-03,8,423,2,2019–2020
mahermubeen,https://github.com/mahermubeen,48330800,2019-03,31,316,2,2019–2020
qazi112,https://github.com/qazi112,48854062,2019-03,56,304,2,2019–2020
stygianlgdonic,https://github.com/stygianlgdonic,48184842,2019-03,31,304,2,2019–2020
bilalafzal01,https://github.com/bilalafzal01,48488488,2019-03,83,286,2,2019–2020
code-with-abdullah,https://github.com/code-with-abdullah,48642109,2019-03,23,278,2,2019–2020
talharauf739739,https://github.com/talharauf739739,49088357,2019-03,44,258,2,2019–2020
syedfaisalsaleeem,https://github.com/syedfaisalsaleeem,49129677,2019-03,75,248,2,2019–2020
muhammadjunaidkhan23,https://github.com/muhammadjunaidkhan23,48877067,2019-03,70,170,2,2019–2020
imAunAbbas,https://github.com/imAunAbbas,48434011,2019-03,12,165,2,2019–2020
muhammadshakoor,https://github.com/muhammadshakoor,48400863,2019-03,15,164,2,2019–2020
uzairafridii,https://github.com/uzairafridii,48617952,2019-03,25,124,2,2019–2020
ayeenmkhan,https://github.com/ayeenmkhan,48828861,2019-03,33,122,2,2019–2020
fazal-e-majid,https://github.com/fazal-e-majid,48935340,2019-03,9,119,2,2019–2020
hadiabid98,https://github.com/hadiabid98,49034276,2019-03,13,109,2,2019–2020
Abbasi193,https://github.com/Abbasi193,48798551,2019-03,24,107,2,2019–2020
Kam125,https://github.com/Kam125,49126003,2019-03,31,87,2,2019–2020
asim-noor,https://github.com/asim-noor,48322897,2019-03,11,58,2,2019–2020
ntrov,https://github.com/ntrov,48519169,2019-03,16,49,2,2019–2020
shah000,https://github.com/shah000,48676720,2019-03,23,43,2,2019–2020
usamabinshahid97,https://github.com/usamabinshahid97,48436835,2019-03,14,40,2,2019–2020
noorullah444,https://github.com/noorullah444,48452951,2019-03,10,39,2,2019–2020
hyyder-naqvii,https://github.com/hyyder-naqvii,48963171,2019-03,12,38,2,2019–2020
tayyabakhtar62,https://github.com/tayyabakhtar62,48334336,2019-03,18,37,2,2019–2020
TheNomanAbid,https://github.com/TheNomanAbid,48675755,2019-03,10,33,2,2019–2020
irum-zahra-awan,https://github.com/irum-zahra-awan,48568242,2019-03,29,31,2,2019–2020
Abubakar0,https://github.com/Abubakar0,48792838,2019-03,11,31,2,2019–2020
ammarzebkn,https://github.com/ammarzebkn,48209104,2019-03,7,20,2,2019–2020
frahman30,https://github.com/frahman30,48551680,2019-03,9,19,2,2019–2020
nimraarshad556,https://github.com/nimraarshad556,48330776,2019-03,11,18,2,2019–2020
Sabakalsoom,https://github.com/Sabakalsoom,49126976,2019-03,6,16,2,2019–2020
Muzammilzafar19,https://github.com/Muzammilzafar19,48350637,2019-03,6,16,2,2019–2020
Eiddd,https://github.com/Eiddd,48559583,2019-03,9,13,2,2019–2020
sohaibaslam127,https://github.com/sohaibaslam127,49934444,2019-04,13,19523,2,2019–2020
Qasim-Aziz,https://github.com/Qasim-Aziz,49957560,2019-04,40,7256,2,2019–2020
skillzaa,https://github.com/skillzaa,49301266,2019-04,61,1908,2,2019–2020
FarhanRiaaz,https://github.com/FarhanRiaaz,49142488,2019-04,37,1664,2,2019–2020
codejunkiedev,https://github.com/codejunkiedev,49747372,2019-04,21,1185,2,2019–2020
nouman72884,https://github.com/nouman72884,49855309,2019-04,74,1071,2,2019–2020
behlole,https://github.com/behlole,49962015,2019-04,70,837,2,2019–2020
alammehtab,https://github.com/alammehtab,49854015,2019-04,53,668,2,2019–2020
ali-nauman,https://github.com/ali-nauman,49935905,2019-04,9,412,2,2019–2020
ALI1111111111,https://github.com/ALI1111111111,50044603,2019-04,47,396,2,2019–2020
ratroot92,https://github.com/ratroot92,49342301,2019-04,73,298,2,2019–2020
chrehman,https://github.com/chrehman,49914809,2019-04,68,294,2,2019–2020
AliMuhammadOfficial,https://github.com/AliMuhammadOfficial,49407055,2019-04,78,273,2,2019–2020
MunibullahShah,https://github.com/MunibullahShah,49975985,2019-04,57,252,2,2019–2020
evilgenius786,https://github.com/evilgenius786,50042969,2019-04,82,228,2,2019–2020
ArslanS1997,https://github.com/ArslanS1997,49631998,2019-04,21,199,2,2019–2020
malikwaqar,https://github.com/malikwaqar,49842187,2019-04,25,196,2,2019–2020
imrantahir16,https://github.com/imrantahir16,49881917,2019-04,25,170,2,2019–2020
salman299,https://github.com/salman299,49305118,2019-04,23,170,2,2019–2020
aliyaqteenbirmani,https://github.com/aliyaqteenbirmani,49911362,2019-04,31,154,2,2019–2020
alihaider78222,https://github.com/alihaider78222,49347874,2019-04,17,145,2,2019–2020
osamazafar980,https://github.com/osamazafar980,49822311,2019-04,39,126,2,2019–2020
malikhamza0546,https://github.com/malikhamza0546,49604960,2019-04,19,122,2,2019–2020
thisisAhsanIqbal,https://github.com/thisisAhsanIqbal,49365257,2019-04,21,116,2,2019–2020
derawall1,https://github.com/derawall1,50014170,2019-04,20,104,2,2019–2020
saba-javed524,https://github.com/saba-javed524,49893677,2019-04,46,103,2,2019–2020
alisufyan143,https://github.com/alisufyan143,49297226,2019-04,9,96,2,2019–2020
mjunaidali98,https://github.com/mjunaidali98,49594142,2019-04,15,83,2,2019–2020
Codeshabir,https://github.com/Codeshabir,49210056,2019-04,14,75,2,2019–2020
usamabse048,https://github.com/usamabse048,49960687,2019-04,26,71,2,2019–2020
Qurratulain25,https://github.com/Qurratulain25,49314395,2019-04,13,64,2,2019–2020
MuhammadSharyar,https://github.com/MuhammadSharyar,50079196,2019-04,21,63,2,2019–2020
talhazubair21,https://github.com/talhazubair21,49595122,2019-04,13,55,2,2019–2020
naumanshigri,https://github.com/naumanshigri,49936495,2019-04,16,51,2,2019–2020
am-abdullah,https://github.com/am-abdullah,49249929,2019-04,9,51,2,2019–2020
mnasirayub,https://github.com/mnasirayub,49411017,2019-04,10,45,2,2019–2020
Abdullah18x,https://github.com/Abdullah18x,49806452,2019-04,12,44,2,2019–2020
azeemhaider518,https://github.com/azeemhaider518,49785827,2019-04,7,40,2,2019–2020
badarkhalil,https://github.com/badarkhalil,49829470,2019-04,16,38,2,2019–2020
khanswat,https://github.com/khanswat,49332486,2019-04,6,37,2,2019–2020
sheharyar2,https://github.com/sheharyar2,49853765,2019-04,16,36,2,2019–2020
muhammadazeem-collab,https://github.com/muhammadazeem-collab,49807408,2019-04,7,26,2,2019–2020
tahira-sta,https://github.com/tahira-sta,49309201,2019-04,14,15,2,2019–2020
Ghiasali,https://github.com/Ghiasali,49829508,2019-04,13,14,2,2019–2020
kazmithub,https://github.com/kazmithub,50926656,2019-05,11,413,2,2019–2020
iffishells,https://github.com/iffishells,50671327,2019-05,183,325,2,2019–2020
shahzaib3120,https://github.com/shahzaib3120,50596057,2019-05,60,313,2,2019–2020
hassaanmaqsood,https://github.com/hassaanmaqsood,50172619,2019-05,26,215,2,2019–2020
farrukh1212cs,https://github.com/farrukh1212cs,50712521,2019-05,26,206,2,2019–2020
lmengnr,https://github.com/lmengnr,50237583,2019-05,16,205,2,2019–2020
bilalkumrani,https://github.com/bilalkumrani,50484447,2019-05,59,186,2,2019–2020
awaisahmed5961,https://github.com/awaisahmed5961,50999481,2019-05,36,177,2,2019–2020
hassanbsee2071,https://github.com/hassanbsee2071,50320614,2019-05,29,171,2,2019–2020
WaleedUmar007,https://github.com/WaleedUmar007,51055552,2019-05,33,162,2,2019–2020
mharis0014,https://github.com/mharis0014,51062883,2019-05,28,162,2,2019–2020
mfurqanjaved,https://github.com/mfurqanjaved,51022619,2019-05,35,157,2,2019–2020
AbdulMunim21,https://github.com/AbdulMunim21,51031690,2019-05,22,153,2,2019–2020
MrJunaidRehman,https://github.com/MrJunaidRehman,50535581,2019-05,8,117,2,2019–2020
arslangzr,https://github.com/arslangzr,50544594,2019-05,96,110,2,2019–2020
hammadbuic,https://github.com/hammadbuic,50557442,2019-05,18,110,2,2019–2020
iamkashifkhn,https://github.com/iamkashifkhn,50561666,2019-05,20,108,2,2019–2020
Saim-Khalid,https://github.com/Saim-Khalid,50315486,2019-05,15,108,2,2019–2020
hafsaayy7,https://github.com/hafsaayy7,50864428,2019-05,15,104,2,2019–2020
AbdulBasit074,https://github.com/AbdulBasit074,50554205,2019-05,13,102,2,2019–2020
Zahidiqbal7411,https://github.com/Zahidiqbal7411,50369350,2019-05,23,97,2,2019–2020
adeelajmal2468,https://github.com/adeelajmal2468,51111457,2019-05,20,94,2,2019–2020
newfolderj,https://github.com/newfolderj,50984056,2019-05,16,94,2,2019–2020
Chandio763,https://github.com/Chandio763,50706267,2019-05,22,92,2,2019–2020
AliTalibKashmiri,https://github.com/AliTalibKashmiri,51063370,2019-05,14,76,2,2019–2020
usamajamil43,https://github.com/usamajamil43,50251867,2019-05,28,71,2,2019–2020
ayshanoorr,https://github.com/ayshanoorr,50948684,2019-05,7,67,2,2019–2020
AhmadKhanSenpai,https://github.com/AhmadKhanSenpai,50776448,2019-05,11,53,2,2019–2020
mohsinc473,https://github.com/mohsinc473,50262001,2019-05,20,50,2,2019–2020
Farasatullah,https://github.com/Farasatullah,50820479,2019-05,21,47,2,2019–2020
Haasha,https://github.com/Haasha,50842417,2019-05,19,42,2,2019–2020
SyedSaimAliZaidi,https://github.com/SyedSaimAliZaidi,50474407,2019-05,21,40,2,2019–2020
WAJIDKHATTAK,https://github.com/WAJIDKHATTAK,50170919,2019-05,22,39,2,2019–2020
mrhaleemkhan,https://github.com/mrhaleemkhan,51209256,2019-05,8,39,2,2019–2020
EngrJavedAbrar,https://github.com/EngrJavedAbrar,50518488,2019-05,11,38,2,2019–2020
harisash,https://github.com/harisash,51188193,2019-05,11,37,2,2019–2020
afif-malghani-zz,https://github.com/afif-malghani-zz,50712084,2019-05,7,35,2,2019–2020
bajwa61,https://github.com/bajwa61,50302170,2019-05,6,30,2,2019–2020
ShahHussainBangash,https://github.com/ShahHussainBangash,50419356,2019-05,24,29,2,2019–2020
muneebhashmi7712,https://github.com/muneebhashmi7712,50544578,2019-05,15,29,2,2019–2020
hassankalwar,https://github.com/hassankalwar,51081070,2019-05,6,25,2,2019–2020
yasingondal,https://github.com/yasingondal,51075334,2019-05,14,22,2,2019–2020
raza091,https://github.com/raza091,50732245,2019-05,17,20,2,2019–2020
HaroonBadshah,https://github.com/HaroonBadshah,50262699,2019-05,13,18,2,2019–2020
basitarshadkhan,https://github.com/basitarshadkhan,50395543,2019-05,8,18,2,2019–2020
hassanali784,https://github.com/hassanali784,50676243,2019-05,6,18,2,2019–2020
Shani618,https://github.com/Shani618,50866495,2019-05,6,17,2,2019–2020
RaoTauqeerSajid,https://github.com/RaoTauqeerSajid,50714660,2019-05,7,13,2,2019–2020
shahzaib1997,https://github.com/shahzaib1997,51140200,2019-05,6,13,2,2019–2020
AHMADHAMMAD3883,https://github.com/AHMADHAMMAD3883,50871202,2019-05,9,11,2,2019–2020
alishba2,https://github.com/alishba2,51479733,2019-06,81,1057,2,2019–2020
MuzammalHussain6313,https://github.com/MuzammalHussain6313,51987198,2019-06,33,724,2,2019–2020
hoola-inc,https://github.com/hoola-inc,52197402,2019-06,20,668,2,2019–2020
Tanveerhusyn,https://github.com/Tanveerhusyn,52218984,2019-06,51,623,2,2019–2020
arsalanmukhtar,https://github.com/arsalanmukhtar,51264071,2019-06,23,593,2,2019–2020
asad97290,https://github.com/asad97290,52050886,2019-06,97,529,2,2019–2020
SaadBazaz,https://github.com/SaadBazaz,51885228,2019-06,127,513,2,2019–2020
AsifAlee,https://github.com/AsifAlee,51690337,2019-06,46,475,2,2019–2020
imran-prog,https://github.com/imran-prog,52159602,2019-06,28,333,2,2019–2020
saudkhan1391,https://github.com/saudkhan1391,52153147,2019-06,12,330,2,2019–2020
ahmadkhudai,https://github.com/ahmadkhudai,52331077,2019-06,14,319,2,2019–2020
AhsanNazeef,https://github.com/AhsanNazeef,51314116,2019-06,19,317,2,2019–2020
ammarrmalik185,https://github.com/ammarrmalik185,51779977,2019-06,36,265,2,2019–2020
haroongondal,https://github.com/haroongondal,51625372,2019-06,24,207,2,2019–2020
MusTaco,https://github.com/MusTaco,51811836,2019-06,15,197,2,2019–2020
Pisceszaiby,https://github.com/Pisceszaiby,52016745,2019-06,36,181,2,2019–2020
Shariqbinrashid,https://github.com/Shariqbinrashid,52208283,2019-06,47,152,2,2019–2020
irtazajawad,https://github.com/irtazajawad,51989359,2019-06,6,149,2,2019–2020
HUSNAINGAUHER,https://github.com/HUSNAINGAUHER,52236853,2019-06,13,146,2,2019–2020
rehanjaved237-zz,https://github.com/rehanjaved237-zz,52058313,2019-06,9,122,2,2019–2020
zaidMughal,https://github.com/zaidMughal,51900989,2019-06,7,122,2,2019–2020
omerihtizaz,https://github.com/omerihtizaz,51757367,2019-06,30,121,2,2019–2020
4hmaad,https://github.com/4hmaad,51507194,2019-06,8,108,2,2019–2020
noorasmat,https://github.com/noorasmat,51962540,2019-06,28,101,2,2019–2020
devsuit,https://github.com/devsuit,52295201,2019-06,23,101,2,2019–2020
MoqeetUlHassan,https://github.com/MoqeetUlHassan,52046488,2019-06,11,95,2,2019–2020
Solat-Ali,https://github.com/Solat-Ali,52134925,2019-06,9,94,2,2019–2020
numaanjaved,https://github.com/numaanjaved,51696048,2019-06,10,93,2,2019–2020
AhsanAvionion,https://github.com/AhsanAvionion,51888624,2019-06,15,91,2,2019–2020
m3zai6i,https://github.com/m3zai6i,51841651,2019-06,32,83,2,2019–2020
muhammadusmanuet,https://github.com/muhammadusmanuet,51905035,2019-06,18,76,2,2019–2020
ShakeelAziz,https://github.com/ShakeelAziz,52008583,2019-06,14,69,2,2019–2020
ahmad416,https://github.com/ahmad416,52142192,2019-06,25,61,2,2019–2020
ramshaiftikhar,https://github.com/ramshaiftikhar,51269042,2019-06,8,52,2,2019–2020
asad-makhdoom,https://github.com/asad-makhdoom,52321166,2019-06,6,49,2,2019–2020
Ajwad-sys,https://github.com/Ajwad-sys,52326968,2019-06,17,42,2,2019–2020
sharifturi,https://github.com/sharifturi,52259681,2019-06,12,37,2,2019–2020
faisal-ismail,https://github.com/faisal-ismail,51698986,2019-06,6,37,2,2019–2020
OsamaIdrees,https://github.com/OsamaIdrees,51856701,2019-06,8,29,2,2019–2020
hhaider15,https://github.com/hhaider15,51754035,2019-06,25,24,2,2019–2020
gigyani,https://github.com/gigyani,52331848,2019-06,8,17,2,2019–2020
sehrish777,https://github.com/sehrish777,52242119,2019-06,39,16,2,2019–2020
ChaudhrySajid,https://github.com/ChaudhrySajid,52292846,2019-06,8,16,2,2019–2020
Assadzy,https://github.com/Assadzy,52235368,2019-06,14,15,2,2019–2020
jasonart0,https://github.com/jasonart0,51306451,2019-06,12,12,2,2019–2020
Saad-Sheeraz,https://github.com/Saad-Sheeraz,52288864,2019-06,11,12,2,2019–2020
umarhashmi-dev,https://github.com/umarhashmi-dev,53431863,2019-07,29,7132,2,2019–2020
akashabbasi,https://github.com/akashabbasi,53195613,2019-07,34,1972,2,2019–2020
AhmedRaja1,https://github.com/AhmedRaja1,52793181,2019-07,247,1603,2,2019–2020
munsif12,https://github.com/munsif12,53260498,2019-07,53,1221,2,2019–2020
AbdurrehmanSubhani,https://github.com/AbdurrehmanSubhani,53292031,2019-07,40,868,2,2019–2020
ammar-kashif,https://github.com/ammar-kashif,53219225,2019-07,27,717,2,2019–2020
AliHafeez337,https://github.com/AliHafeez337,52742115,2019-07,79,709,2,2019–2020
ShahabBngsh,https://github.com/ShahabBngsh,52500152,2019-07,24,592,2,2019–2020
Namrah-99,https://github.com/Namrah-99,52642567,2019-07,26,542,2,2019–2020
fsmutimeer,https://github.com/fsmutimeer,52761022,2019-07,51,431,2,2019–2020
osama127001,https://github.com/osama127001,52834187,2019-07,33,416,2,2019–2020
sunnad99,https://github.com/sunnad99,52724327,2019-07,49,347,2,2019–2020
IbrahimBasit5802,https://github.com/IbrahimBasit5802,53190064,2019-07,29,321,2,2019–2020
zulfiqar-ali01,https://github.com/zulfiqar-ali01,52883632,2019-07,62,297,2,2019–2020
usamasshafique,https://github.com/usamasshafique,53015961,2019-07,21,231,2,2019–2020
Raja-Omer-Mustafa,https://github.com/Raja-Omer-Mustafa,53174353,2019-07,27,225,2,2019–2020
essayyzed,https://github.com/essayyzed,52911956,2019-07,176,199,2,2019–2020
mshahmirkhan,https://github.com/mshahmirkhan,53396254,2019-07,57,182,2,2019–2020
abbas-nazar,https://github.com/abbas-nazar,53207530,2019-07,15,169,2,2019–2020
MoinJanjua,https://github.com/MoinJanjua,52666065,2019-07,52,164,2,2019–2020
SyedJunaid92,https://github.com/SyedJunaid92,53491116,2019-07,24,161,2,2019–2020
muhammadarslannasr,https://github.com/muhammadarslannasr,52801821,2019-07,60,135,2,2019–2020
AhmadShaheer28,https://github.com/AhmadShaheer28,53217481,2019-07,15,124,2,2019–2020
SMShahzaibShah,https://github.com/SMShahzaibShah,53518261,2019-07,16,120,2,2019–2020
sohailmumtaz123,https://github.com/sohailmumtaz123,53467308,2019-07,10,116,2,2019–2020
usamaabbasi135,https://github.com/usamaabbasi135,52500967,2019-07,27,108,2,2019–2020
halts440,https://github.com/halts440,52453910,2019-07,14,105,2,2019–2020
buraqkhan,https://github.com/buraqkhan,53466961,2019-07,18,102,2,2019–2020
asaadreh,https://github.com/asaadreh,52694025,2019-07,20,101,2,2019–2020
buffersoul,https://github.com/buffersoul,52720949,2019-07,7,100,2,2019–2020
fahadahmadkhan,https://github.com/fahadahmadkhan,53381550,2019-07,10,80,2,2019–2020
ahmedkamal-TeraByte,https://github.com/ahmedkamal-TeraByte,52777845,2019-07,7,79,2,2019–2020
shakaibakhtar,https://github.com/shakaibakhtar,53038317,2019-07,8,78,2,2019–2020
basitnawaz123,https://github.com/basitnawaz123,52702732,2019-07,13,72,2,2019–2020
abdulwahab163,https://github.com/abdulwahab163,53156579,2019-07,13,70,2,2019–2020
Muhammad-Shehroze,https://github.com/Muhammad-Shehroze,52688176,2019-07,6,70,2,2019–2020
AbdullahAbid87,https://github.com/AbdullahAbid87,52856978,2019-07,31,65,2,2019–2020
kiransrdr,https://github.com/kiransrdr,53301299,2019-07,50,63,2,2019–2020
habiburrehmanse,https://github.com/habiburrehmanse,53270345,2019-07,11,61,2,2019–2020
shehzad002,https://github.com/shehzad002,52923030,2019-07,99,57,2,2019–2020
abdulmoeid7112,https://github.com/abdulmoeid7112,53342085,2019-07,11,53,2,2019–2020
durraiz-azam,https://github.com/durraiz-azam,53301603,2019-07,17,52,2,2019–2020
swairAQ,https://github.com/swairAQ,53009632,2019-07,8,52,2,2019–2020
ehtisham-mubarik,https://github.com/ehtisham-mubarik,53207893,2019-07,7,51,2,2019–2020
iamshehzada,https://github.com/iamshehzada,53485493,2019-07,12,47,2,2019–2020
altaf757,https://github.com/altaf757,52655220,2019-07,10,44,2,2019–2020
sheriumair,https://github.com/sheriumair,53410074,2019-07,9,41,2,2019–2020
rao19536,https://github.com/rao19536,52795182,2019-07,9,38,2,2019–2020
mshoaibk,https://github.com/mshoaibk,53087712,2019-07,8,30,2,2019–2020
RajaShahbaz,https://github.com/RajaShahbaz,52629086,2019-07,11,29,2,2019–2020
asadsaleem118,https://github.com/asadsaleem118,52995442,2019-07,15,28,2,2019–2020
Harix143,https://github.com/Harix143,52717028,2019-07,13,26,2,2019–2020
UmarEnterprises017,https://github.com/UmarEnterprises017,52718400,2019-07,19,24,2,2019–2020
aleehassan672,https://github.com/aleehassan672,53261282,2019-07,14,23,2,2019–2020
ImmadUlHaq,https://github.com/ImmadUlHaq,52439969,2019-07,11,21,2,2019–2020
thehasnism,https://github.com/thehasnism,52853253,2019-07,7,19,2,2019–2020
Badaralam,https://github.com/Badaralam,52930650,2019-07,11,16,2,2019–2020
wasimqadir2003,https://github.com/wasimqadir2003,52483124,2019-07,9,16,2,2019–2020
haariskh55,https://github.com/haariskh55,52734113,2019-07,8,13,2,2019–2020
zrkhan128,https://github.com/zrkhan128,53127554,2019-07,29,12,2,2019–2020
Muhsani95,https://github.com/Muhsani95,52484645,2019-07,16,11,2,2019–2020
ehmaddd,https://github.com/ehmaddd,54537654,2019-08,72,1213,2,2019–2020
haris021,https://github.com/haris021,53980980,2019-08,27,517,2,2019–2020
Abdullah-Ahmed1,https://github.com/Abdullah-Ahmed1,54108561,2019-08,23,502,2,2019–2020
kashaf874,https://github.com/kashaf874,54352225,2019-08,29,489,2,2019–2020
Shameekh-Naveed,https://github.com/Shameekh-Naveed,53826647,2019-08,46,454,2,2019–2020
SameedUllah,https://github.com/SameedUllah,53958460,2019-08,32,303,2,2019–2020
samiullah6799,https://github.com/samiullah6799,53942723,2019-08,25,260,2,2019–2020
Mohammadtalha3,https://github.com/Mohammadtalha3,54543527,2019-08,36,242,2,2019–2020
Suleman97,https://github.com/Suleman97,54745700,2019-08,33,198,2,2019–2020
BilalMohmand58,https://github.com/BilalMohmand58,53914707,2019-08,32,189,2,2019–2020
fahadulhassan2,https://github.com/fahadulhassan2,54173716,2019-08,41,182,2,2019–2020
Hamza-Imranist,https://github.com/Hamza-Imranist,54076284,2019-08,18,110,2,2019–2020
Shaiyz,https://github.com/Shaiyz,53550257,2019-08,18,109,2,2019–2020
shakilr,https://github.com/shakilr,54317893,2019-08,8,103,2,2019–2020
theharisamjad,https://github.com/theharisamjad,53810039,2019-08,7,70,2,2019–2020
Maria715,https://github.com/Maria715,53642373,2019-08,14,63,2,2019–2020
abdurReactdev,https://github.com/abdurReactdev,54479858,2019-08,21,58,2,2019–2020
Fayyaziii332,https://github.com/Fayyaziii332,54409264,2019-08,9,54,2,2019–2020
f4ni,https://github.com/f4ni,54467107,2019-08,28,53,2,2019–2020
dev-daud,https://github.com/dev-daud,54580002,2019-08,16,49,2,2019–2020
musamadev,https://github.com/musamadev,53643968,2019-08,37,40,2,2019–2020
Sadaf-create,https://github.com/Sadaf-create,53553233,2019-08,18,31,2,2019–2020
graysuit,https://github.com/graysuit,54432616,2019-08,8,29,2,2019–2020
syed-talal-hassan,https://github.com/syed-talal-hassan,54215816,2019-08,12,27,2,2019–2020
samhans17,https://github.com/samhans17,54475455,2019-08,12,24,2,2019–2020
aashoo42,https://github.com/aashoo42,53851088,2019-08,10,24,2,2019–2020
sohailahmad25,https://github.com/sohailahmad25,54478455,2019-08,6,20,2,2019–2020
WAQASUMAR33,https://github.com/WAQASUMAR33,55554486,2019-09,36,2370,2,2019–2020
SyedJawad125,https://github.com/SyedJawad125,55536903,2019-09,73,1264,2,2019–2020
dork7,https://github.com/dork7,54894721,2019-09,40,880,2,2019–2020
usmanraza5245,https://github.com/usmanraza5245,55223419,2019-09,32,803,2,2019–2020
AbdullahQureshi1080,https://github.com/AbdullahQureshi1080,55753562,2019-09,58,653,2,2019–2020
usmanabdurrehman,https://github.com/usmanabdurrehman,54900456,2019-09,58,597,2,2019–2020
engrmafzaalch,https://github.com/engrmafzaalch,54806555,2019-09,38,522,2,2019–2020
ameeratgithub,https://github.com/ameeratgithub,55062550,2019-09,36,442,2,2019–2020
mudassiriqball,https://github.com/mudassiriqball,55241950,2019-09,29,433,2,2019–2020
Hanad-Muqaddar,https://github.com/Hanad-Muqaddar,55221009,2019-09,44,425,2,2019–2020
cls-talha,https://github.com/cls-talha,54799738,2019-09,29,389,2,2019–2020
Raamishshah010,https://github.com/Raamishshah010,55658103,2019-09,39,369,2,2019–2020
manasnisar,https://github.com/manasnisar,55254721,2019-09,38,362,2,2019–2020
MuhammadAliKust,https://github.com/MuhammadAliKust,55309828,2019-09,119,330,2,2019–2020
VendattaRG,https://github.com/VendattaRG,55149341,2019-09,25,313,2,2019–2020
Fawadkhanse,https://github.com/Fawadkhanse,54769392,2019-09,88,301,2,2019–2020
talhamujahid52,https://github.com/talhamujahid52,55655696,2019-09,10,301,2,2019–2020
noormuhammaddev,https://github.com/noormuhammaddev,55844000,2019-09,41,236,2,2019–2020
musadac,https://github.com/musadac,54865936,2019-09,38,224,2,2019–2020
surswaty,https://github.com/surswaty,55982732,2019-09,39,217,2,2019–2020
hamzakhalidbhutta,https://github.com/hamzakhalidbhutta,55960376,2019-09,22,215,2,2019–2020
masoodtariq,https://github.com/masoodtariq,55462501,2019-09,38,195,2,2019–2020
Majid760,https://github.com/Majid760,55375676,2019-09,47,175,2,2019–2020
azizahmad7751,https://github.com/azizahmad7751,55359922,2019-09,45,165,2,2019–2020
iamhammadaali,https://github.com/iamhammadaali,55716079,2019-09,38,163,2,2019–2020
AhsanAli13503,https://github.com/AhsanAli13503,55606886,2019-09,24,151,2,2019–2020
Hamza-Sarwar,https://github.com/Hamza-Sarwar,55377452,2019-09,31,149,2,2019–2020
EMIkram,https://github.com/EMIkram,54985306,2019-09,26,143,2,2019–2020
talha-pro,https://github.com/talha-pro,55407333,2019-09,23,141,2,2019–2020
alina-tabish,https://github.com/alina-tabish,55663743,2019-09,15,138,2,2019–2020
hamzamanan,https://github.com/hamzamanan,55941197,2019-09,17,95,2,2019–2020
sherjeelaq,https://github.com/sherjeelaq,55728493,2019-09,14,90,2,2019–2020
Iqramanzoor58,https://github.com/Iqramanzoor58,55846879,2019-09,7,82,2,2019–2020
khawarqureshi,https://github.com/khawarqureshi,54804118,2019-09,13,77,2,2019–2020
Daryakhan182,https://github.com/Daryakhan182,55444222,2019-09,9,76,2,2019–2020
Muneeb97,https://github.com/Muneeb97,55618056,2019-09,20,75,2,2019–2020
Saadi07,https://github.com/Saadi07,54943438,2019-09,33,72,2,2019–2020
Shafaat33,https://github.com/Shafaat33,54761552,2019-09,14,69,2,2019–2020
Zaibi27,https://github.com/Zaibi27,55849240,2019-09,19,58,2,2019–2020
Junaid3232,https://github.com/Junaid3232,55939459,2019-09,14,54,2,2019–2020
mafnan2,https://github.com/mafnan2,55847065,2019-09,13,50,2,2019–2020
Hasankhankor,https://github.com/Hasankhankor,55666504,2019-09,104,48,2,2019–2020
zdts,https://github.com/zdts,55920727,2019-09,6,47,2,2019–2020
TariqJaved7,https://github.com/TariqJaved7,55314564,2019-09,19,41,2,2019–2020
alizehfatimah,https://github.com/alizehfatimah,54805827,2019-09,12,39,2,2019–2020
LuqmanAsif,https://github.com/LuqmanAsif,54760724,2019-09,11,29,2,2019–2020
Matiullahsyed,https://github.com/Matiullahsyed,55459587,2019-09,7,29,2,2019–2020
AliAbdullah2694,https://github.com/AliAbdullah2694,55111328,2019-09,13,27,2,2019–2020
AymunTariq,https://github.com/AymunTariq,55281460,2019-09,12,24,2,2019–2020
localsonu,https://github.com/localsonu,55237655,2019-09,9,21,2,2019–2020
bilalbuildsoft,https://github.com/bilalbuildsoft,55155024,2019-09,8,21,2,2019–2020
FazanAfzal,https://github.com/FazanAfzal,55958014,2019-09,7,21,2,2019–2020
saad1199,https://github.com/saad1199,55692874,2019-09,6,21,2,2019–2020
adil3633,https://github.com/adil3633,55449443,2019-09,7,18,2,2019–2020
mrbukhari,https://github.com/mrbukhari,54779159,2019-09,6,12,2,2019–2020
Tufail2001,https://github.com/Tufail2001,56223490,2019-10,33,1379,2,2019–2020
majid-saeed,https://github.com/majid-saeed,56892853,2019-10,18,802,2,2019–2020
Jahanzaibv2,https://github.com/Jahanzaibv2,56557031,2019-10,6,787,2,2019–2020
realahsanshah,https://github.com/realahsanshah,56998278,2019-10,67,644,2,2019–2020
saadnaeem-dev,https://github.com/saadnaeem-dev,56112578,2019-10,32,562,2,2019–2020
haseeebmalik,https://github.com/haseeebmalik,56972198,2019-10,45,513,2,2019–2020
Muzammil-mzl10,https://github.com/Muzammil-mzl10,56504584,2019-10,26,468,2,2019–2020
zaidkhanx,https://github.com/zaidkhanx,56389001,2019-10,13,464,2,2019–2020
daudakhtarnaveed98,https://github.com/daudakhtarnaveed98,57121417,2019-10,11,413,2,2019–2020
mubashir-dev,https://github.com/mubashir-dev,57100481,2019-10,65,363,2,2019–2020
ahsanakhtar91,https://github.com/ahsanakhtar91,56581249,2019-10,11,361,2,2019–2020
HAMZA-420,https://github.com/HAMZA-420,56793985,2019-10,78,296,2,2019–2020
mUsman3,https://github.com/mUsman3,57209319,2019-10,81,291,2,2019–2020
bilalisz,https://github.com/bilalisz,57234758,2019-10,70,272,2,2019–2020
BrAtUkA,https://github.com/BrAtUkA,56762784,2019-10,14,263,2,2019–2020
Shaistaaman,https://github.com/Shaistaaman,57103671,2019-10,48,238,2,2019–2020
Bilal-Khursheed,https://github.com/Bilal-Khursheed,56795044,2019-10,52,220,2,2019–2020
Ehsaanali,https://github.com/Ehsaanali,57221470,2019-10,23,215,2,2019–2020
Engr-Talha,https://github.com/Engr-Talha,56755846,2019-10,27,212,2,2019–2020
haseebrj17,https://github.com/haseebrj17,56214816,2019-10,44,192,2,2019–2020
atifcodenterprise,https://github.com/atifcodenterprise,56822497,2019-10,7,181,2,2019–2020
alithecoder98,https://github.com/alithecoder98,56381755,2019-10,35,178,2,2019–2020
hussainnaqvee,https://github.com/hussainnaqvee,56768095,2019-10,36,174,2,2019–2020
shujaamarwat,https://github.com/shujaamarwat,56261790,2019-10,16,167,2,2019–2020
AroobaSiddiqi,https://github.com/AroobaSiddiqi,56760471,2019-10,16,167,2,2019–2020
SyedZeerak,https://github.com/SyedZeerak,56471050,2019-10,12,155,2,2019–2020
farrukh28,https://github.com/farrukh28,56995457,2019-10,13,132,2,2019–2020
imranmunir312,https://github.com/imranmunir312,56598091,2019-10,27,110,2,2019–2020
TakbeerAli,https://github.com/TakbeerAli,56423904,2019-10,34,94,2,2019–2020
muhammadzulfiqarkhan,https://github.com/muhammadzulfiqarkhan,56863218,2019-10,32,80,2,2019–2020
aliahmad56,https://github.com/aliahmad56,56485297,2019-10,30,79,2,2019–2020
MiniKhan,https://github.com/MiniKhan,56172572,2019-10,9,78,2,2019–2020
danishalikhan688,https://github.com/danishalikhan688,56578933,2019-10,8,78,2,2019–2020
umairLodhi02,https://github.com/umairLodhi02,56271588,2019-10,16,76,2,2019–2020
IamHizzi,https://github.com/IamHizzi,56359726,2019-10,9,75,2,2019–2020
naqeebullahcoder,https://github.com/naqeebullahcoder,57130294,2019-10,32,74,2,2019–2020
CodeBunny786,https://github.com/CodeBunny786,56582059,2019-10,112,73,2,2019–2020
begaakgit,https://github.com/begaakgit,56577649,2019-10,17,71,2,2019–2020
FaizanHassanSiddiqui,https://github.com/FaizanHassanSiddiqui,57133215,2019-10,13,70,2,2019–2020
ehsanrazakazmi,https://github.com/ehsanrazakazmi,56756881,2019-10,28,68,2,2019–2020
imeahsan,https://github.com/imeahsan,57230683,2019-10,17,66,2,2019–2020
dev-kami,https://github.com/dev-kami,56334010,2019-10,8,65,2,2019–2020
Fahad-Ahmed-Khan,https://github.com/Fahad-Ahmed-Khan,56951480,2019-10,22,64,2,2019–2020
Free-devloper,https://github.com/Free-devloper,56890897,2019-10,296,63,2,2019–2020
HaroonRasheedButt,https://github.com/HaroonRasheedButt,56767243,2019-10,22,62,2,2019–2020
UmairMalik24,https://github.com/UmairMalik24,56812698,2019-10,19,60,2,2019–2020
Mustaqeem-dev,https://github.com/Mustaqeem-dev,56132469,2019-10,12,56,2,2019–2020
aizaz-hussain,https://github.com/aizaz-hussain,56048071,2019-10,6,56,2,2019–2020
AbdullahWahid2160,https://github.com/AbdullahWahid2160,56227622,2019-10,16,55,2,2019–2020
bilalrizwanseo,https://github.com/bilalrizwanseo,56712202,2019-10,32,54,2,2019–2020
m-shariq,https://github.com/m-shariq,57193290,2019-10,16,54,2,2019–2020
tahakhurram98,https://github.com/tahakhurram98,56072999,2019-10,8,51,2,2019–2020
Tayyabghouri,https://github.com/Tayyabghouri,56016832,2019-10,23,50,2,2019–2020
MuhammadImran72,https://github.com/MuhammadImran72,56223992,2019-10,13,50,2,2019–2020
malikmsohaib,https://github.com/malikmsohaib,57166851,2019-10,27,49,2,2019–2020
abdul118833,https://github.com/abdul118833,56092461,2019-10,10,46,2,2019–2020
aftabahmaddev,https://github.com/aftabahmaddev,56789675,2019-10,7,45,2,2019–2020
khakanH,https://github.com/khakanH,57029484,2019-10,11,43,2,2019–2020
syedamirshah7145,https://github.com/syedamirshah7145,56266859,2019-10,8,41,2,2019–2020
shahmir92,https://github.com/shahmir92,57189627,2019-10,7,39,2,2019–2020
chmawnt,https://github.com/chmawnt,56128391,2019-10,17,38,2,2019–2020
HammadAhmed-AndroidDeveloper,https://github.com/HammadAhmed-AndroidDeveloper,56403832,2019-10,8,38,2,2019–2020
Imad-Jan,https://github.com/Imad-Jan,56248993,2019-10,14,37,2,2019–2020
harisafzal144,https://github.com/harisafzal144,56890796,2019-10,10,36,2,2019–2020
waseem95,https://github.com/waseem95,57227963,2019-10,8,35,2,2019–2020
M-Awais736,https://github.com/M-Awais736,56605328,2019-10,8,32,2,2019–2020
sadaqatem,https://github.com/sadaqatem,56756724,2019-10,14,31,2,2019–2020
Abdurrrr,https://github.com/Abdurrrr,57058931,2019-10,7,31,2,2019–2020
sannan12,https://github.com/sannan12,57183615,2019-10,6,30,2,2019–2020
sehar2807,https://github.com/sehar2807,57066970,2019-10,12,28,2,2019–2020
basilrao,https://github.com/basilrao,56508572,2019-10,16,27,2,2019–2020
WajidAli786,https://github.com/WajidAli786,56424115,2019-10,9,26,2,2019–2020
MrKhattak,https://github.com/MrKhattak,56967180,2019-10,38,24,2,2019–2020
rhmulhktk,https://github.com/rhmulhktk,56630692,2019-10,7,21,2,2019–2020
KingTariq,https://github.com/KingTariq,56839019,2019-10,8,18,2,2019–2020
ttufail,https://github.com/ttufail,56115375,2019-10,10,17,2,2019–2020
Irfanrashid76,https://github.com/Irfanrashid76,56798439,2019-10,6,17,2,2019–2020
HeartHacker99,https://github.com/HeartHacker99,56871233,2019-10,12,13,2,2019–2020
aarsalannazeer,https://github.com/aarsalannazeer,56503076,2019-10,7,13,2,2019–2020
abubakr918,https://github.com/abubakr918,56479069,2019-10,7,12,2,2019–2020
Abdullahrak,https://github.com/Abdullahrak,56600734,2019-10,7,11,2,2019–2020
abbasifaizan70,https://github.com/abbasifaizan70,58352279,2019-11,71,200173,2,2019–2020
usman8786,https://github.com/usman8786,57660357,2019-11,16,3081,2,2019–2020
Mahad871,https://github.com/Mahad871,57263713,2019-11,31,1443,2,2019–2020
irfankhanktk,https://github.com/irfankhanktk,57455830,2019-11,26,877,2,2019–2020
aqibjavaidabbasi,https://github.com/aqibjavaidabbasi,58159606,2019-11,18,704,2,2019–2020
Shahnawaz-Muhammad,https://github.com/Shahnawaz-Muhammad,57725896,2019-11,48,597,2,2019–2020
askubaid,https://github.com/askubaid,57656680,2019-11,28,576,2,2019–2020
saadkhaleeq610,https://github.com/saadkhaleeq610,58370495,2019-11,69,391,2,2019–2020
idanishrangaiz,https://github.com/idanishrangaiz,57948532,2019-11,24,356,2,2019–2020
sohailziagill,https://github.com/sohailziagill,57584520,2019-11,11,351,2,2019–2020
shafiquecbl,https://github.com/shafiquecbl,57300829,2019-11,19,350,2,2019–2020
alihamza143143,https://github.com/alihamza143143,57654938,2019-11,27,338,2,2019–2020
muhammadmubbashar,https://github.com/muhammadmubbashar,57287599,2019-11,24,305,2,2019–2020
Ghulam213,https://github.com/Ghulam213,58222418,2019-11,29,303,2,2019–2020
saifulazeem,https://github.com/saifulazeem,57259157,2019-11,27,295,2,2019–2020
bytewiseltd,https://github.com/bytewiseltd,57831010,2019-11,6,265,2,2019–2020
syed0019,https://github.com/syed0019,57371683,2019-11,45,262,2,2019–2020
hassaanali723,https://github.com/hassaanali723,58141711,2019-11,41,241,2,2019–2020
AbdulHaadi26,https://github.com/AbdulHaadi26,57644193,2019-11,26,232,2,2019–2020
aliijaz1997,https://github.com/aliijaz1997,57563582,2019-11,72,213,2,2019–2020
shafiqcoder,https://github.com/shafiqcoder,57369551,2019-11,65,197,2,2019–2020
WahajMubeen341,https://github.com/WahajMubeen341,57786208,2019-11,37,180,2,2019–2020
Abdullah476,https://github.com/Abdullah476,57626351,2019-11,26,180,2,2019–2020
effimalik,https://github.com/effimalik,57601815,2019-11,6,168,2,2019–2020
arazaq917,https://github.com/arazaq917,58364884,2019-11,12,165,2,2019–2020
saanville,https://github.com/saanville,57783676,2019-11,31,158,2,2019–2020
abdullahbilalawan,https://github.com/abdullahbilalawan,58184862,2019-11,64,150,2,2019–2020
zamanmughal98,https://github.com/zamanmughal98,57499526,2019-11,23,119,2,2019–2020
Ayesha123413,https://github.com/Ayesha123413,57611509,2019-11,17,113,2,2019–2020
mhariskh,https://github.com/mhariskh,57444466,2019-11,16,101,2,2019–2020
usman0021,https://github.com/usman0021,57296491,2019-11,8,95,2,2019–2020
umertanveer25,https://github.com/umertanveer25,57325451,2019-11,24,94,2,2019–2020
HaziqAliSohail,https://github.com/HaziqAliSohail,57566770,2019-11,18,92,2,2019–2020
Ali15700,https://github.com/Ali15700,58108501,2019-11,25,91,2,2019–2020
Alishbaiftikhar,https://github.com/Alishbaiftikhar,57538449,2019-11,39,87,2,2019–2020
azeemjoseph,https://github.com/azeemjoseph,58023033,2019-11,15,84,2,2019–2020
Nouman-Tasif,https://github.com/Nouman-Tasif,58370328,2019-11,39,81,2,2019–2020
KhalidMansoor0310,https://github.com/KhalidMansoor0310,57571973,2019-11,70,78,2,2019–2020
shayan2772,https://github.com/shayan2772,57978180,2019-11,24,78,2,2019–2020
se-abdullahmustafa,https://github.com/se-abdullahmustafa,58358428,2019-11,7,78,2,2019–2020
iamhsntariq05,https://github.com/iamhsntariq05,57410712,2019-11,12,76,2,2019–2020
aaqib-javed,https://github.com/aaqib-javed,57830228,2019-11,11,65,2,2019–2020
Zakariya-Shahid,https://github.com/Zakariya-Shahid,57281031,2019-11,21,62,2,2019–2020
AbdulWahab3630,https://github.com/AbdulWahab3630,58336078,2019-11,12,61,2,2019–2020
iusamabhatti,https://github.com/iusamabhatti,57835803,2019-11,10,61,2,2019–2020
hammadhassan94,https://github.com/hammadhassan94,58123576,2019-11,8,61,2,2019–2020
hileets,https://github.com/hileets,57287744,2019-11,7,61,2,2019–2020
Najiyya123,https://github.com/Najiyya123,57601833,2019-11,28,60,2,2019–2020
hassanjani,https://github.com/hassanjani,57995329,2019-11,15,59,2,2019–2020
usmantasaddaq,https://github.com/usmantasaddaq,58340650,2019-11,40,56,2,2019–2020
saadi-ninjasCode,https://github.com/saadi-ninjasCode,57723965,2019-11,10,55,2,2019–2020
Urk-Khan,https://github.com/Urk-Khan,57920372,2019-11,20,53,2,2019–2020
ALI7861111,https://github.com/ALI7861111,57672011,2019-11,10,51,2,2019–2020
AsharNaveed,https://github.com/AsharNaveed,58306646,2019-11,9,51,2,2019–2020
FizzaBatool,https://github.com/FizzaBatool,58110409,2019-11,10,49,2,2019–2020
jamal-awan56,https://github.com/jamal-awan56,58321880,2019-11,14,46,2,2019–2020
sohailahmad07,https://github.com/sohailahmad07,58299055,2019-11,20,43,2,2019–2020
HYDROCHLORIDE-spec,https://github.com/HYDROCHLORIDE-spec,57519743,2019-11,10,41,2,2019–2020
Saqib343,https://github.com/Saqib343,57259599,2019-11,9,32,2,2019–2020
tahir665,https://github.com/tahir665,58140419,2019-11,17,31,2,2019–2020
Abdulraheel98,https://github.com/Abdulraheel98,57952295,2019-11,9,30,2,2019–2020
usamacs95,https://github.com/usamacs95,57636428,2019-11,11,28,2,2019–2020
Aqsabaig162,https://github.com/Aqsabaig162,57364124,2019-11,9,28,2,2019–2020
Farhad-Sahil,https://github.com/Farhad-Sahil,58203853,2019-11,13,27,2,2019–2020
hashim-iqbal,https://github.com/hashim-iqbal,57543179,2019-11,9,25,2,2019–2020
M-Jawwad,https://github.com/M-Jawwad,57565169,2019-11,10,24,2,2019–2020
iah5an,https://github.com/iah5an,58132031,2019-11,9,23,2,2019–2020
Muhammmad-Shoaib,https://github.com/Muhammmad-Shoaib,57599194,2019-11,6,23,2,2019–2020
Ammar-Khattak,https://github.com/Ammar-Khattak,58000007,2019-11,14,20,2,2019–2020
bitsnio,https://github.com/bitsnio,58328990,2019-11,10,20,2,2019–2020
Umerfarooq-data,https://github.com/Umerfarooq-data,57374420,2019-11,7,19,2,2019–2020
maryamkhan-12,https://github.com/maryamkhan-12,58166320,2019-11,7,18,2,2019–2020
babar48,https://github.com/babar48,57264773,2019-11,6,17,2,2019–2020
hamza-shaukat,https://github.com/hamza-shaukat,58301172,2019-11,9,15,2,2019–2020
Danial-Azeem,https://github.com/Danial-Azeem,57601817,2019-11,6,15,2,2019–2020
Saqukhan12,https://github.com/Saqukhan12,57552408,2019-11,6,14,2,2019–2020
MuneebFarrukh97,https://github.com/MuneebFarrukh97,58254985,2019-11,9,12,2,2019–2020
alinashoaib,https://github.com/alinashoaib,58132586,2019-11,7,12,2,2019–2020
Huzaifa696,https://github.com/Huzaifa696,58810191,2019-12,23,22165,2,2019–2020
Sohail2117,https://github.com/Sohail2117,59018575,2019-12,38,2352,2,2019–2020
Muhammad-Akif,https://github.com/Muhammad-Akif,58759042,2019-12,43,1118,2,2019–2020
Hadibuttt,https://github.com/Hadibuttt,58470182,2019-12,48,784,2,2019–2020
usamainamparacha,https://github.com/usamainamparacha,59094928,2019-12,8,569,2,2019–2020
rainsfal1,https://github.com/rainsfal1,59012139,2019-12,21,486,2,2019–2020
Usamahafiz8,https://github.com/Usamahafiz8,58689276,2019-12,185,484,2,2019–2020
AbdulWahabRaza123,https://github.com/AbdulWahabRaza123,58945532,2019-12,82,467,2,2019–2020
Syed-Subtain,https://github.com/Syed-Subtain,58620792,2019-12,53,467,2,2019–2020
kebriazaman,https://github.com/kebriazaman,58635349,2019-12,18,460,2,2019–2020
salman123ahmed,https://github.com/salman123ahmed,59087862,2019-12,22,458,2,2019–2020
brimmann,https://github.com/brimmann,58560473,2019-12,77,413,2,2019–2020
mahartariq,https://github.com/mahartariq,58861363,2019-12,84,406,2,2019–2020
SafuRaja7,https://github.com/SafuRaja7,59058345,2019-12,27,352,2,2019–2020
AbdulRehmanKhursheed,https://github.com/AbdulRehmanKhursheed,59060012,2019-12,27,349,2,2019–2020
hamnaraeel,https://github.com/hamnaraeel,59374634,2019-12,38,346,2,2019–2020
seeratalishah,https://github.com/seeratalishah,58472058,2019-12,24,338,2,2019–2020
zainulabidin379,https://github.com/zainulabidin379,59256351,2019-12,46,301,2,2019–2020
muhammadsohaib60,https://github.com/muhammadsohaib60,58735769,2019-12,80,295,2,2019–2020
tahaimran,https://github.com/tahaimran,59136478,2019-12,51,270,2,2019–2020
haidertoqeer,https://github.com/haidertoqeer,58727995,2019-12,43,251,2,2019–2020
uzieee,https://github.com/uzieee,58877248,2019-12,43,211,2,2019–2020
Noman-8560,https://github.com/Noman-8560,59162949,2019-12,79,192,2,2019–2020
MuhammadBinUsman03,https://github.com/MuhammadBinUsman03,58441901,2019-12,23,184,2,2019–2020
FarhanMasoodKhan,https://github.com/FarhanMasoodKhan,58627451,2019-12,13,172,2,2019–2020
Hassamkazmi,https://github.com/Hassamkazmi,59208947,2019-12,55,170,2,2019–2020
faisalamin001,https://github.com/faisalamin001,58821374,2019-12,119,166,2,2019–2020
daud157,https://github.com/daud157,59025831,2019-12,23,152,2,2019–2020
billalaashraf,https://github.com/billalaashraf,58458043,2019-12,14,151,2,2019–2020
Humaima,https://github.com/Humaima,58945026,2019-12,33,148,2,2019–2020
rizwanali512,https://github.com/rizwanali512,58570208,2019-12,16,143,2,2019–2020
ayeshajadoon,https://github.com/ayeshajadoon,58593276,2019-12,42,124,2,2019–2020
hanainajmal,https://github.com/hanainajmal,58460189,2019-12,28,111,2,2019–2020
ranafahadhussain,https://github.com/ranafahadhussain,58506465,2019-12,8,105,2,2019–2020
umer-un,https://github.com/umer-un,58668040,2019-12,18,100,2,2019–2020
ghazala01,https://github.com/ghazala01,58656987,2019-12,25,96,2,2019–2020
Adil-Mukhtar,https://github.com/Adil-Mukhtar,59019368,2019-12,39,95,2,2019–2020
nouman-96,https://github.com/nouman-96,58702850,2019-12,24,93,2,2019–2020
talhahassan1998,https://github.com/talhahassan1998,58821732,2019-12,29,88,2,2019–2020
Haris-Muawiz-Khan,https://github.com/Haris-Muawiz-Khan,58481378,2019-12,17,88,2,2019–2020
dev-dur,https://github.com/dev-dur,59398146,2019-12,14,86,2,2019–2020
Dev-Ahtisham,https://github.com/Dev-Ahtisham,59169115,2019-12,17,85,2,2019–2020
imransultan188,https://github.com/imransultan188,58586720,2019-12,8,79,2,2019–2020
Usama248,https://github.com/Usama248,58426338,2019-12,9,77,2,2019–2020
akbaruddin678,https://github.com/akbaruddin678,59362205,2019-12,13,73,2,2019–2020
saadrehman11,https://github.com/saadrehman11,59386341,2019-12,6,73,2,2019–2020
sidracodes,https://github.com/sidracodes,59258714,2019-12,23,69,2,2019–2020
AsadKhan261,https://github.com/AsadKhan261,59355039,2019-12,84,63,2,2019–2020
umaismateen,https://github.com/umaismateen,58508079,2019-12,16,63,2,2019–2020
Faiza-Satti,https://github.com/Faiza-Satti,58391763,2019-12,18,62,2,2019–2020
saleembhatti463,https://github.com/saleembhatti463,59121629,2019-12,11,62,2,2019–2020
taimoor07,https://github.com/taimoor07,59328736,2019-12,16,61,2,2019–2020
RabbiaSajjad,https://github.com/RabbiaSajjad,58911684,2019-12,18,60,2,2019–2020
ShahidUmar44,https://github.com/ShahidUmar44,59116104,2019-12,11,59,2,2019–2020
rafiullahnikzad,https://github.com/rafiullahnikzad,58433250,2019-12,86,56,2,2019–2020
azeemhaider007,https://github.com/azeemhaider007,58459903,2019-12,12,51,2,2019–2020
DigitalEforce,https://github.com/DigitalEforce,58852411,2019-12,9,49,2,2019–2020
shahzeb44100,https://github.com/shahzeb44100,58387012,2019-12,15,46,2,2019–2020
farooqad0,https://github.com/farooqad0,58720788,2019-12,13,37,2,2019–2020
muhammadhafeeztanoli,https://github.com/muhammadhafeeztanoli,58856895,2019-12,8,37,2,2019–2020
ASHIR14,https://github.com/ASHIR14,58700119,2019-12,6,35,2,2019–2020
AyaanAhmedAmmar,https://github.com/AyaanAhmedAmmar,58619285,2019-12,9,33,2,2019–2020
Behroz-coder,https://github.com/Behroz-coder,58529347,2019-12,6,32,2,2019–2020
Ibrar1998,https://github.com/Ibrar1998,58860119,2019-12,6,31,2,2019–2020
asif7947-tech,https://github.com/asif7947-tech,58513056,2019-12,14,29,2,2019–2020
HamzaJavaid102,https://github.com/HamzaJavaid102,59045723,2019-12,8,23,2,2019–2020
Hassan-520,https://github.com/Hassan-520,59146823,2019-12,23,22,2,2019–2020
m-ahsanfarooq,https://github.com/m-ahsanfarooq,59233362,2019-12,8,22,2,2019–2020
khadim321,https://github.com/khadim321,58678452,2019-12,12,18,2,2019–2020
mashoodhimself,https://github.com/mashoodhimself,58729483,2019-12,6,18,2,2019–2020
sayedmushahid,https://github.com/sayedmushahid,58395641,2019-12,8,17,2,2019–2020
SaqibKhan6119,https://github.com/SaqibKhan6119,58804657,2019-12,9,14,2,2019–2020
MirKaram,https://github.com/MirKaram,58943040,2019-12,9,14,2,2019–2020
bitgrav,https://github.com/bitgrav,59250306,2019-12,7,12,2,2019–2020
Shafiqsani,https://github.com/Shafiqsani,60347926,2020-01,23,2609,2,2019–2020
zaeem9236,https://github.com/zaeem9236,60064010,2020-01,28,855,2,2019–2020
web-dev-junaid,https://github.com/web-dev-junaid,60464194,2020-01,6,548,2,2019–2020
imFaizanAhmed,https://github.com/imFaizanAhmed,59910001,2020-01,37,441,2,2019–2020
rehan22113,https://github.com/rehan22113,59451476,2020-01,50,431,2,2019–2020
green-mint,https://github.com/green-mint,59766744,2020-01,29,370,2,2019–2020
imohsinali,https://github.com/imohsinali,59974279,2020-01,55,325,2,2019–2020
zainbabur,https://github.com/zainbabur,60311791,2020-01,20,260,2,2019–2020
theHaziqali,https://github.com/theHaziqali,60395311,2020-01,50,232,2,2019–2020
israruddin293,https://github.com/israruddin293,60440350,2020-01,55,230,2,2019–2020
Saim-Safdar,https://github.com/Saim-Safdar,59512053,2020-01,22,218,2,2019–2020
QTanweer,https://github.com/QTanweer,59557173,2020-01,95,207,2,2019–2020
alisherabbasii,https://github.com/alisherabbasii,59642966,2020-01,14,201,2,2019–2020
RafiUllah1819,https://github.com/RafiUllah1819,60043030,2020-01,64,199,2,2019–2020
Zura1z,https://github.com/Zura1z,59668507,2020-01,28,199,2,2019–2020
ShaheerCH,https://github.com/ShaheerCH,59507815,2020-01,63,172,2,2019–2020
muhammadtayab257,https://github.com/muhammadtayab257,60255376,2020-01,21,170,2,2019–2020
ahtisham225,https://github.com/ahtisham225,60379951,2020-01,20,170,2,2019–2020
Abdullah296,https://github.com/Abdullah296,60434057,2020-01,12,165,2,2019–2020
MobeenAhmedRaza,https://github.com/MobeenAhmedRaza,60400036,2020-01,12,127,2,2019–2020
SyedAR-17,https://github.com/SyedAR-17,60439530,2020-01,30,125,2,2019–2020
AbubakarDEV,https://github.com/AbubakarDEV,59838278,2020-01,38,112,2,2019–2020
ramzihere,https://github.com/ramzihere,59450189,2020-01,44,106,2,2019–2020
shaharyar-sajid,https://github.com/shaharyar-sajid,60383726,2020-01,10,106,2,2019–2020
itzalihamza7,https://github.com/itzalihamza7,59498686,2020-01,19,78,2,2019–2020
rajasarmadishtiaq,https://github.com/rajasarmadishtiaq,60262105,2020-01,16,77,2,2019–2020
rehanahmad608,https://github.com/rehanahmad608,59577823,2020-01,29,76,2,2019–2020
GhayourAlvi,https://github.com/GhayourAlvi,60334604,2020-01,25,65,2,2019–2020
HADEED-143,https://github.com/HADEED-143,60264256,2020-01,56,63,2,2019–2020
MisbahNaeem,https://github.com/MisbahNaeem,59950655,2020-01,15,59,2,2019–2020
KarimullahOfficial,https://github.com/KarimullahOfficial,59876062,2020-01,71,52,2,2019–2020
haseebsahi,https://github.com/haseebsahi,60469770,2020-01,12,52,2,2019–2020
MuhammadIbrahim001,https://github.com/MuhammadIbrahim001,60216701,2020-01,26,51,2,2019–2020
MateenMasood,https://github.com/MateenMasood,60037165,2020-01,9,50,2,2019–2020
IrfanAzhar,https://github.com/IrfanAzhar,59495384,2020-01,28,46,2,2019–2020
osama28101998,https://github.com/osama28101998,59408898,2020-01,11,45,2,2019–2020
Ali-here,https://github.com/Ali-here,60252563,2020-01,8,45,2,2019–2020
Assad-Ullah-Khan,https://github.com/Assad-Ullah-Khan,59973877,2020-01,9,40,2,2019–2020
sherryrock,https://github.com/sherryrock,59776930,2020-01,24,33,2,2019–2020
sulaimanabid,https://github.com/sulaimanabid,60213943,2020-01,12,26,2,2019–2020
farooqsaeed,https://github.com/farooqsaeed,60470178,2020-01,6,26,2,2019–2020
wamiqii,https://github.com/wamiqii,59763712,2020-01,8,24,2,2019–2020
Ahmer-Safi,https://github.com/Ahmer-Safi,60101933,2020-01,6,20,2,2019–2020
Ateeqashiq,https://github.com/Ateeqashiq,59832786,2020-01,6,13,2,2019–2020
MuhammadRafeh,https://github.com/MuhammadRafeh,61616929,2020-02,71,1251,2,2019–2020
razatechofficial,https://github.com/razatechofficial,60880110,2020-02,31,1078,2,2019–2020
anisulislam10,https://github.com/anisulislam10,61471461,2020-02,78,928,2,2019–2020
MianAfzaalZahoor99,https://github.com/MianAfzaalZahoor99,61027154,2020-02,16,705,2,2019–2020
mismailswe,https://github.com/mismailswe,60970076,2020-02,65,701,2,2019–2020
codebyshoaib,https://github.com/codebyshoaib,60613463,2020-02,33,605,2,2019–2020
AHarry7,https://github.com/AHarry7,60717148,2020-02,19,560,2,2019–2020
Junaidhassan99,https://github.com/Junaidhassan99,61021884,2020-02,39,470,2,2019–2020
mateenNawaz86,https://github.com/mateenNawaz86,61470645,2020-02,85,421,2,2019–2020
jalal-haidar,https://github.com/jalal-haidar,61265857,2020-02,39,375,2,2019–2020
faridelya,https://github.com/faridelya,60794908,2020-02,47,353,2,2019–2020
Muneeb-hub411,https://github.com/Muneeb-hub411,61064693,2020-02,31,291,2,2019–2020
YahyaKhan007,https://github.com/YahyaKhan007,61555903,2020-02,29,266,2,2019–2020
Iqrarijaz,https://github.com/Iqrarijaz,61549744,2020-02,70,248,2,2019–2020
MasterHM-ml,https://github.com/MasterHM-ml,61484772,2020-02,29,234,2,2019–2020
MuhammadMesum514,https://github.com/MuhammadMesum514,60551340,2020-02,57,227,2,2019–2020
anawaz1220,https://github.com/anawaz1220,61241329,2020-02,42,223,2,2019–2020
Msherazkhan801,https://github.com/Msherazkhan801,60794756,2020-02,62,196,2,2019–2020
qaisarkhan123,https://github.com/qaisarkhan123,60770157,2020-02,14,186,2,2019–2020
SaadKhanJadoon,https://github.com/SaadKhanJadoon,61506756,2020-02,14,179,2,2019–2020
MediaSniffers,https://github.com/MediaSniffers,60784975,2020-02,10,170,2,2019–2020
Usama-Abbasi,https://github.com/Usama-Abbasi,60782977,2020-02,39,147,2,2019–2020
HussainNasirKhan,https://github.com/HussainNasirKhan,60567438,2020-02,29,147,2,2019–2020
talhahahae,https://github.com/talhahahae,61348658,2020-02,30,139,2,2019–2020
umair-alam,https://github.com/umair-alam,60671142,2020-02,40,135,2,2019–2020
m-stack-usama,https://github.com/m-stack-usama,61575899,2020-02,20,127,2,2019–2020
esfand999,https://github.com/esfand999,61494697,2020-02,15,127,2,2019–2020
stryker13799,https://github.com/stryker13799,60692635,2020-02,27,110,2,2019–2020
ShahzaibAyyub,https://github.com/ShahzaibAyyub,61596386,2020-02,9,109,2,2019–2020
shahhassan24,https://github.com/shahhassan24,61498968,2020-02,20,106,2,2019–2020
usta-cyber,https://github.com/usta-cyber,61576602,2020-02,38,105,2,2019–2020
WaqasMehmood496,https://github.com/WaqasMehmood496,60867778,2020-02,16,103,2,2019–2020
alimumtaz205,https://github.com/alimumtaz205,61554193,2020-02,28,101,2,2019–2020
AHussain58,https://github.com/AHussain58,61553471,2020-02,15,98,2,2019–2020
Ghulam-Abbas-65,https://github.com/Ghulam-Abbas-65,60686369,2020-02,16,96,2,2019–2020
Muhammadirees,https://github.com/Muhammadirees,61000610,2020-02,9,90,2,2019–2020
saadbintariq444,https://github.com/saadbintariq444,60772702,2020-02,10,82,2,2019–2020
MariamAli-33,https://github.com/MariamAli-33,60969540,2020-02,11,81,2,2019–2020
muhammad-zeeshan33,https://github.com/muhammad-zeeshan33,61107542,2020-02,26,80,2,2019–2020
hasnainali9,https://github.com/hasnainali9,61244281,2020-02,49,77,2,2019–2020
AminBangash,https://github.com/AminBangash,61275351,2020-02,13,76,2,2019–2020
Razi125,https://github.com/Razi125,61054005,2020-02,20,74,2,2019–2020
ridaayaz,https://github.com/ridaayaz,61305447,2020-02,42,63,2,2019–2020
ZeeshanAlamgir,https://github.com/ZeeshanAlamgir,60705213,2020-02,7,58,2,2019–2020
abdullah-qureshi,https://github.com/abdullah-qureshi,60815719,2020-02,11,54,2,2019–2020
Ali-Abbas-Qazi,https://github.com/Ali-Abbas-Qazi,61330000,2020-02,6,54,2,2019–2020
Ibni-Amin,https://github.com/Ibni-Amin,60685308,2020-02,15,53,2,2019–2020
Zainab732,https://github.com/Zainab732,60976155,2020-02,6,45,2,2019–2020
ashar-ashfaq,https://github.com/ashar-ashfaq,60824340,2020-02,14,43,2,2019–2020
taimoor788,https://github.com/taimoor788,61113036,2020-02,10,42,2,2019–2020
Zahid-Iqbal-Marth,https://github.com/Zahid-Iqbal-Marth,61237787,2020-02,19,39,2,2019–2020
manal-t07,https://github.com/manal-t07,61545771,2020-02,17,38,2,2019–2020
Hassan-Saud,https://github.com/Hassan-Saud,61053351,2020-02,12,38,2,2019–2020
raoumairwaheed,https://github.com/raoumairwaheed,61234793,2020-02,9,36,2,2019–2020
Adnanch902,https://github.com/Adnanch902,61038184,2020-02,8,36,2,2019–2020
chughtai77,https://github.com/chughtai77,60922177,2020-02,11,33,2,2019–2020
obaidafridi,https://github.com/obaidafridi,61491253,2020-02,9,33,2,2019–2020
AnAs-097,https://github.com/AnAs-097,61549507,2020-02,6,32,2,2019–2020
Hasnain55,https://github.com/Hasnain55,60659168,2020-02,6,31,2,2019–2020
ashfaqq144,https://github.com/ashfaqq144,60650695,2020-02,13,29,2,2019–2020
moazzambukhari,https://github.com/moazzambukhari,60848404,2020-02,10,28,2,2019–2020
umairm18,https://github.com/umairm18,61551020,2020-02,12,26,2,2019–2020
devaeon,https://github.com/devaeon,61016244,2020-02,10,26,2,2019–2020
Fahad309,https://github.com/Fahad309,60812191,2020-02,8,26,2,2019–2020
Shahid-Noor,https://github.com/Shahid-Noor,61580670,2020-02,7,18,2,2019–2020
khadijah99,https://github.com/khadijah99,61636156,2020-02,8,16,2,2019–2020
hassanTuri,https://github.com/hassanTuri,60821097,2020-02,7,15,2,2019–2020
sibteali786,https://github.com/sibteali786,62849614,2020-03,142,1336,2,2019–2020
acen20,https://github.com/acen20,62377713,2020-03,59,1121,2,2019–2020
RizwanMunawar,https://github.com/RizwanMunawar,62513924,2020-03,47,1090,2,2019–2020
Kashif-E,https://github.com/Kashif-E,61690178,2020-03,114,674,2,2019–2020
itxtalal,https://github.com/itxtalal,62650683,2020-03,31,618,2,2019–2020
BilalMaz,https://github.com/BilalMaz,62200321,2020-03,60,481,2,2019–2020
naveedalam-dev,https://github.com/naveedalam-dev,62477022,2020-03,25,412,2,2019–2020
MSaadMakhdoom,https://github.com/MSaadMakhdoom,62068377,2020-03,32,358,2,2019–2020
Arsalan40,https://github.com/Arsalan40,62552943,2020-03,26,358,2,2019–2020
Naveed-dev30,https://github.com/Naveed-dev30,62244749,2020-03,27,351,2,2019–2020
sabghat90,https://github.com/sabghat90,62231697,2020-03,29,338,2,2019–2020
mZeeDevv,https://github.com/mZeeDevv,62940100,2020-03,72,323,2,2019–2020
abdullah-aleem,https://github.com/abdullah-aleem,62750535,2020-03,25,321,2,2019–2020
usamadevops,https://github.com/usamadevops,62393328,2020-03,32,318,2,2019–2020
nabeel-dev1340,https://github.com/nabeel-dev1340,62639876,2020-03,63,284,2,2019–2020
hamzashabbir11,https://github.com/hamzashabbir11,62654154,2020-03,52,265,2,2019–2020
mustafakhattakk,https://github.com/mustafakhattakk,62476364,2020-03,17,259,2,2019–2020
Usman-Ghani123,https://github.com/Usman-Ghani123,62217906,2020-03,18,231,2,2019–2020
ZaraRaja,https://github.com/ZaraRaja,62542248,2020-03,7,226,2,2019–2020
daniyalzafarm,https://github.com/daniyalzafarm,62718277,2020-03,37,215,2,2019–2020
m-ali-awan,https://github.com/m-ali-awan,62832721,2020-03,32,193,2,2019–2020
obaidbangash,https://github.com/obaidbangash,62880848,2020-03,24,180,2,2019–2020
Fozan-Talat,https://github.com/Fozan-Talat,61787223,2020-03,27,178,2,2019–2020
MuhammadTouseef,https://github.com/MuhammadTouseef,61979271,2020-03,14,174,2,2019–2020
ijabiraziz,https://github.com/ijabiraziz,61976523,2020-03,29,171,2,2019–2020
Shahbaz-Shabbir,https://github.com/Shahbaz-Shabbir,62688891,2020-03,8,165,2,2019–2020
muzhar01,https://github.com/muzhar01,61931803,2020-03,68,163,2,2019–2020
AreejFatima,https://github.com/AreejFatima,62887754,2020-03,17,161,2,2019–2020
FAIZANA1ZHAR,https://github.com/FAIZANA1ZHAR,62832331,2020-03,14,157,2,2019–2020
M0inUddin,https://github.com/M0inUddin,61883188,2020-03,13,153,2,2019–2020
farhan-gis-dev,https://github.com/farhan-gis-dev,62738750,2020-03,24,150,3,2020–2020
umerfaruq,https://github.com/umerfaruq,62702197,2020-03,10,115,3,2020–2020
ashderkarim123,https://github.com/ashderkarim123,62917004,2020-03,16,107,3,2020–2020
AmeerHamza7865,https://github.com/AmeerHamza7865,62643630,2020-03,38,105,3,2020–2020
MuhaddisFarooq,https://github.com/MuhaddisFarooq,62769133,2020-03,21,105,3,2020–2020
Muzakkar66,https://github.com/Muzakkar66,62051833,2020-03,24,103,3,2020–2020
TahaAhmad4411,https://github.com/TahaAhmad4411,61800823,2020-03,29,89,3,2020–2020
VishalSainani,https://github.com/VishalSainani,61805696,2020-03,11,89,3,2020–2020
mla303,https://github.com/mla303,62279968,2020-03,32,86,3,2020–2020
Wasiq-Qamar,https://github.com/Wasiq-Qamar,62380692,2020-03,31,86,3,2020–2020
Nofilbashir,https://github.com/Nofilbashir,62673642,2020-03,31,86,3,2020–2020
ahmad0303,https://github.com/ahmad0303,62662849,2020-03,14,82,3,2020–2020
itskashif11,https://github.com/itskashif11,62672202,2020-03,14,81,3,2020–2020
nabeel1o1,https://github.com/nabeel1o1,61785712,2020-03,14,79,3,2020–2020
hamzaqazi,https://github.com/hamzaqazi,62300580,2020-03,11,78,3,2020–2020
rameez523,https://github.com/rameez523,61797840,2020-03,91,76,3,2020–2020
haider460,https://github.com/haider460,62543325,2020-03,32,72,3,2020–2020
Mubicool,https://github.com/Mubicool,62619170,2020-03,8,68,3,2020–2020
sheheryarkhan501,https://github.com/sheheryarkhan501,62245828,2020-03,14,63,3,2020–2020
mbjaved005,https://github.com/mbjaved005,61868309,2020-03,22,58,3,2020–2020
Bilal-Ahmad-design,https://github.com/Bilal-Ahmad-design,62302719,2020-03,37,57,3,2020–2020
saadi-tech,https://github.com/saadi-tech,62258090,2020-03,40,53,3,2020–2020
imran9945,https://github.com/imran9945,62025696,2020-03,8,53,3,2020–2020
thewebguy27,https://github.com/thewebguy27,62599763,2020-03,16,52,3,2020–2020
mubashariftikhar,https://github.com/mubashariftikhar,62559139,2020-03,17,50,3,2020–2020
Jawad-Rafiq,https://github.com/Jawad-Rafiq,61821831,2020-03,10,46,3,2020–2020
Talha0077,https://github.com/Talha0077,62260739,2020-03,8,44,3,2020–2020
waqasBellmedex,https://github.com/waqasBellmedex,62293651,2020-03,6,44,3,2020–2020
hamza7171,https://github.com/hamza7171,62871382,2020-03,10,41,3,2020–2020
nomanahmad7866,https://github.com/nomanahmad7866,62056774,2020-03,10,41,3,2020–2020
ehsan123551,https://github.com/ehsan123551,62661981,2020-03,15,37,3,2020–2020
iamadilmughal,https://github.com/iamadilmughal,62641096,2020-03,8,34,3,2020–2020
noumansarwarr,https://github.com/noumansarwarr,61746203,2020-03,11,33,3,2020–2020
junaid340,https://github.com/junaid340,62337545,2020-03,14,31,3,2020–2020
DanishSaleem690,https://github.com/DanishSaleem690,62215219,2020-03,18,27,3,2020–2020
fusiontalha,https://github.com/fusiontalha,62898044,2020-03,8,24,3,2020–2020
Hassan709,https://github.com/Hassan709,62419686,2020-03,7,20,3,2020–2020
Jndkhan,https://github.com/Jndkhan,62322967,2020-03,7,20,3,2020–2020
themohammadshah,https://github.com/themohammadshah,61647634,2020-03,19,19,3,2020–2020
UmarZada,https://github.com/UmarZada,62004320,2020-03,8,19,3,2020–2020
Shafaat25,https://github.com/Shafaat25,62105079,2020-03,7,19,3,2020–2020
Tech-nawaf111,https://github.com/Tech-nawaf111,62566212,2020-03,14,18,3,2020–2020
AqibCybery,https://github.com/AqibCybery,62009014,2020-03,10,16,3,2020–2020
AmirRaja1998,https://github.com/AmirRaja1998,62070337,2020-03,14,15,3,2020–2020
Faiz-ul-islam-536,https://github.com/Faiz-ul-islam-536,62351533,2020-03,7,15,3,2020–2020
arwa-aamir,https://github.com/arwa-aamir,61882949,2020-03,6,14,3,2020–2020
mubashar-chand,https://github.com/mubashar-chand,61981581,2020-03,6,12,3,2020–2020
kfaysal44,https://github.com/kfaysal44,62873191,2020-03,7,11,3,2020–2020
adnanyar,https://github.com/adnanyar,63940319,2020-04,10,2334,3,2020–2020
Salehah-Arjumand,https://github.com/Salehah-Arjumand,63008269,2020-04,10,2274,3,2020–2020
ShahSomething,https://github.com/ShahSomething,63047096,2020-04,18,1171,3,2020–2020
MohammadHarisZia,https://github.com/MohammadHarisZia,63912301,2020-04,33,1057,3,2020–2020
rajadaud12,https://github.com/rajadaud12,64163448,2020-04,35,854,3,2020–2020
hariszubair,https://github.com/hariszubair,63497739,2020-04,16,772,3,2020–2020
azazmuzaffar,https://github.com/azazmuzaffar,64412852,2020-04,57,740,3,2020–2020
sharjeelfaiq,https://github.com/sharjeelfaiq,63894149,2020-04,58,700,3,2020–2020
dll-ncai,https://github.com/dll-ncai,64573724,2020-04,26,615,3,2020–2020
faisal-saddique,https://github.com/faisal-saddique,63641033,2020-04,82,564,3,2020–2020
AhsanNawaz786,https://github.com/AhsanNawaz786,63464600,2020-04,34,560,3,2020–2020
DappsLab,https://github.com/DappsLab,64035262,2020-04,6,513,3,2020–2020
ObjectPlayer,https://github.com/ObjectPlayer,64414441,2020-04,23,503,3,2020–2020
AyeshaAreej,https://github.com/AyeshaAreej,64520468,2020-04,40,501,3,2020–2020
embraceitmobile,https://github.com/embraceitmobile,63673858,2020-04,9,453,3,2020–2020
hamzaqureshi5,https://github.com/hamzaqureshi5,63870077,2020-04,77,444,3,2020–2020
zs-co,https://github.com/zs-co,63389219,2020-04,21,369,3,2020–2020
Sajood415,https://github.com/Sajood415,62991779,2020-04,44,351,3,2020–2020
okHadi,https://github.com/okHadi,64269712,2020-04,58,342,3,2020–2020
UmarAli-github,https://github.com/UmarAli-github,63403878,2020-04,27,321,3,2020–2020
Shahryartariq,https://github.com/Shahryartariq,64316029,2020-04,59,290,3,2020–2020
alihussnainrb,https://github.com/alihussnainrb,63038525,2020-04,21,276,3,2020–2020
Ahmad-Wali-i170106,https://github.com/Ahmad-Wali-i170106,63016739,2020-04,6,241,3,2020–2020
mjunaidjbr,https://github.com/mjunaidjbr,63024982,2020-04,28,236,3,2020–2020
saadjavaid67,https://github.com/saadjavaid67,63445891,2020-04,55,231,3,2020–2020
Hamzazaheer1,https://github.com/Hamzazaheer1,64495232,2020-04,49,222,3,2020–2020
qasimr17,https://github.com/qasimr17,63463047,2020-04,16,196,3,2020–2020
NumanKhan0103,https://github.com/NumanKhan0103,63138189,2020-04,48,186,3,2020–2020
engrhafiztahir,https://github.com/engrhafiztahir,64403618,2020-04,41,179,3,2020–2020
ammad-ahmed1,https://github.com/ammad-ahmed1,63580683,2020-04,20,170,3,2020–2020
bilalanees98,https://github.com/bilalanees98,62988673,2020-04,24,167,3,2020–2020
Arxlan40,https://github.com/Arxlan40,64530489,2020-04,58,165,3,2020–2020
ibilawalkhan,https://github.com/ibilawalkhan,63578253,2020-04,42,157,3,2020–2020
umar834,https://github.com/umar834,63906422,2020-04,11,149,3,2020–2020
m-ayyaz,https://github.com/m-ayyaz,64310073,2020-04,37,143,3,2020–2020
mueed98,https://github.com/mueed98,62989197,2020-04,6,141,3,2020–2020
UmairNadeem1,https://github.com/UmairNadeem1,63503711,2020-04,7,137,3,2020–2020
GoNiazi,https://github.com/GoNiazi,64166117,2020-04,28,124,3,2020–2020
owais8,https://github.com/owais8,64152993,2020-04,22,123,3,2020–2020
Razi202,https://github.com/Razi202,63966775,2020-04,20,121,3,2020–2020
hmnk-1967,https://github.com/hmnk-1967,63263032,2020-04,13,119,3,2020–2020
hamza276,https://github.com/hamza276,63538732,2020-04,16,108,3,2020–2020
abubakr9726,https://github.com/abubakr9726,63748034,2020-04,41,103,3,2020–2020
SarmadRehan,https://github.com/SarmadRehan,63420091,2020-04,25,102,3,2020–2020
fatimafatimaprogrammer,https://github.com/fatimafatimaprogrammer,63642648,2020-04,47,100,3,2020–2020
ahsansarwani,https://github.com/ahsansarwani,63777589,2020-04,22,99,3,2020–2020
SohailWarraich,https://github.com/SohailWarraich,63116532,2020-04,33,95,3,2020–2020
zuhaasaqlain,https://github.com/zuhaasaqlain,64075644,2020-04,18,95,3,2020–2020
zain335,https://github.com/zain335,63092772,2020-04,32,93,3,2020–2020
anoniz,https://github.com/anoniz,64147582,2020-04,29,91,3,2020–2020
fahadrehman0786,https://github.com/fahadrehman0786,64595744,2020-04,16,87,3,2020–2020
khalidkhushal,https://github.com/khalidkhushal,64215573,2020-04,20,86,3,2020–2020
asifj96,https://github.com/asifj96,63718693,2020-04,21,83,3,2020–2020
csnabiahmad,https://github.com/csnabiahmad,64163544,2020-04,37,80,3,2020–2020
Muhammad-Adil005,https://github.com/Muhammad-Adil005,64356402,2020-04,92,79,3,2020–2020
murtazazarkhwan,https://github.com/murtazazarkhwan,63797576,2020-04,12,77,3,2020–2020
hassan21zaheer,https://github.com/hassan21zaheer,64303038,2020-04,14,76,3,2020–2020
EngSadanAli,https://github.com/EngSadanAli,64187385,2020-04,19,74,3,2020–2020
Atifullah,https://github.com/Atifullah,63223196,2020-04,18,70,3,2020–2020
ghulammustafa312,https://github.com/ghulammustafa312,64244655,2020-04,26,65,3,2020–2020
malausman,https://github.com/malausman,63258092,2020-04,55,63,3,2020–2020
irfansaeedkhan,https://github.com/irfansaeedkhan,63350870,2020-04,23,59,3,2020–2020
QaziHusnain,https://github.com/QaziHusnain,63632101,2020-04,18,57,3,2020–2020
mushhoodafsar949,https://github.com/mushhoodafsar949,64044494,2020-04,38,55,3,2020–2020
daudsaeed,https://github.com/daudsaeed,63521425,2020-04,13,55,3,2020–2020
shahidnaqash,https://github.com/shahidnaqash,64088913,2020-04,18,52,3,2020–2020
eishaarif19,https://github.com/eishaarif19,63068028,2020-04,10,50,3,2020–2020
Furqankhan783,https://github.com/Furqankhan783,63038856,2020-04,9,47,3,2020–2020
abdulsamigithub,https://github.com/abdulsamigithub,63019962,2020-04,8,47,3,2020–2020
husnain471,https://github.com/husnain471,64455728,2020-04,19,46,3,2020–2020
zillay-abbas,https://github.com/zillay-abbas,64405621,2020-04,18,42,3,2020–2020
usamafareed15,https://github.com/usamafareed15,64352545,2020-04,7,41,3,2020–2020
abdulrazzaq789,https://github.com/abdulrazzaq789,63722107,2020-04,20,31,3,2020–2020
HassanAliKiyani,https://github.com/HassanAliKiyani,63011878,2020-04,8,31,3,2020–2020
siftikharm,https://github.com/siftikharm,63557109,2020-04,9,28,3,2020–2020
niazikashif,https://github.com/niazikashif,64600285,2020-04,6,23,3,2020–2020
Shaleem-Yuab-Bhatti,https://github.com/Shaleem-Yuab-Bhatti,63018225,2020-04,7,22,3,2020–2020
mtariqbeg,https://github.com/mtariqbeg,63951378,2020-04,26,21,3,2020–2020
i-imama,https://github.com/i-imama,63163222,2020-04,7,21,3,2020–2020
HaseebKhan2805,https://github.com/HaseebKhan2805,64474177,2020-04,7,20,3,2020–2020
m-ammarkhan,https://github.com/m-ammarkhan,64359720,2020-04,6,18,3,2020–2020
awaisdotcodes,https://github.com/awaisdotcodes,64072435,2020-04,7,16,3,2020–2020
MehwishBilal,https://github.com/MehwishBilal,63463714,2020-04,8,15,3,2020–2020
safeerkhan,https://github.com/safeerkhan,63866488,2020-04,8,13,3,2020–2020
umairparacha00,https://github.com/umairparacha00,64344369,2020-04,14,11,3,2020–2020
afeefahmed0,https://github.com/afeefahmed0,63188281,2020-04,9,11,3,2020–2020
Ahmer-rehman,https://github.com/Ahmer-rehman,65379124,2020-05,79,124717,3,2020–2020
al3sha9,https://github.com/al3sha9,65455151,2020-05,56,1641,3,2020–2020
Zaibi727,https://github.com/Zaibi727,66225603,2020-05,26,860,3,2020–2020
AsnanAshfaq,https://github.com/AsnanAshfaq,65377376,2020-05,27,561,3,2020–2020
Rehmankk360,https://github.com/Rehmankk360,66064740,2020-05,14,370,3,2020–2020
codingwithmahmo,https://github.com/codingwithmahmo,64692873,2020-05,37,337,3,2020–2020
AsmaJalal,https://github.com/AsmaJalal,64752597,2020-05,51,333,3,2020–2020
hamzaasiddiqui,https://github.com/hamzaasiddiqui,66068932,2020-05,26,302,3,2020–2020
mudassirmehdi,https://github.com/mudassirmehdi,64723522,2020-05,49,266,3,2020–2020
harisnaseer3,https://github.com/harisnaseer3,64842790,2020-05,27,263,3,2020–2020
musman97,https://github.com/musman97,65691536,2020-05,15,261,3,2020–2020
imFaizanArif,https://github.com/imFaizanArif,65083993,2020-05,42,254,3,2020–2020
huzaifashuaib,https://github.com/huzaifashuaib,65033278,2020-05,29,216,3,2020–2020
SpunkySam-cyber,https://github.com/SpunkySam-cyber,64749377,2020-05,12,209,3,2020–2020
tehsin118,https://github.com/tehsin118,65319947,2020-05,38,208,3,2020–2020
itsubaidrehman,https://github.com/itsubaidrehman,65415407,2020-05,19,196,3,2020–2020
Ghulam-Jaffar,https://github.com/Ghulam-Jaffar,65337666,2020-05,14,183,3,2020–2020
adisher,https://github.com/adisher,65946443,2020-05,50,176,3,2020–2020
saifylis21,https://github.com/saifylis21,64803110,2020-05,16,164,3,2020–2020
barchakuz,https://github.com/barchakuz,66128370,2020-05,44,163,3,2020–2020
iusmansultan,https://github.com/iusmansultan,64987534,2020-05,26,163,3,2020–2020
sherazahmad720,https://github.com/sherazahmad720,65251002,2020-05,75,158,3,2020–2020
ali-haidir,https://github.com/ali-haidir,65200250,2020-05,58,136,3,2020–2020
Majidshah83,https://github.com/Majidshah83,65112738,2020-05,90,133,3,2020–2020
Ahtisham101,https://github.com/Ahtisham101,64955681,2020-05,23,124,3,2020–2020
SananKarim,https://github.com/SananKarim,65340880,2020-05,26,123,3,2020–2020
Umair113,https://github.com/Umair113,66026535,2020-05,107,119,3,2020–2020
Shahzaib-Khakwani,https://github.com/Shahzaib-Khakwani,65272861,2020-05,37,111,3,2020–2020
osamaa-mustafa,https://github.com/osamaa-mustafa,65190285,2020-05,35,109,3,2020–2020
Techylem,https://github.com/Techylem,64931342,2020-05,14,107,3,2020–2020
Saaad-tariq,https://github.com/Saaad-tariq,65291188,2020-05,17,104,3,2020–2020
Waseem-javed,https://github.com/Waseem-javed,65248360,2020-05,33,99,3,2020–2020
HamzaNKhan,https://github.com/HamzaNKhan,65402104,2020-05,22,92,3,2020–2020
shaeelkhan,https://github.com/shaeelkhan,65287248,2020-05,19,87,3,2020–2020
IHSyed,https://github.com/IHSyed,65956129,2020-05,42,81,3,2020–2020
ihashir,https://github.com/ihashir,66198525,2020-05,14,75,3,2020–2020
HassanTarar1,https://github.com/HassanTarar1,65600265,2020-05,34,74,3,2020–2020
rehanraza24,https://github.com/rehanraza24,65470577,2020-05,16,71,3,2020–2020
ask-05,https://github.com/ask-05,65645141,2020-05,12,71,3,2020–2020
web-desire-creator,https://github.com/web-desire-creator,65639242,2020-05,20,68,3,2020–2020
BinaryBreaker,https://github.com/BinaryBreaker,65334488,2020-05,16,67,3,2020–2020
rajarizwanisb,https://github.com/rajarizwanisb,66180421,2020-05,13,55,3,2020–2020
iqbal1526,https://github.com/iqbal1526,65424011,2020-05,10,55,3,2020–2020
HushaamShah,https://github.com/HushaamShah,65424202,2020-05,8,55,3,2020–2020
JayOfficial1995,https://github.com/JayOfficial1995,65587418,2020-05,10,53,3,2020–2020
engrarshad,https://github.com/engrarshad,64959404,2020-05,13,51,3,2020–2020
arslan-siddiqi,https://github.com/arslan-siddiqi,64885630,2020-05,20,48,3,2020–2020
HuzaifaMustafa311,https://github.com/HuzaifaMustafa311,65065790,2020-05,15,44,3,2020–2020
sana123-116,https://github.com/sana123-116,65069262,2020-05,8,43,3,2020–2020
Nimra01,https://github.com/Nimra01,64671243,2020-05,7,41,3,2020–2020
muhammadzafar9,https://github.com/muhammadzafar9,64942074,2020-05,26,39,3,2020–2020
Zareena-Tanveer,https://github.com/Zareena-Tanveer,65158724,2020-05,14,38,3,2020–2020
afsahk95,https://github.com/afsahk95,65594639,2020-05,20,34,3,2020–2020
MWA1990,https://github.com/MWA1990,66010967,2020-05,12,32,3,2020–2020
Ramsha12-star,https://github.com/Ramsha12-star,64643099,2020-05,11,31,3,2020–2020
masif040,https://github.com/masif040,65112601,2020-05,15,29,3,2020–2020
KhurramRukhsar,https://github.com/KhurramRukhsar,65957760,2020-05,7,28,3,2020–2020
realusmanhaider,https://github.com/realusmanhaider,66202873,2020-05,15,25,3,2020–2020
adnankhan130,https://github.com/adnankhan130,66203054,2020-05,13,25,3,2020–2020
huzaifa-awan,https://github.com/huzaifa-awan,64867041,2020-05,15,20,3,2020–2020
Abdullah-zia,https://github.com/Abdullah-zia,65305836,2020-05,10,20,3,2020–2020
Yasir-Ameer,https://github.com/Yasir-Ameer,65121830,2020-05,8,20,3,2020–2020
Hassan-Javid,https://github.com/Hassan-Javid,64677466,2020-05,13,18,3,2020–2020
DartNetDev,https://github.com/DartNetDev,66555415,2020-06,9,19754,3,2020–2020
hammadmajid,https://github.com/hammadmajid,67387019,2020-06,50,2635,3,2020–2020
DARK-PROGRAMMER-I,https://github.com/DARK-PROGRAMMER-I,66914190,2020-06,87,1877,3,2020–2020
syedirtazahasnain,https://github.com/syedirtazahasnain,67270677,2020-06,29,1113,3,2020–2020
ahmed-al-balochi,https://github.com/ahmed-al-balochi,67327078,2020-06,35,960,3,2020–2020
Saqibnawazkhan,https://github.com/Saqibnawazkhan,67519982,2020-06,24,852,3,2020–2020
FarhanSyedain,https://github.com/FarhanSyedain,67180311,2020-06,37,812,3,2020–2020
Irtaza2009,https://github.com/Irtaza2009,66386453,2020-06,88,660,3,2020–2020
hashir-ayaz,https://github.com/hashir-ayaz,66845750,2020-06,35,542,3,2020–2020
NoumanAmir657,https://github.com/NoumanAmir657,66777536,2020-06,37,499,3,2020–2020
AdeelCyber,https://github.com/AdeelCyber,67343485,2020-06,12,414,3,2020–2020
HaiderNafees,https://github.com/HaiderNafees,67618579,2020-06,19,399,3,2020–2020
aliijaz133,https://github.com/aliijaz133,67383788,2020-06,23,385,3,2020–2020
MeesamBukhari,https://github.com/MeesamBukhari,66874719,2020-06,58,377,3,2020–2020
anwarzahid8284,https://github.com/anwarzahid8284,66475556,2020-06,45,372,3,2020–2020
asadrizvi64,https://github.com/asadrizvi64,66688901,2020-06,41,361,3,2020–2020
arslanahmed777,https://github.com/arslanahmed777,67457531,2020-06,19,308,3,2020–2020
salehsami,https://github.com/salehsami,67518300,2020-06,35,298,3,2020–2020
syedanwarafridi,https://github.com/syedanwarafridi,66356493,2020-06,41,274,3,2020–2020
msafwankarim,https://github.com/msafwankarim,66724151,2020-06,35,274,3,2020–2020
Zhaider113,https://github.com/Zhaider113,66585441,2020-06,16,248,3,2020–2020
alinaveed484,https://github.com/alinaveed484,66938853,2020-06,11,235,3,2020–2020
waheedullahkhan001,https://github.com/waheedullahkhan001,66980440,2020-06,25,230,3,2020–2020
zaeem4,https://github.com/zaeem4,66561202,2020-06,23,201,3,2020–2020
sayedhurhussain,https://github.com/sayedhurhussain,67501891,2020-06,41,199,3,2020–2020
aqibrehmaan,https://github.com/aqibrehmaan,66665188,2020-06,81,170,3,2020–2020
hammadamjad,https://github.com/hammadamjad,66585812,2020-06,27,165,3,2020–2020
sammigul,https://github.com/sammigul,67003004,2020-06,16,153,3,2020–2020
sulman147,https://github.com/sulman147,66803789,2020-06,31,152,3,2020–2020
nadirhussain1916,https://github.com/nadirhussain1916,67425382,2020-06,32,136,3,2020–2020
Malikzee24,https://github.com/Malikzee24,66636733,2020-06,9,128,3,2020–2020
umaraslam-cs,https://github.com/umaraslam-cs,67522483,2020-06,18,127,3,2020–2020
Sherryyy00,https://github.com/Sherryyy00,66489218,2020-06,19,110,3,2020–2020
zahoorahmad60,https://github.com/zahoorahmad60,66243668,2020-06,39,108,3,2020–2020
iamwaleedrajput,https://github.com/iamwaleedrajput,67183689,2020-06,15,106,3,2020–2020
alishanaqvi,https://github.com/alishanaqvi,67243949,2020-06,7,105,3,2020–2020
arfakl99,https://github.com/arfakl99,66298095,2020-06,44,102,3,2020–2020
awaismughal2020,https://github.com/awaismughal2020,67169079,2020-06,25,93,3,2020–2020
Sabhi-org,https://github.com/Sabhi-org,67019866,2020-06,8,91,3,2020–2020
muhammadanis418,https://github.com/muhammadanis418,67187621,2020-06,21,90,3,2020–2020
Adiii12,https://github.com/Adiii12,67166105,2020-06,40,85,3,2020–2020
adeelkhan-ak,https://github.com/adeelkhan-ak,67287458,2020-06,14,75,3,2020–2020
QaziAbsaar,https://github.com/QaziAbsaar,67353668,2020-06,21,71,3,2020–2020
ahmadsuhail1,https://github.com/ahmadsuhail1,66923918,2020-06,18,68,3,2020–2020
faaizmehmood,https://github.com/faaizmehmood,67537122,2020-06,14,60,3,2020–2020
shariqkhan010,https://github.com/shariqkhan010,66434940,2020-06,9,58,3,2020–2020
taimoor-aslam,https://github.com/taimoor-aslam,67451138,2020-06,43,49,3,2020–2020
BabluGang,https://github.com/BabluGang,67605942,2020-06,18,48,3,2020–2020
al1usman,https://github.com/al1usman,67252605,2020-06,8,48,3,2020–2020
abdgul99,https://github.com/abdgul99,67420869,2020-06,11,37,3,2020–2020
abdul-basit-dev,https://github.com/abdul-basit-dev,66875620,2020-06,9,36,3,2020–2020
esha123456,https://github.com/esha123456,66299568,2020-06,12,30,3,2020–2020
alirizvi512,https://github.com/alirizvi512,66640805,2020-06,12,28,3,2020–2020
Masood-data,https://github.com/Masood-data,66983576,2020-06,11,25,3,2020–2020
yasiriqbal00777,https://github.com/yasiriqbal00777,66868785,2020-06,7,23,3,2020–2020
ali-khan-ak,https://github.com/ali-khan-ak,67502148,2020-06,10,22,3,2020–2020
NisarMehmood,https://github.com/NisarMehmood,66417651,2020-06,11,18,3,2020–2020
anjumaaz,https://github.com/anjumaaz,66519035,2020-06,7,17,3,2020–2020
abdulqayyum935,https://github.com/abdulqayyum935,66352966,2020-06,6,15,3,2020–2020
Inayat567,https://github.com/Inayat567,68858234,2020-07,33,3256,3,2020–2020
Muhammad-Abdullah012,https://github.com/Muhammad-Abdullah012,68374783,2020-07,58,1066,3,2020–2020
syedalimohsinbukhari,https://github.com/syedalimohsinbukhari,68902636,2020-07,20,1039,3,2020–2020
abdurrehman0206,https://github.com/abdurrehman0206,68471828,2020-07,35,977,3,2020–2020
M-HamidMehmood,https://github.com/M-HamidMehmood,68191124,2020-07,59,658,3,2020–2020
aleemaheer,https://github.com/aleemaheer,67758926,2020-07,45,594,3,2020–2020
somieee20,https://github.com/somieee20,68624644,2020-07,9,549,3,2020–2020
faisalnazik,https://github.com/faisalnazik,68164877,2020-07,41,430,3,2020–2020
Anas-hameed,https://github.com/Anas-hameed,68567262,2020-07,46,350,3,2020–2020
hamayunpro,https://github.com/hamayunpro,68311576,2020-07,68,313,3,2020–2020
AhmadPiracha,https://github.com/AhmadPiracha,68545486,2020-07,71,292,3,2020–2020
MasterChief220,https://github.com/MasterChief220,68097560,2020-07,18,287,3,2020–2020
janali-17,https://github.com/janali-17,68240754,2020-07,24,261,3,2020–2020
tuba-theProgrammer,https://github.com/tuba-theProgrammer,68794712,2020-07,46,236,3,2020–2020
malikarslan-94,https://github.com/malikarslan-94,68267465,2020-07,7,224,3,2020–2020
ch-Arham,https://github.com/ch-Arham,68909415,2020-07,28,210,3,2020–2020
iplexdev,https://github.com/iplexdev,68058912,2020-07,8,192,3,2020–2020
Ishtiaq-Ahmad,https://github.com/Ishtiaq-Ahmad,67997286,2020-07,18,174,3,2020–2020
SohaibIkram,https://github.com/SohaibIkram,68541097,2020-07,22,164,3,2020–2020
taqihrizvi,https://github.com/taqihrizvi,67759382,2020-07,25,163,3,2020–2020
MahnoorShafique,https://github.com/MahnoorShafique,68817446,2020-07,55,156,3,2020–2020
affan4321,https://github.com/affan4321,68880293,2020-07,20,152,3,2020–2020
0xahmedk,https://github.com/0xahmedk,67836734,2020-07,74,133,3,2020–2020
asim1048,https://github.com/asim1048,68283718,2020-07,60,129,3,2020–2020
1MuhammadYahya,https://github.com/1MuhammadYahya,67867162,2020-07,15,129,3,2020–2020
arshadshah440,https://github.com/arshadshah440,69052359,2020-07,38,127,3,2020–2020
hassan-2050,https://github.com/hassan-2050,67821153,2020-07,51,125,3,2020–2020
aliahsan786,https://github.com/aliahsan786,68770090,2020-07,8,122,3,2020–2020
rizwan-habib,https://github.com/rizwan-habib,67859483,2020-07,28,120,3,2020–2020
sami-23,https://github.com/sami-23,67806397,2020-07,100,117,3,2020–2020
DanishIsmail,https://github.com/DanishIsmail,68351734,2020-07,28,111,3,2020–2020
Ijaz-Sharif,https://github.com/Ijaz-Sharif,68175031,2020-07,23,109,3,2020–2020
muhammadabdullah-nm,https://github.com/muhammadabdullah-nm,68050132,2020-07,13,101,3,2020–2020
AsimRauf1997,https://github.com/AsimRauf1997,68739245,2020-07,31,99,3,2020–2020
alihaxan020,https://github.com/alihaxan020,68233556,2020-07,45,96,3,2020–2020
osamaasgharsulfi,https://github.com/osamaasgharsulfi,68516113,2020-07,17,96,3,2020–2020
abdulseeb,https://github.com/abdulseeb,67689373,2020-07,10,96,3,2020–2020
abdullahsowebit,https://github.com/abdullahsowebit,68822992,2020-07,7,96,3,2020–2020
waisiunas,https://github.com/waisiunas,68760826,2020-07,81,95,3,2020–2020
abdulaleem2000,https://github.com/abdulaleem2000,67838412,2020-07,28,91,3,2020–2020
HackerGens,https://github.com/HackerGens,68008491,2020-07,27,84,3,2020–2020
azharzaman1,https://github.com/azharzaman1,68331974,2020-07,17,76,3,2020–2020
mehran-abbas,https://github.com/mehran-abbas,68163130,2020-07,14,75,3,2020–2020
waleed318,https://github.com/waleed318,68495234,2020-07,18,69,3,2020–2020
Shoaib578,https://github.com/Shoaib578,68475933,2020-07,88,67,3,2020–2020
TalhaFaruq,https://github.com/TalhaFaruq,68381953,2020-07,19,67,3,2020–2020
Qaiser007khan,https://github.com/Qaiser007khan,68684016,2020-07,11,66,3,2020–2020
Tallhha,https://github.com/Tallhha,67735135,2020-07,15,65,3,2020–2020
Rehan1100,https://github.com/Rehan1100,67854755,2020-07,17,60,3,2020–2020
MujeebDawar,https://github.com/MujeebDawar,68501050,2020-07,9,58,3,2020–2020
taimoor-ahmed-1,https://github.com/taimoor-ahmed-1,68893403,2020-07,14,57,3,2020–2020
Eng-asadali,https://github.com/Eng-asadali,68477642,2020-07,10,54,3,2020–2020
Hassanahmed1166,https://github.com/Hassanahmed1166,68745942,2020-07,17,53,3,2020–2020
BilalAhmed-1998,https://github.com/BilalAhmed-1998,69021317,2020-07,11,51,3,2020–2020
sufianahmed22,https://github.com/sufianahmed22,68110677,2020-07,15,45,3,2020–2020
csraoawais,https://github.com/csraoawais,68413590,2020-07,18,44,3,2020–2020
HamzaGo5911,https://github.com/HamzaGo5911,68488116,2020-07,12,43,3,2020–2020
Bismakhalid798,https://github.com/Bismakhalid798,68824168,2020-07,6,43,3,2020–2020
AliUrden,https://github.com/AliUrden,68740486,2020-07,6,43,3,2020–2020
Shahbaz334,https://github.com/Shahbaz334,68393927,2020-07,13,41,3,2020–2020
faheem-mfm98,https://github.com/faheem-mfm98,68057046,2020-07,6,41,3,2020–2020
Alimalik00,https://github.com/Alimalik00,67963608,2020-07,14,38,3,2020–2020
Nathanexe-code,https://github.com/Nathanexe-code,68293831,2020-07,9,37,3,2020–2020
usamajabbasi,https://github.com/usamajabbasi,68193522,2020-07,7,36,3,2020–2020
MFaheem-tech,https://github.com/MFaheem-tech,68693831,2020-07,7,34,3,2020–2020
shahzad800422,https://github.com/shahzad800422,68351016,2020-07,7,30,3,2020–2020
khurram-iqbal-tech,https://github.com/khurram-iqbal-tech,67738524,2020-07,71,29,3,2020–2020
samikhan22,https://github.com/samikhan22,68528726,2020-07,6,24,3,2020–2020
Shah-Saud,https://github.com/Shah-Saud,68009941,2020-07,12,21,3,2020–2020
Mujahid1737,https://github.com/Mujahid1737,68468077,2020-07,8,18,3,2020–2020
ceoAppsknight,https://github.com/ceoAppsknight,67960146,2020-07,8,15,3,2020–2020
adnan-zafar,https://github.com/adnan-zafar,68530225,2020-07,7,15,3,2020–2020
usiddiquee786,https://github.com/usiddiquee786,68920240,2020-07,6,15,3,2020–2020
MalikHamzaJaved,https://github.com/MalikHamzaJaved,67899835,2020-07,10,14,3,2020–2020
NabeehaAliii,https://github.com/NabeehaAliii,69257476,2020-08,40,3312,3,2020–2020
adnahmed,https://github.com/adnahmed,70430987,2020-08,100,1802,3,2020–2020
Irfan-ali-official,https://github.com/Irfan-ali-official,69167174,2020-08,47,1105,3,2020–2020
Spectrewolf8,https://github.com/Spectrewolf8,69973760,2020-08,30,944,3,2020–2020
faisal-fida,https://github.com/faisal-fida,69955157,2020-08,138,927,3,2020–2020
programming-paradox,https://github.com/programming-paradox,69435725,2020-08,34,836,3,2020–2020
mehmoodharis74,https://github.com/mehmoodharis74,70471936,2020-08,28,816,3,2020–2020
muhammad-junaid1,https://github.com/muhammad-junaid1,69962771,2020-08,51,590,3,2020–2020
aliabbasnagari,https://github.com/aliabbasnagari,70366131,2020-08,37,484,3,2020–2020
Shaharyar07,https://github.com/Shaharyar07,70062821,2020-08,47,454,3,2020–2020
anwarattiq,https://github.com/anwarattiq,69254730,2020-08,8,379,3,2020–2020
muzair321,https://github.com/muzair321,69965044,2020-08,16,361,3,2020–2020
shayanahmad1999,https://github.com/shayanahmad1999,69293308,2020-08,99,344,3,2020–2020
Muhammad-Bilal-MB,https://github.com/Muhammad-Bilal-MB,69968468,2020-08,47,343,3,2020–2020
Aamir-K11,https://github.com/Aamir-K11,70207032,2020-08,20,323,3,2020–2020
Aadil-Shabir,https://github.com/Aadil-Shabir,69238870,2020-08,36,315,3,2020–2020
sumamarahim,https://github.com/sumamarahim,69747938,2020-08,23,241,3,2020–2020
Hamza8479,https://github.com/Hamza8479,69424550,2020-08,56,238,3,2020–2020
aiengrimran,https://github.com/aiengrimran,70444687,2020-08,31,225,3,2020–2020
asimmaqsood57,https://github.com/asimmaqsood57,70227239,2020-08,123,217,3,2020–2020
mumernisar,https://github.com/mumernisar,69108513,2020-08,29,195,3,2020–2020
Umar-Mahmood,https://github.com/Umar-Mahmood,70436351,2020-08,30,181,3,2020–2020
asfandyar-sabri,https://github.com/asfandyar-sabri,69463140,2020-08,51,170,3,2020–2020
voilknetwork,https://github.com/voilknetwork,70019817,2020-08,22,170,3,2020–2020
sadaqatdev,https://github.com/sadaqatdev,69109162,2020-08,116,168,3,2020–2020
tajwarsultan,https://github.com/tajwarsultan,69696322,2020-08,57,167,3,2020–2020
Saad20x,https://github.com/Saad20x,70209302,2020-08,135,164,3,2020–2020
sulphitic786,https://github.com/sulphitic786,70519281,2020-08,60,160,3,2020–2020
Hmxa715,https://github.com/Hmxa715,70263010,2020-08,14,152,3,2020–2020
Samad-Ullah,https://github.com/Samad-Ullah,70005898,2020-08,44,133,3,2020–2020
smelllikesmoke,https://github.com/smelllikesmoke,69147367,2020-08,16,133,3,2020–2020
syedumairnaeem07,https://github.com/syedumairnaeem07,70059071,2020-08,24,126,3,2020–2020
ZafarRizvi,https://github.com/ZafarRizvi,69090919,2020-08,17,125,3,2020–2020
abdulasiraj,https://github.com/abdulasiraj,69182153,2020-08,87,117,3,2020–2020
AhnafAbdullah,https://github.com/AhnafAbdullah,69240244,2020-08,17,112,3,2020–2020
MuhammadWaleedUsman,https://github.com/MuhammadWaleedUsman,69990277,2020-08,73,110,3,2020–2020
ShahidKhan09,https://github.com/ShahidKhan09,69686858,2020-08,46,109,3,2020–2020
Tanzeel-inline,https://github.com/Tanzeel-inline,70278200,2020-08,17,99,3,2020–2020
noumannasr,https://github.com/noumannasr,69582076,2020-08,16,89,3,2020–2020
OmarShahbaz,https://github.com/OmarShahbaz,69990406,2020-08,11,85,3,2020–2020
Khawaja-Usman-Riaz-Sehgal,https://github.com/Khawaja-Usman-Riaz-Sehgal,70154356,2020-08,10,85,3,2020–2020
RanaMuhammadZeeshan,https://github.com/RanaMuhammadZeeshan,70272923,2020-08,18,77,3,2020–2020
sherazfaisal,https://github.com/sherazfaisal,70267504,2020-08,23,72,3,2020–2020
maazali2301,https://github.com/maazali2301,70439517,2020-08,11,67,3,2020–2020
zulkifalkhan,https://github.com/zulkifalkhan,69888921,2020-08,18,63,3,2020–2020
asadDev02,https://github.com/asadDev02,70051902,2020-08,6,60,3,2020–2020
araiz-mabs,https://github.com/araiz-mabs,70128153,2020-08,22,56,3,2020–2020
shamsKhokhar56,https://github.com/shamsKhokhar56,69902503,2020-08,15,56,3,2020–2020
waqaribnm,https://github.com/waqaribnm,70474174,2020-08,9,55,3,2020–2020
GitHamziee,https://github.com/GitHamziee,69598440,2020-08,13,52,3,2020–2020
WaqarAliAbbas,https://github.com/WaqarAliAbbas,70074224,2020-08,6,51,3,2020–2020
Hamood-Ur-Rehman-Dev,https://github.com/Hamood-Ur-Rehman-Dev,69957178,2020-08,15,50,3,2020–2020
uumar421,https://github.com/uumar421,69485235,2020-08,6,49,3,2020–2020
TahaUrRahman,https://github.com/TahaUrRahman,70015814,2020-08,6,37,3,2020–2020
ahmedrehman16,https://github.com/ahmedrehman16,70444478,2020-08,11,28,3,2020–2020
masadaqmk,https://github.com/masadaqmk,70335503,2020-08,16,27,3,2020–2020
Irfan-Malik,https://github.com/Irfan-Malik,69755901,2020-08,20,24,3,2020–2020
Mrx381,https://github.com/Mrx381,69568099,2020-08,18,24,3,2020–2020
tariq209,https://github.com/tariq209,69859602,2020-08,8,24,3,2020–2020
Ahmedabd11,https://github.com/Ahmedabd11,70327158,2020-08,7,24,3,2020–2020
Ammar-Satti974,https://github.com/Ammar-Satti974,69382998,2020-08,8,16,3,2020–2020
BilalKhan-123,https://github.com/BilalKhan-123,69958110,2020-08,9,14,3,2020–2020
MNabeelCE,https://github.com/MNabeelCE,69744124,2020-08,9,14,3,2020–2020
faizan3504,https://github.com/faizan3504,69243719,2020-08,7,14,3,2020–2020
dev-ali-hub,https://github.com/dev-ali-hub,70167082,2020-08,6,14,3,2020–2020
zoohi,https://github.com/zoohi,69417729,2020-08,6,11,3,2020–2020
ZeeshanZamurd,https://github.com/ZeeshanZamurd,72025353,2020-09,13,9001,3,2020–2020
Talha2299,https://github.com/Talha2299,71260619,2020-09,14,1175,3,2020–2020
Ehtesham25,https://github.com/Ehtesham25,72070084,2020-09,21,862,3,2020–2020
hammadsaedi,https://github.com/hammadsaedi,71373419,2020-09,37,595,3,2020–2020
basit3407,https://github.com/basit3407,71372413,2020-09,59,582,3,2020–2020
CH-RAFAY,https://github.com/CH-RAFAY,72162041,2020-09,23,568,3,2020–2020
OttomanDeveloper,https://github.com/OttomanDeveloper,71749423,2020-09,34,465,3,2020–2020
engrhammadkhurshid,https://github.com/engrhammadkhurshid,71767285,2020-09,12,421,3,2020–2020
saqibwahla,https://github.com/saqibwahla,70936800,2020-09,10,421,3,2020–2020
ruslan-durrani,https://github.com/ruslan-durrani,71668800,2020-09,43,391,3,2020–2020
hamza-umer,https://github.com/hamza-umer,71342062,2020-09,26,375,3,2020–2020
kashifkhan0771,https://github.com/kashifkhan0771,70996046,2020-09,21,325,3,2020–2020
alizeeshan-07,https://github.com/alizeeshan-07,70628992,2020-09,59,294,3,2020–2020
MuhammadShafaullah,https://github.com/MuhammadShafaullah,72027876,2020-09,42,287,3,2020–2020
Wasid-Khan,https://github.com/Wasid-Khan,70897387,2020-09,32,266,3,2020–2020
sabeehwaqas,https://github.com/sabeehwaqas,71338967,2020-09,35,235,3,2020–2020
hashaam-011,https://github.com/hashaam-011,72150588,2020-09,68,230,3,2020–2020
Ibrahimbalti,https://github.com/Ibrahimbalti,72068885,2020-09,43,228,3,2020–2020
Sabahat06,https://github.com/Sabahat06,70802732,2020-09,28,227,3,2020–2020
Mahwash-Aly,https://github.com/Mahwash-Aly,71205244,2020-09,21,186,3,2020–2020
alizaman855,https://github.com/alizaman855,71490072,2020-09,46,185,3,2020–2020
MahnoorArif-7855,https://github.com/MahnoorArif-7855,71970614,2020-09,29,171,3,2020–2020
Showkiip,https://github.com/Showkiip,71689825,2020-09,40,154,3,2020–2020
Moiz-Zubair,https://github.com/Moiz-Zubair,71292230,2020-09,30,150,3,2020–2020
7aib,https://github.com/7aib,71493946,2020-09,12,143,3,2020–2020
saqibhussaen,https://github.com/saqibhussaen,70938582,2020-09,15,132,3,2020–2020
usamatabbassumut,https://github.com/usamatabbassumut,71408565,2020-09,14,120,3,2020–2020
texhy,https://github.com/texhy,70645228,2020-09,30,118,3,2020–2020
Hafeezullahkakar,https://github.com/Hafeezullahkakar,72004991,2020-09,67,117,3,2020–2020
Sawera557,https://github.com/Sawera557,71162541,2020-09,26,111,3,2020–2020
haasham1,https://github.com/haasham1,72097597,2020-09,63,104,3,2020–2020
devtir7,https://github.com/devtir7,71878621,2020-09,15,102,3,2020–2020
Zaki2K2,https://github.com/Zaki2K2,71006789,2020-09,34,98,3,2020–2020
jnx01,https://github.com/jnx01,71603357,2020-09,28,96,3,2020–2020
MianAsif-Riphah,https://github.com/MianAsif-Riphah,71574872,2020-09,18,96,3,2020–2020
ahmadbilal55,https://github.com/ahmadbilal55,72036841,2020-09,6,92,3,2020–2020
zulqarnain902,https://github.com/zulqarnain902,70657074,2020-09,17,91,3,2020–2020
minahilx,https://github.com/minahilx,71601253,2020-09,10,89,3,2020–2020
ttalha5621,https://github.com/ttalha5621,71582039,2020-09,29,88,3,2020–2020
asadiqbal24,https://github.com/asadiqbal24,70877709,2020-09,15,87,3,2020–2020
m-yasir0,https://github.com/m-yasir0,71800696,2020-09,18,79,3,2020–2020
AabisZ,https://github.com/AabisZ,71585201,2020-09,21,77,3,2020–2020
sharyer-Ilyas-Khan,https://github.com/sharyer-Ilyas-Khan,70968849,2020-09,8,74,3,2020–2020
SalmanKhandev,https://github.com/SalmanKhandev,71075992,2020-09,51,73,3,2020–2020
Yahya-1997,https://github.com/Yahya-1997,70836660,2020-09,8,71,3,2020–2020
salmanqaiser821,https://github.com/salmanqaiser821,71202136,2020-09,41,69,3,2020–2020
rajAmukhliS,https://github.com/rajAmukhliS,71121356,2020-09,7,64,3,2020–2020
janjuatest,https://github.com/janjuatest,72122213,2020-09,10,63,3,2020–2020
adil-m00,https://github.com/adil-m00,71658438,2020-09,17,59,3,2020–2020
Sameen11,https://github.com/Sameen11,72162400,2020-09,16,48,3,2020–2020
AffanButt,https://github.com/AffanButt,71592420,2020-09,10,44,3,2020–2020
zakirullah092,https://github.com/zakirullah092,71479095,2020-09,16,43,3,2020–2020
RMJ53,https://github.com/RMJ53,71654660,2020-09,7,43,3,2020–2020
khaleequllah,https://github.com/khaleequllah,71936737,2020-09,8,37,3,2020–2020
gdgoccui,https://github.com/gdgoccui,70939673,2020-09,6,36,3,2020–2020
qadeer53,https://github.com/qadeer53,71921233,2020-09,9,35,3,2020–2020
Mubeen141,https://github.com/Mubeen141,71766860,2020-09,16,31,3,2020–2020
anberarif,https://github.com/anberarif,71703951,2020-09,15,31,3,2020–2020
hass44,https://github.com/hass44,71366544,2020-09,12,30,3,2020–2020
arslan325,https://github.com/arslan325,71975255,2020-09,8,24,3,2020–2020
imuneeb33,https://github.com/imuneeb33,70950537,2020-09,7,21,3,2020–2020
hamzacodev,https://github.com/hamzacodev,71480140,2020-09,14,20,3,2020–2020
MUHAMMADBILAL6305,https://github.com/MUHAMMADBILAL6305,71170547,2020-09,11,19,3,2020–2020
Azib-Osama-Wasif,https://github.com/Azib-Osama-Wasif,71968699,2020-09,29,17,3,2020–2020
saharsyed,https://github.com/saharsyed,72154566,2020-09,6,17,3,2020–2020
muhammaddtalha,https://github.com/muhammaddtalha,71519292,2020-09,21,16,3,2020–2020
zimtech10955,https://github.com/zimtech10955,71459065,2020-09,15,16,3,2020–2020
Syedsahal,https://github.com/Syedsahal,71807500,2020-09,10,12,3,2020–2020
Justaus3r,https://github.com/Justaus3r,72691864,2020-10,53,4843,3,2020–2020
aamir-sultan,https://github.com/aamir-sultan,73219885,2020-10,96,3146,3,2020–2020
zain171m,https://github.com/zain171m,73698969,2020-10,22,618,3,2020–2020
sanasikandar,https://github.com/sanasikandar,73532902,2020-10,17,488,3,2020–2020
FarazRazi,https://github.com/FarazRazi,72218210,2020-10,25,389,3,2020–2020
HaiVvolf777,https://github.com/HaiVvolf777,73600973,2020-10,36,351,3,2020–2020
ZainAbbas97,https://github.com/ZainAbbas97,72816588,2020-10,11,351,3,2020–2020
cwfaizan,https://github.com/cwfaizan,73745377,2020-10,24,317,3,2020–2020
thedatafae,https://github.com/thedatafae,72311533,2020-10,27,303,3,2020–2020
usmanManzoor-Dev,https://github.com/usmanManzoor-Dev,72275107,2020-10,45,301,3,2020–2020
awais-124,https://github.com/awais-124,72652913,2020-10,53,280,3,2020–2020
moeezgujr,https://github.com/moeezgujr,73531265,2020-10,25,279,3,2020–2020
webdeveloper-pk,https://github.com/webdeveloper-pk,72564572,2020-10,22,271,3,2020–2020
salman-ahm3d,https://github.com/salman-ahm3d,73017250,2020-10,25,267,3,2020–2020
hamzali98,https://github.com/hamzali98,72611283,2020-10,7,267,3,2020–2020
Sufyanulhaq,https://github.com/Sufyanulhaq,73358654,2020-10,15,231,3,2020–2020
farhanzafrani,https://github.com/farhanzafrani,72891427,2020-10,44,216,3,2020–2020
sharjeelmazhar,https://github.com/sharjeelmazhar,73254881,2020-10,33,192,3,2020–2020
moji-joji,https://github.com/moji-joji,73741881,2020-10,31,191,3,2020–2020
DanielSarf,https://github.com/DanielSarf,72676273,2020-10,12,177,3,2020–2020
amir-khann,https://github.com/amir-khann,73182091,2020-10,16,176,3,2020–2020
mughees936,https://github.com/mughees936,73156050,2020-10,20,175,3,2020–2020
Ali-00,https://github.com/Ali-00,73517844,2020-10,32,171,3,2020–2020
AveragedevRK,https://github.com/AveragedevRK,73698570,2020-10,25,171,3,2020–2020
musamakhizr,https://github.com/musamakhizr,73586672,2020-10,34,168,3,2020–2020
saqibaltaf27,https://github.com/saqibaltaf27,72180555,2020-10,6,168,3,2020–2020
bilalhameed248,https://github.com/bilalhameed248,72374520,2020-10,41,160,3,2020–2020
ammakr,https://github.com/ammakr,73212302,2020-10,23,159,3,2020–2020
MuhammadAhmedSuhail,https://github.com/MuhammadAhmedSuhail,72251313,2020-10,43,151,3,2020–2020
AbdullahKhan47,https://github.com/AbdullahKhan47,72974690,2020-10,12,149,3,2020–2020
haiderhk,https://github.com/haiderhk,72218628,2020-10,7,143,3,2020–2020
mdsrkhnafd,https://github.com/mdsrkhnafd,72373676,2020-10,44,141,3,2020–2020
rashidiqbal007,https://github.com/rashidiqbal007,72404767,2020-10,30,140,3,2020–2020
wisalkhanmv,https://github.com/wisalkhanmv,72220240,2020-10,15,140,3,2020–2020
whiz-coder,https://github.com/whiz-coder,73718958,2020-10,18,138,3,2020–2020
anszeshan,https://github.com/anszeshan,73444590,2020-10,32,133,3,2020–2020
sheikhamais,https://github.com/sheikhamais,72646401,2020-10,19,122,3,2020–2020
naufilmoten,https://github.com/naufilmoten,72219873,2020-10,15,122,3,2020–2020
raorafay-dev,https://github.com/raorafay-dev,73307548,2020-10,41,120,3,2020–2020
ahmedali-tech,https://github.com/ahmedali-tech,72961986,2020-10,32,112,3,2020–2020
SyedMuhammadTalha123,https://github.com/SyedMuhammadTalha123,73646513,2020-10,7,100,3,2020–2020
MohsinQureshi1801,https://github.com/MohsinQureshi1801,73529392,2020-10,11,85,3,2020–2020
skh1827532,https://github.com/skh1827532,72969064,2020-10,27,83,3,2020–2020
MuhammadMoiz2050,https://github.com/MuhammadMoiz2050,73385378,2020-10,29,72,3,2020–2020
iamumairr,https://github.com/iamumairr,72487405,2020-10,16,71,3,2020–2020
wareesha30,https://github.com/wareesha30,72753730,2020-10,8,66,3,2020–2020
Hasnainfs,https://github.com/Hasnainfs,73382669,2020-10,17,65,3,2020–2020
huzaifasarmad1,https://github.com/huzaifasarmad1,73124077,2020-10,14,65,3,2020–2020
mtalha218,https://github.com/mtalha218,72462673,2020-10,22,61,3,2020–2020
hamzashahid456,https://github.com/hamzashahid456,72216229,2020-10,36,60,3,2020–2020
SalaarShafi,https://github.com/SalaarShafi,73762428,2020-10,15,59,3,2020–2020
UzairKhalid-crypto,https://github.com/UzairKhalid-crypto,73128089,2020-10,9,57,3,2020–2020
nadeemakhtar63,https://github.com/nadeemakhtar63,72682541,2020-10,35,56,3,2020–2020
alaudinbarki,https://github.com/alaudinbarki,72483032,2020-10,6,56,3,2020–2020
mbsj145,https://github.com/mbsj145,72723521,2020-10,29,55,3,2020–2020
amaqbool1,https://github.com/amaqbool1,72219760,2020-10,11,53,3,2020–2020
Hamzaadeel,https://github.com/Hamzaadeel,72209973,2020-10,7,51,3,2020–2020
azkaali,https://github.com/azkaali,72266468,2020-10,23,49,3,2020–2020
AhmadHussain1,https://github.com/AhmadHussain1,72513295,2020-10,21,49,3,2020–2020
TechCodingCamp,https://github.com/TechCodingCamp,72810977,2020-10,6,48,3,2020–2020
SohailAfridi98,https://github.com/SohailAfridi98,73101530,2020-10,11,47,3,2020–2020
huzziaf,https://github.com/huzziaf,72225426,2020-10,13,45,3,2020–2020
Husnainaqeel384,https://github.com/Husnainaqeel384,72862162,2020-10,8,45,3,2020–2020
abubakar4360,https://github.com/abubakar4360,73287161,2020-10,16,42,3,2020–2020
KashifQurashi,https://github.com/KashifQurashi,73149970,2020-10,16,38,3,2020–2020
ahmedd001,https://github.com/ahmedd001,72501735,2020-10,16,38,3,2020–2020
dupolaris,https://github.com/dupolaris,73556674,2020-10,6,34,3,2020–2020
aliriaz2k16,https://github.com/aliriaz2k16,73012403,2020-10,6,33,3,2020–2020
Pawan-Paritem,https://github.com/Pawan-Paritem,72556038,2020-10,42,32,3,2020–2020
mshahzad021,https://github.com/mshahzad021,72501067,2020-10,10,32,3,2020–2020
Shameen19,https://github.com/Shameen19,72957968,2020-10,33,29,3,2020–2020
Rajaisrarkiani,https://github.com/Rajaisrarkiani,72999873,2020-10,10,26,3,2020–2020
harisjaved10,https://github.com/harisjaved10,72565343,2020-10,11,20,3,2020–2020
itssoftcoding,https://github.com/itssoftcoding,73190409,2020-10,9,18,3,2020–2020
Tehzeeb-create,https://github.com/Tehzeeb-create,73227426,2020-10,8,17,3,2020–2020
ImamQazi,https://github.com/ImamQazi,72798097,2020-10,11,16,3,2020–2020
Hashmat9696,https://github.com/Hashmat9696,73720755,2020-10,6,12,3,2020–2020
aliakbarsattarbhatti,https://github.com/aliakbarsattarbhatti,72562532,2020-10,9,11,3,2020–2020
FaisalNawazDev,https://github.com/FaisalNawazDev,73276221,2020-10,8,11,3,2020–2020
NoobDeveloper412,https://github.com/NoobDeveloper412,74310120,2020-11,112,2583,3,2020–2020
DawoodMehmood,https://github.com/DawoodMehmood,75040703,2020-11,52,1343,3,2020–2020
kamalhussaindevops,https://github.com/kamalhussaindevops,74511326,2020-11,18,739,3,2020–2020
tauheedbuttt,https://github.com/tauheedbuttt,74172268,2020-11,55,573,3,2020–2020
aliaankhowaja,https://github.com/aliaankhowaja,74101935,2020-11,24,502,3,2020–2020
MuhammadSaqib001,https://github.com/MuhammadSaqib001,74682734,2020-11,30,486,3,2020–2020
Babar78,https://github.com/Babar78,73999622,2020-11,26,422,3,2020–2020
ehtishamnaveed,https://github.com/ehtishamnaveed,75159969,2020-11,22,415,3,2020–2020
ShahzadAmjad,https://github.com/ShahzadAmjad,74287706,2020-11,13,408,3,2020–2020
Abdul-Muizz1310,https://github.com/Abdul-Muizz1310,75252791,2020-11,16,380,3,2020–2020
usman359,https://github.com/usman359,74013218,2020-11,53,370,3,2020–2020
saifsafsf,https://github.com/saifsafsf,73883918,2020-11,23,351,3,2020–2020
munimdev,https://github.com/munimdev,74110160,2020-11,35,339,3,2020–2020
Sourav-Malani,https://github.com/Sourav-Malani,74541281,2020-11,22,329,3,2020–2020
Misbahhassan08,https://github.com/Misbahhassan08,74838817,2020-11,62,311,3,2020–2020
Muneeb-Aslam,https://github.com/Muneeb-Aslam,74203208,2020-11,54,302,3,2020–2020
faique43,https://github.com/faique43,75044919,2020-11,32,288,3,2020–2020
Asfand038,https://github.com/Asfand038,75024131,2020-11,34,277,3,2020–2020
Sikandar897,https://github.com/Sikandar897,75078709,2020-11,31,270,3,2020–2020
kashanalikhalid,https://github.com/kashanalikhalid,75132436,2020-11,33,246,3,2020–2020
aliahmadjan,https://github.com/aliahmadjan,74533877,2020-11,28,238,3,2020–2020
iamsaimsheikh,https://github.com/iamsaimsheikh,75107444,2020-11,38,235,3,2020–2020
Muhammad-Abubakr,https://github.com/Muhammad-Abubakr,74457014,2020-11,37,232,3,2020–2020
SalehAhmad1,https://github.com/SalehAhmad1,74538266,2020-11,32,211,3,2020–2020
HureraNadeem,https://github.com/HureraNadeem,75133414,2020-11,35,191,3,2020–2020
danialkhan0090,https://github.com/danialkhan0090,73935969,2020-11,8,180,3,2020–2020
rykabdullah7,https://github.com/rykabdullah7,75038215,2020-11,18,175,3,2020–2020
ana-riaz,https://github.com/ana-riaz,74129645,2020-11,14,175,3,2020–2020
abdulmoiez876,https://github.com/abdulmoiez876,74975190,2020-11,62,173,3,2020–2020
Sarim-Sikander,https://github.com/Sarim-Sikander,74055147,2020-11,49,166,3,2020–2020
shayanop,https://github.com/shayanop,75173183,2020-11,20,162,3,2020–2020
Shahid-Sheimi,https://github.com/Shahid-Sheimi,74352379,2020-11,58,153,3,2020–2020
FurqanHKarim,https://github.com/FurqanHKarim,74560328,2020-11,10,137,3,2020–2020
Abubakar-K-Back,https://github.com/Abubakar-K-Back,74018187,2020-11,37,128,3,2020–2020
valkrypton,https://github.com/valkrypton,74088901,2020-11,22,125,3,2020–2020
hassaan253,https://github.com/hassaan253,74227807,2020-11,13,123,3,2020–2020
ShayanZuberi,https://github.com/ShayanZuberi,74527163,2020-11,31,120,3,2020–2020
andleebhayath,https://github.com/andleebhayath,74811371,2020-11,21,112,3,2020–2020
themuhammadattaurrehman,https://github.com/themuhammadattaurrehman,73884338,2020-11,30,111,3,2020–2020
AnsAsghar,https://github.com/AnsAsghar,75242633,2020-11,14,111,3,2020–2020
ateebahmad20,https://github.com/ateebahmad20,74107211,2020-11,25,110,3,2020–2020
m-umair-khan-dev,https://github.com/m-umair-khan-dev,75219867,2020-11,30,107,3,2020–2020
asadjalbani,https://github.com/asadjalbani,74380256,2020-11,18,107,3,2020–2020
muddasar-de,https://github.com/muddasar-de,75139126,2020-11,45,102,3,2020–2020
muaaz-0,https://github.com/muaaz-0,74170095,2020-11,10,98,3,2020–2020
QaziYahya,https://github.com/QaziYahya,74414105,2020-11,36,97,3,2020–2020
KhushalKarim,https://github.com/KhushalKarim,74242213,2020-11,12,87,3,2020–2020
Muhammad-Junaid-Aqib,https://github.com/Muhammad-Junaid-Aqib,75200465,2020-11,21,85,3,2020–2020
MuhammadUmarAsad,https://github.com/MuhammadUmarAsad,74112614,2020-11,23,83,3,2020–2020
mughal41,https://github.com/mughal41,74859743,2020-11,13,82,3,2020–2020
MuhammadWahab17,https://github.com/MuhammadWahab17,74454191,2020-11,48,81,3,2020–2020
msabit,https://github.com/msabit,74464249,2020-11,12,79,3,2020–2020
malikwassay,https://github.com/malikwassay,74355781,2020-11,34,78,3,2020–2020
Ismail1212788,https://github.com/Ismail1212788,74537464,2020-11,48,75,3,2020–2020
UmerAbbasi1515,https://github.com/UmerAbbasi1515,75060133,2020-11,8,73,3,2020–2020
UsmanAliBokhari,https://github.com/UsmanAliBokhari,75122072,2020-11,31,72,3,2020–2020
Awais-Arif,https://github.com/Awais-Arif,75180718,2020-11,23,72,3,2020–2020
husnain52,https://github.com/husnain52,74824106,2020-11,17,72,3,2020–2020
4shanzahid,https://github.com/4shanzahid,74039757,2020-11,14,72,3,2020–2020
Hani24,https://github.com/Hani24,75277206,2020-11,8,70,3,2020–2020
MK-Dev-8627,https://github.com/MK-Dev-8627,74422363,2020-11,19,68,3,2020–2020
Saralhossain,https://github.com/Saralhossain,74240811,2020-11,17,68,3,2020–2020
Awaiskazmi154,https://github.com/Awaiskazmi154,75107223,2020-11,21,62,3,2020–2020
Ali-hyder35,https://github.com/Ali-hyder35,74595734,2020-11,18,52,3,2020–2020
qasid1999,https://github.com/qasid1999,75198236,2020-11,29,48,3,2020–2020
JamalShah47,https://github.com/JamalShah47,75212149,2020-11,24,46,3,2020–2020
Muddasir-Ismail,https://github.com/Muddasir-Ismail,75022010,2020-11,22,45,3,2020–2020
Ha732,https://github.com/Ha732,75130957,2020-11,24,41,3,2020–2020
UsmanAwaan786,https://github.com/UsmanAwaan786,74671423,2020-11,9,41,3,2020–2020
syedmuhamadbilal,https://github.com/syedmuhamadbilal,74070613,2020-11,9,36,3,2020–2020
Hassan-143,https://github.com/Hassan-143,74555200,2020-11,23,34,3,2020–2020
waseem196,https://github.com/waseem196,75014459,2020-11,17,34,3,2020–2020
shamaiem,https://github.com/shamaiem,74712135,2020-11,6,33,3,2020–2020
hashimabbasi,https://github.com/hashimabbasi,74645774,2020-11,8,29,3,2020–2020
Imran3356775193,https://github.com/Imran3356775193,74984691,2020-11,8,28,3,2020–2020
MLwithAftab,https://github.com/MLwithAftab,73876454,2020-11,40,26,3,2020–2020
usmannaveed-19,https://github.com/usmannaveed-19,74673485,2020-11,8,26,3,2020–2020
hamzatariqcs3,https://github.com/hamzatariqcs3,74874492,2020-11,8,25,3,2020–2020
UmarRehman,https://github.com/UmarRehman,74703331,2020-11,18,20,3,2020–2020
Amshedkhan,https://github.com/Amshedkhan,74648368,2020-11,7,20,3,2020–2020
AqibJav3d,https://github.com/AqibJav3d,73768823,2020-11,7,18,3,2020–2020
kumailraza1432,https://github.com/kumailraza1432,75266258,2020-11,12,17,3,2020–2020
yasirkhatak,https://github.com/yasirkhatak,74678389,2020-11,6,17,3,2020–2020
SobaanMujtabaHashmi,https://github.com/SobaanMujtabaHashmi,74050837,2020-11,11,14,3,2020–2020
iamarbabhussain,https://github.com/iamarbabhussain,74659831,2020-11,46,13,3,2020–2020
MZAIN649,https://github.com/MZAIN649,74590467,2020-11,9,13,3,2020–2020
Badshah172,https://github.com/Badshah172,74170740,2020-11,8,12,3,2020–2020
danialkarim,https://github.com/danialkarim,74972649,2020-11,6,12,3,2020–2020
umarwaseeem,https://github.com/umarwaseeem,76011160,2020-12,109,1349,3,2020–2020
bwithai,https://github.com/bwithai,76056239,2020-12,46,1222,3,2020–2020
aziz-codes,https://github.com/aziz-codes,75851308,2020-12,139,1119,3,2020–2020
alihamza79,https://github.com/alihamza79,76783642,2020-12,35,1026,3,2020–2020
ahmaddioxide,https://github.com/ahmaddioxide,75989502,2020-12,42,762,3,2020–2020
Saroosh421,https://github.com/Saroosh421,75502291,2020-12,17,744,3,2020–2020
UmarShareefPk,https://github.com/UmarShareefPk,76015950,2020-12,33,587,3,2020–2020
abdullahbh,https://github.com/abdullahbh,75631205,2020-12,26,529,3,2020–2020
kernel-loophole,https://github.com/kernel-loophole,76658396,2020-12,88,522,3,2020–2020
Mudassir-ops,https://github.com/Mudassir-ops,76153030,2020-12,37,494,3,2020–2020
ayk-crypto,https://github.com/ayk-crypto,76555129,2020-12,12,465,3,2020–2020
ImZaryab,https://github.com/ImZaryab,75939775,2020-12,29,418,3,2020–2020
SudaisAlam,https://github.com/SudaisAlam,75487595,2020-12,34,348,3,2020–2020
WhoAbdullahSheikh,https://github.com/WhoAbdullahSheikh,75414797,2020-12,23,346,3,2020–2020
muquitarif,https://github.com/muquitarif,76789333,2020-12,23,337,3,2020–2020
huztfq,https://github.com/huztfq,75849337,2020-12,20,333,3,2020–2020
awais-ur-rehman,https://github.com/awais-ur-rehman,75811924,2020-12,88,332,3,2020–2020
Hussain-Mehdi,https://github.com/Hussain-Mehdi,75681588,2020-12,26,329,3,2020–2020
Talha-74,https://github.com/Talha-74,75797214,2020-12,46,316,3,2020–2020
wasifzaman182,https://github.com/wasifzaman182,75499379,2020-12,30,296,3,2020–2020
hammadmansoor75,https://github.com/hammadmansoor75,75632236,2020-12,33,290,3,2020–2020
mahaqj,https://github.com/mahaqj,75489692,2020-12,20,282,3,2020–2020
Talhart49,https://github.com/Talhart49,76434482,2020-12,20,276,3,2020–2020
Chughtaie,https://github.com/Chughtaie,75484779,2020-12,29,253,3,2020–2020
RohaanA,https://github.com/RohaanA,75722072,2020-12,31,230,3,2020–2020
Daniyal1234-alt,https://github.com/Daniyal1234-alt,76571363,2020-12,18,226,3,2020–2020
ahmadkhancodes,https://github.com/ahmadkhancodes,75533946,2020-12,35,218,3,2020–2020
Aamir825,https://github.com/Aamir825,76663215,2020-12,29,217,3,2020–2020
ahmartariq,https://github.com/ahmartariq,76247062,2020-12,27,217,3,2020–2020
hamna456,https://github.com/hamna456,76582769,2020-12,12,214,3,2020–2020
fahad-qureshi786,https://github.com/fahad-qureshi786,75601362,2020-12,122,208,3,2020–2020
WaxifAlee,https://github.com/WaxifAlee,76816294,2020-12,23,207,3,2020–2020
Maryam189,https://github.com/Maryam189,76420523,2020-12,25,205,3,2020–2020
nabeelnoor,https://github.com/nabeelnoor,76039903,2020-12,64,185,3,2020–2020
Adeel3330,https://github.com/Adeel3330,75366195,2020-12,21,183,3,2020–2020
rahneverd,https://github.com/rahneverd,75878380,2020-12,245,180,3,2020–2020
faiz9102,https://github.com/faiz9102,75829203,2020-12,13,172,3,2020–2020
SajeelHussain,https://github.com/SajeelHussain,75925740,2020-12,42,171,3,2020–2020
Nouman-hayat,https://github.com/Nouman-hayat,75477552,2020-12,89,169,3,2020–2020
Huzaifa4472,https://github.com/Huzaifa4472,76128718,2020-12,18,161,3,2020–2020
Imanimtiaz2001,https://github.com/Imanimtiaz2001,75875787,2020-12,21,157,3,2020–2020
Techorra,https://github.com/Techorra,75618822,2020-12,23,156,3,2020–2020
sayababbasi,https://github.com/sayababbasi,75876593,2020-12,20,151,3,2020–2020
taimoor522,https://github.com/taimoor522,76042739,2020-12,68,150,3,2020–2020
belikesaif,https://github.com/belikesaif,75307388,2020-12,24,136,3,2020–2020
mariakiyani012,https://github.com/mariakiyani012,76248826,2020-12,29,135,3,2020–2020
samsiddiki,https://github.com/samsiddiki,75976146,2020-12,11,135,3,2020–2020
fatimahanif,https://github.com/fatimahanif,75827192,2020-12,18,130,3,2020–2020
haseebsultankhan,https://github.com/haseebsultankhan,75809925,2020-12,50,123,3,2020–2020
fhmshehzad,https://github.com/fhmshehzad,76097393,2020-12,7,123,3,2020–2020
ramisha-anwer,https://github.com/ramisha-anwer,76823048,2020-12,33,122,3,2020–2020
mananmani1,https://github.com/mananmani1,75633214,2020-12,12,122,3,2020–2020
AyazAhmed5,https://github.com/AyazAhmed5,76223827,2020-12,17,121,3,2020–2020
imran114,https://github.com/imran114,76119648,2020-12,11,121,3,2020–2020
farazayaz55,https://github.com/farazayaz55,76621932,2020-12,65,118,3,2020–2020
Eisha215,https://github.com/Eisha215,76606109,2020-12,18,113,3,2020–2020
fatimamahsud1,https://github.com/fatimamahsud1,76597173,2020-12,39,110,3,2020–2020
emzubairafzal,https://github.com/emzubairafzal,76100986,2020-12,16,104,3,2020–2020
HumayounMustafa,https://github.com/HumayounMustafa,75848323,2020-12,17,97,3,2020–2020
MuhammadFaizan19,https://github.com/MuhammadFaizan19,75978861,2020-12,11,96,3,2020–2020
AbdullahKhanASI,https://github.com/AbdullahKhanASI,75419567,2020-12,40,91,3,2020–2020
TalhaDotAsif,https://github.com/TalhaDotAsif,76549636,2020-12,56,85,3,2020–2020
samar-almas,https://github.com/samar-almas,76404064,2020-12,21,81,3,2020–2020
HammadZamir,https://github.com/HammadZamir,75755374,2020-12,27,80,3,2020–2020
M-Taimoor00782,https://github.com/M-Taimoor00782,75942450,2020-12,17,80,3,2020–2020
Maaz868,https://github.com/Maaz868,75809562,2020-12,12,77,3,2020–2020
ZahidAkbar2370,https://github.com/ZahidAkbar2370,75308797,2020-12,105,63,3,2020–2020
kaleemullahdev,https://github.com/kaleemullahdev,76697470,2020-12,14,61,3,2020–2020
AhmadNawaz004,https://github.com/AhmadNawaz004,75672446,2020-12,53,60,3,2020–2020
YousafGrewal,https://github.com/YousafGrewal,75882120,2020-12,10,60,3,2020–2020
ariusxscourger,https://github.com/ariusxscourger,75781246,2020-12,18,58,3,2020–2020
huziidroid,https://github.com/huziidroid,76727601,2020-12,9,50,3,2020–2020
arslankhan7286,https://github.com/arslankhan7286,75451422,2020-12,39,47,3,2020–2020
burki111,https://github.com/burki111,76608323,2020-12,20,46,3,2020–2020
abdullahmad12,https://github.com/abdullahmad12,76404912,2020-12,10,46,3,2020–2020
Asim14398,https://github.com/Asim14398,75752802,2020-12,12,39,3,2020–2020
AliNaqi2020,https://github.com/AliNaqi2020,75767504,2020-12,56,38,3,2020–2020
Shahzadpcr12,https://github.com/Shahzadpcr12,75661489,2020-12,14,34,3,2020–2020
ch-fida,https://github.com/ch-fida,75825450,2020-12,8,34,3,2020–2020
basmakhan11,https://github.com/basmakhan11,75625190,2020-12,6,33,3,2020–2020
naumanmalik1112,https://github.com/naumanmalik1112,75293777,2020-12,6,31,3,2020–2020
muhammadhamzakhalid,https://github.com/muhammadhamzakhalid,75635234,2020-12,14,30,3,2020–2020
hassanhashmey,https://github.com/hassanhashmey,75794688,2020-12,9,30,3,2020–2020
daniazahid,https://github.com/daniazahid,76399409,2020-12,6,29,3,2020–2020
hamzaumarkhan,https://github.com/hamzaumarkhan,75862251,2020-12,15,28,3,2020–2020
alihashim021,https://github.com/alihashim021,76789290,2020-12,8,28,3,2020–2020
huzaifa-farrukh,https://github.com/huzaifa-farrukh,76245561,2020-12,11,26,3,2020–2020
zubairAbdullah27,https://github.com/zubairAbdullah27,76192023,2020-12,7,25,3,2020–2020
waleedmukhtar1,https://github.com/waleedmukhtar1,76016677,2020-12,7,24,3,2020–2020
zohaibkhan97,https://github.com/zohaibkhan97,75853764,2020-12,6,22,3,2020–2020
Shahjee-rgb,https://github.com/Shahjee-rgb,76157877,2020-12,6,18,3,2020–2020
shehzadasad,https://github.com/shehzadasad,75330656,2020-12,6,17,3,2020–2020
mobashirahmad2000,https://github.com/mobashirahmad2000,76224940,2020-12,6,17,3,2020–2020
habibtahir,https://github.com/habibtahir,76626349,2020-12,13,16,3,2020–2020
aftabawan431,https://github.com/aftabawan431,75685820,2020-12,10,16,3,2020–2020
Ibrkh,https://github.com/Ibrkh,75753667,2020-12,13,14,3,2020–2020
Aneesjrp786,https://github.com/Aneesjrp786,76509187,2020-12,10,13,3,2020–2020
aliasghar98,https://github.com/aliasghar98,75574550,2020-12,8,13,4,2020–2021
SuqlainSherazi125,https://github.com/SuqlainSherazi125,76437676,2020-12,6,13,4,2020–2021
robor-systems,https://github.com/robor-systems,77535247,2021-01,14,8059,4,2020–2021
itx-nasir,https://github.com/itx-nasir,78036990,2021-01,19,842,4,2020–2021
mistermsami,https://github.com/mistermsami,77460960,2021-01,26,707,4,2020–2021
orbitalsonic,https://github.com/orbitalsonic,77429009,2021-01,131,513,4,2020–2021
humzakt,https://github.com/humzakt,77065466,2021-01,47,453,4,2020–2021
hamnarauf,https://github.com/hamnarauf,77397009,2021-01,21,443,4,2020–2021
EggsyOnCode,https://github.com/EggsyOnCode,77304003,2021-01,80,421,4,2020–2021
M-Subhan1,https://github.com/M-Subhan1,77078215,2021-01,26,381,4,2020–2021
Nobody12here,https://github.com/Nobody12here,78294230,2021-01,75,324,4,2020–2021
ehtishamalik,https://github.com/ehtishamalik,77209161,2021-01,11,324,4,2020–2021
waleediqbal1717,https://github.com/waleediqbal1717,76971893,2021-01,11,322,4,2020–2021
AbdulRafay517,https://github.com/AbdulRafay517,78088346,2021-01,28,298,4,2020–2021
saqib-suleman,https://github.com/saqib-suleman,77361034,2021-01,51,274,4,2020–2021
aliturab99,https://github.com/aliturab99,77963884,2021-01,16,261,4,2020–2021
Zaheer-Shahzaib,https://github.com/Zaheer-Shahzaib,77835272,2021-01,16,251,4,2020–2021
TayyabManan,https://github.com/TayyabManan,77273357,2021-01,11,250,4,2020–2021
ammar313-cs,https://github.com/ammar313-cs,78053144,2021-01,32,236,4,2020–2021
hussam95,https://github.com/hussam95,77602201,2021-01,21,231,4,2020–2021
Younasmunawar,https://github.com/Younasmunawar,76829098,2021-01,15,230,4,2020–2021
sohaibzafar701,https://github.com/sohaibzafar701,77731957,2021-01,22,199,4,2020–2021
sabirbugti9,https://github.com/sabirbugti9,77012663,2021-01,89,194,4,2020–2021
Wasiue03,https://github.com/Wasiue03,76906905,2021-01,52,175,4,2020–2021
mubeendev3,https://github.com/mubeendev3,78038522,2021-01,35,175,4,2020–2021
Ch-Jameel,https://github.com/Ch-Jameel,76833617,2021-01,22,167,4,2020–2021
Mseher,https://github.com/Mseher,77393579,2021-01,22,167,4,2020–2021
rha12,https://github.com/rha12,77915936,2021-01,16,162,4,2020–2021
jinumi,https://github.com/jinumi,77500484,2021-01,39,160,4,2020–2021
ayazmhmd,https://github.com/ayazmhmd,77320646,2021-01,63,136,4,2020–2021
Kheem-Dh,https://github.com/Kheem-Dh,77248954,2021-01,29,134,4,2020–2021
thefaisalurrehman,https://github.com/thefaisalurrehman,77713815,2021-01,18,131,4,2020–2021
cwmservices,https://github.com/cwmservices,76917820,2021-01,46,126,4,2020–2021
Abdirahman23,https://github.com/Abdirahman23,77121312,2021-01,37,126,4,2020–2021
bilalhaider789,https://github.com/bilalhaider789,78145195,2021-01,19,123,4,2020–2021
thewalimuhammad,https://github.com/thewalimuhammad,77934276,2021-01,9,117,4,2020–2021
khandanial419,https://github.com/khandanial419,77050423,2021-01,14,112,4,2020–2021
Abid-Amjad,https://github.com/Abid-Amjad,77887244,2021-01,8,101,4,2020–2021
zulfibscs,https://github.com/zulfibscs,76833498,2021-01,21,100,4,2020–2021
HabibMCS,https://github.com/HabibMCS,77892294,2021-01,27,98,4,2020–2021
israr96418,https://github.com/israr96418,77443384,2021-01,78,97,4,2020–2021
n4u77i,https://github.com/n4u77i,78096902,2021-01,23,91,4,2020–2021
Syed-Talha-Bukhari,https://github.com/Syed-Talha-Bukhari,77965586,2021-01,9,89,4,2020–2021
ziaKhan1995,https://github.com/ziaKhan1995,77499979,2021-01,11,88,4,2020–2021
dev-ABsid,https://github.com/dev-ABsid,77960390,2021-01,16,85,4,2020–2021
badarkhannn,https://github.com/badarkhannn,78157417,2021-01,29,84,4,2020–2021
nomanabid123,https://github.com/nomanabid123,78290209,2021-01,23,84,4,2020–2021
aliraza1231,https://github.com/aliraza1231,77957290,2021-01,20,84,4,2020–2021
faisal795,https://github.com/faisal795,77882078,2021-01,19,83,4,2020–2021
ShoaibAhmed02,https://github.com/ShoaibAhmed02,76992563,2021-01,45,77,4,2020–2021
shahzadhaider1,https://github.com/shahzadhaider1,76992801,2021-01,19,70,4,2020–2021
khanMahmood2k2,https://github.com/khanMahmood2k2,77431514,2021-01,8,70,4,2020–2021
SHEHARYAAR-coder,https://github.com/SHEHARYAAR-coder,77605970,2021-01,9,69,4,2020–2021
Abidullah11021,https://github.com/Abidullah11021,77016321,2021-01,7,69,4,2020–2021
salman1451,https://github.com/salman1451,77890366,2021-01,30,68,4,2020–2021
Sameerk22,https://github.com/Sameerk22,77271591,2021-01,23,68,4,2020–2021
visionbotix,https://github.com/visionbotix,77958384,2021-01,11,68,4,2020–2021
kamranarshid,https://github.com/kamranarshid,77382231,2021-01,21,63,4,2020–2021
mimadkhan,https://github.com/mimadkhan,76858778,2021-01,13,59,4,2020–2021
aiasxr,https://github.com/aiasxr,77231528,2021-01,12,59,4,2020–2021
khanrumi,https://github.com/khanrumi,76946294,2021-01,32,53,4,2020–2021
abbas056,https://github.com/abbas056,77268872,2021-01,14,52,4,2020–2021
haris-khan1596,https://github.com/haris-khan1596,77955039,2021-01,9,50,4,2020–2021
qasim45,https://github.com/qasim45,77549290,2021-01,6,49,4,2020–2021
bhuttoirfan,https://github.com/bhuttoirfan,77446142,2021-01,19,47,4,2020–2021
hamzamumtaz1995,https://github.com/hamzamumtaz1995,77956014,2021-01,6,46,4,2020–2021
MalikMoiz123,https://github.com/MalikMoiz123,76846340,2021-01,32,43,4,2020–2021
hassan302-stack,https://github.com/hassan302-stack,77108439,2021-01,28,43,4,2020–2021
husnain22mehdi,https://github.com/husnain22mehdi,77991008,2021-01,10,43,4,2020–2021
ishaqkhan786,https://github.com/ishaqkhan786,77725050,2021-01,8,39,4,2020–2021
MukhtarAhmad97,https://github.com/MukhtarAhmad97,77285427,2021-01,10,36,4,2020–2021
tirmizi9,https://github.com/tirmizi9,76982809,2021-01,14,35,4,2020–2021
noumanraees,https://github.com/noumanraees,77528528,2021-01,10,33,4,2020–2021
muneeburrehman06,https://github.com/muneeburrehman06,77731443,2021-01,12,29,4,2020–2021
imumermalik,https://github.com/imumermalik,77432523,2021-01,6,29,4,2020–2021
Hamzahaider07,https://github.com/Hamzahaider07,77235819,2021-01,12,21,4,2020–2021
maksherwani,https://github.com/maksherwani,76870878,2021-01,10,18,4,2020–2021
Baby-Tiger,https://github.com/Baby-Tiger,76954299,2021-01,9,18,4,2020–2021
ASHFAQ025,https://github.com/ASHFAQ025,78088835,2021-01,14,17,4,2020–2021
syed-Hanifullah,https://github.com/syed-Hanifullah,78256059,2021-01,7,15,4,2020–2021
Xain447,https://github.com/Xain447,77781298,2021-01,27,14,4,2020–2021
waliullahinfo365,https://github.com/waliullahinfo365,78018222,2021-01,6,14,4,2020–2021
mansoorishaq1,https://github.com/mansoorishaq1,77729021,2021-01,10,12,4,2020–2021
umairz1,https://github.com/umairz1,76914092,2021-01,8,12,4,2020–2021
mohammadikram008,https://github.com/mohammadikram008,78614018,2021-02,28,1142,4,2020–2021
wahhabkhan,https://github.com/wahhabkhan,79108166,2021-02,60,888,4,2020–2021
jkr86,https://github.com/jkr86,78431600,2021-02,25,562,4,2020–2021
royayub,https://github.com/royayub,79398576,2021-02,12,445,4,2020–2021
Faizan-999,https://github.com/Faizan-999,78623089,2021-02,13,303,4,2020–2021
salehsheikh,https://github.com/salehsheikh,79030299,2021-02,44,293,4,2020–2021
imtahiranjum,https://github.com/imtahiranjum,78358354,2021-02,16,270,4,2020–2021
ahmedBilal5,https://github.com/ahmedBilal5,79280865,2021-02,26,251,4,2020–2021
Hassant147,https://github.com/Hassant147,79465738,2021-02,25,251,4,2020–2021
saqib-github,https://github.com/saqib-github,78408075,2021-02,49,224,4,2020–2021
izhar360,https://github.com/izhar360,79567009,2021-02,54,192,4,2020–2021
mani12398,https://github.com/mani12398,78490831,2021-02,27,186,4,2020–2021
khalid-akhss19,https://github.com/khalid-akhss19,79373968,2021-02,49,171,4,2020–2021
zahid-marwat,https://github.com/zahid-marwat,79737553,2021-02,34,169,4,2020–2021
ahmeddcodd,https://github.com/ahmeddcodd,79371900,2021-02,21,164,4,2020–2021
muhammadhusnainshahid,https://github.com/muhammadhusnainshahid,79741701,2021-02,23,160,4,2020–2021
userFaizan,https://github.com/userFaizan,78432025,2021-02,16,150,4,2020–2021
ShaniDevelp,https://github.com/ShaniDevelp,79660812,2021-02,36,145,4,2020–2021
yruzayn,https://github.com/yruzayn,79624042,2021-02,6,127,4,2020–2021
sherax-ahmad,https://github.com/sherax-ahmad,79153229,2021-02,22,124,4,2020–2021
Hasnain2430,https://github.com/Hasnain2430,79749237,2021-02,20,123,4,2020–2021
tanveersultan53,https://github.com/tanveersultan53,79561082,2021-02,55,121,4,2020–2021
nauman-zahoor,https://github.com/nauman-zahoor,78961908,2021-02,18,114,4,2020–2021
pheonix666999,https://github.com/pheonix666999,78637534,2021-02,28,112,4,2020–2021
hameezk,https://github.com/hameezk,79436980,2021-02,21,108,4,2020–2021
StreetGUY32,https://github.com/StreetGUY32,78868874,2021-02,24,101,4,2020–2021
Hussainkhan199,https://github.com/Hussainkhan199,78353016,2021-02,46,93,4,2020–2021
raheelize,https://github.com/raheelize,78955443,2021-02,27,93,4,2020–2021
Bahadurahmedkhan,https://github.com/Bahadurahmedkhan,79690852,2021-02,14,89,4,2020–2021
muhammad-awais-eng,https://github.com/muhammad-awais-eng,79522171,2021-02,17,80,4,2020–2021
raiusamaa,https://github.com/raiusamaa,79646839,2021-02,13,79,4,2020–2021
fatimazahid014,https://github.com/fatimazahid014,79439387,2021-02,17,73,4,2020–2021
m-ali-hasnain,https://github.com/m-ali-hasnain,79736044,2021-02,53,69,4,2020–2021
husnain-ali21,https://github.com/husnain-ali21,79681335,2021-02,21,67,4,2020–2021
anser14,https://github.com/anser14,79392497,2021-02,18,62,4,2020–2021
malik-jahangir,https://github.com/malik-jahangir,79066776,2021-02,16,56,4,2020–2021
Fierce-1,https://github.com/Fierce-1,79372456,2021-02,8,53,4,2020–2021
atifrehman442,https://github.com/atifrehman442,78613062,2021-02,13,50,4,2020–2021
Khizarkhattak999,https://github.com/Khizarkhattak999,79536343,2021-02,19,40,4,2020–2021
rizwan441,https://github.com/rizwan441,78400593,2021-02,6,39,4,2020–2021
syedTahaRizwan,https://github.com/syedTahaRizwan,79469095,2021-02,8,38,4,2020–2021
rafayullah,https://github.com/rafayullah,78607831,2021-02,6,38,4,2020–2021
AfzaalChughtai,https://github.com/AfzaalChughtai,79208026,2021-02,11,36,4,2020–2021
baidarAhmad345,https://github.com/baidarAhmad345,78597196,2021-02,17,34,4,2020–2021
Razashah151,https://github.com/Razashah151,78371571,2021-02,6,33,4,2020–2021
shakeelafridi,https://github.com/shakeelafridi,78337225,2021-02,19,32,4,2020–2021
SherlyHolmez,https://github.com/SherlyHolmez,78872382,2021-02,21,24,4,2020–2021
AdnanAli98,https://github.com/AdnanAli98,79185470,2021-02,6,21,4,2020–2021
ZzaidzZ,https://github.com/ZzaidzZ,78892635,2021-02,6,18,4,2020–2021
JiaAli12345,https://github.com/JiaAli12345,79132916,2021-02,7,11,4,2020–2021
ba138,https://github.com/ba138,79844658,2021-03,34,2156,4,2020–2021
Faheem506pk,https://github.com/Faheem506pk,81044583,2021-03,41,1767,4,2020–2021
HamzaKaGit,https://github.com/HamzaKaGit,81691323,2021-03,26,1728,4,2020–2021
abdullahqaisar,https://github.com/abdullahqaisar,81035297,2021-03,37,686,4,2020–2021
Kashu-aka-lala,https://github.com/Kashu-aka-lala,80851392,2021-03,17,646,4,2020–2021
Saniusnain,https://github.com/Saniusnain,81373684,2021-03,39,586,4,2020–2021
Fatima-Mujahid,https://github.com/Fatima-Mujahid,80899001,2021-03,30,554,4,2020–2021
Usama-hub575,https://github.com/Usama-hub575,80713272,2021-03,11,539,4,2020–2021
ahmadkhan32,https://github.com/ahmadkhan32,80153827,2021-03,45,526,4,2020–2021
moe-moaid,https://github.com/moe-moaid,79970218,2021-03,32,512,4,2020–2021
Abskhan2001,https://github.com/Abskhan2001,80770135,2021-03,11,439,4,2020–2021
AbdulQadeer-55,https://github.com/AbdulQadeer-55,81652744,2021-03,70,422,4,2020–2021
fakhar-iqbal,https://github.com/fakhar-iqbal,80758276,2021-03,56,416,4,2020–2021
Ahsan-ShakoorK,https://github.com/Ahsan-ShakoorK,79865074,2021-03,27,415,4,2020–2021
muhammadasim01,https://github.com/muhammadasim01,80686330,2021-03,45,363,4,2020–2021
aliamir1402,https://github.com/aliamir1402,80505091,2021-03,26,329,4,2020–2021
ahmadafzal007,https://github.com/ahmadafzal007,81050295,2021-03,56,324,4,2020–2021
imran752310,https://github.com/imran752310,81646567,2021-03,54,315,4,2020–2021
i-umairkhan,https://github.com/i-umairkhan,81556052,2021-03,95,311,4,2020–2021
Abdul-Hanan-khan,https://github.com/Abdul-Hanan-khan,81586087,2021-03,52,306,4,2020–2021
WaheedAKhan947,https://github.com/WaheedAKhan947,80061131,2021-03,17,294,4,2020–2021
abidali05,https://github.com/abidali05,80045928,2021-03,46,290,4,2020–2021
ibrahimmansur4,https://github.com/ibrahimmansur4,81290322,2021-03,33,288,4,2020–2021
aasim-shah,https://github.com/aasim-shah,80262033,2021-03,95,281,4,2020–2021
RaoAsim,https://github.com/RaoAsim,80324350,2021-03,11,279,4,2020–2021
mateendev3,https://github.com/mateendev3,81102550,2021-03,19,261,4,2020–2021
muhammad-faizan-122,https://github.com/muhammad-faizan-122,80691157,2021-03,78,252,4,2020–2021
CaptainUnknown,https://github.com/CaptainUnknown,79987654,2021-03,13,251,4,2020–2021
abbassays,https://github.com/abbassays,81485231,2021-03,18,250,4,2020–2021
azad-nft,https://github.com/azad-nft,80064066,2021-03,12,236,4,2020–2021
AhsanYousaf,https://github.com/AhsanYousaf,80386700,2021-03,34,214,4,2020–2021
saada865,https://github.com/saada865,80025562,2021-03,41,210,4,2020–2021
Bushramjad,https://github.com/Bushramjad,80513387,2021-03,20,204,4,2020–2021
fawad526,https://github.com/fawad526,80574678,2021-03,53,200,4,2020–2021
ehtsham-shahbaz-98,https://github.com/ehtsham-shahbaz-98,81584630,2021-03,42,186,4,2020–2021
mohammad-malik,https://github.com/mohammad-malik,80257039,2021-03,20,185,4,2020–2021
Sarmad-47,https://github.com/Sarmad-47,80609603,2021-03,26,184,4,2020–2021
Amad-Ahmed,https://github.com/Amad-Ahmed,80278397,2021-03,50,179,4,2020–2021
Salman-Pixel,https://github.com/Salman-Pixel,80624021,2021-03,24,171,4,2020–2021
itzadnanhussain,https://github.com/itzadnanhussain,81087673,2021-03,18,170,4,2020–2021
mazeem77,https://github.com/mazeem77,80689390,2021-03,15,169,4,2020–2021
AsadUllahSiddiqui559,https://github.com/AsadUllahSiddiqui559,80839481,2021-03,22,153,4,2020–2021
azfarhussain-10p,https://github.com/azfarhussain-10p,81310231,2021-03,19,127,4,2020–2021
iafaqkhattak,https://github.com/iafaqkhattak,80471315,2021-03,15,121,4,2020–2021
Anasbinfaisal,https://github.com/Anasbinfaisal,81624987,2021-03,34,119,4,2020–2021
humza-kakar-DEV,https://github.com/humza-kakar-DEV,81248965,2021-03,10,108,4,2020–2021
AsadHayat89,https://github.com/AsadHayat89,80703188,2021-03,39,103,4,2020–2021
Ashfaqali7,https://github.com/Ashfaqali7,80484301,2021-03,43,101,4,2020–2021
shireenkhan-developer,https://github.com/shireenkhan-developer,81643177,2021-03,14,99,4,2020–2021
ahmed-jawad828,https://github.com/ahmed-jawad828,79979258,2021-03,21,97,4,2020–2021
Mmunib059,https://github.com/Mmunib059,80894553,2021-03,6,87,4,2020–2021
Sabih-Ul-Hassan,https://github.com/Sabih-Ul-Hassan,80682421,2021-03,10,79,4,2020–2021
akhonzada18,https://github.com/akhonzada18,80271408,2021-03,11,76,4,2020–2021
zarrar-malik,https://github.com/zarrar-malik,81554751,2021-03,8,74,4,2020–2021
moaviyah,https://github.com/moaviyah,81566457,2021-03,18,73,4,2020–2021
muhammadhammadjamil,https://github.com/muhammadhammadjamil,81550872,2021-03,35,71,4,2020–2021
Ali508208,https://github.com/Ali508208,79903485,2021-03,21,69,4,2020–2021
abrar-balti,https://github.com/abrar-balti,80289777,2021-03,20,69,4,2020–2021
FahadAliQureshi,https://github.com/FahadAliQureshi,81529445,2021-03,49,66,4,2020–2021
Akhwandzada1,https://github.com/Akhwandzada1,80332339,2021-03,6,66,4,2020–2021
IamZeek,https://github.com/IamZeek,80202081,2021-03,17,64,4,2020–2021
Mazamkhalid,https://github.com/Mazamkhalid,81141453,2021-03,12,64,4,2020–2021
Hadiiraza,https://github.com/Hadiiraza,80599421,2021-03,13,63,4,2020–2021
Bilal-Nadeem,https://github.com/Bilal-Nadeem,80921725,2021-03,13,62,4,2020–2021
MoonRana,https://github.com/MoonRana,80005251,2021-03,26,55,4,2020–2021
Haider226396-dev,https://github.com/Haider226396-dev,80505642,2021-03,18,55,4,2020–2021
Tayyba-Adien,https://github.com/Tayyba-Adien,80195269,2021-03,10,52,4,2020–2021
MuhammadYaseen042,https://github.com/MuhammadYaseen042,80965156,2021-03,15,51,4,2020–2021
Ahmad-Rehman,https://github.com/Ahmad-Rehman,80106627,2021-03,8,49,4,2020–2021
MuhammadSajjad1111,https://github.com/MuhammadSajjad1111,80026509,2021-03,38,45,4,2020–2021
dedsec-ux,https://github.com/dedsec-ux,81221185,2021-03,21,45,4,2020–2021
abdulmoizhash,https://github.com/abdulmoizhash,80532791,2021-03,7,45,4,2020–2021
ashmunir,https://github.com/ashmunir,80239938,2021-03,21,43,4,2020–2021
MuhammadTufailAli,https://github.com/MuhammadTufailAli,80455451,2021-03,12,43,4,2020–2021
muzzamil812,https://github.com/muzzamil812,80306535,2021-03,7,42,4,2020–2021
Shoaib-A,https://github.com/Shoaib-A,81385193,2021-03,14,41,4,2020–2021
SamiAsghar,https://github.com/SamiAsghar,81692690,2021-03,7,41,4,2020–2021
AsadZaman177,https://github.com/AsadZaman177,80310216,2021-03,7,35,4,2020–2021
FatimaTuZahra1,https://github.com/FatimaTuZahra1,81642282,2021-03,6,34,4,2020–2021
malikjawad34,https://github.com/malikjawad34,81247883,2021-03,6,34,4,2020–2021
Engr-M-Tahir,https://github.com/Engr-M-Tahir,81210991,2021-03,6,32,4,2020–2021
arid1182,https://github.com/arid1182,81035765,2021-03,64,30,4,2020–2021
nouman-iftikhar,https://github.com/nouman-iftikhar,81663907,2021-03,13,27,4,2020–2021
tanveerabid,https://github.com/tanveerabid,81469212,2021-03,11,27,4,2020–2021
mathsm9075,https://github.com/mathsm9075,81362899,2021-03,17,25,4,2020–2021
qaxim-malik,https://github.com/qaxim-malik,81699451,2021-03,7,25,4,2020–2021
ka7em,https://github.com/ka7em,81303182,2021-03,10,20,4,2020–2021
dilawar4566,https://github.com/dilawar4566,80331854,2021-03,9,19,4,2020–2021
Nashit2401,https://github.com/Nashit2401,81414698,2021-03,8,17,4,2020–2021
parkour619,https://github.com/parkour619,80394121,2021-03,6,14,4,2020–2021
ahxan115,https://github.com/ahxan115,80743697,2021-03,9,12,4,2020–2021
MehranIshtiaq,https://github.com/MehranIshtiaq,80805794,2021-03,9,11,4,2020–2021
rafay99-epic,https://github.com/rafay99-epic,82662797,2021-04,46,3434,4,2020–2021
MIbnEKhalid,https://github.com/MIbnEKhalid,83428194,2021-04,42,3179,4,2020–2021
iamMHamzaKhalid,https://github.com/iamMHamzaKhalid,82624529,2021-04,8,2812,4,2020–2021
Uzair-90,https://github.com/Uzair-90,82560744,2021-04,29,796,4,2020–2021
wasifkhan00,https://github.com/wasifkhan00,82050148,2021-04,44,487,4,2020–2021
zohaibadnan137,https://github.com/zohaibadnan137,82387424,2021-04,29,377,4,2020–2021
syedmubashiralii,https://github.com/syedmubashiralii,81847925,2021-04,48,343,4,2020–2021
osmanaziz11,https://github.com/osmanaziz11,83036591,2021-04,35,305,4,2020–2021
WajahatAliBasharat073,https://github.com/WajahatAliBasharat073,83087637,2021-04,35,288,4,2020–2021
JabbarKakar,https://github.com/JabbarKakar,82799184,2021-04,26,283,4,2020–2021
sammad1119,https://github.com/sammad1119,82171894,2021-04,10,260,4,2020–2021
Muhammad-Hassan-Farid,https://github.com/Muhammad-Hassan-Farid,82272332,2021-04,45,255,4,2020–2021
RehberOdhano,https://github.com/RehberOdhano,82058928,2021-04,38,254,4,2020–2021
jahadtariq,https://github.com/jahadtariq,82119480,2021-04,37,248,4,2020–2021
Saeedbuneri,https://github.com/Saeedbuneri,82374967,2021-04,14,224,4,2020–2021
musa-sohail,https://github.com/musa-sohail,83123527,2021-04,21,209,4,2020–2021
Alimurtaza330,https://github.com/Alimurtaza330,83366937,2021-04,28,186,4,2020–2021
LaraibKaleem,https://github.com/LaraibKaleem,82796710,2021-04,6,181,4,2020–2021
Rashida-Irshaad,https://github.com/Rashida-Irshaad,83310130,2021-04,17,177,4,2020–2021
maryam037,https://github.com/maryam037,82705267,2021-04,10,173,4,2020–2021
Mdxr,https://github.com/Mdxr,83152394,2021-04,19,169,4,2020–2021
laibayounas,https://github.com/laibayounas,82668927,2021-04,15,156,4,2020–2021
FahadInam,https://github.com/FahadInam,82653215,2021-04,15,152,4,2020–2021
CodewithAfaqRaza,https://github.com/CodewithAfaqRaza,82303158,2021-04,76,147,4,2020–2021
Areesha-Tahir,https://github.com/Areesha-Tahir,82057205,2021-04,20,138,4,2020–2021
hamzaqureshie130,https://github.com/hamzaqureshie130,82681665,2021-04,16,124,4,2020–2021
AfnanQureshi1,https://github.com/AfnanQureshi1,83282137,2021-04,26,123,4,2020–2021
abdullah-zia-22,https://github.com/abdullah-zia-22,82393213,2021-04,11,123,4,2020–2021
khalil72,https://github.com/khalil72,82217781,2021-04,24,122,4,2020–2021
haseeb0505,https://github.com/haseeb0505,82139263,2021-04,11,119,4,2020–2021
Zain-Pirzada,https://github.com/Zain-Pirzada,82041137,2021-04,25,117,4,2020–2021
Haris007-M,https://github.com/Haris007-M,82220233,2021-04,18,117,4,2020–2021
qamarsatti,https://github.com/qamarsatti,82649507,2021-04,17,105,4,2020–2021
umar453,https://github.com/umar453,83190352,2021-04,19,97,4,2020–2021
Shahzad572a,https://github.com/Shahzad572a,81874946,2021-04,20,92,4,2020–2021
abubakar61170,https://github.com/abubakar61170,82497270,2021-04,9,91,4,2020–2021
fahadkazmi25,https://github.com/fahadkazmi25,83158891,2021-04,16,90,4,2020–2021
Kiranadil,https://github.com/Kiranadil,83158579,2021-04,19,84,4,2020–2021
AnisAhmad1770,https://github.com/AnisAhmad1770,83420587,2021-04,13,81,4,2020–2021
salihhashmi99,https://github.com/salihhashmi99,82093715,2021-04,48,79,4,2020–2021
Nadeem404-cyber,https://github.com/Nadeem404-cyber,83266653,2021-04,32,79,4,2020–2021
saad-codes,https://github.com/saad-codes,83395021,2021-04,20,76,4,2020–2021
jahangeercs123,https://github.com/jahangeercs123,82614050,2021-04,23,70,4,2020–2021
Rafhan-hub,https://github.com/Rafhan-hub,83214418,2021-04,18,66,4,2020–2021
hidayetachak,https://github.com/hidayetachak,83386755,2021-04,10,66,4,2020–2021
Sanashaheen,https://github.com/Sanashaheen,82740940,2021-04,15,65,4,2020–2021
usama-yaseen,https://github.com/usama-yaseen,82576942,2021-04,16,61,4,2020–2021
hamas,https://github.com/hamas,83274459,2021-04,10,61,4,2020–2021
zuwanish,https://github.com/zuwanish,82759619,2021-04,19,59,4,2020–2021
mtaha686,https://github.com/mtaha686,82177864,2021-04,47,58,4,2020–2021
LuqmanKhanZai,https://github.com/LuqmanKhanZai,82702181,2021-04,7,56,4,2020–2021
ridaprivt,https://github.com/ridaprivt,83450460,2021-04,16,54,4,2020–2021
fawad4real,https://github.com/fawad4real,82650202,2021-04,11,52,4,2020–2021
MalaikaShabbir,https://github.com/MalaikaShabbir,83392102,2021-04,6,49,4,2020–2021
Saadadeel8,https://github.com/Saadadeel8,82210421,2021-04,13,48,4,2020–2021
abdulah-naeem,https://github.com/abdulah-naeem,81862208,2021-04,10,47,4,2020–2021
Ayman-Ayub,https://github.com/Ayman-Ayub,82724392,2021-04,40,43,4,2020–2021
Haxxan-raza,https://github.com/Haxxan-raza,82774274,2021-04,25,43,4,2020–2021
abdullahkhanwork,https://github.com/abdullahkhanwork,83444323,2021-04,26,40,4,2020–2021
mohsinmshabbir,https://github.com/mohsinmshabbir,83119436,2021-04,7,39,4,2020–2021
AliMubariz,https://github.com/AliMubariz,82537879,2021-04,8,38,4,2020–2021
saadshahzad1996,https://github.com/saadshahzad1996,82103219,2021-04,12,36,4,2020–2021
afham421,https://github.com/afham421,82696199,2021-04,17,34,4,2020–2021
CheemaMeshal,https://github.com/CheemaMeshal,82386942,2021-04,10,34,4,2020–2021
Ajwad-Syed,https://github.com/Ajwad-Syed,82203615,2021-04,13,32,4,2020–2021
Umar9780,https://github.com/Umar9780,82210932,2021-04,9,30,4,2020–2021
123456170,https://github.com/123456170,81944365,2021-04,86,28,4,2020–2021
mohsin-nazeer1214,https://github.com/mohsin-nazeer1214,82666079,2021-04,39,27,4,2020–2021
UzairURK,https://github.com/UzairURK,82904313,2021-04,24,21,4,2020–2021
DawarButt,https://github.com/DawarButt,83469893,2021-04,15,21,4,2020–2021
aittezaz,https://github.com/aittezaz,83247698,2021-04,10,20,4,2020–2021
baneen778,https://github.com/baneen778,82777221,2021-04,7,18,4,2020–2021
Majid557,https://github.com/Majid557,83026844,2021-04,17,17,4,2020–2021
HanzlaAli,https://github.com/HanzlaAli,81811375,2021-04,7,15,4,2020–2021
MuhammadTahaNaveed,https://github.com/MuhammadTahaNaveed,85064039,2021-05,20,51294,4,2020–2021
mtahirgulzar,https://github.com/mtahirgulzar,84261967,2021-05,34,1163,4,2020–2021
HibbanHaroon,https://github.com/HibbanHaroon,83750779,2021-05,33,589,4,2020–2021
muhammadmaarij,https://github.com/muhammadmaarij,84044169,2021-05,64,340,4,2020–2021
FahadIshaq,https://github.com/FahadIshaq,84046182,2021-05,37,337,4,2020–2021
humzah286,https://github.com/humzah286,84291615,2021-05,14,335,4,2020–2021
hammadcui20,https://github.com/hammadcui20,83962528,2021-05,38,298,4,2020–2021
gibran404,https://github.com/gibran404,83720612,2021-05,23,278,4,2020–2021
M-hassan-ch,https://github.com/M-hassan-ch,84528260,2021-05,55,273,4,2020–2021
fatima-Sami55,https://github.com/fatima-Sami55,84532632,2021-05,25,263,4,2020–2021
ShussainML,https://github.com/ShussainML,83750648,2021-05,35,237,4,2020–2021
majeed-abdul,https://github.com/majeed-abdul,84843558,2021-05,8,229,4,2020–2021
atif1994,https://github.com/atif1994,83690938,2021-05,15,217,4,2020–2021
mKaif1193,https://github.com/mKaif1193,83498731,2021-05,25,216,4,2020–2021
anas138,https://github.com/anas138,83574472,2021-05,30,210,4,2020–2021
abdulbasit34310,https://github.com/abdulbasit34310,84918376,2021-05,22,208,4,2020–2021
hadiaramzan2199,https://github.com/hadiaramzan2199,83647761,2021-05,22,189,4,2020–2021
umarzaman9,https://github.com/umarzaman9,84631534,2021-05,27,181,4,2020–2021
mashal02,https://github.com/mashal02,83532882,2021-05,28,174,4,2020–2021
zahidhussain123,https://github.com/zahidhussain123,84259071,2021-05,77,165,4,2020–2021
Talha-Ali-5365,https://github.com/Talha-Ali-5365,84662955,2021-05,20,157,4,2020–2021
iTanveerAhmad,https://github.com/iTanveerAhmad,84663541,2021-05,26,152,4,2020–2021
SNMakhdoom,https://github.com/SNMakhdoom,84965124,2021-05,22,148,4,2020–2021
MuhammadAli511,https://github.com/MuhammadAli511,83888735,2021-05,12,147,4,2020–2021
Haider12212,https://github.com/Haider12212,84367962,2021-05,24,139,4,2020–2021
MuhammadMomin504,https://github.com/MuhammadMomin504,84543663,2021-05,6,120,4,2020–2021
NomanShahRaza,https://github.com/NomanShahRaza,84965044,2021-05,9,106,4,2020–2021
khushi8686,https://github.com/khushi8686,84716396,2021-05,39,93,4,2020–2021
akasami,https://github.com/akasami,84683208,2021-05,18,91,4,2020–2021
abdulbasitofficial,https://github.com/abdulbasitofficial,83729493,2021-05,12,87,4,2020–2021
MujahidAli954,https://github.com/MujahidAli954,84895024,2021-05,49,85,4,2020–2021
mahzaz1,https://github.com/mahzaz1,84789877,2021-05,45,77,4,2020–2021
SajaAbdullah,https://github.com/SajaAbdullah,83922375,2021-05,6,75,4,2020–2021
AliSyedNaqvi,https://github.com/AliSyedNaqvi,84779601,2021-05,9,68,4,2020–2021
SheheryarYounas,https://github.com/SheheryarYounas,85053835,2021-05,8,67,4,2020–2021
Ahmadusama1122,https://github.com/Ahmadusama1122,83639015,2021-05,21,66,4,2020–2021
amirbangash19,https://github.com/amirbangash19,83805700,2021-05,14,66,4,2020–2021
Kaleem-sarwar,https://github.com/Kaleem-sarwar,83673087,2021-05,21,61,4,2020–2021
muneebmughal434,https://github.com/muneebmughal434,85062890,2021-05,12,46,4,2020–2021
gulmuhammad-sudo,https://github.com/gulmuhammad-sudo,84471495,2021-05,6,45,4,2020–2021
Devhamza-glitch,https://github.com/Devhamza-glitch,83738912,2021-05,14,39,4,2020–2021
Kalim-dev,https://github.com/Kalim-dev,84980929,2021-05,8,33,4,2020–2021
Osama-Arif,https://github.com/Osama-Arif,83866063,2021-05,7,32,4,2020–2021
maahey-inc,https://github.com/maahey-inc,85067417,2021-05,11,28,4,2020–2021
Sameer-Doultana,https://github.com/Sameer-Doultana,84728010,2021-05,6,28,4,2020–2021
hammadakbar098,https://github.com/hammadakbar098,84633753,2021-05,7,27,4,2020–2021
Muqeet07,https://github.com/Muqeet07,83536592,2021-05,6,27,4,2020–2021
AfshanRehman,https://github.com/AfshanRehman,85066891,2021-05,11,23,4,2020–2021
anzala654,https://github.com/anzala654,84645930,2021-05,8,23,4,2020–2021
usamaejaz455,https://github.com/usamaejaz455,84090512,2021-05,13,22,4,2020–2021
WaleedKhan296,https://github.com/WaleedKhan296,83844022,2021-05,12,22,4,2020–2021
Osama156,https://github.com/Osama156,84307038,2021-05,7,22,4,2020–2021
hassan27307,https://github.com/hassan27307,84508775,2021-05,11,20,4,2020–2021
sunnybutt512,https://github.com/sunnybutt512,84872957,2021-05,8,20,4,2020–2021
GabenKhan1,https://github.com/GabenKhan1,83494073,2021-05,11,18,4,2020–2021
Maaz-Ge,https://github.com/Maaz-Ge,84761967,2021-05,9,18,4,2020–2021
Ezhar-Ahmad,https://github.com/Ezhar-Ahmad,84367964,2021-05,9,15,4,2020–2021
Yasirrazaa,https://github.com/Yasirrazaa,86737976,2021-06,54,1136,4,2020–2021
haiderBukhari,https://github.com/haiderBukhari,85192296,2021-06,123,807,4,2020–2021
afaqahmmd,https://github.com/afaqahmmd,85556646,2021-06,29,561,4,2020–2021
sherryjutt932,https://github.com/sherryjutt932,85832754,2021-06,37,492,4,2020–2021
captainWaheed,https://github.com/captainWaheed,86144678,2021-06,50,473,4,2020–2021
thehamzaihsan,https://github.com/thehamzaihsan,85873694,2021-06,79,470,4,2020–2021
Dolat-Hamza,https://github.com/Dolat-Hamza,85870510,2021-06,37,395,4,2020–2021
salman-taj,https://github.com/salman-taj,85152670,2021-06,6,354,4,2020–2021
HuzaifaIlyas02,https://github.com/HuzaifaIlyas02,86406012,2021-06,22,327,4,2020–2021
waleed46shah,https://github.com/waleed46shah,85634608,2021-06,41,325,4,2020–2021
lizaemran,https://github.com/lizaemran,85815022,2021-06,14,324,4,2020–2021
mahsanr44,https://github.com/mahsanr44,85756383,2021-06,50,323,4,2020–2021
Yasir-Awan,https://github.com/Yasir-Awan,86714599,2021-06,12,315,4,2020–2021
mohsinparvi,https://github.com/mohsinparvi,86055307,2021-06,40,309,4,2020–2021
Vision-At-SEECS,https://github.com/Vision-At-SEECS,86110742,2021-06,38,305,4,2020–2021
DeepakKumarKhatri,https://github.com/DeepakKumarKhatri,86526696,2021-06,77,274,4,2020–2021
shadabshah1680,https://github.com/shadabshah1680,85732713,2021-06,32,240,4,2020–2021
se7en69,https://github.com/se7en69,86162522,2021-06,31,227,4,2020–2021
Ibtihaj-Abdullah,https://github.com/Ibtihaj-Abdullah,85163024,2021-06,27,216,4,2020–2021
hammadkk,https://github.com/hammadkk,85316531,2021-06,21,201,4,2020–2021
HarisChandio,https://github.com/HarisChandio,86180280,2021-06,34,198,4,2020–2021
hamzakhan218,https://github.com/hamzakhan218,86388543,2021-06,47,196,4,2020–2021
MuhammadIshaqSkd,https://github.com/MuhammadIshaqSkd,86513377,2021-06,24,180,4,2020–2021
khadijatuzzehra,https://github.com/khadijatuzzehra,85631782,2021-06,22,176,4,2020–2021
malikrizwan177,https://github.com/malikrizwan177,85305636,2021-06,20,175,4,2020–2021
saadat309,https://github.com/saadat309,85444441,2021-06,21,174,4,2020–2021
muhammadrao1246,https://github.com/muhammadrao1246,85819112,2021-06,15,164,4,2020–2021
zohairahmedai,https://github.com/zohairahmedai,86044734,2021-06,10,163,4,2020–2021
MeerMuneeb,https://github.com/MeerMuneeb,85280053,2021-06,19,161,4,2020–2021
fruitptr,https://github.com/fruitptr,86118125,2021-06,18,161,4,2020–2021
mohsinjavedcheema,https://github.com/mohsinjavedcheema,86498762,2021-06,15,159,4,2020–2021
behzadqasim,https://github.com/behzadqasim,86452588,2021-06,23,158,4,2020–2021
CODE-ZAX,https://github.com/CODE-ZAX,86313946,2021-06,21,158,4,2020–2021
awaisshafi6164,https://github.com/awaisshafi6164,85963441,2021-06,41,154,4,2020–2021
GZain015,https://github.com/GZain015,85392231,2021-06,9,151,4,2020–2021
MuhammadRomanKhan717,https://github.com/MuhammadRomanKhan717,86658178,2021-06,7,149,4,2020–2021
KamranUmer,https://github.com/KamranUmer,86089489,2021-06,32,144,4,2020–2021
tanzeelRehman,https://github.com/tanzeelRehman,86554649,2021-06,19,137,4,2020–2021
Sayedts7,https://github.com/Sayedts7,85859698,2021-06,45,136,4,2020–2021
touseefx2,https://github.com/touseefx2,85750556,2021-06,16,131,4,2020–2021
Dawood-Hamayun,https://github.com/Dawood-Hamayun,86553666,2021-06,21,130,4,2020–2021
zainali44,https://github.com/zainali44,86017733,2021-06,33,128,4,2020–2021
dkay7223,https://github.com/dkay7223,85828689,2021-06,58,120,4,2020–2021
aounmustafa,https://github.com/aounmustafa,85194128,2021-06,17,120,4,2020–2021
zeeshanali10771,https://github.com/zeeshanali10771,85901974,2021-06,30,115,4,2020–2021
Hafsa191097,https://github.com/Hafsa191097,85556707,2021-06,33,107,4,2020–2021
parallax-geo,https://github.com/parallax-geo,85847412,2021-06,22,102,4,2020–2021
ArslanFarooq3715,https://github.com/ArslanFarooq3715,86330442,2021-06,14,96,4,2020–2021
zaid-mahboob,https://github.com/zaid-mahboob,86043258,2021-06,16,94,4,2020–2021
MehranAkbar,https://github.com/MehranAkbar,85562241,2021-06,7,91,4,2020–2021
naqeeb108,https://github.com/naqeeb108,85415526,2021-06,19,90,4,2020–2021
nouman0557,https://github.com/nouman0557,85476155,2021-06,8,86,4,2020–2021
NewHorizons123,https://github.com/NewHorizons123,86145136,2021-06,36,85,4,2020–2021
wajahatmasood,https://github.com/wajahatmasood,85824164,2021-06,20,81,4,2020–2021
KhadijaAbbasi,https://github.com/KhadijaAbbasi,85893701,2021-06,46,80,4,2020–2021
MirzaYaseen,https://github.com/MirzaYaseen,85738256,2021-06,26,79,4,2020–2021
sameerxdev,https://github.com/sameerxdev,85758118,2021-06,31,66,4,2020–2021
kaship8,https://github.com/kaship8,86295676,2021-06,13,66,4,2020–2021
farrukh-siddiqui,https://github.com/farrukh-siddiqui,85842061,2021-06,21,59,4,2020–2021
SE-Umee,https://github.com/SE-Umee,86178239,2021-06,18,58,4,2020–2021
chernoya,https://github.com/chernoya,86347560,2021-06,8,58,4,2020–2021
danish-sudo,https://github.com/danish-sudo,85696870,2021-06,11,56,4,2020–2021
Nauman54,https://github.com/Nauman54,85557763,2021-06,23,53,4,2020–2021
HamadAli07,https://github.com/HamadAli07,85795756,2021-06,10,46,4,2020–2021
yousafkamran02,https://github.com/yousafkamran02,86568730,2021-06,17,43,4,2020–2021
roshi12,https://github.com/roshi12,86097557,2021-06,21,41,4,2020–2021
rahim7566,https://github.com/rahim7566,85680783,2021-06,6,34,4,2020–2021
Usamarr,https://github.com/Usamarr,85840784,2021-06,7,29,4,2020–2021
areebsatti-official,https://github.com/areebsatti-official,86219760,2021-06,7,29,4,2020–2021
saadshafqat,https://github.com/saadshafqat,85824835,2021-06,7,24,4,2020–2021
Zarrar456,https://github.com/Zarrar456,85961196,2021-06,15,21,4,2020–2021
alyanquddoos111,https://github.com/alyanquddoos111,85556228,2021-06,8,21,4,2020–2021
fahadsarwar191130,https://github.com/fahadsarwar191130,85784549,2021-06,13,19,4,2020–2021
Samdani1,https://github.com/Samdani1,85519060,2021-06,7,16,4,2020–2021
AhmedAffan786,https://github.com/AhmedAffan786,85383906,2021-06,8,15,4,2020–2021
Furqan5734-fdk,https://github.com/Furqan5734-fdk,85651604,2021-06,8,15,4,2020–2021
kashif111777,https://github.com/kashif111777,86497177,2021-06,12,14,4,2020–2021
Shameel66,https://github.com/Shameel66,86071224,2021-06,7,14,4,2020–2021
Ali3570,https://github.com/Ali3570,85633582,2021-06,7,14,4,2020–2021
sajawal991,https://github.com/sajawal991,86125591,2021-06,10,13,4,2020–2021
i191217,https://github.com/i191217,87532464,2021-07,22,3181,4,2020–2021
afaqinnovo,https://github.com/afaqinnovo,87969167,2021-07,17,2622,4,2020–2021
Hadees621,https://github.com/Hadees621,88141873,2021-07,15,1473,4,2020–2021
thatdevopsengineer,https://github.com/thatdevopsengineer,87219816,2021-07,69,1258,4,2020–2021
zakiyousufi,https://github.com/zakiyousufi,87229464,2021-07,57,1148,4,2020–2021
moiz67932,https://github.com/moiz67932,87569770,2021-07,60,982,4,2020–2021
wajidweb,https://github.com/wajidweb,88149763,2021-07,24,595,4,2020–2021
ArqamWaheed,https://github.com/ArqamWaheed,86839084,2021-07,46,465,4,2020–2021
haseebcheema,https://github.com/haseebcheema,88078231,2021-07,29,406,4,2020–2021
Sohaib-Sana,https://github.com/Sohaib-Sana,87010375,2021-07,19,367,4,2020–2021
iMohsinbalti,https://github.com/iMohsinbalti,87361294,2021-07,32,340,4,2020–2021
Hammadi6289,https://github.com/Hammadi6289,87120251,2021-07,34,333,4,2020–2021
hamzahsaeeds,https://github.com/hamzahsaeeds,87268902,2021-07,22,238,4,2020–2021
m7adeel,https://github.com/m7adeel,87698014,2021-07,17,210,4,2020–2021
mxiid,https://github.com/mxiid,86907057,2021-07,11,198,4,2020–2021
muhammadnaqeeb,https://github.com/muhammadnaqeeb,88126218,2021-07,68,188,4,2020–2021
mfarrukh14,https://github.com/mfarrukh14,87035938,2021-07,27,182,4,2020–2021
areejrazzaq,https://github.com/areejrazzaq,88159183,2021-07,22,173,4,2020–2021
fahadsheikh003,https://github.com/fahadsheikh003,87650614,2021-07,93,163,4,2020–2021
Farrukh-zaman,https://github.com/Farrukh-zaman,87033548,2021-07,27,154,4,2020–2021
MehranSangrasi,https://github.com/MehranSangrasi,87981685,2021-07,9,153,4,2020–2021
mab98,https://github.com/mab98,87131623,2021-07,9,139,4,2020–2021
uzair-javed-1,https://github.com/uzair-javed-1,87343845,2021-07,29,120,4,2020–2021
farhadnazir,https://github.com/farhadnazir,87421909,2021-07,12,117,4,2020–2021
usama03488,https://github.com/usama03488,87887190,2021-07,39,116,4,2020–2021
hamzaatalif,https://github.com/hamzaatalif,88247831,2021-07,37,110,4,2020–2021
abubakrshykh,https://github.com/abubakrshykh,87150134,2021-07,17,109,4,2020–2021
hafeezullah211,https://github.com/hafeezullah211,87182346,2021-07,32,107,4,2020–2021
Hashi-ktk,https://github.com/Hashi-ktk,87969566,2021-07,21,100,4,2020–2021
TalatNaeem,https://github.com/TalatNaeem,88102114,2021-07,22,99,4,2020–2021
FaiqJamal,https://github.com/FaiqJamal,87356567,2021-07,25,96,4,2020–2021
mtayyab03,https://github.com/mtayyab03,88092687,2021-07,36,94,4,2020–2021
hadi3112,https://github.com/hadi3112,87732927,2021-07,22,88,4,2020–2021
omairmir,https://github.com/omairmir,87528772,2021-07,12,88,4,2020–2021
danyalarif,https://github.com/danyalarif,87372881,2021-07,23,86,4,2020–2021
SaadWaheed10,https://github.com/SaadWaheed10,87109506,2021-07,20,83,4,2020–2021
turingtechPK,https://github.com/turingtechPK,88223175,2021-07,28,82,4,2020–2021
quassainraza,https://github.com/quassainraza,86809668,2021-07,34,80,4,2020–2021
Kaleem137,https://github.com/Kaleem137,87889855,2021-07,19,65,4,2020–2021
Dilawar-khan87,https://github.com/Dilawar-khan87,87207852,2021-07,22,55,4,2020–2021
mdanish-kh,https://github.com/mdanish-kh,88161975,2021-07,50,51,4,2020–2021
HassanRaza02,https://github.com/HassanRaza02,87134586,2021-07,9,49,4,2020–2021
Abdulwadood39,https://github.com/Abdulwadood39,87587736,2021-07,10,48,4,2020–2021
DearBug404,https://github.com/DearBug404,88113011,2021-07,9,34,4,2020–2021
ArifAly,https://github.com/ArifAly,87982097,2021-07,9,32,4,2020–2021
Lawangeen-Khan,https://github.com/Lawangeen-Khan,86892266,2021-07,11,31,4,2020–2021
xhayankhan,https://github.com/xhayankhan,87603317,2021-07,6,26,4,2020–2021
ZeghamAfaq,https://github.com/ZeghamAfaq,87923582,2021-07,8,24,4,2020–2021
mumar7007,https://github.com/mumar7007,87116083,2021-07,7,23,4,2020–2021
husnain1721,https://github.com/husnain1721,87139632,2021-07,8,21,4,2020–2021
ahmadexe,https://github.com/ahmadexe,89170825,2021-08,97,1856,4,2020–2021
a-wakeel,https://github.com/a-wakeel,88832999,2021-08,16,1714,4,2020–2021
muneebulhassanpak,https://github.com/muneebulhassanpak,89163579,2021-08,52,708,4,2020–2021
Fatima-hub333,https://github.com/Fatima-hub333,89512061,2021-08,132,680,4,2020–2021
mujtabacodes,https://github.com/mujtabacodes,89851078,2021-08,48,680,4,2020–2021
FARHADGULL,https://github.com/FARHADGULL,89342676,2021-08,18,653,4,2020–2021
S44dMas00d,https://github.com/S44dMas00d,88613255,2021-08,35,646,4,2020–2021
mda1458,https://github.com/mda1458,88603558,2021-08,33,585,4,2020–2021
asajjad2,https://github.com/asajjad2,89740222,2021-08,48,555,4,2020–2021
MuhammadUmarMalik,https://github.com/MuhammadUmarMalik,89419975,2021-08,34,445,4,2020–2021
mustaqimjaffri046,https://github.com/mustaqimjaffri046,89236528,2021-08,19,441,4,2020–2021
MuftiAnees,https://github.com/MuftiAnees,89216202,2021-08,25,403,4,2020–2021
ars2711,https://github.com/ars2711,88830771,2021-08,18,373,4,2020–2021
supolaris,https://github.com/supolaris,88381507,2021-08,53,340,4,2020–2021
raheel-zp,https://github.com/raheel-zp,89260065,2021-08,14,274,4,2020–2021
Hassan-293,https://github.com/Hassan-293,88833393,2021-08,26,248,4,2020–2021
tHe-DeVeLoPe-R,https://github.com/tHe-DeVeLoPe-R,89329730,2021-08,27,240,4,2020–2021
owacez,https://github.com/owacez,89311067,2021-08,17,240,4,2020–2021
xort-sol,https://github.com/xort-sol,89352362,2021-08,54,222,4,2020–2021
sahil1962,https://github.com/sahil1962,88630749,2021-08,31,221,4,2020–2021
hamzaanwardev,https://github.com/hamzaanwardev,88555920,2021-08,70,200,4,2020–2021
khansaud3551,https://github.com/khansaud3551,88683566,2021-08,20,200,4,2020–2021
arshaqK,https://github.com/arshaqK,88348611,2021-08,26,190,4,2020–2021
AwaisQureshi645,https://github.com/AwaisQureshi645,89872888,2021-08,52,186,4,2020–2021
MTariq99,https://github.com/MTariq99,89033311,2021-08,39,154,4,2020–2021
Kifal15,https://github.com/Kifal15,88394912,2021-08,33,153,4,2020–2021
ahmzz,https://github.com/ahmzz,88961479,2021-08,33,141,4,2020–2021
ABAbdulah,https://github.com/ABAbdulah,89691370,2021-08,45,139,4,2020–2021
muhammadahmadelia,https://github.com/muhammadahmadelia,88383739,2021-08,15,138,4,2020–2021
ammaridreesai,https://github.com/ammaridreesai,89137127,2021-08,10,138,4,2020–2021
Ahmad6564,https://github.com/Ahmad6564,89437620,2021-08,21,135,4,2020–2021
AsimAli10,https://github.com/AsimAli10,88380624,2021-08,22,134,4,2020–2021
muhammadsohail17,https://github.com/muhammadsohail17,89841835,2021-08,28,128,4,2020–2021
abdurehman2,https://github.com/abdurehman2,88924045,2021-08,29,126,4,2020–2021
WaleedAzhar25,https://github.com/WaleedAzhar25,89523250,2021-08,42,118,4,2020–2021
FahadRamzan,https://github.com/FahadRamzan,88324452,2021-08,8,117,4,2020–2021
Tronayy,https://github.com/Tronayy,88340477,2021-08,13,111,4,2020–2021
builtwithmtw,https://github.com/builtwithmtw,89306297,2021-08,55,108,4,2020–2021
razaquegoraya-ai,https://github.com/razaquegoraya-ai,88664048,2021-08,87,106,4,2020–2021
Talha00Abbas,https://github.com/Talha00Abbas,88454435,2021-08,15,105,4,2020–2021
ArslanTiwana,https://github.com/ArslanTiwana,89481332,2021-08,9,103,4,2020–2021
nawazfdev,https://github.com/nawazfdev,88885816,2021-08,45,102,4,2020–2021
shanafzal060,https://github.com/shanafzal060,89767641,2021-08,28,102,4,2020–2021
salmanahmad2,https://github.com/salmanahmad2,88362552,2021-08,18,102,4,2020–2021
ShahzainBaloch,https://github.com/ShahzainBaloch,89686524,2021-08,35,97,4,2020–2021
ahmed-danjuma-ibn-harun,https://github.com/ahmed-danjuma-ibn-harun,89584924,2021-08,6,96,4,2020–2021
DanishAqib,https://github.com/DanishAqib,88640467,2021-08,13,94,4,2020–2021
salalinnocent,https://github.com/salalinnocent,88629866,2021-08,14,93,4,2020–2021
syedalishah009,https://github.com/syedalishah009,89294064,2021-08,66,92,4,2020–2021
Jibran181,https://github.com/Jibran181,88442417,2021-08,6,88,4,2020–2021
AmirAslam1234,https://github.com/AmirAslam1234,88270586,2021-08,20,79,4,2020–2021
uor25,https://github.com/uor25,89806380,2021-08,12,75,4,2020–2021
mahariaz,https://github.com/mahariaz,89377068,2021-08,11,74,4,2020–2021
BadarDaad,https://github.com/BadarDaad,89187127,2021-08,23,71,4,2020–2021
sikandertariq,https://github.com/sikandertariq,89202153,2021-08,16,71,4,2020–2021
Hamza0220,https://github.com/Hamza0220,88683682,2021-08,10,70,4,2020–2021
rahmatullahbaheer,https://github.com/rahmatullahbaheer,88454209,2021-08,12,69,4,2020–2021
JoshuaShalim,https://github.com/JoshuaShalim,89259536,2021-08,11,64,4,2020–2021
fizzahhashmi-10p,https://github.com/fizzahhashmi-10p,89358135,2021-08,7,64,4,2020–2021
Muhammad-Danyal,https://github.com/Muhammad-Danyal,88345896,2021-08,50,60,4,2020–2021
ehtishamaliofficial,https://github.com/ehtishamaliofficial,89692669,2021-08,23,60,4,2020–2021
shahrukhhmm,https://github.com/shahrukhhmm,89530184,2021-08,15,60,4,2020–2021
Shanroghanii,https://github.com/Shanroghanii,89079928,2021-08,14,59,4,2020–2021
WasilB,https://github.com/WasilB,88398470,2021-08,27,57,4,2020–2021
itxnaeem007,https://github.com/itxnaeem007,89545777,2021-08,34,55,4,2020–2021
asimusman7832,https://github.com/asimusman7832,88661776,2021-08,17,46,4,2020–2021
HaiderAli785,https://github.com/HaiderAli785,88369234,2021-08,9,43,4,2020–2021
ahmadr111,https://github.com/ahmadr111,89716543,2021-08,12,40,4,2020–2021
MohsinAslam186,https://github.com/MohsinAslam186,89154404,2021-08,12,38,4,2020–2021
mr-janjua,https://github.com/mr-janjua,88295677,2021-08,8,38,4,2020–2021
BilalTariq01,https://github.com/BilalTariq01,88367447,2021-08,11,34,4,2020–2021
wasimkhan042,https://github.com/wasimkhan042,89847514,2021-08,11,34,4,2020–2021
Arslankhan9000,https://github.com/Arslankhan9000,89131502,2021-08,8,31,4,2020–2021
khobaibkhan117,https://github.com/khobaibkhan117,89683819,2021-08,19,28,4,2020–2021
Tahaiqbal1,https://github.com/Tahaiqbal1,89680502,2021-08,10,27,4,2020–2021
muhammadumerali,https://github.com/muhammadumerali,88564112,2021-08,10,26,4,2020–2021
Shera9,https://github.com/Shera9,89355967,2021-08,13,23,4,2020–2021
noorwhocodes,https://github.com/noorwhocodes,89426119,2021-08,7,23,4,2020–2021
Xenon1357,https://github.com/Xenon1357,89748154,2021-08,11,22,4,2020–2021
areeshamaliik,https://github.com/areeshamaliik,88483642,2021-08,9,17,4,2020–2021
mooncoderz,https://github.com/mooncoderz,88434145,2021-08,7,17,4,2020–2021
maheerarshad,https://github.com/maheerarshad,89311631,2021-08,6,16,4,2020–2021
noman158,https://github.com/noman158,88308826,2021-08,9,13,4,2020–2021
zainmalik01,https://github.com/zainmalik01,89747234,2021-08,9,13,4,2020–2021
BilalKhanT,https://github.com/BilalKhanT,91415412,2021-09,28,1632,4,2020–2021
hamadhk7,https://github.com/hamadhk7,90574400,2021-09,16,1620,4,2020–2021
ihtizazahmad,https://github.com/ihtizazahmad,90497218,2021-09,22,1484,4,2020–2021
Ctoic,https://github.com/Ctoic,90936436,2021-09,145,1372,4,2020–2021
AqibNiazi,https://github.com/AqibNiazi,91584862,2021-09,71,773,4,2020–2021
Abdullah-moiz,https://github.com/Abdullah-moiz,90745903,2021-09,37,606,4,2020–2021
atifkhan77,https://github.com/atifkhan77,90444618,2021-09,53,522,4,2020–2021
AbdullahYousaf-13,https://github.com/AbdullahYousaf-13,90313841,2021-09,19,503,4,2020–2021
Abdullah-Arshad03,https://github.com/Abdullah-Arshad03,91588109,2021-09,37,487,4,2020–2021
sheharyarone,https://github.com/sheharyarone,91121283,2021-09,24,487,4,2020–2021
DawoodKMasood,https://github.com/DawoodKMasood,91176669,2021-09,27,476,4,2020–2021
farehiqbal,https://github.com/farehiqbal,91197082,2021-09,29,445,4,2020–2021
frazbhattiiii,https://github.com/frazbhattiiii,91284347,2021-09,44,361,4,2020–2021
mfahadm8,https://github.com/mfahadm8,90320500,2021-09,50,354,4,2020–2021
geetu040,https://github.com/geetu040,90601662,2021-09,47,342,4,2020–2021
armangral,https://github.com/armangral,91218206,2021-09,34,335,4,2020–2021
Ayeshamjad,https://github.com/Ayeshamjad,91632705,2021-09,34,323,4,2020–2021
Muneeb244,https://github.com/Muneeb244,91079744,2021-09,37,314,4,2020–2021
AA961,https://github.com/AA961,90970543,2021-09,33,305,4,2020–2021
asifjaved-dev,https://github.com/asifjaved-dev,90240025,2021-09,24,295,4,2020–2021
Ali13978,https://github.com/Ali13978,91008278,2021-09,35,281,4,2020–2021
umerfaro,https://github.com/umerfaro,90244353,2021-09,56,276,4,2020–2021
rauf17,https://github.com/rauf17,90303986,2021-09,19,276,4,2020–2021
asifkhan9795,https://github.com/asifkhan9795,91658655,2021-09,38,274,4,2020–2021
usama-x930,https://github.com/usama-x930,89911087,2021-09,12,244,4,2020–2021
aleenafatimakhalid,https://github.com/aleenafatimakhalid,91688402,2021-09,36,240,4,2020–2021
ArshadHabib,https://github.com/ArshadHabib,90561248,2021-09,15,237,4,2020–2021
i190605,https://github.com/i190605,90527062,2021-09,37,230,4,2020–2021
Uzi78,https://github.com/Uzi78,91158729,2021-09,11,229,4,2020–2021
Abubakar-Sattar,https://github.com/Abubakar-Sattar,90573878,2021-09,35,224,4,2020–2021
RMTabish,https://github.com/RMTabish,91379671,2021-09,32,218,4,2020–2021
moiahm886,https://github.com/moiahm886,90629660,2021-09,26,217,4,2020–2021
RafayKhattak,https://github.com/RafayKhattak,90026724,2021-09,31,215,4,2020–2021
atif987,https://github.com/atif987,90234856,2021-09,13,207,4,2020–2021
MK61395,https://github.com/MK61395,91327646,2021-09,50,204,4,2020–2021
muhammadalihussnain,https://github.com/muhammadalihussnain,91005947,2021-09,49,195,4,2020–2021
wasaamqazi,https://github.com/wasaamqazi,90903450,2021-09,21,187,4,2020–2021
mujtabadustox,https://github.com/mujtabadustox,90598402,2021-09,49,175,4,2020–2021
UzairAhmadKhattak,https://github.com/UzairAhmadKhattak,90093935,2021-09,18,160,4,2020–2021
MuhammadUmairArshad,https://github.com/MuhammadUmairArshad,90922158,2021-09,11,153,4,2020–2021
jawad114,https://github.com/jawad114,90235305,2021-09,35,146,4,2020–2021
AliMustafa253,https://github.com/AliMustafa253,91639328,2021-09,16,146,4,2020–2021
MAbrarulhaq,https://github.com/MAbrarulhaq,91060008,2021-09,24,128,4,2020–2021
M-Jamal-K,https://github.com/M-Jamal-K,91218251,2021-09,20,127,4,2020–2021
QURATT,https://github.com/QURATT,90550363,2021-09,19,127,4,2020–2021
ShahidHameed4,https://github.com/ShahidHameed4,90132007,2021-09,27,122,4,2020–2021
abdulsamie10,https://github.com/abdulsamie10,90323643,2021-09,64,121,4,2020–2021
hareem7bilal,https://github.com/hareem7bilal,91612899,2021-09,56,119,4,2020–2021
zaifi07,https://github.com/zaifi07,91685160,2021-09,16,108,4,2020–2021
RuskyDev,https://github.com/RuskyDev,91284372,2021-09,8,105,4,2020–2021
ameerhamza-codev,https://github.com/ameerhamza-codev,89965172,2021-09,15,104,4,2020–2021
razi03,https://github.com/razi03,91093797,2021-09,51,101,4,2020–2021
sikandar735,https://github.com/sikandar735,91363027,2021-09,26,100,4,2020–2021
AdeebaKhani190626,https://github.com/AdeebaKhani190626,90544970,2021-09,15,94,4,2020–2021
SabarGul,https://github.com/SabarGul,90253101,2021-09,10,91,4,2020–2021
AsherFarhan2001,https://github.com/AsherFarhan2001,90342767,2021-09,33,88,4,2020–2021
asadnaqviii,https://github.com/asadnaqviii,91022967,2021-09,20,87,4,2020–2021
Tehreemathar,https://github.com/Tehreemathar,90689048,2021-09,6,84,4,2020–2021
hamzahassan123,https://github.com/hamzahassan123,91285623,2021-09,21,83,4,2020–2021
fadone,https://github.com/fadone,91426050,2021-09,22,81,4,2020–2021
aliabbas512,https://github.com/aliabbas512,90503400,2021-09,23,80,4,2020–2021
murtaza-web-1,https://github.com/murtaza-web-1,91439243,2021-09,10,78,4,2020–2021
MuhammadAsadAkmal,https://github.com/MuhammadAsadAkmal,91061431,2021-09,23,77,4,2020–2021
Zarar-Azwar,https://github.com/Zarar-Azwar,90439190,2021-09,35,74,4,2020–2021
sahal-imran,https://github.com/sahal-imran,91207851,2021-09,12,73,4,2020–2021
saifirehman,https://github.com/saifirehman,90093187,2021-09,33,71,4,2020–2021
UsmanRepos,https://github.com/UsmanRepos,90748447,2021-09,69,69,4,2020–2021
junaid4jd,https://github.com/junaid4jd,90681909,2021-09,26,69,4,2020–2021
SarmadRazaq,https://github.com/SarmadRazaq,91618260,2021-09,29,68,4,2020–2021
pyDashNinja,https://github.com/pyDashNinja,91524954,2021-09,6,67,4,2020–2021
MuhammadMuazzain,https://github.com/MuhammadMuazzain,90068510,2021-09,166,66,4,2020–2021
raahikaan,https://github.com/raahikaan,90321239,2021-09,15,63,4,2020–2021
zaaain,https://github.com/zaaain,90073901,2021-09,9,60,4,2020–2021
JahangeerAli,https://github.com/JahangeerAli,90150240,2021-09,23,59,4,2020–2021
Abdullah577179,https://github.com/Abdullah577179,91611704,2021-09,12,51,4,2020–2021
MujtabaIT2002,https://github.com/MujtabaIT2002,90466797,2021-09,21,47,4,2020–2021
arsalan-pk,https://github.com/arsalan-pk,89926659,2021-09,6,46,4,2020–2021
hamxism,https://github.com/hamxism,91543840,2021-09,12,45,4,2020–2021
WaniyaMustafa,https://github.com/WaniyaMustafa,91070350,2021-09,10,43,4,2020–2021
codewithif,https://github.com/codewithif,91113390,2021-09,13,42,4,2020–2021
Sahibzadaqamarali,https://github.com/Sahibzadaqamarali,90324595,2021-09,13,42,4,2020–2021
Hammad047,https://github.com/Hammad047,90105606,2021-09,11,41,4,2020–2021
Hadia-i190404,https://github.com/Hadia-i190404,90574511,2021-09,16,39,4,2020–2021
Sanoodia,https://github.com/Sanoodia,90325145,2021-09,12,35,4,2020–2021
fazal-hashmi,https://github.com/fazal-hashmi,90106537,2021-09,6,34,4,2020–2021
Alf-ur-Rehman,https://github.com/Alf-ur-Rehman,90097311,2021-09,18,33,4,2020–2021
FatimaWaseem23,https://github.com/FatimaWaseem23,90027472,2021-09,7,33,4,2020–2021
saad-abid,https://github.com/saad-abid,91285017,2021-09,11,31,4,2020–2021
KhalilRex,https://github.com/KhalilRex,91556303,2021-09,13,30,4,2020–2021
MUmer7239,https://github.com/MUmer7239,90644390,2021-09,17,29,4,2020–2021
Satti201,https://github.com/Satti201,91376104,2021-09,8,28,4,2020–2021
Creativeworld06,https://github.com/Creativeworld06,91206494,2021-09,10,24,4,2020–2021
maddy22442,https://github.com/maddy22442,90114827,2021-09,6,24,4,2020–2021
MRumermustafa,https://github.com/MRumermustafa,90210029,2021-09,9,23,4,2020–2021
shahidnoor19,https://github.com/shahidnoor19,90500575,2021-09,9,22,4,2020–2021
Syedkhurshid,https://github.com/Syedkhurshid,91392728,2021-09,10,21,4,2020–2021
fozansadiq,https://github.com/fozansadiq,91283382,2021-09,9,21,4,2020–2021
anasaslam375,https://github.com/anasaslam375,91545706,2021-09,9,19,4,2020–2021
saqlainmajeed,https://github.com/saqlainmajeed,90302528,2021-09,11,18,4,2020–2021
Taimoor474,https://github.com/Taimoor474,90310613,2021-09,10,18,4,2020–2021
tayyabksatti,https://github.com/tayyabksatti,90499823,2021-09,18,17,4,2020–2021
mauz29590,https://github.com/mauz29590,91304301,2021-09,9,16,4,2020–2021
engr-Zainab,https://github.com/engr-Zainab,90979168,2021-09,16,15,4,2020–2021
Zahid0320,https://github.com/Zahid0320,91302702,2021-09,6,15,4,2020–2021
kamranhaq21,https://github.com/kamranhaq21,91541786,2021-09,25,14,4,2020–2021
Hamza080,https://github.com/Hamza080,90454376,2021-09,8,14,4,2020–2021
AbdulMohab,https://github.com/AbdulMohab,90458758,2021-09,11,12,4,2020–2021
inamullah09,https://github.com/inamullah09,92580425,2021-10,18,2177,4,2020–2021
daniyalalii,https://github.com/daniyalalii,92244730,2021-10,22,1202,4,2020–2021
Burhan-Ahmed,https://github.com/Burhan-Ahmed,92679045,2021-10,96,867,4,2020–2021
umair763,https://github.com/umair763,93200938,2021-10,19,810,4,2020–2021
syedwaleednawaz000,https://github.com/syedwaleednawaz000,92644124,2021-10,36,699,4,2020–2021
imgul,https://github.com/imgul,92777653,2021-10,171,649,4,2020–2021
Haseeeb21,https://github.com/Haseeeb21,91841622,2021-10,29,623,4,2020–2021
abdurafeyf,https://github.com/abdurafeyf,92419613,2021-10,40,575,4,2020–2021
Rumam786,https://github.com/Rumam786,92282309,2021-10,53,503,4,2020–2021
TahirSher,https://github.com/TahirSher,92644572,2021-10,31,447,4,2020–2021
mrsaqibale,https://github.com/mrsaqibale,92303718,2021-10,20,439,4,2020–2021
Khizer30,https://github.com/Khizer30,92166764,2021-10,13,385,4,2020–2021
mahnoorr1,https://github.com/mahnoorr1,91974252,2021-10,23,338,4,2020–2021
umerhere23,https://github.com/umerhere23,92437033,2021-10,45,312,4,2020–2021
waaj529,https://github.com/waaj529,92284984,2021-10,32,295,4,2020–2021
M-Ahsan-Ali-001,https://github.com/M-Ahsan-Ali-001,91987110,2021-10,86,261,4,2020–2021
MunawarJamil,https://github.com/MunawarJamil,92437716,2021-10,26,247,4,2020–2021
Immy147,https://github.com/Immy147,92160278,2021-10,21,229,4,2020–2021
Shamail9944,https://github.com/Shamail9944,93412044,2021-10,18,226,4,2020–2021
ArslanMirza008,https://github.com/ArslanMirza008,92212693,2021-10,21,223,4,2020–2021
SajjadReactDeveloper,https://github.com/SajjadReactDeveloper,93345058,2021-10,60,220,4,2020–2021
hussynnawaz,https://github.com/hussynnawaz,92596195,2021-10,58,214,4,2020–2021
sardarabdulsammad,https://github.com/sardarabdulsammad,93141715,2021-10,20,212,4,2020–2021
AhsanBilal7,https://github.com/AhsanBilal7,93163255,2021-10,57,207,4,2020–2021
wali-developer,https://github.com/wali-developer,91718115,2021-10,72,204,4,2020–2021
arslan-sb,https://github.com/arslan-sb,92214956,2021-10,28,200,4,2020–2021
abdullahkhalid00,https://github.com/abdullahkhalid00,92236052,2021-10,13,193,4,2020–2021
maheera1,https://github.com/maheera1,91795332,2021-10,29,187,4,2020–2021
ihtisham914,https://github.com/ihtisham914,92769980,2021-10,33,183,4,2020–2021
aashir023,https://github.com/aashir023,92915317,2021-10,22,179,4,2020–2021
sydalirza,https://github.com/sydalirza,92259618,2021-10,20,177,4,2020–2021
Hammad8980,https://github.com/Hammad8980,93080863,2021-10,23,169,4,2020–2021
raheem-dotgit,https://github.com/raheem-dotgit,92428261,2021-10,29,165,4,2020–2021
salmankhan1998,https://github.com/salmankhan1998,92979922,2021-10,16,161,4,2020–2021
SMuhammadMustafa,https://github.com/SMuhammadMustafa,93051090,2021-10,16,145,4,2020–2021
MosaBeryal,https://github.com/MosaBeryal,92680426,2021-10,45,143,4,2020–2021
umairabid205,https://github.com/umairabid205,92546553,2021-10,31,139,4,2020–2021
Sahibzada88,https://github.com/Sahibzada88,93424651,2021-10,32,132,4,2020–2021
malikhadi09,https://github.com/malikhadi09,92660593,2021-10,30,132,4,2020–2021
rahimnadan,https://github.com/rahimnadan,92539299,2021-10,30,124,4,2020–2021
ubaidxdev,https://github.com/ubaidxdev,92709017,2021-10,43,107,4,2020–2021
learnwithaq,https://github.com/learnwithaq,92455682,2021-10,25,107,4,2020–2021
FarhadA97,https://github.com/FarhadA97,91895929,2021-10,8,107,4,2020–2021
bravo8015,https://github.com/bravo8015,92975833,2021-10,6,107,4,2020–2021
hassansaeed-isb,https://github.com/hassansaeed-isb,93045716,2021-10,18,104,4,2020–2021
AbdullahDaniyal,https://github.com/AbdullahDaniyal,91824833,2021-10,20,102,4,2020–2021
shahryaradil,https://github.com/shahryaradil,93054884,2021-10,10,101,4,2020–2021
muhqaxim,https://github.com/muhqaxim,92937615,2021-10,41,100,4,2020–2021
aalishan808,https://github.com/aalishan808,92679900,2021-10,35,100,4,2020–2021
abdull348,https://github.com/abdull348,93153465,2021-10,17,100,4,2020–2021
AbdulSammadFarooq,https://github.com/AbdulSammadFarooq,92213984,2021-10,12,100,5,2021–2022
ayesha0412,https://github.com/ayesha0412,93073765,2021-10,20,99,5,2021–2022
shifa309,https://github.com/shifa309,92532937,2021-10,8,96,5,2021–2022
Anees-ahme,https://github.com/Anees-ahme,92263878,2021-10,13,95,5,2021–2022
abdulrafayyamir,https://github.com/abdulrafayyamir,93051673,2021-10,19,93,5,2021–2022
Hassaan725,https://github.com/Hassaan725,91842071,2021-10,25,92,5,2021–2022
m-sohaib-bari,https://github.com/m-sohaib-bari,92227973,2021-10,7,88,5,2021–2022
KashifUrRehman88,https://github.com/KashifUrRehman88,92730587,2021-10,9,81,5,2021–2022
khobaib117,https://github.com/khobaib117,93250580,2021-10,23,79,5,2021–2022
SufianSajjad,https://github.com/SufianSajjad,93136167,2021-10,12,73,5,2021–2022
ubairnisar,https://github.com/ubairnisar,92603376,2021-10,10,72,5,2021–2022
1onn,https://github.com/1onn,92912201,2021-10,7,70,5,2021–2022
AhsanWasim,https://github.com/AhsanWasim,92320631,2021-10,13,67,5,2021–2022
zainrazabangash,https://github.com/zainrazabangash,92105206,2021-10,16,65,5,2021–2022
MosawirShah,https://github.com/MosawirShah,92377115,2021-10,40,62,5,2021–2022
tauheed0007,https://github.com/tauheed0007,92750415,2021-10,27,62,5,2021–2022
amnashahid31,https://github.com/amnashahid31,92581818,2021-10,12,62,5,2021–2022
MuhammadZain01,https://github.com/MuhammadZain01,91775467,2021-10,10,60,5,2021–2022
imalihaider,https://github.com/imalihaider,92636959,2021-10,21,59,5,2021–2022
syednouman72,https://github.com/syednouman72,93049522,2021-10,10,59,5,2021–2022
musaib01,https://github.com/musaib01,91963525,2021-10,7,59,5,2021–2022
MBurhan4,https://github.com/MBurhan4,92621862,2021-10,15,58,5,2021–2022
Sharjeelkhh,https://github.com/Sharjeelkhh,91836655,2021-10,9,49,5,2021–2022
qutub96,https://github.com/qutub96,92812621,2021-10,15,46,5,2021–2022
m-abdullahh,https://github.com/m-abdullahh,93053442,2021-10,11,46,5,2021–2022
ImamaRahmani,https://github.com/ImamaRahmani,92652883,2021-10,10,44,5,2021–2022
Mujahid1214,https://github.com/Mujahid1214,92184656,2021-10,19,43,5,2021–2022
osamalik,https://github.com/osamalik,93194668,2021-10,12,43,5,2021–2022
Aaamnaa,https://github.com/Aaamnaa,92679191,2021-10,9,41,5,2021–2022
Sbaig3229,https://github.com/Sbaig3229,93036208,2021-10,20,40,5,2021–2022
eshan824,https://github.com/eshan824,91997076,2021-10,15,38,5,2021–2022
Muqaddas-fatima,https://github.com/Muqaddas-fatima,92679225,2021-10,11,38,5,2021–2022
aliakbar002,https://github.com/aliakbar002,93199398,2021-10,19,35,5,2021–2022
TalhaIftikharAli,https://github.com/TalhaIftikharAli,92679085,2021-10,13,29,5,2021–2022
sarwat-mumtaz,https://github.com/sarwat-mumtaz,93128773,2021-10,7,29,5,2021–2022
TabishQamar45,https://github.com/TabishQamar45,91800693,2021-10,10,28,5,2021–2022
Atiq29400,https://github.com/Atiq29400,93009362,2021-10,11,26,5,2021–2022
Fasih893,https://github.com/Fasih893,93247394,2021-10,9,26,5,2021–2022
awaismukhtar92,https://github.com/awaismukhtar92,92197895,2021-10,18,25,5,2021–2022
inamullahAI,https://github.com/inamullahAI,93077165,2021-10,9,24,5,2021–2022
Kiran-bot-tech,https://github.com/Kiran-bot-tech,92807747,2021-10,11,21,5,2021–2022
muhammadawais555,https://github.com/muhammadawais555,93332747,2021-10,10,21,5,2021–2022
hammadbut,https://github.com/hammadbut,91718043,2021-10,9,21,5,2021–2022
ubaidurrehmankhan107,https://github.com/ubaidurrehmankhan107,92791160,2021-10,14,19,5,2021–2022
apkators,https://github.com/apkators,92671157,2021-10,8,14,5,2021–2022
UbaidUrRehmannn,https://github.com/UbaidUrRehmannn,94963958,2021-11,9,1937,5,2021–2022
safojan,https://github.com/safojan,94964702,2021-11,31,1112,5,2021–2022
Attiq84,https://github.com/Attiq84,94702025,2021-11,11,1100,5,2021–2022
moeedrafi,https://github.com/moeedrafi,93769081,2021-11,52,717,5,2021–2022
moiAllu,https://github.com/moiAllu,94193513,2021-11,14,643,5,2021–2022
faridullah1,https://github.com/faridullah1,95165908,2021-11,21,587,5,2021–2022
sudoyasir,https://github.com/sudoyasir,94890956,2021-11,52,535,5,2021–2022
Husna-Abbasi,https://github.com/Husna-Abbasi,94640032,2021-11,7,436,5,2021–2022
Shaheryar0054,https://github.com/Shaheryar0054,95047696,2021-11,56,367,5,2021–2022
M-IrtazaGhaffar,https://github.com/M-IrtazaGhaffar,93589223,2021-11,68,358,5,2021–2022
awaismohammad23,https://github.com/awaismohammad23,94608299,2021-11,45,349,5,2021–2022
ahmedrohailawan,https://github.com/ahmedrohailawan,95092850,2021-11,29,300,5,2021–2022
Iftikhar-hub,https://github.com/Iftikhar-hub,94669148,2021-11,16,287,5,2021–2022
Anas1108,https://github.com/Anas1108,94389306,2021-11,51,260,5,2021–2022
Asadullah378,https://github.com/Asadullah378,94972196,2021-11,17,230,5,2021–2022
Siddiqu92,https://github.com/Siddiqu92,93778046,2021-11,22,211,5,2021–2022
ozzmanmuhammad,https://github.com/ozzmanmuhammad,93766242,2021-11,38,207,5,2021–2022
SaadSubhaniTheProgrammerVersion,https://github.com/SaadSubhaniTheProgrammerVersion,93754819,2021-11,22,199,5,2021–2022
faiz-udd,https://github.com/faiz-udd,94451700,2021-11,31,172,5,2021–2022
HassanSj,https://github.com/HassanSj,94786597,2021-11,44,165,5,2021–2022
usamaabbasi682,https://github.com/usamaabbasi682,95250703,2021-11,12,158,5,2021–2022
KamleshKumar427,https://github.com/KamleshKumar427,95052507,2021-11,27,151,5,2021–2022
realAhsan,https://github.com/realAhsan,94231920,2021-11,11,144,5,2021–2022
Adilshah12324,https://github.com/Adilshah12324,93576314,2021-11,26,142,5,2021–2022
wx-01,https://github.com/wx-01,94067298,2021-11,21,138,5,2021–2022
MehtabAzamkhan,https://github.com/MehtabAzamkhan,93864996,2021-11,33,134,5,2021–2022
Jawad-Chughtai,https://github.com/Jawad-Chughtai,95006558,2021-11,12,118,5,2021–2022
aamir-v1,https://github.com/aamir-v1,93657286,2021-11,11,116,5,2021–2022
oyyusman,https://github.com/oyyusman,94852910,2021-11,34,113,5,2021–2022
voliullah,https://github.com/voliullah,94555999,2021-11,15,102,5,2021–2022
M-EA-codes,https://github.com/M-EA-codes,94798451,2021-11,15,98,5,2021–2022
UmairJailani,https://github.com/UmairJailani,95302478,2021-11,11,97,5,2021–2022
musmanfarooq,https://github.com/musmanfarooq,93871713,2021-11,16,91,5,2021–2022
M-FaizanOmer2000,https://github.com/M-FaizanOmer2000,94213562,2021-11,10,90,5,2021–2022
aneeqahmedzahid,https://github.com/aneeqahmedzahid,94795830,2021-11,10,84,5,2021–2022
afaqahmad0118,https://github.com/afaqahmad0118,94541300,2021-11,19,79,5,2021–2022
Zetrio16,https://github.com/Zetrio16,94230814,2021-11,23,78,5,2021–2022
UmedAli123,https://github.com/UmedAli123,95312374,2021-11,31,76,5,2021–2022
Hamdan-Azhar,https://github.com/Hamdan-Azhar,94927861,2021-11,8,76,5,2021–2022
Muhammad-Tayyab67,https://github.com/Muhammad-Tayyab67,95230366,2021-11,13,70,5,2021–2022
Alexander-mr-tech,https://github.com/Alexander-mr-tech,93831898,2021-11,10,70,5,2021–2022
MuhammadZahoor191083,https://github.com/MuhammadZahoor191083,93613988,2021-11,20,69,5,2021–2022
abdullahktk760,https://github.com/abdullahktk760,93646432,2021-11,8,67,5,2021–2022
adil113,https://github.com/adil113,94912621,2021-11,16,66,5,2021–2022
Samie-Qamar,https://github.com/Samie-Qamar,93860180,2021-11,14,64,5,2021–2022
Furqaann,https://github.com/Furqaann,94382218,2021-11,6,60,5,2021–2022
humeradev,https://github.com/humeradev,94207149,2021-11,18,58,5,2021–2022
imranmani89,https://github.com/imranmani89,95025442,2021-11,11,55,5,2021–2022
vahmadddd,https://github.com/vahmadddd,93860131,2021-11,21,51,5,2021–2022
abdulhanan-77,https://github.com/abdulhanan-77,94011971,2021-11,27,49,5,2021–2022
khado-12,https://github.com/khado-12,94300568,2021-11,17,49,5,2021–2022
MisbahAwan,https://github.com/MisbahAwan,95302357,2021-11,10,49,5,2021–2022
HassanAhmed2002,https://github.com/HassanAhmed2002,93912964,2021-11,27,45,5,2021–2022
muhammadqasimsahab,https://github.com/muhammadqasimsahab,94189768,2021-11,36,44,5,2021–2022
Khawar-Ayub,https://github.com/Khawar-Ayub,94435719,2021-11,9,43,5,2021–2022
Ahsan597,https://github.com/Ahsan597,94685386,2021-11,12,41,5,2021–2022
HarisIltaf,https://github.com/HarisIltaf,95239381,2021-11,11,41,5,2021–2022
MashafZaman,https://github.com/MashafZaman,94897001,2021-11,9,38,5,2021–2022
Subyyal99,https://github.com/Subyyal99,93574223,2021-11,18,37,5,2021–2022
noraizsardar,https://github.com/noraizsardar,95099658,2021-11,8,33,5,2021–2022
mustafa-bilal-niazi,https://github.com/mustafa-bilal-niazi,93573285,2021-11,7,30,5,2021–2022
AliZaib-Emumba,https://github.com/AliZaib-Emumba,95288492,2021-11,11,27,5,2021–2022
adylcodes,https://github.com/adylcodes,93706213,2021-11,7,26,5,2021–2022
waleem11,https://github.com/waleem11,94042872,2021-11,10,24,5,2021–2022
ClubDewan,https://github.com/ClubDewan,95117227,2021-11,11,20,5,2021–2022
ASIFABBASDKL,https://github.com/ASIFABBASDKL,95117274,2021-11,10,19,5,2021–2022
ubadakhan,https://github.com/ubadakhan,95205237,2021-11,7,19,5,2021–2022
CoderRajaFaizan,https://github.com/CoderRajaFaizan,94784790,2021-11,12,16,5,2021–2022
aaqib110,https://github.com/aaqib110,93579646,2021-11,6,13,5,2021–2022
Ayaad72,https://github.com/Ayaad72,96831865,2021-12,67,1166,5,2021–2022
haidertm,https://github.com/haidertm,95686585,2021-12,33,1045,5,2021–2022
Niaziz007,https://github.com/Niaziz007,96436303,2021-12,11,903,5,2021–2022
HafizBasit7,https://github.com/HafizBasit7,95697046,2021-12,41,669,5,2021–2022
ShahzadAliSoomro,https://github.com/ShahzadAliSoomro,96440025,2021-12,78,500,5,2021–2022
ZainNaqvi,https://github.com/ZainNaqvi,95646598,2021-12,52,493,5,2021–2022
Ashhad08,https://github.com/Ashhad08,95564242,2021-12,28,486,5,2021–2022
Sarfaraz021,https://github.com/Sarfaraz021,96107117,2021-12,136,485,5,2021–2022
Ufrooq,https://github.com/Ufrooq,96662687,2021-12,26,462,5,2021–2022
Tufalpha1,https://github.com/Tufalpha1,96716299,2021-12,33,432,5,2021–2022
Quitzelcoat,https://github.com/Quitzelcoat,96650020,2021-12,48,428,5,2021–2022
kamcod,https://github.com/kamcod,96039291,2021-12,24,374,5,2021–2022
jiyadkhan10,https://github.com/jiyadkhan10,95703923,2021-12,46,357,5,2021–2022
theuzairlab,https://github.com/theuzairlab,96469036,2021-12,32,356,5,2021–2022
IRafique2,https://github.com/IRafique2,96860883,2021-12,27,356,5,2021–2022
vzirshehryar,https://github.com/vzirshehryar,95472169,2021-12,33,342,5,2021–2022
AliTajir,https://github.com/AliTajir,96145454,2021-12,8,320,5,2021–2022
SHAH-MEER,https://github.com/SHAH-MEER,96840866,2021-12,38,316,5,2021–2022
ItsFaizan,https://github.com/ItsFaizan,95418879,2021-12,73,293,5,2021–2022
MuhammadAhmed-1855,https://github.com/MuhammadAhmed-1855,95461477,2021-12,29,278,5,2021–2022
sheraztariq22,https://github.com/sheraztariq22,96653142,2021-12,51,271,5,2021–2022
faisalahmed54,https://github.com/faisalahmed54,96783892,2021-12,19,250,5,2021–2022
nasirhussainn,https://github.com/nasirhussainn,95434256,2021-12,102,247,5,2021–2022
Abdullah-57,https://github.com/Abdullah-57,96472051,2021-12,40,228,5,2021–2022
Muhammad-Nouman-Ahmed,https://github.com/Muhammad-Nouman-Ahmed,96633215,2021-12,19,226,5,2021–2022
pipinstallshan,https://github.com/pipinstallshan,96914475,2021-12,14,218,5,2021–2022
RazaSaleem,https://github.com/RazaSaleem,95694625,2021-12,21,212,5,2021–2022
Hammad112,https://github.com/Hammad112,95902997,2021-12,69,199,5,2021–2022
AhsanHafeez2525,https://github.com/AhsanHafeez2525,96062853,2021-12,72,196,5,2021–2022
Faryal-Kehkashan,https://github.com/Faryal-Kehkashan,96655810,2021-12,27,189,5,2021–2022
mbkhalid23,https://github.com/mbkhalid23,96336841,2021-12,8,174,5,2021–2022
usman-29,https://github.com/usman-29,96678300,2021-12,31,173,5,2021–2022
Hazrat17880,https://github.com/Hazrat17880,95610405,2021-12,21,171,5,2021–2022
sghazaan,https://github.com/sghazaan,95468092,2021-12,17,166,5,2021–2022
Azka1212,https://github.com/Azka1212,96644382,2021-12,20,163,5,2021–2022
KhuzaimaAwan47,https://github.com/KhuzaimaAwan47,96912249,2021-12,12,149,5,2021–2022
MuhammadLateef,https://github.com/MuhammadLateef,96353895,2021-12,49,145,5,2021–2022
shujaanazhar,https://github.com/shujaanazhar,95902202,2021-12,16,137,5,2021–2022
imtiazhusain,https://github.com/imtiazhusain,95372837,2021-12,19,133,5,2021–2022
Khadijatulkubra001,https://github.com/Khadijatulkubra001,95473627,2021-12,19,127,5,2021–2022
MuhammadTalha121,https://github.com/MuhammadTalha121,96698563,2021-12,24,125,5,2021–2022
Abdullah5844,https://github.com/Abdullah5844,95524714,2021-12,17,121,5,2021–2022
ALiShahzainAbbasi,https://github.com/ALiShahzainAbbasi,96174365,2021-12,16,115,5,2021–2022
musaabimran,https://github.com/musaabimran,96174078,2021-12,10,111,5,2021–2022
Ethns07,https://github.com/Ethns07,95714262,2021-12,25,108,5,2021–2022
AwaisMaqsod,https://github.com/AwaisMaqsod,96110915,2021-12,53,103,5,2021–2022
iamhamzabaig,https://github.com/iamhamzabaig,95521549,2021-12,33,103,5,2021–2022
hmsaeedsiddiqui,https://github.com/hmsaeedsiddiqui,95609840,2021-12,11,101,5,2021–2022
uzairahmedkayani,https://github.com/uzairahmedkayani,96123232,2021-12,16,96,5,2021–2022
idreesghazi,https://github.com/idreesghazi,96635731,2021-12,10,95,5,2021–2022
AsfandG,https://github.com/AsfandG,96854661,2021-12,16,90,5,2021–2022
ifra817,https://github.com/ifra817,96767690,2021-12,20,89,5,2021–2022
Data-Ninjaa,https://github.com/Data-Ninjaa,95963370,2021-12,7,87,5,2021–2022
Haneefkhan091,https://github.com/Haneefkhan091,96904344,2021-12,25,81,5,2021–2022
iamnimra,https://github.com/iamnimra,95517297,2021-12,25,70,5,2021–2022
osamakhn97,https://github.com/osamakhn97,95467997,2021-12,6,67,5,2021–2022
h2snain,https://github.com/h2snain,96883317,2021-12,30,66,5,2021–2022
ProgrammingDump,https://github.com/ProgrammingDump,96372929,2021-12,12,65,5,2021–2022
ehmiii,https://github.com/ehmiii,96626724,2021-12,12,64,5,2021–2022
asmarana,https://github.com/asmarana,95840056,2021-12,7,63,5,2021–2022
MohdAdeel,https://github.com/MohdAdeel,95839934,2021-12,7,57,5,2021–2022
hurairahmateen,https://github.com/hurairahmateen,96072272,2021-12,9,52,5,2021–2022
ZubairFawad23,https://github.com/ZubairFawad23,95504668,2021-12,13,44,5,2021–2022
i192009,https://github.com/i192009,96203784,2021-12,27,42,5,2021–2022
Fakhar-saleem,https://github.com/Fakhar-saleem,96699487,2021-12,10,41,5,2021–2022
KashifRehmanPK,https://github.com/KashifRehmanPK,96839088,2021-12,12,39,5,2021–2022
qaiserf511,https://github.com/qaiserf511,95464646,2021-12,61,38,5,2021–2022
AdamBinAamir,https://github.com/AdamBinAamir,96608342,2021-12,7,38,5,2021–2022
MuhammadArslanIftikhar,https://github.com/MuhammadArslanIftikhar,96866714,2021-12,10,37,5,2021–2022
akhonzaddasalman,https://github.com/akhonzaddasalman,95845878,2021-12,13,35,5,2021–2022
osama6346,https://github.com/osama6346,96139862,2021-12,13,34,5,2021–2022
aribalodhi,https://github.com/aribalodhi,96810872,2021-12,10,30,5,2021–2022
moinijaz,https://github.com/moinijaz,95400624,2021-12,7,28,5,2021–2022
Abdullah13131,https://github.com/Abdullah13131,96255938,2021-12,19,27,5,2021–2022
rrizwan43,https://github.com/rrizwan43,96242059,2021-12,10,27,5,2021–2022
BasitDev,https://github.com/BasitDev,95741077,2021-12,6,25,5,2021–2022
Haseeb175,https://github.com/Haseeb175,95494382,2021-12,6,22,5,2021–2022
fawadkay,https://github.com/fawadkay,96230017,2021-12,13,21,5,2021–2022
danbaig,https://github.com/danbaig,96362781,2021-12,13,20,5,2021–2022
Marslan07,https://github.com/Marslan07,95533967,2021-12,13,19,5,2021–2022
khalidshahzad,https://github.com/khalidshahzad,96233133,2021-12,13,18,5,2021–2022
FazalDotNetDev,https://github.com/FazalDotNetDev,96835294,2021-12,10,17,5,2021–2022
Abd-ul-Qadir,https://github.com/Abd-ul-Qadir,96332025,2021-12,8,16,5,2021–2022
Wajahat443,https://github.com/Wajahat443,96644669,2021-12,11,15,5,2021–2022
hamza8041,https://github.com/hamza8041,96788037,2021-12,9,14,5,2021–2022
wulhas,https://github.com/wulhas,96682000,2021-12,6,14,5,2021–2022
theguywhocodes96,https://github.com/theguywhocodes96,96410984,2021-12,11,11,5,2021–2022
tahreemrasul,https://github.com/tahreemrasul,98357750,2022-01,25,1314,5,2021–2022
junaidshapal,https://github.com/junaidshapal,97033242,2022-01,23,863,5,2021–2022
YumnaHammad,https://github.com/YumnaHammad,97549598,2022-01,29,567,5,2021–2022
AbdullahAhmadAAK,https://github.com/AbdullahAhmadAAK,98119989,2022-01,38,545,5,2021–2022
mann-codes2014,https://github.com/mann-codes2014,97145056,2022-01,26,526,5,2021–2022
devmbilal,https://github.com/devmbilal,98284706,2022-01,49,511,5,2021–2022
muhammadammar33,https://github.com/muhammadammar33,97840213,2022-01,43,461,5,2021–2022
mecha-artistix,https://github.com/mecha-artistix,97741068,2022-01,29,456,5,2021–2022
Zahedasghar,https://github.com/Zahedasghar,98543652,2022-01,61,450,5,2021–2022
muhammadsaadgondal,https://github.com/muhammadsaadgondal,97842312,2022-01,31,414,5,2021–2022
umairadnan,https://github.com/umairadnan,97875076,2022-01,6,401,5,2021–2022
jahanzaibali786,https://github.com/jahanzaibali786,98645898,2022-01,27,378,5,2021–2022
iammkullah,https://github.com/iammkullah,98334355,2022-01,50,316,5,2021–2022
FaisalZafar781,https://github.com/FaisalZafar781,98353982,2022-01,7,300,5,2021–2022
zeeshan-tahir185,https://github.com/zeeshan-tahir185,97475313,2022-01,51,287,5,2021–2022
haadiyeah,https://github.com/haadiyeah,97971389,2022-01,18,283,5,2021–2022
owais815,https://github.com/owais815,98080924,2022-01,33,281,5,2021–2022
MianFaizanAmir0053,https://github.com/MianFaizanAmir0053,97526215,2022-01,28,269,5,2021–2022
Quttoshi,https://github.com/Quttoshi,97906652,2022-01,14,227,5,2021–2022
yasirrustam06,https://github.com/yasirrustam06,98689629,2022-01,68,222,5,2021–2022
ihtesham-jahangir,https://github.com/ihtesham-jahangir,97870882,2022-01,47,222,5,2021–2022
ehsanyaqoob,https://github.com/ehsanyaqoob,97935737,2022-01,13,222,5,2021–2022
saadraj4,https://github.com/saadraj4,98617151,2022-01,76,221,5,2021–2022
sheraqib21,https://github.com/sheraqib21,97779667,2022-01,23,221,5,2021–2022
FarrukhHussainx,https://github.com/FarrukhHussainx,97970692,2022-01,35,211,5,2021–2022
AbdulMuneebAsif,https://github.com/AbdulMuneebAsif,96939462,2022-01,27,206,5,2021–2022
MunimAkbar,https://github.com/MunimAkbar,98738274,2022-01,20,201,5,2021–2022
mansoorali22,https://github.com/mansoorali22,98712108,2022-01,21,196,5,2021–2022
SeemabAli,https://github.com/SeemabAli,97912672,2022-01,31,191,5,2021–2022
faryabakhsh,https://github.com/faryabakhsh,97967011,2022-01,19,180,5,2021–2022
AliArain87,https://github.com/AliArain87,97105039,2022-01,35,173,5,2021–2022
khmowais,https://github.com/khmowais,96945093,2022-01,52,164,5,2021–2022
saqibnaeem-appdev,https://github.com/saqibnaeem-appdev,96952489,2022-01,29,164,5,2021–2022
sammreenamir,https://github.com/sammreenamir,96933719,2022-01,20,158,5,2021–2022
pythonophile,https://github.com/pythonophile,97804080,2022-01,24,143,5,2021–2022
khalilahmed63,https://github.com/khalilahmed63,98255000,2022-01,14,128,5,2021–2022
farooquememon385,https://github.com/farooquememon385,97848998,2022-01,13,126,5,2021–2022
devangler,https://github.com/devangler,97092169,2022-01,27,124,5,2021–2022
Raafay892,https://github.com/Raafay892,98546327,2022-01,24,124,5,2021–2022
Wajahat-Husain,https://github.com/Wajahat-Husain,97318378,2022-01,37,123,5,2021–2022
ShawFromAttock,https://github.com/ShawFromAttock,98518845,2022-01,46,119,5,2021–2022
saimsheikh,https://github.com/saimsheikh,98337551,2022-01,28,117,5,2021–2022
danishmahmoodawan,https://github.com/danishmahmoodawan,97858833,2022-01,18,116,5,2021–2022
waqarshamstanoli,https://github.com/waqarshamstanoli,97440405,2022-01,27,108,5,2021–2022
AzkaBasit,https://github.com/AzkaBasit,97552331,2022-01,12,106,5,2021–2022
Umehabiba9,https://github.com/Umehabiba9,97065703,2022-01,9,105,5,2021–2022
faizanfaiz11422,https://github.com/faizanfaiz11422,98402449,2022-01,6,105,5,2021–2022
amnasohaib,https://github.com/amnasohaib,97840320,2022-01,15,100,5,2021–2022
talhanasir22,https://github.com/talhanasir22,98535211,2022-01,36,99,5,2021–2022
alimalik07,https://github.com/alimalik07,97759475,2022-01,7,97,5,2021–2022
naqeeb404,https://github.com/naqeeb404,98214843,2022-01,23,96,5,2021–2022
immadshahid,https://github.com/immadshahid,98223079,2022-01,20,89,5,2021–2022
imalihamzak,https://github.com/imalihamzak,97010658,2022-01,73,87,5,2021–2022
Awa-is,https://github.com/Awa-is,98287272,2022-01,29,86,5,2021–2022
Shah-Afraz411,https://github.com/Shah-Afraz411,97395188,2022-01,16,86,5,2021–2022
MuhammadBilalYar01,https://github.com/MuhammadBilalYar01,98571708,2022-01,16,82,5,2021–2022
nabeelahmed44m,https://github.com/nabeelahmed44m,98279468,2022-01,36,78,5,2021–2022
Hinajawaid,https://github.com/Hinajawaid,97847721,2022-01,8,77,5,2021–2022
AliZaffar-ai,https://github.com/AliZaffar-ai,98279815,2022-01,23,74,5,2021–2022
TH3SOLO1ST,https://github.com/TH3SOLO1ST,97027920,2022-01,8,71,5,2021–2022
bushramasood,https://github.com/bushramasood,97250382,2022-01,27,65,5,2021–2022
OmaisSatti,https://github.com/OmaisSatti,98232835,2022-01,18,65,5,2021–2022
shelenderrkumar,https://github.com/shelenderrkumar,96941698,2022-01,16,63,5,2021–2022
mharis-85,https://github.com/mharis-85,96953760,2022-01,13,59,5,2021–2022
Prosudomaster,https://github.com/Prosudomaster,98703534,2022-01,14,56,5,2021–2022
Sartaj-Qamar,https://github.com/Sartaj-Qamar,98673119,2022-01,7,55,5,2021–2022
USAMA-NUSRAT,https://github.com/USAMA-NUSRAT,98221698,2022-01,18,54,5,2021–2022
muhammad-umair-usmani,https://github.com/muhammad-umair-usmani,97295069,2022-01,10,54,5,2021–2022
Maliqamarsatti,https://github.com/Maliqamarsatti,97444856,2022-01,12,52,5,2021–2022
emannfatima,https://github.com/emannfatima,97283417,2022-01,17,49,5,2021–2022
Haroon913,https://github.com/Haroon913,97155212,2022-01,15,49,5,2021–2022
expressdev093,https://github.com/expressdev093,98212307,2022-01,12,49,5,2021–2022
rafaybbx,https://github.com/rafaybbx,97825675,2022-01,11,49,5,2021–2022
abdulbasit145,https://github.com/abdulbasit145,98117369,2022-01,20,47,5,2021–2022
MohsinAli-97,https://github.com/MohsinAli-97,98078128,2022-01,10,47,5,2021–2022
UsamaDS,https://github.com/UsamaDS,98620441,2022-01,21,46,5,2021–2022
TehreemArbab,https://github.com/TehreemArbab,98105101,2022-01,8,46,5,2021–2022
luqmankhawaja,https://github.com/luqmankhawaja,96987489,2022-01,9,45,5,2021–2022
emaliraza,https://github.com/emaliraza,96984706,2022-01,8,45,5,2021–2022
arslansalyana,https://github.com/arslansalyana,98019141,2022-01,16,43,5,2021–2022
shafique5930,https://github.com/shafique5930,98531967,2022-01,12,41,5,2021–2022
Kami7075,https://github.com/Kami7075,98605604,2022-01,10,39,5,2021–2022
AmeerHamza-AH,https://github.com/AmeerHamza-AH,98511209,2022-01,26,38,5,2021–2022
Hannan-Goraya,https://github.com/Hannan-Goraya,97799160,2022-01,18,35,5,2021–2022
mfaizan9,https://github.com/mfaizan9,97086895,2022-01,14,35,5,2021–2022
hamzaakram587,https://github.com/hamzaakram587,98052006,2022-01,13,35,5,2021–2022
abdulwasay3772,https://github.com/abdulwasay3772,97694566,2022-01,9,35,5,2021–2022
mian03,https://github.com/mian03,98355307,2022-01,6,33,5,2021–2022
shahid2025,https://github.com/shahid2025,98081256,2022-01,7,32,5,2021–2022
webtragic,https://github.com/webtragic,97360334,2022-01,8,31,5,2021–2022
samsyed001,https://github.com/samsyed001,98039281,2022-01,10,30,5,2021–2022
Usman-Haider-Ali,https://github.com/Usman-Haider-Ali,97309483,2022-01,11,29,5,2021–2022
ihumza,https://github.com/ihumza,97160774,2022-01,10,28,5,2021–2022
hassandev123,https://github.com/hassandev123,98509278,2022-01,10,27,5,2021–2022
Dinar-khan,https://github.com/Dinar-khan,98686554,2022-01,21,23,5,2021–2022
kingsuhaib,https://github.com/kingsuhaib,97745953,2022-01,10,20,5,2021–2022
MalikLuqman,https://github.com/MalikLuqman,97496228,2022-01,7,20,5,2021–2022
usama9500,https://github.com/usama9500,96994784,2022-01,11,18,5,2021–2022
AsifNawazSharif222,https://github.com/AsifNawazSharif222,97966196,2022-01,7,18,5,2021–2022
UmairShah7677,https://github.com/UmairShah7677,97160480,2022-01,7,16,5,2021–2022
HamzaBaidar,https://github.com/HamzaBaidar,97934825,2022-01,10,13,5,2021–2022
abdullah-proj,https://github.com/abdullah-proj,96973319,2022-01,6,12,5,2021–2022
ChTalhaa,https://github.com/ChTalhaa,98306539,2022-01,7,11,5,2021–2022
jawadfarooque,https://github.com/jawadfarooque,97340903,2022-01,6,11,5,2021–2022
MuhammadAlyan1,https://github.com/MuhammadAlyan1,99501318,2022-02,77,992,5,2021–2022
mubashir05-beep,https://github.com/mubashir05-beep,100374421,2022-02,70,744,5,2021–2022
shafiamanzoor762,https://github.com/shafiamanzoor762,100573997,2022-02,29,679,5,2021–2022
Danyal-Rana,https://github.com/Danyal-Rana,100080102,2022-02,70,660,5,2021–2022
HaseeburRehma,https://github.com/HaseeburRehma,100068476,2022-02,40,621,5,2021–2022
salmanjann,https://github.com/salmanjann,99042351,2022-02,28,506,5,2021–2022
Hikmat-Bangash,https://github.com/Hikmat-Bangash,100120213,2022-02,63,500,5,2021–2022
AbrarAhmed111,https://github.com/AbrarAhmed111,99709358,2022-02,20,479,5,2021–2022
sardar-abd,https://github.com/sardar-abd,99751976,2022-02,33,443,5,2021–2022
YASIRZAHID,https://github.com/YASIRZAHID,99242106,2022-02,48,426,5,2021–2022
fatimasood,https://github.com/fatimasood,99716076,2022-02,81,397,5,2021–2022
SyedAbdulrab,https://github.com/SyedAbdulrab,99114574,2022-02,80,289,5,2021–2022
MuneelHaider,https://github.com/MuneelHaider,100468624,2022-02,24,286,5,2021–2022
khizer-kt,https://github.com/khizer-kt,99535489,2022-02,33,279,5,2021–2022
Asim1921,https://github.com/Asim1921,100113025,2022-02,48,271,5,2021–2022
myaseir,https://github.com/myaseir,100397581,2022-02,65,237,5,2021–2022
921abdullah,https://github.com/921abdullah,99529219,2022-02,20,232,5,2021–2022
ShanKhanTanoli,https://github.com/ShanKhanTanoli,100190829,2022-02,16,231,5,2021–2022
mubaidurrehman1,https://github.com/mubaidurrehman1,99482864,2022-02,23,212,5,2021–2022
Jazib-2004,https://github.com/Jazib-2004,98910009,2022-02,24,207,5,2021–2022
Hisham146,https://github.com/Hisham146,99106513,2022-02,16,183,5,2021–2022
Maazhussain786,https://github.com/Maazhussain786,99018752,2022-02,22,181,5,2021–2022
hammadmunir959,https://github.com/hammadmunir959,99274920,2022-02,27,176,5,2021–2022
Ali-Awais-Safdar,https://github.com/Ali-Awais-Safdar,99546813,2022-02,26,175,5,2021–2022
EhtishaamTanveer,https://github.com/EhtishaamTanveer,99411617,2022-02,25,174,5,2021–2022
Scarface8080,https://github.com/Scarface8080,100609471,2022-02,25,167,5,2021–2022
H-M-Huzaifa,https://github.com/H-M-Huzaifa,99519426,2022-02,15,161,5,2021–2022
Memoona121,https://github.com/Memoona121,100446483,2022-02,12,157,5,2021–2022
alidaud1,https://github.com/alidaud1,100133022,2022-02,14,140,5,2021–2022
aimen056,https://github.com/aimen056,98824136,2022-02,26,134,5,2021–2022
faisalshahzadnadeem,https://github.com/faisalshahzadnadeem,100445126,2022-02,32,132,5,2021–2022
irtaza9,https://github.com/irtaza9,98938307,2022-02,30,132,5,2021–2022
sabbaperveen,https://github.com/sabbaperveen,99995240,2022-02,21,128,5,2021–2022
sameerqadri1,https://github.com/sameerqadri1,100466997,2022-02,7,125,5,2021–2022
Tayyab-cs,https://github.com/Tayyab-cs,100070859,2022-02,36,121,5,2021–2022
Aimen-Ahmed5,https://github.com/Aimen-Ahmed5,99153137,2022-02,9,121,5,2021–2022
rajarehanahmed,https://github.com/rajarehanahmed,99527925,2022-02,15,115,5,2021–2022
ZahidChandio,https://github.com/ZahidChandio,100179689,2022-02,12,115,5,2021–2022
mrfadi316,https://github.com/mrfadi316,100305289,2022-02,19,102,5,2021–2022
bilalkhantanoli,https://github.com/bilalkhantanoli,99066129,2022-02,13,100,5,2021–2022
safibta,https://github.com/safibta,99104495,2022-02,14,95,5,2021–2022
BraWler66,https://github.com/BraWler66,100047710,2022-02,11,93,5,2021–2022
WaliAmed,https://github.com/WaliAmed,100444054,2022-02,7,84,5,2021–2022
MUHAMMADSHOAIBB,https://github.com/MUHAMMADSHOAIBB,99481729,2022-02,26,82,5,2021–2022
SaadDev-FR,https://github.com/SaadDev-FR,100437388,2022-02,14,76,5,2021–2022
Asad-MA,https://github.com/Asad-MA,100404439,2022-02,9,75,5,2021–2022
Muhammad-ismail2134,https://github.com/Muhammad-ismail2134,99205014,2022-02,9,74,5,2021–2022
MuhammadNoman2,https://github.com/MuhammadNoman2,100133031,2022-02,20,71,5,2021–2022
Zakaria-masood20,https://github.com/Zakaria-masood20,99024600,2022-02,11,71,5,2021–2022
rovaidkhan07,https://github.com/rovaidkhan07,98839729,2022-02,53,67,5,2021–2022
omarryax,https://github.com/omarryax,99090466,2022-02,16,67,5,2021–2022
Fahad-Durrani,https://github.com/Fahad-Durrani,99355826,2022-02,6,67,5,2021–2022
Dilnawazkhan4Saufik,https://github.com/Dilnawazkhan4Saufik,99259938,2022-02,18,61,5,2021–2022
khattak888,https://github.com/khattak888,100129819,2022-02,40,57,5,2021–2022
TheNoumanRiazDev,https://github.com/TheNoumanRiazDev,100582539,2022-02,16,55,5,2021–2022
RidwanullahRaufi4201,https://github.com/RidwanullahRaufi4201,100069979,2022-02,32,53,5,2021–2022
ShujaullahQazi,https://github.com/ShujaullahQazi,99486008,2022-02,7,53,5,2021–2022
Basit2121,https://github.com/Basit2121,99283848,2022-02,7,51,5,2021–2022
tanzeelNiazi,https://github.com/tanzeelNiazi,100441581,2022-02,9,50,5,2021–2022
SyedSami135,https://github.com/SyedSami135,98962710,2022-02,20,47,5,2021–2022
IlyasDarwesh,https://github.com/IlyasDarwesh,100092188,2022-02,6,43,5,2021–2022
raiahtisham,https://github.com/raiahtisham,100156801,2022-02,8,41,5,2021–2022
Muavia842,https://github.com/Muavia842,100062836,2022-02,18,39,5,2021–2022
Muzamill0,https://github.com/Muzamill0,100351805,2022-02,14,39,5,2021–2022
Iftikhar1992,https://github.com/Iftikhar1992,99785298,2022-02,14,39,5,2021–2022
sohailktk,https://github.com/sohailktk,98892593,2022-02,7,38,5,2021–2022
LONG786,https://github.com/LONG786,100351233,2022-02,13,37,5,2021–2022
Asad-ullah2n,https://github.com/Asad-ullah2n,98951753,2022-02,22,34,5,2021–2022
ihtishamzameer,https://github.com/ihtishamzameer,100336895,2022-02,12,34,5,2021–2022
UmarHusnain,https://github.com/UmarHusnain,100530027,2022-02,8,33,5,2021–2022
faiqadeel,https://github.com/faiqadeel,99877062,2022-02,7,29,5,2021–2022
Mohib-Ullah1,https://github.com/Mohib-Ullah1,99676200,2022-02,12,28,5,2021–2022
oneza-hassan,https://github.com/oneza-hassan,99301024,2022-02,7,28,5,2021–2022
laiba124,https://github.com/laiba124,99995323,2022-02,10,26,5,2021–2022
hamad290,https://github.com/hamad290,100110573,2022-02,15,25,5,2021–2022
ahmedbilalchughtai,https://github.com/ahmedbilalchughtai,99739590,2022-02,6,24,5,2021–2022
ShaahSaud,https://github.com/ShaahSaud,100043501,2022-02,10,23,5,2021–2022
ZiaurRahman2,https://github.com/ZiaurRahman2,100590233,2022-02,6,22,5,2021–2022
sirajbunery,https://github.com/sirajbunery,100080455,2022-02,6,21,5,2021–2022
ziak123,https://github.com/ziak123,100062698,2022-02,10,19,5,2021–2022
sarmadnawaz,https://github.com/sarmadnawaz,99583869,2022-02,7,19,5,2021–2022
Zeeshan5410,https://github.com/Zeeshan5410,100216550,2022-02,6,14,5,2021–2022
Zaryabktk,https://github.com/Zaryabktk,99088457,2022-02,9,12,5,2021–2022
Wasim-Zaman,https://github.com/Wasim-Zaman,101446030,2022-03,92,2032,5,2021–2022
Shoaib-Shamrez,https://github.com/Shoaib-Shamrez,102520664,2022-03,22,1016,5,2021–2022
ammarsjw,https://github.com/ammarsjw,102722154,2022-03,10,490,5,2021–2022
hamzanasir47,https://github.com/hamzanasir47,101545759,2022-03,100,469,5,2021–2022
Ahsan-Javed5,https://github.com/Ahsan-Javed5,102346237,2022-03,13,439,5,2021–2022
Samama251251,https://github.com/Samama251251,102401375,2022-03,29,403,5,2021–2022
Momin-Rauf,https://github.com/Momin-Rauf,102539119,2022-03,50,384,5,2021–2022
MuhammadSalmann,https://github.com/MuhammadSalmann,102061164,2022-03,43,355,5,2021–2022
maaz404,https://github.com/maaz404,101902923,2022-03,9,336,5,2021–2022
awaissaddiqui,https://github.com/awaissaddiqui,101595985,2022-03,47,318,5,2021–2022
muqadasejaz,https://github.com/muqadasejaz,102159996,2022-03,48,311,5,2021–2022
shoaibtashrif,https://github.com/shoaibtashrif,102221497,2022-03,21,298,5,2021–2022
usamamaliq,https://github.com/usamamaliq,101483956,2022-03,29,289,5,2021–2022
ABDULHAMEED-10,https://github.com/ABDULHAMEED-10,101985756,2022-03,42,249,5,2021–2022
kakugb,https://github.com/kakugb,102521500,2022-03,18,243,5,2021–2022
Sanaullah-Turab,https://github.com/Sanaullah-Turab,100867778,2022-03,12,229,5,2021–2022
hamzak11111,https://github.com/hamzak11111,102652156,2022-03,47,221,5,2021–2022
abbaskhan349,https://github.com/abbaskhan349,100797911,2022-03,44,208,5,2021–2022
akdevjs,https://github.com/akdevjs,101820380,2022-03,43,204,5,2021–2022
Is44m,https://github.com/Is44m,101258513,2022-03,15,204,5,2021–2022
Zuhran110,https://github.com/Zuhran110,100785335,2022-03,16,187,5,2021–2022
muhammadhamzaazhar,https://github.com/muhammadhamzaazhar,101570938,2022-03,34,185,5,2021–2022
syed-danial,https://github.com/syed-danial,102377018,2022-03,23,185,5,2021–2022
sheharyarabid,https://github.com/sheharyarabid,102092254,2022-03,62,177,5,2021–2022
faisal5467,https://github.com/faisal5467,101096600,2022-03,17,175,5,2021–2022
codefaizan,https://github.com/codefaizan,102754593,2022-03,28,164,5,2021–2022
furqan-cloud-dev,https://github.com/furqan-cloud-dev,102517671,2022-03,18,164,5,2021–2022
Wissam117,https://github.com/Wissam117,102556103,2022-03,27,162,5,2021–2022
Moeed366,https://github.com/Moeed366,101408316,2022-03,30,154,5,2021–2022
Mkhubaiib,https://github.com/Mkhubaiib,102215742,2022-03,14,148,5,2021–2022
Zohaib234,https://github.com/Zohaib234,101723080,2022-03,36,147,5,2021–2022
Mahad7777,https://github.com/Mahad7777,102382617,2022-03,7,144,5,2021–2022
DanishAbbas72,https://github.com/DanishAbbas72,102367395,2022-03,8,143,5,2021–2022
salman-alvi2k,https://github.com/salman-alvi2k,102091911,2022-03,17,141,5,2021–2022
HaroonTaufiq,https://github.com/HaroonTaufiq,102291440,2022-03,21,138,5,2021–2022
muneerhassan55,https://github.com/muneerhassan55,102030892,2022-03,42,134,5,2021–2022
jesarkamran,https://github.com/jesarkamran,101025187,2022-03,23,131,5,2021–2022
STAHA17,https://github.com/STAHA17,101283658,2022-03,15,124,5,2021–2022
munn33b,https://github.com/munn33b,101054147,2022-03,21,114,5,2021–2022
IbraheemNaveed,https://github.com/IbraheemNaveed,101558762,2022-03,16,114,5,2021–2022
MuhammadBilalBacha,https://github.com/MuhammadBilalBacha,102593915,2022-03,25,113,5,2021–2022
KhadijaAwan,https://github.com/KhadijaAwan,101884505,2022-03,25,108,5,2021–2022
Salman8125,https://github.com/Salman8125,102544662,2022-03,13,108,5,2021–2022
mabdullahasif,https://github.com/mabdullahasif,101969161,2022-03,13,95,5,2021–2022
MuhammadHamzaMukhtar,https://github.com/MuhammadHamzaMukhtar,101422276,2022-03,48,93,5,2021–2022
ajlalhasan,https://github.com/ajlalhasan,101212675,2022-03,8,93,5,2021–2022
irtiza-khalid,https://github.com/irtiza-khalid,100902172,2022-03,32,92,5,2021–2022
Kulzum624,https://github.com/Kulzum624,102471017,2022-03,33,88,5,2021–2022
Osmi-Bytes,https://github.com/Osmi-Bytes,100902550,2022-03,60,87,5,2021–2022
shehryarlodhi,https://github.com/shehryarlodhi,102411526,2022-03,55,84,5,2021–2022
Murad098,https://github.com/Murad098,100893216,2022-03,22,81,5,2021–2022
iabdullahash,https://github.com/iabdullahash,100797902,2022-03,11,79,5,2021–2022
usamajalilmalik,https://github.com/usamajalilmalik,102264967,2022-03,21,78,5,2021–2022
Muhammad-Zeshan-Tufail,https://github.com/Muhammad-Zeshan-Tufail,102210316,2022-03,16,78,5,2021–2022
ramishalidev,https://github.com/ramishalidev,101284247,2022-03,18,76,5,2021–2022
alihafez01,https://github.com/alihafez01,101560387,2022-03,18,72,5,2021–2022
mohsinniazi001,https://github.com/mohsinniazi001,101089878,2022-03,16,65,5,2021–2022
Mub097,https://github.com/Mub097,101104190,2022-03,22,58,5,2021–2022
MustafaMarwat,https://github.com/MustafaMarwat,101884967,2022-03,9,57,5,2021–2022
Sulemanhassan899,https://github.com/Sulemanhassan899,101738227,2022-03,18,56,5,2021–2022
Zain-Ul-Abdn,https://github.com/Zain-Ul-Abdn,101943514,2022-03,18,56,5,2021–2022
Hamza607,https://github.com/Hamza607,101787339,2022-03,18,55,5,2021–2022
Syedoaun,https://github.com/Syedoaun,102504658,2022-03,19,48,5,2021–2022
HinaMunir-Hm,https://github.com/HinaMunir-Hm,100799765,2022-03,12,47,5,2021–2022
officialAzizkhan,https://github.com/officialAzizkhan,100673860,2022-03,28,46,5,2021–2022
AliAhmadAx,https://github.com/AliAhmadAx,102593062,2022-03,9,46,5,2021–2022
muhammad-kamran-awan,https://github.com/muhammad-kamran-awan,102359555,2022-03,20,45,5,2021–2022
Rabbiya-tabassum,https://github.com/Rabbiya-tabassum,100998044,2022-03,18,44,5,2021–2022
MHaseeb02,https://github.com/MHaseeb02,100791668,2022-03,9,43,5,2021–2022
Effandi12,https://github.com/Effandi12,102308867,2022-03,18,42,5,2021–2022
zuhairkazmi14,https://github.com/zuhairkazmi14,100846411,2022-03,13,42,5,2021–2022
devarsalanali,https://github.com/devarsalanali,101986616,2022-03,9,40,5,2021–2022
Arslan-Ahsan-Jalib-Dev,https://github.com/Arslan-Ahsan-Jalib-Dev,101581096,2022-03,16,38,5,2021–2022
MuhammadNoman15,https://github.com/MuhammadNoman15,101188399,2022-03,14,38,5,2021–2022
bilalrahib,https://github.com/bilalrahib,100990831,2022-03,12,37,5,2021–2022
myasir98,https://github.com/myasir98,101124309,2022-03,10,37,5,2021–2022
khansohaib1103,https://github.com/khansohaib1103,102414865,2022-03,12,36,5,2021–2022
sana-ullah0,https://github.com/sana-ullah0,101513656,2022-03,10,36,5,2021–2022
nadeem761,https://github.com/nadeem761,102430959,2022-03,14,34,5,2021–2022
awamalik,https://github.com/awamalik,101594054,2022-03,6,34,5,2021–2022
0osamaa,https://github.com/0osamaa,102032606,2022-03,20,33,5,2021–2022
mirzahammadbaig01,https://github.com/mirzahammadbaig01,101120257,2022-03,6,31,5,2021–2022
AdeelHaiderAbbasi,https://github.com/AdeelHaiderAbbasi,102139527,2022-03,8,30,5,2021–2022
MadihaAshraf,https://github.com/MadihaAshraf,102233319,2022-03,21,29,5,2021–2022
aliyanlatif,https://github.com/aliyanlatif,100705177,2022-03,8,29,5,2021–2022
imsardarahmed17,https://github.com/imsardarahmed17,102015962,2022-03,6,27,5,2021–2022
msalmanishaq,https://github.com/msalmanishaq,102552826,2022-03,14,25,5,2021–2022
WALI59021,https://github.com/WALI59021,101383726,2022-03,7,21,5,2021–2022
MuhammadFaizan005,https://github.com/MuhammadFaizan005,102735765,2022-03,10,20,5,2021–2022
MuhammadMaaz10,https://github.com/MuhammadMaaz10,101918840,2022-03,9,17,5,2021–2022
M-UsamaIqbal,https://github.com/M-UsamaIqbal,101705575,2022-03,10,15,5,2021–2022
Alpha-Hamza,https://github.com/Alpha-Hamza,100953675,2022-03,7,14,5,2021–2022
nijadkhaniafridi1299,https://github.com/nijadkhaniafridi1299,101547371,2022-03,6,14,5,2021–2022
Muhammad-Ikram-Bashir,https://github.com/Muhammad-Ikram-Bashir,101320838,2022-03,8,11,5,2021–2022
Newnyte,https://github.com/Newnyte,103907437,2022-04,8,11773,5,2021–2022
usmancynosure,https://github.com/usmancynosure,104001924,2022-04,50,1236,5,2021–2022
AtaUlMohsin900,https://github.com/AtaUlMohsin900,103097405,2022-04,75,1065,5,2021–2022
Itswaleedtahir,https://github.com/Itswaleedtahir,102904093,2022-04,44,992,5,2021–2022
azmatullah93,https://github.com/azmatullah93,102904205,2022-04,23,719,5,2021–2022
ZAHIDKHATTAKCS,https://github.com/ZAHIDKHATTAKCS,103638880,2022-04,38,504,5,2021–2022
Aman-456,https://github.com/Aman-456,103515654,2022-04,19,435,5,2021–2022
Tahseenullahihsan,https://github.com/Tahseenullahihsan,104231545,2022-04,30,384,5,2021–2022
Karamatali4,https://github.com/Karamatali4,103177572,2022-04,29,374,5,2021–2022
sohailexe,https://github.com/sohailexe,104111335,2022-04,79,317,5,2021–2022
sabasiddique1,https://github.com/sabasiddique1,103187876,2022-04,72,283,5,2021–2022
MuhammadSalmanAziz,https://github.com/MuhammadSalmanAziz,103763369,2022-04,45,278,5,2021–2022
Zainali005,https://github.com/Zainali005,102908271,2022-04,42,237,5,2021–2022
Hassanawi,https://github.com/Hassanawi,103070301,2022-04,35,215,5,2021–2022
ishaqahmad41455,https://github.com/ishaqahmad41455,103864675,2022-04,37,211,5,2021–2022
Saqqqi,https://github.com/Saqqqi,104429938,2022-04,32,207,5,2021–2022
Rehmathere,https://github.com/Rehmathere,103884066,2022-04,12,195,5,2021–2022
Mreeb,https://github.com/Mreeb,103059817,2022-04,64,184,5,2021–2022
muhabilal,https://github.com/muhabilal,104325335,2022-04,40,184,5,2021–2022
Haseebinvader,https://github.com/Haseebinvader,103178146,2022-04,35,178,5,2021–2022
m-umarjan11,https://github.com/m-umarjan11,104164416,2022-04,25,173,5,2021–2022
tayyabm708,https://github.com/tayyabm708,104015985,2022-04,18,170,5,2021–2022
Rizwan4529,https://github.com/Rizwan4529,103007784,2022-04,35,165,5,2021–2022
mqxod,https://github.com/mqxod,104073101,2022-04,22,152,5,2021–2022
MamoonaRamzan,https://github.com/MamoonaRamzan,103951283,2022-04,15,145,5,2021–2022
SyedAli0805,https://github.com/SyedAli0805,104523082,2022-04,13,140,5,2021–2022
sanaullah-12,https://github.com/sanaullah-12,103990900,2022-04,8,139,5,2021–2022
shoaibmustafakhan,https://github.com/shoaibmustafakhan,103098088,2022-04,31,132,5,2021–2022
ShafHaider007,https://github.com/ShafHaider007,103667091,2022-04,23,127,5,2021–2022
hamza-dev00,https://github.com/hamza-dev00,103239694,2022-04,42,122,5,2021–2022
ShumailaSaman,https://github.com/ShumailaSaman,104248157,2022-04,17,110,5,2021–2022
mrnust,https://github.com/mrnust,103200802,2022-04,64,105,5,2021–2022
Umerrrdo,https://github.com/Umerrrdo,103528755,2022-04,11,103,5,2021–2022
hamzaabbasii,https://github.com/hamzaabbasii,103488731,2022-04,19,101,5,2021–2022
Malikatlas,https://github.com/Malikatlas,102903487,2022-04,44,96,5,2021–2022
Ibrahim-Abdullah1,https://github.com/Ibrahim-Abdullah1,104096912,2022-04,28,86,5,2021–2022
muhammadhaseebb,https://github.com/muhammadhaseebb,104450111,2022-04,20,85,5,2021–2022
Nadiya-safeer11,https://github.com/Nadiya-safeer11,103593259,2022-04,11,82,5,2021–2022
RAOHASAN731,https://github.com/RAOHASAN731,103277857,2022-04,30,79,5,2021–2022
amermalik01,https://github.com/amermalik01,102809080,2022-04,10,75,5,2021–2022
imran7474,https://github.com/imran7474,103998777,2022-04,48,71,5,2021–2022
Zohaib-Munir,https://github.com/Zohaib-Munir,103322788,2022-04,18,70,5,2021–2022
muhammahzohaib,https://github.com/muhammahzohaib,103378110,2022-04,19,66,5,2021–2022
waleed-wali,https://github.com/waleed-wali,104041675,2022-04,7,63,5,2021–2022
malikUsama1453,https://github.com/malikUsama1453,103569713,2022-04,23,60,5,2021–2022
HAhsanUllah,https://github.com/HAhsanUllah,104357064,2022-04,28,54,5,2021–2022
abdulmajedkhan,https://github.com/abdulmajedkhan,103608952,2022-04,12,54,5,2021–2022
waleed-khan-743726,https://github.com/waleed-khan-743726,104246742,2022-04,13,52,5,2021–2022
Faizan-Kakar,https://github.com/Faizan-Kakar,103253461,2022-04,10,52,5,2021–2022
Asif-asiii,https://github.com/Asif-asiii,102959306,2022-04,56,49,5,2021–2022
atifjamildev,https://github.com/atifjamildev,103308872,2022-04,11,46,5,2021–2022
ZainAhmed9,https://github.com/ZainAhmed9,104525206,2022-04,6,46,5,2021–2022
hameedrana,https://github.com/hameedrana,104071126,2022-04,14,45,5,2021–2022
WaqarOrakzi,https://github.com/WaqarOrakzi,103762151,2022-04,15,42,5,2021–2022
Ijazahmad45,https://github.com/Ijazahmad45,103311966,2022-04,6,42,5,2021–2022
umarzahir,https://github.com/umarzahir,104590320,2022-04,8,38,5,2021–2022
nehalabd24,https://github.com/nehalabd24,103481476,2022-04,9,36,5,2021–2022
MuhammadYaqubkhan,https://github.com/MuhammadYaqubkhan,103052839,2022-04,8,36,5,2021–2022
naveedprojects,https://github.com/naveedprojects,103450750,2022-04,11,30,5,2021–2022
shahmeerqureshii,https://github.com/shahmeerqureshii,103558633,2022-04,9,30,5,2021–2022
iamtehreem,https://github.com/iamtehreem,104495109,2022-04,8,30,5,2021–2022
imukhalid,https://github.com/imukhalid,104267549,2022-04,6,29,5,2021–2022
Muzamil-3415,https://github.com/Muzamil-3415,104462786,2022-04,11,26,5,2021–2022
Ayazhaider7786,https://github.com/Ayazhaider7786,103366149,2022-04,13,25,5,2021–2022
SyedHashirHussainiiui,https://github.com/SyedHashirHussainiiui,103975128,2022-04,10,23,5,2021–2022
saif816,https://github.com/saif816,103980446,2022-04,14,22,5,2021–2022
mumar29,https://github.com/mumar29,103141502,2022-04,8,20,5,2021–2022
sulimanhaqqyarjan,https://github.com/sulimanhaqqyarjan,104322776,2022-04,10,17,5,2021–2022
hussain-soft,https://github.com/hussain-soft,103288763,2022-04,12,13,5,2021–2022
Suffyan123,https://github.com/Suffyan123,103959960,2022-04,6,12,5,2021–2022
inzamamtariq,https://github.com/inzamamtariq,102831892,2022-04,8,11,5,2021–2022
Itswali,https://github.com/Itswali,104720431,2022-05,63,1101,5,2021–2022
ibrahimAlphaSquad,https://github.com/ibrahimAlphaSquad,105932517,2022-05,27,589,5,2021–2022
hammadalive7,https://github.com/hammadalive7,105983814,2022-05,34,588,5,2021–2022
Amnakhaan,https://github.com/Amnakhaan,105059005,2022-05,7,518,5,2021–2022
Saqib-nawab,https://github.com/Saqib-nawab,106011021,2022-05,50,449,5,2021–2022
TalalMajeed,https://github.com/TalalMajeed,105745970,2022-05,28,447,5,2021–2022
MuhammadAliAhson,https://github.com/MuhammadAliAhson,105967134,2022-05,43,436,5,2021–2022
fatehmehmood123,https://github.com/fatehmehmood123,105057899,2022-05,28,423,5,2021–2022
notjawad404,https://github.com/notjawad404,106097383,2022-05,58,386,5,2021–2022
taswarabbassss,https://github.com/taswarabbassss,106326542,2022-05,10,354,5,2021–2022
AreebAhmad-02,https://github.com/AreebAhmad-02,105370289,2022-05,33,349,5,2021–2022
sallar-ba,https://github.com/sallar-ba,106476322,2022-05,18,269,5,2021–2022
khansa-020,https://github.com/khansa-020,106179605,2022-05,27,263,5,2021–2022
Ahsan-Burki2126,https://github.com/Ahsan-Burki2126,106394887,2022-05,61,240,5,2021–2022
MuhammadAdeel077,https://github.com/MuhammadAdeel077,106529569,2022-05,32,226,5,2021–2022
BasharSiddiqui,https://github.com/BasharSiddiqui,105674805,2022-05,20,225,5,2021–2022
Fawadali521,https://github.com/Fawadali521,105577031,2022-05,31,196,5,2021–2022
MZubairNaeem,https://github.com/MZubairNaeem,104794538,2022-05,26,191,5,2021–2022
AhmadHanif12,https://github.com/AhmadHanif12,106384605,2022-05,24,188,5,2021–2022
hamza99113,https://github.com/hamza99113,105864157,2022-05,26,185,5,2021–2022
muneebulkarim,https://github.com/muneebulkarim,106381285,2022-05,14,184,5,2021–2022
malikwaqas14796,https://github.com/malikwaqas14796,105290234,2022-05,6,183,5,2021–2022
hamzasyed2985,https://github.com/hamzasyed2985,105115389,2022-05,17,177,5,2021–2022
hsnmnr,https://github.com/hsnmnr,106076666,2022-05,40,164,5,2021–2022
tayyabaarooj,https://github.com/tayyabaarooj,106014900,2022-05,45,161,5,2021–2022
qazihamidullah,https://github.com/qazihamidullah,105585212,2022-05,23,161,5,2021–2022
ahmedHanzala,https://github.com/ahmedHanzala,105395393,2022-05,14,153,5,2021–2022
zenith-thread,https://github.com/zenith-thread,106441869,2022-05,50,142,5,2021–2022
shkibrahim,https://github.com/shkibrahim,106404655,2022-05,21,141,5,2021–2022
Zeerak-Zubair,https://github.com/Zeerak-Zubair,106233639,2022-05,15,135,5,2021–2022
MuhammadMillwala,https://github.com/MuhammadMillwala,106543900,2022-05,23,126,5,2021–2022
itzadnantech,https://github.com/itzadnantech,105338505,2022-05,28,125,5,2021–2022
xeryar,https://github.com/xeryar,104709060,2022-05,8,118,5,2021–2022
mansoorulhaq166,https://github.com/mansoorulhaq166,106118247,2022-05,12,111,5,2021–2022
zaidbinkhaliq,https://github.com/zaidbinkhaliq,104970042,2022-05,27,101,5,2021–2022
saddiqueahmad,https://github.com/saddiqueahmad,106383465,2022-05,10,101,5,2021–2022
webdevjunaid,https://github.com/webdevjunaid,105982589,2022-05,53,96,5,2021–2022
jazooanoynomous,https://github.com/jazooanoynomous,105801828,2022-05,20,89,5,2021–2022
umer6206,https://github.com/umer6206,104758470,2022-05,33,86,5,2021–2022
sherazbintahir,https://github.com/sherazbintahir,106263298,2022-05,9,86,5,2021–2022
usmankhan7327,https://github.com/usmankhan7327,105983286,2022-05,9,83,5,2021–2022
Muhammad-Sharjeel50,https://github.com/Muhammad-Sharjeel50,106279823,2022-05,13,78,5,2021–2022
Faizi805,https://github.com/Faizi805,106532763,2022-05,25,76,5,2021–2022
AfaqQureshi007,https://github.com/AfaqQureshi007,106330573,2022-05,10,69,5,2021–2022
Hamza042,https://github.com/Hamza042,106461763,2022-05,7,64,5,2021–2022
M-SARIBHANIF,https://github.com/M-SARIBHANIF,106109695,2022-05,13,63,5,2021–2022
naveedali786,https://github.com/naveedali786,106032776,2022-05,17,61,5,2021–2022
MA-Azeemuddin,https://github.com/MA-Azeemuddin,105909644,2022-05,14,60,5,2021–2022
muhammadahmadubaid,https://github.com/muhammadahmadubaid,106467484,2022-05,14,58,5,2021–2022
huzaifanawaz,https://github.com/huzaifanawaz,105773867,2022-05,14,55,5,2021–2022
ShahidNawaz01,https://github.com/ShahidNawaz01,106034173,2022-05,9,55,5,2021–2022
Uzair-Asim,https://github.com/Uzair-Asim,105836677,2022-05,6,52,5,2021–2022
gitlogix,https://github.com/gitlogix,106105547,2022-05,27,49,5,2021–2022
IrfanChilasi,https://github.com/IrfanChilasi,106479912,2022-05,25,45,5,2021–2022
FidaHussainST,https://github.com/FidaHussainST,106485367,2022-05,15,43,5,2021–2022
Aswadkhann,https://github.com/Aswadkhann,106075341,2022-05,9,43,5,2021–2022
Chaudrynoman,https://github.com/Chaudrynoman,105874979,2022-05,10,42,5,2021–2022
umairhassan07,https://github.com/umairhassan07,105430244,2022-05,10,41,5,2021–2022
msiddique098,https://github.com/msiddique098,104896455,2022-05,6,37,5,2021–2022
Waheed-ullah,https://github.com/Waheed-ullah,105588177,2022-05,10,34,5,2021–2022
m-ahsan-hameed,https://github.com/m-ahsan-hameed,106014514,2022-05,10,33,5,2021–2022
Syed-Mubasher-Hassan,https://github.com/Syed-Mubasher-Hassan,105928511,2022-05,8,32,5,2021–2022
ndk1636,https://github.com/ndk1636,105994127,2022-05,6,32,5,2021–2022
MaimoonaAbid,https://github.com/MaimoonaAbid,105972556,2022-05,12,29,5,2021–2022
zahoor248,https://github.com/zahoor248,106609665,2022-05,8,25,5,2021–2022
Shahbazkhaliddeveloper,https://github.com/Shahbazkhaliddeveloper,105944763,2022-05,7,25,5,2021–2022
AforAbdul,https://github.com/AforAbdul,105858803,2022-05,12,23,5,2021–2022
shahzeb3303,https://github.com/shahzeb3303,106441251,2022-05,7,18,5,2021–2022
Saim1231,https://github.com/Saim1231,105339101,2022-05,7,18,5,2021–2022
MuhammadAliPro,https://github.com/MuhammadAliPro,106153984,2022-05,7,17,5,2021–2022
HassanAliJanjua03,https://github.com/HassanAliJanjua03,106127928,2022-05,9,13,5,2021–2022
Hassnainabbas123,https://github.com/Hassnainabbas123,106402941,2022-05,7,12,5,2021–2022
mubashirqureshi786,https://github.com/mubashirqureshi786,105749002,2022-05,7,12,5,2021–2022
UmerAalam,https://github.com/UmerAalam,108072237,2022-06,22,667,5,2021–2022
Sajeelzafar,https://github.com/Sajeelzafar,108437454,2022-06,53,576,5,2021–2022
AnisAbidRafique,https://github.com/AnisAbidRafique,107189829,2022-06,10,548,5,2021–2022
Muhammad-Uzair99,https://github.com/Muhammad-Uzair99,107241505,2022-06,43,453,5,2021–2022
AfaqAhmad0,https://github.com/AfaqAhmad0,108234228,2022-06,18,444,5,2021–2022
ShujaatAli88,https://github.com/ShujaatAli88,107094021,2022-06,44,389,5,2021–2022
mannan49,https://github.com/mannan49,108210496,2022-06,58,387,5,2021–2022
Ahmad-Mudasir,https://github.com/Ahmad-Mudasir,106972160,2022-06,38,387,5,2021–2022
IamYasirNiazi,https://github.com/IamYasirNiazi,108000832,2022-06,34,363,5,2021–2022
hassamUllah23,https://github.com/hassamUllah23,107606784,2022-06,14,351,5,2021–2022
ShnAhmad,https://github.com/ShnAhmad,106954780,2022-06,16,350,5,2021–2022
harisxayyaz,https://github.com/harisxayyaz,106795373,2022-06,22,346,5,2021–2022
ownkhan125,https://github.com/ownkhan125,107195320,2022-06,34,313,5,2021–2022
carlosbrath,https://github.com/carlosbrath,106806369,2022-06,10,311,5,2021–2022
IzazAhmadHaider,https://github.com/IzazAhmadHaider,106878653,2022-06,32,309,5,2021–2022
AhmadShamsii,https://github.com/AhmadShamsii,108395160,2022-06,25,277,5,2021–2022
nabeelahmed8717,https://github.com/nabeelahmed8717,107970797,2022-06,26,244,5,2021–2022
Iqbalhassan-1,https://github.com/Iqbalhassan-1,107492954,2022-06,26,241,5,2021–2022
zakeenkhan,https://github.com/zakeenkhan,107712406,2022-06,32,237,5,2021–2022
Zincxhigh,https://github.com/Zincxhigh,107770982,2022-06,11,233,5,2021–2022
atiqabdullah07,https://github.com/atiqabdullah07,107458856,2022-06,21,206,5,2021–2022
780Noman,https://github.com/780Noman,106857326,2022-06,63,181,5,2021–2022
afaqez,https://github.com/afaqez,108154222,2022-06,28,166,5,2021–2022
OsamuDazai666,https://github.com/OsamuDazai666,108152127,2022-06,28,160,5,2021–2022
Jehanzeb1973,https://github.com/Jehanzeb1973,106949021,2022-06,18,145,5,2021–2022
Usmanali3323,https://github.com/Usmanali3323,108189887,2022-06,23,137,5,2021–2022
AfraSayaab,https://github.com/AfraSayaab,106656708,2022-06,17,136,5,2021–2022
Bilal-Mushtaq,https://github.com/Bilal-Mushtaq,107266315,2022-06,25,113,5,2021–2022
Asadawn,https://github.com/Asadawn,108171498,2022-06,21,110,5,2021–2022
mshoaibanwar,https://github.com/mshoaibanwar,108160273,2022-06,13,108,5,2021–2022
iamahsanmehmood,https://github.com/iamahsanmehmood,108397884,2022-06,26,103,5,2021–2022
ahsannadir,https://github.com/ahsannadir,107563383,2022-06,27,102,5,2021–2022
waleedk402,https://github.com/waleedk402,107604175,2022-06,23,102,5,2021–2022
badargondal,https://github.com/badargondal,107700287,2022-06,8,102,5,2021–2022
afnansohail,https://github.com/afnansohail,107533192,2022-06,7,100,5,2021–2022
Fizaaahmad,https://github.com/Fizaaahmad,107214730,2022-06,17,96,5,2021–2022
Abdul-Wajid-Ali,https://github.com/Abdul-Wajid-Ali,107547059,2022-06,7,95,5,2021–2022
Samankhalid01,https://github.com/Samankhalid01,106770366,2022-06,36,93,5,2021–2022
sohaibahmedsipra,https://github.com/sohaibahmedsipra,108418181,2022-06,14,90,5,2021–2022
StormTrooper10,https://github.com/StormTrooper10,107802247,2022-06,10,88,5,2021–2022
Zahidsherkhan,https://github.com/Zahidsherkhan,107350245,2022-06,8,87,5,2021–2022
Amirkhan55,https://github.com/Amirkhan55,107461636,2022-06,14,82,5,2021–2022
FaiqHumayun,https://github.com/FaiqHumayun,107311067,2022-06,7,82,5,2021–2022
tayyab38201,https://github.com/tayyab38201,107498254,2022-06,16,79,5,2021–2022
Afaq-Ahsan,https://github.com/Afaq-Ahsan,107613854,2022-06,75,76,5,2021–2022
kmsibtain,https://github.com/kmsibtain,106668992,2022-06,21,75,5,2021–2022
usmanjalil1,https://github.com/usmanjalil1,106663169,2022-06,12,73,5,2021–2022
crazycoder534,https://github.com/crazycoder534,107294606,2022-06,6,68,5,2021–2022
FarhatHussain01,https://github.com/FarhatHussain01,108375932,2022-06,41,67,5,2021–2022
daniyalahmed2003,https://github.com/daniyalahmed2003,107947895,2022-06,18,59,5,2021–2022
waqasahmadmir,https://github.com/waqasahmadmir,107075055,2022-06,29,53,5,2021–2022
aliza8833,https://github.com/aliza8833,107549227,2022-06,18,53,5,2021–2022
TimoorKhan58,https://github.com/TimoorKhan58,106833834,2022-06,13,53,5,2021–2022
sdnoor,https://github.com/sdnoor,108002615,2022-06,23,51,5,2021–2022
Absar21,https://github.com/Absar21,107810382,2022-06,15,51,5,2021–2022
shalinaariaaz,https://github.com/shalinaariaaz,108185986,2022-06,10,49,5,2021–2022
Muhammad-Aesa-Khan,https://github.com/Muhammad-Aesa-Khan,107204014,2022-06,14,44,5,2021–2022
ansakhalid-01,https://github.com/ansakhalid-01,107883102,2022-06,13,39,5,2021–2022
Saymmughal,https://github.com/Saymmughal,107037045,2022-06,10,39,5,2021–2022
Hikmatullah32,https://github.com/Hikmatullah32,107629817,2022-06,66,38,5,2021–2022
zkromeo,https://github.com/zkromeo,107407484,2022-06,16,38,5,2021–2022
qaziArsalan,https://github.com/qaziArsalan,107619802,2022-06,8,36,5,2021–2022
shafiMhmdgithub,https://github.com/shafiMhmdgithub,108049627,2022-06,20,30,5,2021–2022
Uansarii,https://github.com/Uansarii,107641023,2022-06,7,30,5,2021–2022
SaimaRani5,https://github.com/SaimaRani5,107549506,2022-06,8,27,5,2021–2022
AbharJabbar,https://github.com/AbharJabbar,107610273,2022-06,12,25,5,2021–2022
abdullahakhtar479,https://github.com/abdullahakhtar479,108488942,2022-06,10,25,5,2021–2022
Muavia12425,https://github.com/Muavia12425,107578059,2022-06,15,23,5,2021–2022
absh-dev,https://github.com/absh-dev,107040784,2022-06,8,23,5,2021–2022
Iqra-Niazi,https://github.com/Iqra-Niazi,108399208,2022-06,7,23,5,2021–2022
Kamranshah472,https://github.com/Kamranshah472,107309192,2022-06,23,21,5,2021–2022
assamali156,https://github.com/assamali156,108272077,2022-06,7,21,5,2021–2022
kb5636,https://github.com/kb5636,107265346,2022-06,6,21,5,2021–2022
farazchohan3,https://github.com/farazchohan3,107391724,2022-06,11,20,5,2021–2022
sarfrazdrigh,https://github.com/sarfrazdrigh,108066757,2022-06,7,18,5,2021–2022
helloumer,https://github.com/helloumer,108236496,2022-06,11,15,5,2021–2022
ElishbaHussain,https://github.com/ElishbaHussain,107697427,2022-06,9,15,5,2021–2022
BeeProDev,https://github.com/BeeProDev,108186669,2022-06,8,15,5,2021–2022
faizaneissaf,https://github.com/faizaneissaf,108104117,2022-06,10,14,5,2021–2022
codingspeak,https://github.com/codingspeak,107172875,2022-06,8,14,5,2021–2022
CodeWithSaadi,https://github.com/CodeWithSaadi,106688642,2022-06,7,11,5,2021–2022
ishahzaibhaider,https://github.com/ishahzaibhaider,109433446,2022-07,23,5335,5,2021–2022
mananurrehman,https://github.com/mananurrehman,109906736,2022-07,19,1273,5,2021–2022
gulnabi-afridi,https://github.com/gulnabi-afridi,109666507,2022-07,64,817,5,2021–2022
HammadAli132,https://github.com/HammadAli132,108983041,2022-07,40,712,5,2021–2022
the-soban,https://github.com/the-soban,109435008,2022-07,41,514,5,2021–2022
Daniyal-Imran09,https://github.com/Daniyal-Imran09,110158793,2022-07,22,412,5,2021–2022
syedhisham,https://github.com/syedhisham,109899785,2022-07,21,351,5,2021–2022
theaizaz,https://github.com/theaizaz,108629295,2022-07,17,326,5,2021–2022
minahil57,https://github.com/minahil57,109732649,2022-07,30,321,5,2021–2022
Ayesha-ehsan905,https://github.com/Ayesha-ehsan905,109783985,2022-07,12,314,5,2021–2022
salik-dev,https://github.com/salik-dev,109405484,2022-07,23,281,5,2021–2022
developerUmair,https://github.com/developerUmair,108819984,2022-07,38,278,5,2021–2022
itsabdulrafey,https://github.com/itsabdulrafey,110037097,2022-07,7,271,5,2021–2022
Amna-Amna,https://github.com/Amna-Amna,108754515,2022-07,28,254,5,2021–2022
msaadx,https://github.com/msaadx,109513669,2022-07,48,251,5,2021–2022
Damil001,https://github.com/Damil001,109588953,2022-07,30,210,5,2021–2022
arshadkh507,https://github.com/arshadkh507,108711604,2022-07,42,207,5,2021–2022
hassaan806,https://github.com/hassaan806,110158316,2022-07,15,199,5,2021–2022
HazratZahid-Dev,https://github.com/HazratZahid-Dev,109580507,2022-07,57,195,5,2021–2022
Fahad-Jameel,https://github.com/Fahad-Jameel,108711014,2022-07,50,172,5,2021–2022
ayaanqasmi,https://github.com/ayaanqasmi,109613453,2022-07,42,161,5,2021–2022
wafflesaad,https://github.com/wafflesaad,108761969,2022-07,33,161,6,2022–2023
hamzariaz970,https://github.com/hamzariaz970,110291174,2022-07,16,161,6,2022–2023
hadiachaudhary10,https://github.com/hadiachaudhary10,109779258,2022-07,34,159,6,2022–2023
abdullahihsan3,https://github.com/abdullahihsan3,109294768,2022-07,37,146,6,2022–2023
Abdullah-yasir-cowlar,https://github.com/Abdullah-yasir-cowlar,109214853,2022-07,13,140,6,2022–2023
Haider-29,https://github.com/Haider-29,109285859,2022-07,21,139,6,2022–2023
RaoSharjeelKhan,https://github.com/RaoSharjeelKhan,108624605,2022-07,10,137,6,2022–2023
faizan-exe,https://github.com/faizan-exe,110231088,2022-07,80,135,6,2022–2023
billalcodes,https://github.com/billalcodes,110181245,2022-07,27,126,6,2022–2023
adreesali,https://github.com/adreesali,109959486,2022-07,21,125,6,2022–2023
itaqiz,https://github.com/itaqiz,109760260,2022-07,14,123,6,2022–2023
sallarmirza,https://github.com/sallarmirza,110277802,2022-07,24,121,6,2022–2023
shahidiqbalofficial,https://github.com/shahidiqbalofficial,109196236,2022-07,37,118,6,2022–2023
M-Rohail,https://github.com/M-Rohail,110126945,2022-07,10,117,6,2022–2023
Kawaki-Nagisa,https://github.com/Kawaki-Nagisa,109921643,2022-07,14,115,6,2022–2023
yousaf44malik,https://github.com/yousaf44malik,109095018,2022-07,13,114,6,2022–2023
HassaanHashmi999,https://github.com/HassaanHashmi999,108612474,2022-07,25,113,6,2022–2023
kazi86,https://github.com/kazi86,109068405,2022-07,30,111,6,2022–2023
ZeeshanKhalid2k01,https://github.com/ZeeshanKhalid2k01,109208035,2022-07,50,110,6,2022–2023
omer-here,https://github.com/omer-here,110015265,2022-07,29,107,6,2022–2023
kashirao147,https://github.com/kashirao147,109053602,2022-07,6,106,6,2022–2023
ntfaizan,https://github.com/ntfaizan,108517979,2022-07,29,102,6,2022–2023
ghafoor545,https://github.com/ghafoor545,110350142,2022-07,23,100,6,2022–2023
yuvrajsagar17,https://github.com/yuvrajsagar17,108631461,2022-07,6,95,6,2022–2023
mIrfan02,https://github.com/mIrfan02,108656746,2022-07,56,93,6,2022–2023
alinaftabb,https://github.com/alinaftabb,109432852,2022-07,29,86,6,2022–2023
fatima-aamir,https://github.com/fatima-aamir,108588610,2022-07,20,83,6,2022–2023
mubbashirr-ahmed,https://github.com/mubbashirr-ahmed,109298181,2022-07,33,80,6,2022–2023
abdullahsohail-00,https://github.com/abdullahsohail-00,109878515,2022-07,29,79,6,2022–2023
irfanullahatozi,https://github.com/irfanullahatozi,108583652,2022-07,24,78,6,2022–2023
muzamiliqbalganaie,https://github.com/muzamiliqbalganaie,108877347,2022-07,21,73,6,2022–2023
Muhammad-Ismail-Qazi,https://github.com/Muhammad-Ismail-Qazi,108710294,2022-07,32,71,6,2022–2023
Zain-Hamid-Khan,https://github.com/Zain-Hamid-Khan,109334923,2022-07,10,69,6,2022–2023
humnakhandev,https://github.com/humnakhandev,108818325,2022-07,61,66,6,2022–2023
nasirkhan7,https://github.com/nasirkhan7,110110595,2022-07,27,66,6,2022–2023
Huzaifa1911,https://github.com/Huzaifa1911,109941631,2022-07,11,65,6,2022–2023
danich786,https://github.com/danich786,109556513,2022-07,6,57,6,2022–2023
Sarah072,https://github.com/Sarah072,109743357,2022-07,15,55,6,2022–2023
mabid-se,https://github.com/mabid-se,110349495,2022-07,7,55,6,2022–2023
MrnabeelKhan01,https://github.com/MrnabeelKhan01,109455341,2022-07,18,53,6,2022–2023
Hamzabinmaqsood,https://github.com/Hamzabinmaqsood,109035994,2022-07,16,53,6,2022–2023
itsmdhammad,https://github.com/itsmdhammad,108814334,2022-07,7,50,6,2022–2023
umee007,https://github.com/umee007,109962890,2022-07,15,49,6,2022–2023
hashir121,https://github.com/hashir121,109302941,2022-07,18,46,6,2022–2023
shazwa24,https://github.com/shazwa24,108590521,2022-07,7,45,6,2022–2023
uzairnqureshi,https://github.com/uzairnqureshi,109924172,2022-07,10,44,6,2022–2023
hassanrazaghazi,https://github.com/hassanrazaghazi,110112240,2022-07,33,43,6,2022–2023
Romaiz,https://github.com/Romaiz,108940321,2022-07,10,43,6,2022–2023
zainshahidbatt,https://github.com/zainshahidbatt,110214752,2022-07,20,42,6,2022–2023
Azazurrehman13,https://github.com/Azazurrehman13,110346015,2022-07,17,40,6,2022–2023
MUHAMMADSHEHZAD01,https://github.com/MUHAMMADSHEHZAD01,110229877,2022-07,11,39,6,2022–2023
Hashim-Ali10,https://github.com/Hashim-Ali10,110297927,2022-07,6,39,6,2022–2023
m-faizan121,https://github.com/m-faizan121,109722241,2022-07,17,36,6,2022–2023
naqeeburrehman,https://github.com/naqeeburrehman,109063564,2022-07,6,36,6,2022–2023
ahsan-javied,https://github.com/ahsan-javied,109281061,2022-07,9,35,6,2022–2023
ali-awan-7359,https://github.com/ali-awan-7359,108977457,2022-07,18,34,6,2022–2023
izharcheema,https://github.com/izharcheema,108871168,2022-07,10,34,6,2022–2023
MehranZafar-1,https://github.com/MehranZafar-1,108514869,2022-07,6,33,6,2022–2023
Naseeba967,https://github.com/Naseeba967,109360547,2022-07,9,32,6,2022–2023
m-asad-iqbal,https://github.com/m-asad-iqbal,108804801,2022-07,35,31,6,2022–2023
malikmariyam,https://github.com/malikmariyam,110282435,2022-07,13,30,6,2022–2023
MalikZeeshan139,https://github.com/MalikZeeshan139,108698154,2022-07,8,30,6,2022–2023
AhmadWakeel018,https://github.com/AhmadWakeel018,109440454,2022-07,8,30,6,2022–2023
HassaanYousaf10,https://github.com/HassaanYousaf10,109136302,2022-07,9,29,6,2022–2023
mumtaz4118,https://github.com/mumtaz4118,108631220,2022-07,11,24,6,2022–2023
AqibMunir58,https://github.com/AqibMunir58,110050086,2022-07,7,23,6,2022–2023
Umer2002,https://github.com/Umer2002,108935126,2022-07,7,23,6,2022–2023
SaadZaheerKhan,https://github.com/SaadZaheerKhan,110019483,2022-07,13,22,6,2022–2023
MoazButt,https://github.com/MoazButt,110188138,2022-07,12,22,6,2022–2023
Raees32,https://github.com/Raees32,109483902,2022-07,11,21,6,2022–2023
kashaf302,https://github.com/kashaf302,109876953,2022-07,12,19,6,2022–2023
mubashirshaheen,https://github.com/mubashirshaheen,109803117,2022-07,9,17,6,2022–2023
Sajidkhalil011,https://github.com/Sajidkhalil011,109741747,2022-07,12,14,6,2022–2023
hmDanish,https://github.com/hmDanish,108762618,2022-07,7,11,6,2022–2023
MFaad1,https://github.com/MFaad1,112245982,2022-08,28,6350,6,2022–2023
datamino,https://github.com/datamino,112279353,2022-08,37,3388,6,2022–2023
bilal-ismail,https://github.com/bilal-ismail,110652537,2022-08,31,2292,6,2022–2023
MwaitforitOsama,https://github.com/MwaitforitOsama,112106352,2022-08,26,2215,6,2022–2023
B3TA-BLOCKER,https://github.com/B3TA-BLOCKER,112207209,2022-08,34,2033,6,2022–2023
mrayanasim09,https://github.com/mrayanasim09,112205950,2022-08,13,1747,6,2022–2023
mtauha,https://github.com/mtauha,111292199,2022-08,32,1142,6,2022–2023
aleembeyg,https://github.com/aleembeyg,111571595,2022-08,9,953,6,2022–2023
AbdulSami455,https://github.com/AbdulSami455,111019622,2022-08,56,786,6,2022–2023
zuhayrtariq,https://github.com/zuhayrtariq,111240413,2022-08,42,704,6,2022–2023
Salman1205,https://github.com/Salman1205,110420525,2022-08,22,666,6,2022–2023
muhammadahsanmirza,https://github.com/muhammadahsanmirza,112105282,2022-08,33,663,6,2022–2023
SultanAyubi360,https://github.com/SultanAyubi360,112378013,2022-08,17,587,6,2022–2023
MRGLOBIN,https://github.com/MRGLOBIN,111900132,2022-08,41,573,6,2022–2023
Umairmaseed,https://github.com/Umairmaseed,110655403,2022-08,17,568,6,2022–2023
talatops,https://github.com/talatops,110402662,2022-08,38,557,6,2022–2023
Aims-Soft,https://github.com/Aims-Soft,111484607,2022-08,9,437,6,2022–2023
PythoneerSamurai,https://github.com/PythoneerSamurai,112153865,2022-08,8,434,6,2022–2023
MuhammadSuffian,https://github.com/MuhammadSuffian,112380672,2022-08,60,428,6,2022–2023
Areen-Zainab,https://github.com/Areen-Zainab,111517303,2022-08,18,405,6,2022–2023
zohaib-saeed,https://github.com/zohaib-saeed,112579277,2022-08,26,399,6,2022–2023
M-Umar-949,https://github.com/M-Umar-949,111125044,2022-08,16,377,6,2022–2023
Ahmadrazashakir,https://github.com/Ahmadrazashakir,110717891,2022-08,10,372,6,2022–2023
OmerFarooq246,https://github.com/OmerFarooq246,110720771,2022-08,26,355,6,2022–2023
musaddiq-ashfaq,https://github.com/musaddiq-ashfaq,110912144,2022-08,32,349,6,2022–2023
heighterses,https://github.com/heighterses,110668234,2022-08,65,345,6,2022–2023
alimnsr1154,https://github.com/alimnsr1154,110721237,2022-08,30,338,6,2022–2023
muzammilcloud,https://github.com/muzammilcloud,111574589,2022-08,28,336,6,2022–2023
muhammadanas-x,https://github.com/muhammadanas-x,111079610,2022-08,28,331,6,2022–2023
SafeerAhmed54,https://github.com/SafeerAhmed54,112319311,2022-08,50,326,6,2022–2023
Oreoro,https://github.com/Oreoro,111754659,2022-08,45,277,6,2022–2023
saifu19,https://github.com/saifu19,111589166,2022-08,37,274,6,2022–2023
thesalmanx,https://github.com/thesalmanx,111143401,2022-08,55,264,6,2022–2023
raanausama,https://github.com/raanausama,111856648,2022-08,15,264,6,2022–2023
HafsaHameed457,https://github.com/HafsaHameed457,111875254,2022-08,30,261,6,2022–2023
adil-asar,https://github.com/adil-asar,110717807,2022-08,34,233,6,2022–2023
saincoder,https://github.com/saincoder,111958182,2022-08,32,222,6,2022–2023
oye-hunter,https://github.com/oye-hunter,111273691,2022-08,25,220,6,2022–2023
muhammadshaffay,https://github.com/muhammadshaffay,111957471,2022-08,31,207,6,2022–2023
MuhammadAnwar16,https://github.com/MuhammadAnwar16,111414266,2022-08,11,200,6,2022–2023
offical-waqas-khurshid,https://github.com/offical-waqas-khurshid,111581093,2022-08,42,198,6,2022–2023
MustajabAhmed,https://github.com/MustajabAhmed,110374771,2022-08,53,197,6,2022–2023
saimdev,https://github.com/saimdev,111503486,2022-08,49,196,6,2022–2023
shizzz10,https://github.com/shizzz10,111625810,2022-08,20,193,6,2022–2023
malik8154,https://github.com/malik8154,111982887,2022-08,15,193,6,2022–2023
Sulemancheema7777,https://github.com/Sulemancheema7777,111057582,2022-08,15,190,6,2022–2023
muhammadumar000,https://github.com/muhammadumar000,110926273,2022-08,28,184,6,2022–2023
Marriam-Naeem,https://github.com/Marriam-Naeem,110384416,2022-08,19,180,6,2022–2023
hassanathussain,https://github.com/hassanathussain,110777868,2022-08,20,178,6,2022–2023
muneeb6624,https://github.com/muneeb6624,112570402,2022-08,26,177,6,2022–2023
muhamadbilaljamil,https://github.com/muhamadbilaljamil,111489011,2022-08,17,172,6,2022–2023
Shahfaisal12,https://github.com/Shahfaisal12,112539347,2022-08,52,171,6,2022–2023
zain60,https://github.com/zain60,110611939,2022-08,21,171,6,2022–2023
huzaifa273,https://github.com/huzaifa273,111170962,2022-08,28,166,6,2022–2023
AliSherNadeem,https://github.com/AliSherNadeem,110409912,2022-08,30,162,6,2022–2023
ruhail-shaikh03,https://github.com/ruhail-shaikh03,112579606,2022-08,28,162,6,2022–2023
Rayed14,https://github.com/Rayed14,112341630,2022-08,27,161,6,2022–2023
zainaliqureshi174,https://github.com/zainaliqureshi174,111534311,2022-08,45,155,6,2022–2023
mohsinidrees2817,https://github.com/mohsinidrees2817,111157210,2022-08,49,152,6,2022–2023
Abdullah-Logic,https://github.com/Abdullah-Logic,111289054,2022-08,12,151,6,2022–2023
Muhammadawaisg01,https://github.com/Muhammadawaisg01,110976917,2022-08,16,148,6,2022–2023
Mangrio36,https://github.com/Mangrio36,110537646,2022-08,11,136,6,2022–2023
abubakar132,https://github.com/abubakar132,111528426,2022-08,21,133,6,2022–2023
Furqan0020,https://github.com/Furqan0020,112201491,2022-08,31,132,6,2022–2023
CplusoftPvtLimited,https://github.com/CplusoftPvtLimited,111286905,2022-08,17,132,6,2022–2023
DaNiwebDevlper,https://github.com/DaNiwebDevlper,111285835,2022-08,19,131,6,2022–2023
asaudkhan,https://github.com/asaudkhan,112467690,2022-08,12,131,6,2022–2023
talha981,https://github.com/talha981,112080884,2022-08,25,125,6,2022–2023
noor-ahmad-haral,https://github.com/noor-ahmad-haral,111390547,2022-08,38,124,6,2022–2023
Umair-Salim,https://github.com/Umair-Salim,110992262,2022-08,27,124,6,2022–2023
Rana-10,https://github.com/Rana-10,112347241,2022-08,22,124,6,2022–2023
Samhey-0,https://github.com/Samhey-0,112386915,2022-08,8,124,6,2022–2023
hamasli,https://github.com/hamasli,111493702,2022-08,34,120,6,2022–2023
umerzzz,https://github.com/umerzzz,112162052,2022-08,18,120,6,2022–2023
sufyanahmed7,https://github.com/sufyanahmed7,111635672,2022-08,8,120,6,2022–2023
zeeshik62,https://github.com/zeeshik62,110468695,2022-08,7,118,6,2022–2023
abdullahawan123,https://github.com/abdullahawan123,112467578,2022-08,20,111,6,2022–2023
irehaan,https://github.com/irehaan,111649981,2022-08,22,110,6,2022–2023
Zeeshan363,https://github.com/Zeeshan363,111691303,2022-08,23,109,6,2022–2023
Abdullah-Hashmi,https://github.com/Abdullah-Hashmi,112479578,2022-08,19,109,6,2022–2023
Shiekh-rehman,https://github.com/Shiekh-rehman,111954784,2022-08,36,108,6,2022–2023
hadithedetonator,https://github.com/hadithedetonator,112540782,2022-08,14,106,6,2022–2023
danialamin,https://github.com/danialamin,110622257,2022-08,10,105,6,2022–2023
shabeeh200,https://github.com/shabeeh200,111300001,2022-08,10,96,6,2022–2023
DaniyalMusadiq1,https://github.com/DaniyalMusadiq1,111722088,2022-08,31,91,6,2022–2023
rimshashakoor0809,https://github.com/rimshashakoor0809,112172075,2022-08,17,90,6,2022–2023
fasihkahout,https://github.com/fasihkahout,111732957,2022-08,7,90,6,2022–2023
Ak-mohmnd,https://github.com/Ak-mohmnd,111870160,2022-08,9,88,6,2022–2023
danialafridi1,https://github.com/danialafridi1,111911733,2022-08,12,83,6,2022–2023
hassaanarshad01,https://github.com/hassaanarshad01,111883063,2022-08,11,82,6,2022–2023
faisalraheem360,https://github.com/faisalraheem360,111741362,2022-08,11,81,6,2022–2023
mrmuhammadawais,https://github.com/mrmuhammadawais,111491333,2022-08,19,80,6,2022–2023
rahat-ali-baig,https://github.com/rahat-ali-baig,111171388,2022-08,26,79,6,2022–2023
mublify,https://github.com/mublify,111684302,2022-08,18,77,6,2022–2023
muhammadfaseehbinnaeem,https://github.com/muhammadfaseehbinnaeem,110934635,2022-08,16,72,6,2022–2023
Khnzz07,https://github.com/Khnzz07,110941221,2022-08,26,71,6,2022–2023
shahwaiz638,https://github.com/shahwaiz638,112155691,2022-08,21,69,6,2022–2023
imShoaibArshad,https://github.com/imShoaibArshad,110771594,2022-08,28,68,6,2022–2023
ZeeniaM,https://github.com/ZeeniaM,110984267,2022-08,9,68,6,2022–2023
rehabtasawar,https://github.com/rehabtasawar,111608024,2022-08,17,64,6,2022–2023
umarhabib07,https://github.com/umarhabib07,111144921,2022-08,9,61,6,2022–2023
ZainabKhalid111,https://github.com/ZainabKhalid111,111284326,2022-08,36,60,6,2022–2023
muhammadasad70,https://github.com/muhammadasad70,111018092,2022-08,12,59,6,2022–2023
usamadev08,https://github.com/usamadev08,111101832,2022-08,24,58,6,2022–2023
Noorulain32,https://github.com/Noorulain32,110587861,2022-08,17,58,6,2022–2023
ahadkhaan,https://github.com/ahadkhaan,111306350,2022-08,17,57,6,2022–2023
Aqsawaheedgithub,https://github.com/Aqsawaheedgithub,110449959,2022-08,19,55,6,2022–2023
Wajisweird,https://github.com/Wajisweird,112425470,2022-08,14,55,6,2022–2023
Hamdan-Jamal,https://github.com/Hamdan-Jamal,111305601,2022-08,9,52,6,2022–2023
ShkAwishWaseem,https://github.com/ShkAwishWaseem,112000061,2022-08,29,49,6,2022–2023
syedshayaan1,https://github.com/syedshayaan1,111245020,2022-08,24,48,6,2022–2023
ahsanmalik9,https://github.com/ahsanmalik9,112468189,2022-08,9,48,6,2022–2023
FahadkhanDeveloper,https://github.com/FahadkhanDeveloper,112128072,2022-08,39,44,6,2022–2023
aakhan-me,https://github.com/aakhan-me,110790430,2022-08,8,44,6,2022–2023
MuhammadAbbasOfficial,https://github.com/MuhammadAbbasOfficial,111868647,2022-08,17,43,6,2022–2023
tariq-rahim,https://github.com/tariq-rahim,110463250,2022-08,7,43,6,2022–2023
kh-hassam,https://github.com/kh-hassam,111958251,2022-08,12,41,6,2022–2023
HassanSajid07,https://github.com/HassanSajid07,111650208,2022-08,12,39,6,2022–2023
hasnatahmad6278,https://github.com/hasnatahmad6278,110941135,2022-08,9,39,6,2022–2023
SamiKhan35,https://github.com/SamiKhan35,111924076,2022-08,13,33,6,2022–2023
Kisa-Batool,https://github.com/Kisa-Batool,110594546,2022-08,16,32,6,2022–2023
AliAbdullah777,https://github.com/AliAbdullah777,111515590,2022-08,7,32,6,2022–2023
hamzashoaib645,https://github.com/hamzashoaib645,110674246,2022-08,15,30,6,2022–2023
Shaan3274,https://github.com/Shaan3274,112044382,2022-08,12,30,6,2022–2023
zeeshanm345,https://github.com/zeeshanm345,111704515,2022-08,8,30,6,2022–2023
sawerafatima,https://github.com/sawerafatima,110625718,2022-08,15,28,6,2022–2023
muammadtayyab648,https://github.com/muammadtayyab648,112068889,2022-08,6,24,6,2022–2023
MTZ029,https://github.com/MTZ029,111353585,2022-08,10,21,6,2022–2023
zakriyaijaz,https://github.com/zakriyaijaz,112303534,2022-08,7,20,6,2022–2023
sobiaarshad1,https://github.com/sobiaarshad1,110601272,2022-08,10,19,6,2022–2023
Abdul-wahab-tanoli,https://github.com/Abdul-wahab-tanoli,112411904,2022-08,6,19,6,2022–2023
Hamza-blti,https://github.com/Hamza-blti,110694326,2022-08,6,19,6,2022–2023
aexvane,https://github.com/aexvane,112255146,2022-08,9,18,6,2022–2023
Tallhah-Rajpoot,https://github.com/Tallhah-Rajpoot,112540430,2022-08,7,18,6,2022–2023
Raziudin,https://github.com/Raziudin,112276249,2022-08,8,14,6,2022–2023
rajahhassan,https://github.com/rajahhassan,111753140,2022-08,11,13,6,2022–2023
MajorILHAMKhan,https://github.com/MajorILHAMKhan,110982102,2022-08,9,13,6,2022–2023
hamza-rasheed,https://github.com/hamza-rasheed,110960053,2022-08,7,12,6,2022–2023
Alcashzone,https://github.com/Alcashzone,112493283,2022-08,7,12,6,2022–2023
umamajz,https://github.com/umamajz,112387473,2022-08,6,12,6,2022–2023
MujahidBilalOrakzai,https://github.com/MujahidBilalOrakzai,112186135,2022-08,14,11,6,2022–2023
waleedhassankhan,https://github.com/waleedhassankhan,113727744,2022-09,10,22465,6,2022–2023
MuneebsUrR,https://github.com/MuneebsUrR,113413796,2022-09,34,9505,6,2022–2023
theArtistSam,https://github.com/theArtistSam,113750554,2022-09,28,7216,6,2022–2023
awaisnazir08,https://github.com/awaisnazir08,113518103,2022-09,87,1940,6,2022–2023
samansaeed2306,https://github.com/samansaeed2306,114070923,2022-09,51,1726,6,2022–2023
KhawajaFashi,https://github.com/KhawajaFashi,112934339,2022-09,33,1724,6,2022–2023
sufyankhan2412,https://github.com/sufyankhan2412,112772397,2022-09,24,1371,6,2022–2023
Huzaifanasir95,https://github.com/Huzaifanasir95,114720031,2022-09,74,1232,6,2022–2023
zaineli,https://github.com/zaineli,113494181,2022-09,33,853,6,2022–2023
AbdulHadi806,https://github.com/AbdulHadi806,113926529,2022-09,35,657,6,2022–2023
ammonia2,https://github.com/ammonia2,113463369,2022-09,17,595,6,2022–2023
muhammadJawadm,https://github.com/muhammadJawadm,112897469,2022-09,51,586,6,2022–2023
mariathv,https://github.com/mariathv,114730306,2022-09,28,578,6,2022–2023
osama999x,https://github.com/osama999x,113596266,2022-09,20,541,6,2022–2023
anasbinrashid,https://github.com/anasbinrashid,114637748,2022-09,46,529,6,2022–2023
athaarnaqvi,https://github.com/athaarnaqvi,114763090,2022-09,29,483,6,2022–2023
muddassirali8089,https://github.com/muddassirali8089,114619571,2022-09,44,470,6,2022–2023
King1Muhammad,https://github.com/King1Muhammad,113195789,2022-09,9,443,6,2022–2023
msohaaib,https://github.com/msohaaib,114578522,2022-09,39,429,6,2022–2023
eashah-uwu,https://github.com/eashah-uwu,113248140,2022-09,11,406,6,2022–2023
HassanAlee,https://github.com/HassanAlee,113663676,2022-09,32,403,6,2022–2023
VaniaAbbas01,https://github.com/VaniaAbbas01,114409231,2022-09,22,392,6,2022–2023
AtharRizwan,https://github.com/AtharRizwan,113369629,2022-09,27,388,6,2022–2023
mallik-amaan,https://github.com/mallik-amaan,113288057,2022-09,32,384,6,2022–2023
povsalman,https://github.com/povsalman,114092557,2022-09,27,383,6,2022–2023
nasarali03,https://github.com/nasarali03,113758817,2022-09,38,364,6,2022–2023
mhamzanadeem,https://github.com/mhamzanadeem,114602354,2022-09,40,342,6,2022–2023
Revolt-47,https://github.com/Revolt-47,114021105,2022-09,36,333,6,2022–2023
umer-khann,https://github.com/umer-khann,114675143,2022-09,19,331,6,2022–2023
Danyal-Khursheed,https://github.com/Danyal-Khursheed,113462173,2022-09,20,326,6,2022–2023
junaidzeb123,https://github.com/junaidzeb123,114578077,2022-09,31,305,6,2022–2023
atifibrahim7,https://github.com/atifibrahim7,114602329,2022-09,53,285,6,2022–2023
hafsa-imtiaz,https://github.com/hafsa-imtiaz,114778032,2022-09,14,283,6,2022–2023
AfzalHaq61,https://github.com/AfzalHaq61,113984344,2022-09,24,281,6,2022–2023
Bonevane,https://github.com/Bonevane,114078747,2022-09,52,280,6,2022–2023
Sami-Ullah-Tufail,https://github.com/Sami-Ullah-Tufail,114190100,2022-09,53,271,6,2022–2023
AbdullahAssi,https://github.com/AbdullahAssi,113567773,2022-09,48,263,6,2022–2023
Muaz-Ashraf,https://github.com/Muaz-Ashraf,112903860,2022-09,22,259,6,2022–2023
zohaib6262,https://github.com/zohaib6262,112881867,2022-09,27,258,6,2022–2023
sahrishmustafa,https://github.com/sahrishmustafa,114588930,2022-09,22,256,6,2022–2023
faahad43,https://github.com/faahad43,113705058,2022-09,28,247,6,2022–2023
haseeb-012,https://github.com/haseeb-012,112787960,2022-09,38,242,6,2022–2023
asimzahoor443,https://github.com/asimzahoor443,113241389,2022-09,28,242,6,2022–2023
muhammadAsh1r,https://github.com/muhammadAsh1r,113202924,2022-09,30,240,6,2022–2023
molarmuaz,https://github.com/molarmuaz,112881407,2022-09,24,239,6,2022–2023
Aalyanraza,https://github.com/Aalyanraza,114768774,2022-09,30,232,6,2022–2023
sameeramjad07,https://github.com/sameeramjad07,113773736,2022-09,50,224,6,2022–2023
anjumhere,https://github.com/anjumhere,113307949,2022-09,25,224,6,2022–2023
Zakariya0801,https://github.com/Zakariya0801,114598774,2022-09,16,222,6,2022–2023
MHS-4ever,https://github.com/MHS-4ever,112760992,2022-09,25,211,6,2022–2023
ahmed-a133b,https://github.com/ahmed-a133b,114568734,2022-09,14,209,6,2022–2023
qudratullah0708,https://github.com/qudratullah0708,113133016,2022-09,30,206,6,2022–2023
AlyAhmedRbk,https://github.com/AlyAhmedRbk,113694375,2022-09,79,196,6,2022–2023
Ahadhassan-2003,https://github.com/Ahadhassan-2003,113128923,2022-09,11,190,6,2022–2023
aaminaa01,https://github.com/aaminaa01,114048193,2022-09,21,188,6,2022–2023
haseeburehman,https://github.com/haseeburehman,113678168,2022-09,20,187,6,2022–2023
hasan-murad02,https://github.com/hasan-murad02,113841225,2022-09,29,186,6,2022–2023
PERPELEX,https://github.com/PERPELEX,114605390,2022-09,16,183,6,2022–2023
mesametamaarkhan,https://github.com/mesametamaarkhan,114758782,2022-09,37,181,6,2022–2023
fizawajid,https://github.com/fizawajid,114597702,2022-09,14,179,6,2022–2023
NabeelAhmad3,https://github.com/NabeelAhmad3,113819046,2022-09,12,170,6,2022–2023
huzaifakhan04,https://github.com/huzaifakhan04,113238098,2022-09,12,168,6,2022–2023
muhammadateeb86,https://github.com/muhammadateeb86,114637585,2022-09,29,159,6,2022–2023
ummayrr,https://github.com/ummayrr,114747567,2022-09,17,159,6,2022–2023
ShayanAkhtar,https://github.com/ShayanAkhtar,112849973,2022-09,28,153,6,2022–2023
Suleman984,https://github.com/Suleman984,113613080,2022-09,22,151,6,2022–2023
AmarAbbas123,https://github.com/AmarAbbas123,113879608,2022-09,24,149,6,2022–2023
saffimuhammadhashir,https://github.com/saffimuhammadhashir,114701621,2022-09,17,148,6,2022–2023
umairgosal,https://github.com/umairgosal,113062175,2022-09,22,143,6,2022–2023
areeba1052,https://github.com/areeba1052,114559850,2022-09,13,140,6,2022–2023
Muhammad-Abdullah-Jami,https://github.com/Muhammad-Abdullah-Jami,113931584,2022-09,14,139,6,2022–2023
SARMAD-ALI-cyber,https://github.com/SARMAD-ALI-cyber,113132683,2022-09,50,132,6,2022–2023
al1-nasir,https://github.com/al1-nasir,112803536,2022-09,31,132,6,2022–2023
Syed-MuhammadTaha,https://github.com/Syed-MuhammadTaha,112904022,2022-09,25,132,6,2022–2023
mab2004,https://github.com/mab2004,114094805,2022-09,18,125,6,2022–2023
HamzaRoohani,https://github.com/HamzaRoohani,114760877,2022-09,40,124,6,2022–2023
najafshafi,https://github.com/najafshafi,114765369,2022-09,12,120,6,2022–2023
wahab630,https://github.com/wahab630,114744680,2022-09,34,115,6,2022–2023
MrMashood,https://github.com/MrMashood,114109021,2022-09,18,115,6,2022–2023
a-ayesh,https://github.com/a-ayesh,114331868,2022-09,14,114,6,2022–2023
alikazmidev,https://github.com/alikazmidev,114748253,2022-09,17,113,6,2022–2023
AhsanSajjad322,https://github.com/AhsanSajjad322,114343328,2022-09,16,110,6,2022–2023
zaibe827,https://github.com/zaibe827,113366469,2022-09,22,109,6,2022–2023
HamadDeveloper,https://github.com/HamadDeveloper,114566974,2022-09,51,108,6,2022–2023
harrismalik98,https://github.com/harrismalik98,113388505,2022-09,46,108,6,2022–2023
zaidejaz,https://github.com/zaidejaz,114152171,2022-09,70,105,6,2022–2023
abdullahkhan1122,https://github.com/abdullahkhan1122,112954355,2022-09,13,103,6,2022–2023
Junaid-6,https://github.com/Junaid-6,114339174,2022-09,29,101,6,2022–2023
ehtishamabbas,https://github.com/ehtishamabbas,113436873,2022-09,8,99,6,2022–2023
abdullah4143,https://github.com/abdullah4143,114106780,2022-09,33,96,6,2022–2023
SameedZ,https://github.com/SameedZ,113443310,2022-09,28,93,6,2022–2023
zohaybhassan,https://github.com/zohaybhassan,114746578,2022-09,15,91,6,2022–2023
Areez10abd,https://github.com/Areez10abd,114606851,2022-09,13,88,6,2022–2023
Mohsin-Sial099,https://github.com/Mohsin-Sial099,113034025,2022-09,14,87,6,2022–2023
AdnanMujahid,https://github.com/AdnanMujahid,113625280,2022-09,39,86,6,2022–2023
shahxaibdars,https://github.com/shahxaibdars,114687420,2022-09,11,85,6,2022–2023
Afra107,https://github.com/Afra107,113014706,2022-09,15,80,6,2022–2023
AbdulMoizShah01,https://github.com/AbdulMoizShah01,113058614,2022-09,12,80,6,2022–2023
hammad-sarfraz-1,https://github.com/hammad-sarfraz-1,113185153,2022-09,10,79,6,2022–2023
ChaudharyAliHassan572,https://github.com/ChaudharyAliHassan572,114433654,2022-09,11,77,6,2022–2023
omerkhann,https://github.com/omerkhann,113168487,2022-09,7,74,6,2022–2023
Umar1-1assan,https://github.com/Umar1-1assan,114683998,2022-09,20,73,6,2022–2023
SajidSaleemKhattak,https://github.com/SajidSaleemKhattak,113522768,2022-09,17,72,6,2022–2023
kashifhussaiin,https://github.com/kashifhussaiin,113879405,2022-09,9,71,6,2022–2023
huzaifazahid888,https://github.com/huzaifazahid888,113002131,2022-09,11,70,6,2022–2023
fawadmunawar,https://github.com/fawadmunawar,112685417,2022-09,16,69,6,2022–2023
Ehtishamulhaq2k2,https://github.com/Ehtishamulhaq2k2,113692772,2022-09,15,69,6,2022–2023
umarie,https://github.com/umarie,114361322,2022-09,15,69,6,2022–2023
talhaazfar4722,https://github.com/talhaazfar4722,113213168,2022-09,10,68,6,2022–2023
AfrahSyed,https://github.com/AfrahSyed,114722566,2022-09,8,66,6,2022–2023
Shayankhan28,https://github.com/Shayankhan28,112692589,2022-09,11,64,6,2022–2023
jawad8082,https://github.com/jawad8082,112795335,2022-09,17,62,6,2022–2023
msuleman0100,https://github.com/msuleman0100,114329752,2022-09,19,61,6,2022–2023
HamzaSarfrazz,https://github.com/HamzaSarfrazz,112767056,2022-09,8,60,6,2022–2023
Saeeedmurad,https://github.com/Saeeedmurad,114613920,2022-09,14,59,6,2022–2023
wajidturi50,https://github.com/wajidturi50,113012466,2022-09,8,58,6,2022–2023
mobeent97,https://github.com/mobeent97,113123059,2022-09,11,55,6,2022–2023
yasirazizpk,https://github.com/yasirazizpk,112818000,2022-09,7,54,6,2022–2023
abdullahaamir13,https://github.com/abdullahaamir13,113012102,2022-09,11,53,6,2022–2023
wahajhaider24,https://github.com/wahajhaider24,112868368,2022-09,12,52,6,2022–2023
Ayeshazafar123,https://github.com/Ayeshazafar123,112761725,2022-09,13,51,6,2022–2023
HannanI7,https://github.com/HannanI7,112935371,2022-09,11,51,6,2022–2023
HamzaSaeed932,https://github.com/HamzaSaeed932,113684015,2022-09,15,50,6,2022–2023
Hammad-Ali-3656,https://github.com/Hammad-Ali-3656,113104432,2022-09,12,50,6,2022–2023
ammadbaryar,https://github.com/ammadbaryar,114242484,2022-09,8,47,6,2022–2023
rayyankhan33,https://github.com/rayyankhan33,114719935,2022-09,11,46,6,2022–2023
Zaryabk9,https://github.com/Zaryabk9,114070569,2022-09,14,45,6,2022–2023
alimusa5,https://github.com/alimusa5,114087428,2022-09,11,44,6,2022–2023
ambreenarshad,https://github.com/ambreenarshad,114678834,2022-09,9,44,6,2022–2023
kaynaatfatima,https://github.com/kaynaatfatima,113877420,2022-09,6,42,6,2022–2023
DaudRasheed,https://github.com/DaudRasheed,114152603,2022-09,14,41,6,2022–2023
emal03,https://github.com/emal03,113232565,2022-09,14,41,6,2022–2023
MSarmadMz,https://github.com/MSarmadMz,113386904,2022-09,6,41,6,2022–2023
Faizansatti14,https://github.com/Faizansatti14,114670614,2022-09,15,40,6,2022–2023
Aashir1234,https://github.com/Aashir1234,112618842,2022-09,7,37,6,2022–2023
Nasir0347,https://github.com/Nasir0347,113361753,2022-09,6,37,6,2022–2023
Salmankhanofficial,https://github.com/Salmankhanofficial,112861804,2022-09,8,36,6,2022–2023
MubashirSaeed942,https://github.com/MubashirSaeed942,113454786,2022-09,19,33,6,2022–2023
saqyb,https://github.com/saqyb,113032072,2022-09,9,33,6,2022–2023
Shaban-Satti,https://github.com/Shaban-Satti,112972703,2022-09,10,32,6,2022–2023
Iqbalcs,https://github.com/Iqbalcs,112796021,2022-09,7,32,6,2022–2023
choudharyumar,https://github.com/choudharyumar,112633372,2022-09,7,31,6,2022–2023
dawoodjan-spec,https://github.com/dawoodjan-spec,113531597,2022-09,20,30,6,2022–2023
usman941,https://github.com/usman941,112686668,2022-09,14,28,6,2022–2023
irtizaab,https://github.com/irtizaab,114013743,2022-09,8,26,6,2022–2023
ausafchaps,https://github.com/ausafchaps,114495040,2022-09,9,25,6,2022–2023
Yousaf5842,https://github.com/Yousaf5842,114132030,2022-09,9,25,6,2022–2023
sirnisarali,https://github.com/sirnisarali,114353233,2022-09,10,23,6,2022–2023
MAfaq-786,https://github.com/MAfaq-786,113323261,2022-09,24,22,6,2022–2023
Zima083,https://github.com/Zima083,113460622,2022-09,15,22,6,2022–2023
hassam-cheemaa,https://github.com/hassam-cheemaa,113927379,2022-09,6,22,6,2022–2023
usama929,https://github.com/usama929,114393771,2022-09,13,21,6,2022–2023
saifi67,https://github.com/saifi67,114075080,2022-09,9,21,6,2022–2023
zaqcodes002,https://github.com/zaqcodes002,113002790,2022-09,6,20,6,2022–2023
Zainmalik08,https://github.com/Zainmalik08,113463680,2022-09,14,19,6,2022–2023
MuhammadAnas129,https://github.com/MuhammadAnas129,114505949,2022-09,7,19,6,2022–2023
Syedomerali0,https://github.com/Syedomerali0,114502457,2022-09,10,18,6,2022–2023
Dawood67,https://github.com/Dawood67,113326190,2022-09,9,17,6,2022–2023
Muhammad-Arif56,https://github.com/Muhammad-Arif56,112798215,2022-09,8,13,6,2022–2023
HafsahAsif99,https://github.com/HafsahAsif99,112965712,2022-09,6,11,6,2022–2023
Rizwan12345G,https://github.com/Rizwan12345G,116170284,2022-10,9,5710,6,2022–2023
Junaid-Ikram,https://github.com/Junaid-Ikram,116338817,2022-10,12,1303,6,2022–2023
mtayyabrawan,https://github.com/mtayyabrawan,115396843,2022-10,58,1284,6,2022–2023
Txbish,https://github.com/Txbish,114801188,2022-10,34,936,6,2022–2023
saadahmedcs,https://github.com/saadahmedcs,114849634,2022-10,16,903,6,2022–2023
Tayyabsami1,https://github.com/Tayyabsami1,115224619,2022-10,34,861,6,2022–2023
Atifzada,https://github.com/Atifzada,116461959,2022-10,59,810,6,2022–2023
Harri200191,https://github.com/Harri200191,115916265,2022-10,76,760,6,2022–2023
NoorUlBaseer,https://github.com/NoorUlBaseer,115084509,2022-10,44,719,6,2022–2023
MuhammadTahirSundhu,https://github.com/MuhammadTahirSundhu,114790426,2022-10,53,564,6,2022–2023
MalaikaJunaid,https://github.com/MalaikaJunaid,115703238,2022-10,18,548,6,2022–2023
musfirah111,https://github.com/musfirah111,114949211,2022-10,25,462,6,2022–2023
m-mehdi14,https://github.com/m-mehdi14,116541533,2022-10,56,440,6,2022–2023
mkhan429419,https://github.com/mkhan429419,116183925,2022-10,39,426,6,2022–2023
junaidulhassan,https://github.com/junaidulhassan,116207188,2022-10,32,396,6,2022–2023
Abdullah-0-3,https://github.com/Abdullah-0-3,114878188,2022-10,30,390,6,2022–2023
MaleekNoob,https://github.com/MaleekNoob,115790326,2022-10,42,360,6,2022–2023
AbdulWahabRaza0,https://github.com/AbdulWahabRaza0,115993963,2022-10,27,304,6,2022–2023
saadan1234,https://github.com/saadan1234,115701364,2022-10,25,298,6,2022–2023
Omermuhammadi,https://github.com/Omermuhammadi,116374085,2022-10,27,269,6,2022–2023
AbdulAhad365,https://github.com/AbdulAhad365,115157982,2022-10,65,261,6,2022–2023
deviant101,https://github.com/deviant101,115878714,2022-10,54,256,6,2022–2023
abdullah-k18,https://github.com/abdullah-k18,115644774,2022-10,89,255,6,2022–2023
Bilal202202001,https://github.com/Bilal202202001,116734226,2022-10,17,254,6,2022–2023
mahadrehmann,https://github.com/mahadrehmann,114791389,2022-10,56,250,6,2022–2023
S-Zaib,https://github.com/S-Zaib,116735257,2022-10,33,250,6,2022–2023
maaz-web-dev,https://github.com/maaz-web-dev,117020351,2022-10,17,215,6,2022–2023
Mmuaz-pixel,https://github.com/Mmuaz-pixel,116841220,2022-10,44,212,6,2022–2023
AbdullahKhan286,https://github.com/AbdullahKhan286,116970911,2022-10,31,209,6,2022–2023
https-404,https://github.com/https-404,115361070,2022-10,48,206,6,2022–2023
MJawadAmin,https://github.com/MJawadAmin,114812094,2022-10,49,199,6,2022–2023
FaranAlam,https://github.com/FaranAlam,115638059,2022-10,19,199,6,2022–2023
CH-Umar-Aslam,https://github.com/CH-Umar-Aslam,114845317,2022-10,42,198,6,2022–2023
Mohibullah16,https://github.com/Mohibullah16,116228540,2022-10,20,193,6,2022–2023
MARafey,https://github.com/MARafey,115175167,2022-10,81,185,6,2022–2023
ijazHanif,https://github.com/ijazHanif,115060355,2022-10,22,185,6,2022–2023
ahsanirfan961,https://github.com/ahsanirfan961,116998027,2022-10,21,183,6,2022–2023
saudattari,https://github.com/saudattari,117003607,2022-10,62,181,6,2022–2023
FayyazAK,https://github.com/FayyazAK,116060515,2022-10,22,171,6,2022–2023
hissamumair,https://github.com/hissamumair,114980578,2022-10,37,167,6,2022–2023
kamal-hassan-1,https://github.com/kamal-hassan-1,115949420,2022-10,19,165,6,2022–2023
Muizism,https://github.com/Muizism,116908590,2022-10,27,161,6,2022–2023
The-Stallion78,https://github.com/The-Stallion78,116373971,2022-10,25,161,6,2022–2023
faizan17579,https://github.com/faizan17579,116417904,2022-10,19,148,6,2022–2023
zelikhan,https://github.com/zelikhan,114800813,2022-10,96,144,6,2022–2023
Muhammed-Haider,https://github.com/Muhammed-Haider,114966406,2022-10,15,143,6,2022–2023
hassamarifdev,https://github.com/hassamarifdev,115367050,2022-10,15,142,6,2022–2023
Aubakerzzz,https://github.com/Aubakerzzz,115403487,2022-10,66,139,6,2022–2023
salyana,https://github.com/salyana,116917565,2022-10,23,128,6,2022–2023
syed-khizar-shah,https://github.com/syed-khizar-shah,115891972,2022-10,30,124,6,2022–2023
emaanfatima118,https://github.com/emaanfatima118,114816162,2022-10,16,124,6,2022–2023
Dilawarkhan1417,https://github.com/Dilawarkhan1417,114845844,2022-10,41,123,6,2022–2023
kashifx6,https://github.com/kashifx6,115534130,2022-10,11,123,6,2022–2023
mahd0x8,https://github.com/mahd0x8,115098712,2022-10,10,119,6,2022–2023
messam-raza,https://github.com/messam-raza,114801293,2022-10,19,114,6,2022–2023
fazal-a,https://github.com/fazal-a,114961803,2022-10,17,112,6,2022–2023
fahadBajwaa,https://github.com/fahadBajwaa,115335764,2022-10,24,107,6,2022–2023
umargithub555,https://github.com/umargithub555,115009441,2022-10,25,106,6,2022–2023
faizhashmi459,https://github.com/faizhashmi459,115077221,2022-10,19,104,6,2022–2023
sabirhussain22,https://github.com/sabirhussain22,114881219,2022-10,8,100,6,2022–2023
nusRying,https://github.com/nusRying,116121504,2022-10,76,98,6,2022–2023
methezain,https://github.com/methezain,116460909,2022-10,14,98,6,2022–2023
UsmanHaider-Ali,https://github.com/UsmanHaider-Ali,115311922,2022-10,25,97,6,2022–2023
usamakj,https://github.com/usamakj,117111815,2022-10,31,93,6,2022–2023
syed-farazahmed,https://github.com/syed-farazahmed,116643834,2022-10,8,93,6,2022–2023
m-abdullah-shakoor,https://github.com/m-abdullah-shakoor,116428468,2022-10,23,92,6,2022–2023
HamrazAhmed,https://github.com/HamrazAhmed,114916362,2022-10,17,88,6,2022–2023
anwaarshah313,https://github.com/anwaarshah313,116658269,2022-10,12,86,6,2022–2023
Zulfibaba,https://github.com/Zulfibaba,116812437,2022-10,15,85,6,2022–2023
WALEED785,https://github.com/WALEED785,115590579,2022-10,30,84,6,2022–2023
Moeed08,https://github.com/Moeed08,115393385,2022-10,22,83,6,2022–2023
NoorFatimaYousafzai,https://github.com/NoorFatimaYousafzai,115864770,2022-10,25,82,6,2022–2023
rajafaisal31059,https://github.com/rajafaisal31059,116258218,2022-10,21,82,6,2022–2023
rkkhan27,https://github.com/rkkhan27,116416753,2022-10,11,81,6,2022–2023
walee275,https://github.com/walee275,116625358,2022-10,25,77,6,2022–2023
ghaniiii,https://github.com/ghaniiii,115374546,2022-10,11,76,6,2022–2023
hamzaiftikhar8282,https://github.com/hamzaiftikhar8282,116734419,2022-10,20,74,6,2022–2023
HassanAbbaccy,https://github.com/HassanAbbaccy,116199222,2022-10,14,74,6,2022–2023
MuhammadSaadKhan-soft,https://github.com/MuhammadSaadKhan-soft,115546231,2022-10,9,74,6,2022–2023
fafnirLore,https://github.com/fafnirLore,115158830,2022-10,18,71,6,2022–2023
ZaidZaki24,https://github.com/ZaidZaki24,114930683,2022-10,14,65,6,2022–2023
Luqman-Ansari,https://github.com/Luqman-Ansari,116886893,2022-10,14,64,6,2022–2023
afshan-yasmeen,https://github.com/afshan-yasmeen,115390656,2022-10,63,63,6,2022–2023
HarisAli-dev,https://github.com/HarisAli-dev,115566534,2022-10,10,63,6,2022–2023
Ahmad-nadeem-007,https://github.com/Ahmad-nadeem-007,117065987,2022-10,11,62,6,2022–2023
AbdurRehman1312,https://github.com/AbdurRehman1312,115373621,2022-10,15,61,6,2022–2023
sa5911,https://github.com/sa5911,115262495,2022-10,17,60,6,2022–2023
zeeshanokz,https://github.com/zeeshanokz,116103103,2022-10,25,58,6,2022–2023
Numan-Nadeem,https://github.com/Numan-Nadeem,115472372,2022-10,15,55,6,2022–2023
noorulhassan200,https://github.com/noorulhassan200,115898153,2022-10,13,54,6,2022–2023
mumraizMalik,https://github.com/mumraizMalik,116867024,2022-10,13,54,6,2022–2023
AjabNauman958,https://github.com/AjabNauman958,114978635,2022-10,10,54,6,2022–2023
asifaziz969,https://github.com/asifaziz969,116112603,2022-10,16,53,6,2022–2023
Herofab,https://github.com/Herofab,115143092,2022-10,13,53,6,2022–2023
wasam-khan,https://github.com/wasam-khan,116674253,2022-10,8,52,6,2022–2023
Ammad-Naseer,https://github.com/Ammad-Naseer,115913894,2022-10,8,52,6,2022–2023
Talal0777,https://github.com/Talal0777,116861149,2022-10,12,51,6,2022–2023
mubashir78611,https://github.com/mubashir78611,114981049,2022-10,17,49,6,2022–2023
saifrehman945,https://github.com/saifrehman945,114879793,2022-10,6,49,6,2022–2023
aqsatanoli,https://github.com/aqsatanoli,116660401,2022-10,11,48,6,2022–2023
MuhammadAbrar318404,https://github.com/MuhammadAbrar318404,115336541,2022-10,12,47,6,2022–2023
anumfatima362,https://github.com/anumfatima362,116074863,2022-10,7,47,6,2022–2023
zaki-mian,https://github.com/zaki-mian,115151527,2022-10,22,45,6,2022–2023
farhan-aziz06,https://github.com/farhan-aziz06,115704442,2022-10,15,42,6,2022–2023
Naeemkhan456,https://github.com/Naeemkhan456,115865109,2022-10,31,41,6,2022–2023
imabdullah1,https://github.com/imabdullah1,115225334,2022-10,27,40,6,2022–2023
HamailAshraf,https://github.com/HamailAshraf,115441729,2022-10,17,39,6,2022–2023
MuhammadOwais1113,https://github.com/MuhammadOwais1113,114853142,2022-10,13,37,6,2022–2023
hamzakhalil90,https://github.com/hamzakhalil90,116623434,2022-10,12,36,6,2022–2023
Matteeulhaq,https://github.com/Matteeulhaq,114852034,2022-10,7,36,6,2022–2023
Soban83,https://github.com/Soban83,114878340,2022-10,16,34,6,2022–2023
HassaanMub,https://github.com/HassaanMub,115165147,2022-10,8,34,6,2022–2023
Z9dot,https://github.com/Z9dot,115821303,2022-10,9,33,6,2022–2023
dawoodumar76,https://github.com/dawoodumar76,117063686,2022-10,21,32,6,2022–2023
Frankzed110,https://github.com/Frankzed110,115338908,2022-10,8,31,6,2022–2023
firedsaif,https://github.com/firedsaif,114801323,2022-10,11,30,6,2022–2023
mohsint123,https://github.com/mohsint123,116434810,2022-10,18,29,6,2022–2023
MrKhurraam,https://github.com/MrKhurraam,114870123,2022-10,18,29,6,2022–2023
TahirZameer,https://github.com/TahirZameer,116936308,2022-10,9,29,6,2022–2023
Rehmatkh,https://github.com/Rehmatkh,115762277,2022-10,9,28,6,2022–2023
Rabik3,https://github.com/Rabik3,117100825,2022-10,14,26,6,2022–2023
GH-NOORI10,https://github.com/GH-NOORI10,115868017,2022-10,8,21,6,2022–2023
UZAIRPROPAK,https://github.com/UZAIRPROPAK,115944561,2022-10,8,21,6,2022–2023
Rehankhanx,https://github.com/Rehankhanx,115723088,2022-10,16,20,6,2022–2023
rashid111222,https://github.com/rashid111222,116353808,2022-10,12,20,6,2022–2023
shoaibharis,https://github.com/shoaibharis,116787364,2022-10,10,19,6,2022–2023
MoSudais22,https://github.com/MoSudais22,115941206,2022-10,10,18,6,2022–2023
aazibarain,https://github.com/aazibarain,114823175,2022-10,7,18,6,2022–2023
ShahmirKiani,https://github.com/ShahmirKiani,114849797,2022-10,9,16,6,2022–2023
talhacoder302,https://github.com/talhacoder302,115582007,2022-10,8,16,6,2022–2023
Arwafq1,https://github.com/Arwafq1,116744225,2022-10,10,13,6,2022–2023
sudo-hassan-zahid,https://github.com/sudo-hassan-zahid,118428635,2022-11,16,1251,6,2022–2023
AQSA-ABDULLAH,https://github.com/AQSA-ABDULLAH,117677659,2022-11,74,757,6,2022–2023
Sohaib-Ahmed869,https://github.com/Sohaib-Ahmed869,118601382,2022-11,61,702,6,2022–2023
ib-hussain,https://github.com/ib-hussain,117548697,2022-11,26,650,6,2022–2023
zulqarnain1231,https://github.com/zulqarnain1231,118450067,2022-11,33,627,6,2022–2023
usmanmalik07,https://github.com/usmanmalik07,119419548,2022-11,32,619,6,2022–2023
SaifullahAkhtar-001,https://github.com/SaifullahAkhtar-001,118631470,2022-11,47,500,6,2022–2023
cipher-x-sudo,https://github.com/cipher-x-sudo,119114621,2022-11,11,472,6,2022–2023
themohdishaq,https://github.com/themohdishaq,119035868,2022-11,33,436,6,2022–2023
bilalshahdev,https://github.com/bilalshahdev,118194427,2022-11,16,435,6,2022–2023
harisalimughal,https://github.com/harisalimughal,119020619,2022-11,78,409,6,2022–2023
Badar-Ur-Zaman,https://github.com/Badar-Ur-Zaman,117711006,2022-11,46,325,6,2022–2023
alymehroz512,https://github.com/alymehroz512,119129110,2022-11,34,315,6,2022–2023
zuhair0,https://github.com/zuhair0,117568070,2022-11,41,297,6,2022–2023
rizwan-signon,https://github.com/rizwan-signon,118429382,2022-11,37,283,6,2022–2023
therehmanujjan,https://github.com/therehmanujjan,117349681,2022-11,31,256,6,2022–2023
AdnanMehr8,https://github.com/AdnanMehr8,118106335,2022-11,45,254,6,2022–2023
awahab111,https://github.com/awahab111,118908180,2022-11,17,251,6,2022–2023
nabeelimrani,https://github.com/nabeelimrani,118731608,2022-11,15,249,6,2022–2023
Ibrahim8781,https://github.com/Ibrahim8781,117165097,2022-11,31,239,6,2022–2023
Talnz007,https://github.com/Talnz007,117588324,2022-11,21,239,6,2022–2023
saroshkhann,https://github.com/saroshkhann,118652836,2022-11,29,234,6,2022–2023
tk1475,https://github.com/tk1475,118763009,2022-11,16,233,6,2022–2023
salamlakhan7,https://github.com/salamlakhan7,119106199,2022-11,39,224,6,2022–2023
zain-009,https://github.com/zain-009,118763595,2022-11,26,209,6,2022–2023
MustfainTariq,https://github.com/MustfainTariq,118638798,2022-11,25,205,6,2022–2023
ArfahAli,https://github.com/ArfahAli,118180876,2022-11,29,195,6,2022–2023
SoberSalman,https://github.com/SoberSalman,117476194,2022-11,21,176,6,2022–2023
fauz2003,https://github.com/fauz2003,117520240,2022-11,17,175,6,2022–2023
M-Abul-Hassan,https://github.com/M-Abul-Hassan,118730309,2022-11,59,173,6,2022–2023
ZainabAthar,https://github.com/ZainabAthar,118754216,2022-11,36,171,6,2022–2023
Bilalahmad366,https://github.com/Bilalahmad366,117812651,2022-11,27,169,6,2022–2023
Qaiserfarooq285,https://github.com/Qaiserfarooq285,118597629,2022-11,25,168,6,2022–2023
Syed-M-Nofel,https://github.com/Syed-M-Nofel,118352776,2022-11,45,165,6,2022–2023
ArhumKhan10,https://github.com/ArhumKhan10,117588847,2022-11,11,139,6,2022–2023
JalilAhmad2004,https://github.com/JalilAhmad2004,117964245,2022-11,18,136,6,2022–2023
GitHubEntermyname,https://github.com/GitHubEntermyname,119155392,2022-11,14,132,6,2022–2023
rabahalishah,https://github.com/rabahalishah,117630286,2022-11,13,130,6,2022–2023
Nimra-Arif,https://github.com/Nimra-Arif,119102280,2022-11,11,127,6,2022–2023
786Eidd,https://github.com/786Eidd,118678425,2022-11,10,124,6,2022–2023
jehanzebtareen,https://github.com/jehanzebtareen,118066927,2022-11,7,117,6,2022–2023
Haseebprivate,https://github.com/Haseebprivate,119362189,2022-11,28,116,6,2022–2023
ubaid956,https://github.com/ubaid956,117960408,2022-11,23,112,6,2022–2023
HusineRzaKhan,https://github.com/HusineRzaKhan,117496426,2022-11,17,112,6,2022–2023
fizza-ali8,https://github.com/fizza-ali8,117556400,2022-11,15,110,6,2022–2023
Sajjad-Ahmad-phy,https://github.com/Sajjad-Ahmad-phy,119119694,2022-11,9,105,6,2022–2023
MZabil,https://github.com/MZabil,117715101,2022-11,39,102,6,2022–2023
aligohar081,https://github.com/aligohar081,117528313,2022-11,39,100,6,2022–2023
J-hassan,https://github.com/J-hassan,118384297,2022-11,12,100,6,2022–2023
assad-khan,https://github.com/assad-khan,117392221,2022-11,10,100,6,2022–2023
SufianNuml,https://github.com/SufianNuml,119481440,2022-11,17,97,6,2022–2023
8cstudio,https://github.com/8cstudio,119423442,2022-11,11,96,6,2022–2023
sana-developer,https://github.com/sana-developer,117331399,2022-11,36,89,6,2022–2023
zulqarnain-git,https://github.com/zulqarnain-git,117861145,2022-11,71,88,6,2022–2023
Moiz0,https://github.com/Moiz0,117659466,2022-11,23,88,6,2022–2023
Shahzaib-Ibrar-developer,https://github.com/Shahzaib-Ibrar-developer,118386555,2022-11,47,82,6,2022–2023
Akibaliyas,https://github.com/Akibaliyas,118627238,2022-11,17,82,6,2022–2023
uzairaslam437,https://github.com/uzairaslam437,118652354,2022-11,15,79,6,2022–2023
UbaidullahAmjad,https://github.com/UbaidullahAmjad,119286827,2022-11,59,78,6,2022–2023
farwazahid,https://github.com/farwazahid,118047199,2022-11,23,78,6,2022–2023
JunaidAbbas517,https://github.com/JunaidAbbas517,117153050,2022-11,18,78,6,2022–2023
m-nabeed-haider,https://github.com/m-nabeed-haider,117512772,2022-11,16,78,6,2022–2023
Zafranzaman,https://github.com/Zafranzaman,118845703,2022-11,33,77,6,2022–2023
iffat-12,https://github.com/iffat-12,119071742,2022-11,9,75,6,2022–2023
Ma9241412,https://github.com/Ma9241412,118675977,2022-11,7,73,6,2022–2023
ahcreative,https://github.com/ahcreative,117529450,2022-11,13,70,6,2022–2023
hariskhan4236998,https://github.com/hariskhan4236998,117966380,2022-11,19,68,6,2022–2023
huzaifa-haider,https://github.com/huzaifa-haider,117170618,2022-11,25,65,6,2022–2023
ahmedbinaasim,https://github.com/ahmedbinaasim,117886007,2022-11,12,64,6,2022–2023
ektishaf,https://github.com/ektishaf,117176748,2022-11,11,60,6,2022–2023
khanronaldo,https://github.com/khanronaldo,119151041,2022-11,14,59,6,2022–2023
hassaanjamil2002,https://github.com/hassaanjamil2002,119432622,2022-11,17,58,6,2022–2023
Code-with-Ahmed,https://github.com/Code-with-Ahmed,118301198,2022-11,14,58,6,2022–2023
rohailk6,https://github.com/rohailk6,117741414,2022-11,6,58,6,2022–2023
casadullah,https://github.com/casadullah,117376551,2022-11,21,57,6,2022–2023
awais2iv,https://github.com/awais2iv,118078111,2022-11,18,55,6,2022–2023
ahmad2410,https://github.com/ahmad2410,119353119,2022-11,21,50,6,2022–2023
AyeshaAppDev,https://github.com/AyeshaAppDev,118033274,2022-11,13,50,6,2022–2023
YASEEN-nawab,https://github.com/YASEEN-nawab,117807941,2022-11,16,48,6,2022–2023
masab009,https://github.com/masab009,118281587,2022-11,11,40,6,2022–2023
kmkz97,https://github.com/kmkz97,117149418,2022-11,7,39,6,2022–2023
Burhan793,https://github.com/Burhan793,117753464,2022-11,24,38,6,2022–2023
talhashah34,https://github.com/talhashah34,117690637,2022-11,7,35,6,2022–2023
rafaykhan122,https://github.com/rafaykhan122,118996087,2022-11,22,33,6,2022–2023
matiullah-abbasi,https://github.com/matiullah-abbasi,118724625,2022-11,8,31,6,2022–2023
Khan-Mushahid,https://github.com/Khan-Mushahid,118431762,2022-11,13,29,6,2022–2023
tayyaburrehmann,https://github.com/tayyaburrehmann,118052779,2022-11,7,28,6,2022–2023
Noumanlogicworms,https://github.com/Noumanlogicworms,118338184,2022-11,6,25,6,2022–2023
iSaqibShafique,https://github.com/iSaqibShafique,118008210,2022-11,11,24,6,2022–2023
HiddeneOne12,https://github.com/HiddeneOne12,118432448,2022-11,8,22,6,2022–2023
MUDASSIRRANA,https://github.com/MUDASSIRRANA,119226691,2022-11,13,21,6,2022–2023
Muqaddim608,https://github.com/Muqaddim608,118798028,2022-11,11,20,6,2022–2023
usmanrao912,https://github.com/usmanrao912,119349169,2022-11,10,17,6,2022–2023
adeel955,https://github.com/adeel955,118600481,2022-11,6,17,6,2022–2023
Mubashir129-liaqat,https://github.com/Mubashir129-liaqat,119120186,2022-11,12,15,6,2022–2023
Safiullah111,https://github.com/Safiullah111,117183657,2022-11,9,14,6,2022–2023
osamasiddique22,https://github.com/osamasiddique22,119400794,2022-11,9,11,6,2022–2023
Smi804,https://github.com/Smi804,120583305,2022-12,17,1711,6,2022–2023
zas512,https://github.com/zas512,120051558,2022-12,20,1054,6,2022–2023
hashirabbasi777,https://github.com/hashirabbasi777,121451399,2022-12,42,752,6,2022–2023
MHUZAIFAM,https://github.com/MHUZAIFAM,121419942,2022-12,21,601,6,2022–2023
NigarishFateh,https://github.com/NigarishFateh,121384652,2022-12,37,530,6,2022–2023
developeruzairsaleem,https://github.com/developeruzairsaleem,119891591,2022-12,98,488,6,2022–2023
CodeWithZavi,https://github.com/CodeWithZavi,121171686,2022-12,32,488,6,2022–2023
muhammad-ali-emumba,https://github.com/muhammad-ali-emumba,119736621,2022-12,24,454,6,2022–2023
MuhammadMaaz7,https://github.com/MuhammadMaaz7,121642049,2022-12,39,392,6,2022–2023
WAJIHAALI1070,https://github.com/WAJIHAALI1070,121358629,2022-12,11,377,6,2022–2023
ishaq47,https://github.com/ishaq47,119721102,2022-12,30,347,6,2022–2023
jawad097,https://github.com/jawad097,121245678,2022-12,7,347,6,2022–2023
Abrar5510,https://github.com/Abrar5510,121420141,2022-12,12,334,6,2022–2023
haramnasir24,https://github.com/haramnasir24,119651788,2022-12,18,309,6,2022–2023
Ahtisham992,https://github.com/Ahtisham992,121355933,2022-12,45,281,6,2022–2023
aaqib-ahmed-nazir,https://github.com/aaqib-ahmed-nazir,120191459,2022-12,20,279,6,2022–2023
ShayanZameer,https://github.com/ShayanZameer,120198797,2022-12,24,269,6,2022–2023
mirbasit01,https://github.com/mirbasit01,121716860,2022-12,37,258,6,2022–2023
khanArham0029,https://github.com/khanArham0029,119779844,2022-12,37,255,6,2022–2023
Malik-Zain-555,https://github.com/Malik-Zain-555,121670237,2022-12,46,245,6,2022–2023
jacob-2244,https://github.com/jacob-2244,121566046,2022-12,31,241,6,2022–2023
FaizanPervaz,https://github.com/FaizanPervaz,121532370,2022-12,52,228,6,2022–2023
Alishbaaaa,https://github.com/Alishbaaaa,119751247,2022-12,15,224,6,2022–2023
soursecodee000,https://github.com/soursecodee000,119831866,2022-12,31,218,6,2022–2023
bilalrana8718,https://github.com/bilalrana8718,119967217,2022-12,18,210,6,2022–2023
Atasatti,https://github.com/Atasatti,119917196,2022-12,17,189,6,2022–2023
MHamzaAamir,https://github.com/MHamzaAamir,121198646,2022-12,19,188,6,2022–2023
moazhassan751,https://github.com/moazhassan751,120783258,2022-12,14,187,6,2022–2023
AhmadKhetran,https://github.com/AhmadKhetran,119881266,2022-12,16,181,6,2022–2023
Usmankhan-038,https://github.com/Usmankhan-038,121123909,2022-12,12,180,6,2022–2023
abbasahsan1,https://github.com/abbasahsan1,121311534,2022-12,34,178,6,2022–2023
danyalshah09,https://github.com/danyalshah09,119670767,2022-12,50,177,6,2022–2023
HassaanAfzal123,https://github.com/HassaanAfzal123,121686158,2022-12,27,174,6,2022–2023
Pierro-02,https://github.com/Pierro-02,120250737,2022-12,10,158,6,2022–2023
DanialSaleem14,https://github.com/DanialSaleem14,120120442,2022-12,57,155,6,2022–2023
ahmedmalik07,https://github.com/ahmedmalik07,119866175,2022-12,53,145,6,2022–2023
wasimadildev,https://github.com/wasimadildev,121689324,2022-12,27,144,6,2022–2023
Alibasti97,https://github.com/Alibasti97,120392104,2022-12,34,128,6,2022–2023
zarqashehwar,https://github.com/zarqashehwar,121221605,2022-12,13,126,6,2022–2023
rabbia67,https://github.com/rabbia67,121502549,2022-12,19,125,6,2022–2023
UsamaHafeez2351,https://github.com/UsamaHafeez2351,121376650,2022-12,12,125,6,2022–2023
umair6699182,https://github.com/umair6699182,121504980,2022-12,34,123,6,2022–2023
ahmedsArena,https://github.com/ahmedsArena,119684426,2022-12,26,121,6,2022–2023
Ghazi-Kazmi,https://github.com/Ghazi-Kazmi,121343940,2022-12,19,121,6,2022–2023
bilal2134,https://github.com/bilal2134,120062035,2022-12,35,119,6,2022–2023
ibrahim-khan12,https://github.com/ibrahim-khan12,119897423,2022-12,23,108,6,2022–2023
MufazalAhmad,https://github.com/MufazalAhmad,120373254,2022-12,20,100,6,2022–2023
shayandanish,https://github.com/shayandanish,120554208,2022-12,17,95,6,2022–2023
Muhammadzeeshsn,https://github.com/Muhammadzeeshsn,121709641,2022-12,8,91,6,2022–2023
Zunnooran,https://github.com/Zunnooran,120075690,2022-12,14,88,6,2022–2023
CYC07,https://github.com/CYC07,121049529,2022-12,12,88,6,2022–2023
its-mustafa07,https://github.com/its-mustafa07,121102562,2022-12,15,86,6,2022–2023
TayyabNaveed16,https://github.com/TayyabNaveed16,121384382,2022-12,12,86,6,2022–2023
shajeeraza12,https://github.com/shajeeraza12,119762488,2022-12,9,84,6,2022–2023
AbdulMoizAbbasi,https://github.com/AbdulMoizAbbasi,121189033,2022-12,14,81,6,2022–2023
aasim671,https://github.com/aasim671,120540762,2022-12,36,79,6,2022–2023
QasimBinSaeed1,https://github.com/QasimBinSaeed1,120249937,2022-12,6,79,6,2022–2023
MaliAhmd,https://github.com/MaliAhmd,120501353,2022-12,23,78,6,2022–2023
Umair-elahi123,https://github.com/Umair-elahi123,121499638,2022-12,17,74,6,2022–2023
abdulmoeezhassan,https://github.com/abdulmoeezhassan,121342680,2022-12,14,63,6,2022–2023
Abia27,https://github.com/Abia27,121261488,2022-12,19,60,6,2022–2023
iahsanGill,https://github.com/iahsanGill,121255477,2022-12,20,59,6,2022–2023
Malik-Ehtisham-ur-rehman,https://github.com/Malik-Ehtisham-ur-rehman,120170953,2022-12,14,57,6,2022–2023
Wajidiqbal1,https://github.com/Wajidiqbal1,121088089,2022-12,10,56,6,2022–2023
mohmdumer,https://github.com/mohmdumer,120613470,2022-12,12,55,6,2022–2023
MahaveerSukhani,https://github.com/MahaveerSukhani,119875270,2022-12,10,55,6,2022–2023
usamamaqsood690,https://github.com/usamamaqsood690,120375951,2022-12,14,54,6,2022–2023
onkarrai06,https://github.com/onkarrai06,121673391,2022-12,7,54,6,2022–2023
terabitit,https://github.com/terabitit,121346887,2022-12,18,51,6,2022–2023
SyedDanishAliShah,https://github.com/SyedDanishAliShah,119836653,2022-12,21,50,6,2022–2023
hannanaslamtech,https://github.com/hannanaslamtech,119815629,2022-12,13,47,6,2022–2023
AsmaMohsin1507,https://github.com/AsmaMohsin1507,119587114,2022-12,7,46,6,2022–2023
MianIdrees,https://github.com/MianIdrees,121511782,2022-12,8,45,6,2022–2023
aasiawahab,https://github.com/aasiawahab,120708797,2022-12,8,44,6,2022–2023
NaikUrRehman,https://github.com/NaikUrRehman,120085781,2022-12,15,43,6,2022–2023
sultanalikhan7543,https://github.com/sultanalikhan7543,120704290,2022-12,18,41,6,2022–2023
ayeshasiddiqa014,https://github.com/ayeshasiddiqa014,120197108,2022-12,11,41,6,2022–2023
UmairTheRealDev,https://github.com/UmairTheRealDev,119846241,2022-12,19,40,6,2022–2023
AbdulHadi05,https://github.com/AbdulHadi05,121569287,2022-12,14,39,6,2022–2023
harisbinyousaf24,https://github.com/harisbinyousaf24,121099575,2022-12,9,39,6,2022–2023
Usman909090,https://github.com/Usman909090,121721043,2022-12,16,38,6,2022–2023
SaadAyazCS,https://github.com/SaadAyazCS,121289945,2022-12,7,38,6,2022–2023
harisarshad235,https://github.com/harisarshad235,120155481,2022-12,9,34,6,2022–2023
hayat175,https://github.com/hayat175,119701806,2022-12,7,34,6,2022–2023
Abdulsubhan9,https://github.com/Abdulsubhan9,120838047,2022-12,11,33,6,2022–2023
r1hix,https://github.com/r1hix,120047396,2022-12,9,33,6,2022–2023
dev-aliawan,https://github.com/dev-aliawan,119912251,2022-12,11,31,6,2022–2023
aftabalam8512,https://github.com/aftabalam8512,120244659,2022-12,7,31,6,2022–2023
iam-mudassirkhan,https://github.com/iam-mudassirkhan,119941576,2022-12,18,30,6,2022–2023
M-Taimoor-Mansha,https://github.com/M-Taimoor-Mansha,120161019,2022-12,15,30,6,2022–2023
MUHAMMAD-MUBASHIR12,https://github.com/MUHAMMAD-MUBASHIR12,119619801,2022-12,12,30,6,2022–2023
mudassir06,https://github.com/mudassir06,121276675,2022-12,8,29,6,2022–2023
itsAdeel-hub,https://github.com/itsAdeel-hub,121631664,2022-12,6,29,6,2022–2023
ZeeshanAbbasii,https://github.com/ZeeshanAbbasii,121613081,2022-12,9,27,6,2022–2023
Ahtezazahsan,https://github.com/Ahtezazahsan,121696743,2022-12,9,27,6,2022–2023
ghan1a,https://github.com/ghan1a,120480122,2022-12,7,26,6,2022–2023
Uzair-Sohail,https://github.com/Uzair-Sohail,121401366,2022-12,15,23,6,2022–2023
hammmaddd,https://github.com/hammmaddd,121037685,2022-12,16,22,6,2022–2023
Moumerzaryab,https://github.com/Moumerzaryab,119960615,2022-12,14,21,6,2022–2023
Mahmoodphd241,https://github.com/Mahmoodphd241,120034806,2022-12,9,18,6,2022–2023
taosiq,https://github.com/taosiq,120461457,2022-12,8,17,6,2022–2023
rajaMusharraf,https://github.com/rajaMusharraf,121025149,2022-12,6,17,6,2022–2023
irfanquttab1,https://github.com/irfanquttab1,120581774,2022-12,11,16,6,2022–2023
MattiUrRehman051,https://github.com/MattiUrRehman051,121399795,2022-12,7,14,6,2022–2023
hamidnawazmonan,https://github.com/hamidnawazmonan,120713398,2022-12,6,13,6,2022–2023
MahnoorMubashar,https://github.com/MahnoorMubashar,120054982,2022-12,6,12,6,2022–2023
Lunarfang08,https://github.com/Lunarfang08,122212279,2023-01,29,16025,6,2022–2023
Ismailakram300,https://github.com/Ismailakram300,123332697,2023-01,19,1232,6,2022–2023
maryamkhan99,https://github.com/maryamkhan99,122377943,2023-01,18,1147,6,2022–2023
SaqibIqbal9090,https://github.com/SaqibIqbal9090,123089457,2023-01,9,919,6,2022–2023
haris936hk,https://github.com/haris936hk,122692356,2023-01,20,731,6,2022–2023
abdul-ghaffar01,https://github.com/abdul-ghaffar01,124041090,2023-01,26,638,6,2022–2023
umarmajeedofficial,https://github.com/umarmajeedofficial,121746394,2023-01,37,636,6,2022–2023
hamzaAmjad5163,https://github.com/hamzaAmjad5163,121765211,2023-01,51,589,6,2022–2023
Siddiqui0013,https://github.com/Siddiqui0013,124044422,2023-01,48,522,6,2022–2023
ASK-Baloch,https://github.com/ASK-Baloch,123837401,2023-01,40,498,6,2022–2023
Warishayat,https://github.com/Warishayat,122077609,2023-01,89,493,6,2022–2023
Ahmedm2002,https://github.com/Ahmedm2002,122914631,2023-01,53,378,6,2022–2023
qasimnauman,https://github.com/qasimnauman,123264838,2023-01,61,372,6,2022–2023
MazahirHaider5,https://github.com/MazahirHaider5,123077162,2023-01,19,369,6,2022–2023
aqib-mansoor,https://github.com/aqib-mansoor,122538985,2023-01,43,353,6,2022–2023
ismail-hafeez,https://github.com/ismail-hafeez,121823199,2023-01,35,331,6,2022–2023
hassaan9908,https://github.com/hassaan9908,123327422,2023-01,25,318,6,2022–2023
sultanyaso,https://github.com/sultanyaso,123772991,2023-01,47,312,6,2022–2023
owaischanna,https://github.com/owaischanna,124025992,2023-01,28,295,6,2022–2023
sohrab-pro,https://github.com/sohrab-pro,122888702,2023-01,33,245,7,2023–2023
AbdulAhad210904,https://github.com/AbdulAhad210904,123318968,2023-01,51,231,7,2023–2023
basit-nazir-memon,https://github.com/basit-nazir-memon,123104663,2023-01,66,230,7,2023–2023
rafiya618,https://github.com/rafiya618,122554649,2023-01,36,230,7,2023–2023
abdul-manan02,https://github.com/abdul-manan02,122822981,2023-01,21,228,7,2023–2023
talha-shahzad,https://github.com/talha-shahzad,123324616,2023-01,26,209,7,2023–2023
ravDev-darting,https://github.com/ravDev-darting,122018706,2023-01,9,208,7,2023–2023
Mutlaq124,https://github.com/Mutlaq124,123141668,2023-01,9,207,7,2023–2023
murafay,https://github.com/murafay,122479112,2023-01,47,192,7,2023–2023
tayyabsattar042,https://github.com/tayyabsattar042,121948255,2023-01,16,188,7,2023–2023
ImaanIbrar,https://github.com/ImaanIbrar,123624886,2023-01,18,186,7,2023–2023
DanishAli8063,https://github.com/DanishAli8063,123619499,2023-01,9,181,7,2023–2023
Waseem-Dar,https://github.com/Waseem-Dar,123810437,2023-01,15,180,7,2023–2023
moazamshigri,https://github.com/moazamshigri,124040080,2023-01,43,179,7,2023–2023
hamzanaeem10,https://github.com/hamzanaeem10,122161087,2023-01,21,177,7,2023–2023
mzararahmed,https://github.com/mzararahmed,124041714,2023-01,15,175,7,2023–2023
Taimoor-Raza-Asif,https://github.com/Taimoor-Raza-Asif,124069076,2023-01,19,174,7,2023–2023
Ali-Raza-Memon,https://github.com/Ali-Raza-Memon,123983553,2023-01,113,167,7,2023–2023
moeiz2701,https://github.com/moeiz2701,123664676,2023-01,24,166,7,2023–2023
HmUmaxKhan,https://github.com/HmUmaxKhan,123060139,2023-01,73,165,7,2023–2023
Farwah19,https://github.com/Farwah19,123458361,2023-01,19,161,7,2023–2023
ZohaWajahat,https://github.com/ZohaWajahat,122687582,2023-01,23,153,7,2023–2023
Dannythings,https://github.com/Dannythings,123598204,2023-01,10,143,7,2023–2023
zzzizo,https://github.com/zzzizo,121841953,2023-01,34,139,7,2023–2023
Ammar9290,https://github.com/Ammar9290,123241157,2023-01,31,139,7,2023–2023
sohail900,https://github.com/sohail900,124098178,2023-01,18,138,7,2023–2023
Raja-Hamid,https://github.com/Raja-Hamid,122218934,2023-01,15,135,7,2023–2023
siddiquifaras,https://github.com/siddiquifaras,123031834,2023-01,11,128,7,2023–2023
AbdurRahmanCodes,https://github.com/AbdurRahmanCodes,123243510,2023-01,17,126,7,2023–2023
Haidero,https://github.com/Haidero,124044917,2023-01,18,120,7,2023–2023
usmanayub14,https://github.com/usmanayub14,122670719,2023-01,20,117,7,2023–2023
Ans-Saeed,https://github.com/Ans-Saeed,123291198,2023-01,14,115,7,2023–2023
mohammadOsama141,https://github.com/mohammadOsama141,123809786,2023-01,18,112,7,2023–2023
Musa-Ali-Kazmi,https://github.com/Musa-Ali-Kazmi,123298042,2023-01,14,108,7,2023–2023
Ataa-UrRasool,https://github.com/Ataa-UrRasool,123288212,2023-01,14,104,7,2023–2023
owaismsd,https://github.com/owaismsd,123297927,2023-01,8,100,7,2023–2023
Abdullahariff,https://github.com/Abdullahariff,121882497,2023-01,21,99,7,2023–2023
Waheed-Gulzar,https://github.com/Waheed-Gulzar,124068732,2023-01,12,98,7,2023–2023
Mohsinziadev,https://github.com/Mohsinziadev,122200087,2023-01,25,95,7,2023–2023
Faizan482,https://github.com/Faizan482,123890930,2023-01,15,94,7,2023–2023
MuhammadZeeshan2,https://github.com/MuhammadZeeshan2,123735611,2023-01,25,90,7,2023–2023
Haroon-1ktk,https://github.com/Haroon-1ktk,121959975,2023-01,14,81,7,2023–2023
Talha1a,https://github.com/Talha1a,122833286,2023-01,16,78,7,2023–2023
Shaheen1998,https://github.com/Shaheen1998,122355215,2023-01,19,72,7,2023–2023
meaisha-github12,https://github.com/meaisha-github12,123952401,2023-01,12,70,7,2023–2023
abdulmueed22,https://github.com/abdulmueed22,123588862,2023-01,16,68,7,2023–2023
ei-abdullah,https://github.com/ei-abdullah,122219426,2023-01,21,67,7,2023–2023
M-HamzaAdeem,https://github.com/M-HamzaAdeem,123412144,2023-01,10,65,7,2023–2023
TahaBukhari-011,https://github.com/TahaBukhari-011,123765954,2023-01,13,64,7,2023–2023
Code-by-Muazam-Ali,https://github.com/Code-by-Muazam-Ali,121940051,2023-01,12,62,7,2023–2023
imqamarali,https://github.com/imqamarali,123806750,2023-01,16,59,7,2023–2023
devayesha23,https://github.com/devayesha23,122512315,2023-01,46,54,7,2023–2023
waqasahmad31,https://github.com/waqasahmad31,122593439,2023-01,11,54,7,2023–2023
awab-sial,https://github.com/awab-sial,124058224,2023-01,10,53,7,2023–2023
Badar25,https://github.com/Badar25,122017969,2023-01,13,49,7,2023–2023
Kumail714,https://github.com/Kumail714,123734652,2023-01,11,47,7,2023–2023
AbdullahUppal,https://github.com/AbdullahUppal,123026674,2023-01,8,45,7,2023–2023
MuhammadTayyab1002,https://github.com/MuhammadTayyab1002,122797079,2023-01,7,45,7,2023–2023
saad-jameel,https://github.com/saad-jameel,122045917,2023-01,11,43,7,2023–2023
MaryamHafeez786,https://github.com/MaryamHafeez786,122157595,2023-01,11,42,7,2023–2023
fizaf0012,https://github.com/fizaf0012,122171425,2023-01,10,42,7,2023–2023
AliLaqa,https://github.com/AliLaqa,124036776,2023-01,12,41,7,2023–2023
SalmanS17,https://github.com/SalmanS17,122210803,2023-01,11,34,7,2023–2023
salihumar660,https://github.com/salihumar660,123094560,2023-01,8,34,7,2023–2023
Ajmal121212,https://github.com/Ajmal121212,123932600,2023-01,12,30,7,2023–2023
azharqureishi,https://github.com/azharqureishi,121852346,2023-01,14,29,7,2023–2023
alimushtaq0,https://github.com/alimushtaq0,123072866,2023-01,6,29,7,2023–2023
arqammexe,https://github.com/arqammexe,121859615,2023-01,13,28,7,2023–2023
u720,https://github.com/u720,123266866,2023-01,8,26,7,2023–2023
Mahareeb,https://github.com/Mahareeb,122688432,2023-01,6,25,7,2023–2023
AbuBakkarBinAkmal,https://github.com/AbuBakkarBinAkmal,121852596,2023-01,12,22,7,2023–2023
moizmazhar37,https://github.com/moizmazhar37,123840543,2023-01,9,21,7,2023–2023
mbasimcr7,https://github.com/mbasimcr7,123815967,2023-01,6,21,7,2023–2023
MuhammadTaimoorAther,https://github.com/MuhammadTaimoorAther,122205994,2023-01,8,20,7,2023–2023
nownoregrets,https://github.com/nownoregrets,122392652,2023-01,11,19,7,2023–2023
Muza-ops,https://github.com/Muza-ops,122979643,2023-01,7,19,7,2023–2023
engrmalakkashif,https://github.com/engrmalakkashif,121769876,2023-01,11,18,7,2023–2023
AdnanAbidDev,https://github.com/AdnanAbidDev,121737814,2023-01,9,18,7,2023–2023
annsrehman4,https://github.com/annsrehman4,123472289,2023-01,12,17,7,2023–2023
SiRajAhmAD14201,https://github.com/SiRajAhmAD14201,122898600,2023-01,11,17,7,2023–2023
amaarahmad,https://github.com/amaarahmad,122637830,2023-01,9,17,7,2023–2023
QasimGithub,https://github.com/QasimGithub,121750148,2023-01,6,16,7,2023–2023
Raffay6671,https://github.com/Raffay6671,125397888,2023-02,33,4123,7,2023–2023
hypersoftdev,https://github.com/hypersoftdev,125879606,2023-02,34,987,7,2023–2023
muneeb-anjum0,https://github.com/muneeb-anjum0,125146931,2023-02,10,693,7,2023–2023
enigmAsad,https://github.com/enigmAsad,126256630,2023-02,13,683,7,2023–2023
Metaverse-Nabeel,https://github.com/Metaverse-Nabeel,125204779,2023-02,67,573,7,2023–2023
rafayhanan,https://github.com/rafayhanan,125734630,2023-02,20,564,7,2023–2023
AbdulSamad18090,https://github.com/AbdulSamad18090,125721063,2023-02,32,505,7,2023–2023
Junaidchohan,https://github.com/Junaidchohan,125215071,2023-02,57,488,7,2023–2023
mshamilkhan,https://github.com/mshamilkhan,125634825,2023-02,40,436,7,2023–2023
subhan-0786,https://github.com/subhan-0786,124813748,2023-02,35,430,7,2023–2023
Majid-Ali-Watto,https://github.com/Majid-Ali-Watto,124262390,2023-02,33,403,7,2023–2023
abdulrehmankz1,https://github.com/abdulrehmankz1,124372639,2023-02,51,396,7,2023–2023
zaim-abbasi,https://github.com/zaim-abbasi,125147306,2023-02,30,355,7,2023–2023
kanirya,https://github.com/kanirya,126070839,2023-02,37,354,7,2023–2023
AzghanAhmad,https://github.com/AzghanAhmad,124713294,2023-02,30,354,7,2023–2023
msaleh-12,https://github.com/msaleh-12,124878390,2023-02,10,331,7,2023–2023
HozefaRauf,https://github.com/HozefaRauf,124614731,2023-02,12,326,7,2023–2023
Saifiboi,https://github.com/Saifiboi,126437292,2023-02,10,325,7,2023–2023
sumeedkanwar,https://github.com/sumeedkanwar,126162633,2023-02,30,323,7,2023–2023
Zahid-Alee,https://github.com/Zahid-Alee,126326818,2023-02,16,307,7,2023–2023
shafay2003,https://github.com/shafay2003,125126394,2023-02,8,297,7,2023–2023
Zebishah,https://github.com/Zebishah,126333011,2023-02,64,287,7,2023–2023
shayan5522,https://github.com/shayan5522,124778856,2023-02,17,279,7,2023–2023
M-BilalMehmood,https://github.com/M-BilalMehmood,125654503,2023-02,18,263,7,2023–2023
FURQAN-QURESHI,https://github.com/FURQAN-QURESHI,126342888,2023-02,20,247,7,2023–2023
sadiqawan,https://github.com/sadiqawan,125399546,2023-02,43,236,7,2023–2023
adnanadilalpha,https://github.com/adnanadilalpha,124282322,2023-02,22,226,7,2023–2023
RndmRyan,https://github.com/RndmRyan,125385098,2023-02,13,220,7,2023–2023
SaamiyaMariam,https://github.com/SaamiyaMariam,125141049,2023-02,14,219,7,2023–2023
noman-ejaz,https://github.com/noman-ejaz,124270538,2023-02,8,217,7,2023–2023
hsfassih,https://github.com/hsfassih,125371765,2023-02,14,215,7,2023–2023
affanrasheed,https://github.com/affanrasheed,126155896,2023-02,31,213,7,2023–2023
salmankhani-sk,https://github.com/salmankhani-sk,125283549,2023-02,71,209,7,2023–2023
shaharyar522,https://github.com/shaharyar522,124666378,2023-02,59,205,7,2023–2023
tskaj,https://github.com/tskaj,126407499,2023-02,41,190,7,2023–2023
muhammadali015,https://github.com/muhammadali015,124971272,2023-02,39,190,7,2023–2023
touseefahmed96,https://github.com/touseefahmed96,124333084,2023-02,25,190,7,2023–2023
muhammad-mohsin-siddique,https://github.com/muhammad-mohsin-siddique,124222112,2023-02,29,184,7,2023–2023
ARIBFIB,https://github.com/ARIBFIB,125716994,2023-02,93,179,7,2023–2023
atbsniper,https://github.com/atbsniper,124369451,2023-02,11,172,7,2023–2023
i-am-ayesha,https://github.com/i-am-ayesha,125878564,2023-02,37,171,7,2023–2023
malakafaqahmad,https://github.com/malakafaqahmad,124126284,2023-02,32,171,7,2023–2023
maryam0007,https://github.com/maryam0007,125084535,2023-02,20,169,7,2023–2023
ghost-huzaifa,https://github.com/ghost-huzaifa,124766345,2023-02,35,168,7,2023–2023
Usman-Tech-Ali,https://github.com/Usman-Tech-Ali,125171392,2023-02,39,159,7,2023–2023
aumair472,https://github.com/aumair472,125272813,2023-02,64,154,7,2023–2023
AbdulRafayZia,https://github.com/AbdulRafayZia,125197036,2023-02,29,154,7,2023–2023
jawad-ali11,https://github.com/jawad-ali11,126118767,2023-02,34,152,7,2023–2023
Mattique20,https://github.com/Mattique20,124389646,2023-02,25,151,7,2023–2023
HamzaQasim7,https://github.com/HamzaQasim7,126334681,2023-02,43,146,7,2023–2023
maisamali5,https://github.com/maisamali5,124469264,2023-02,8,136,7,2023–2023
ihuzaifashoukat,https://github.com/ihuzaifashoukat,125597146,2023-02,16,134,7,2023–2023
MHaseebMazhar,https://github.com/MHaseebMazhar,126347233,2023-02,22,132,7,2023–2023
WasifAliShah,https://github.com/WasifAliShah,124196606,2023-02,19,129,7,2023–2023
LeemaRam,https://github.com/LeemaRam,126135457,2023-02,20,125,7,2023–2023
blockcati,https://github.com/blockcati,126339109,2023-02,6,121,7,2023–2023
Kainattkhan,https://github.com/Kainattkhan,125871941,2023-02,23,118,7,2023–2023
01-bandit,https://github.com/01-bandit,125026397,2023-02,13,116,7,2023–2023
ayra-alamdar,https://github.com/ayra-alamdar,126222111,2023-02,15,114,7,2023–2023
hammas-coding,https://github.com/hammas-coding,125029180,2023-02,32,106,7,2023–2023
Abdul-Moiz-Hassan-13,https://github.com/Abdul-Moiz-Hassan-13,124426213,2023-02,23,106,7,2023–2023
ahsanabdul1870,https://github.com/ahsanabdul1870,125799829,2023-02,15,106,7,2023–2023
eshamqureshi,https://github.com/eshamqureshi,124621448,2023-02,19,104,7,2023–2023
zainos-blip,https://github.com/zainos-blip,125822399,2023-02,14,104,7,2023–2023
USMAN1626,https://github.com/USMAN1626,125720247,2023-02,19,103,7,2023–2023
amaamir124,https://github.com/amaamir124,125149628,2023-02,18,99,7,2023–2023
Abeera67,https://github.com/Abeera67,125289291,2023-02,18,99,7,2023–2023
A1iw4r3,https://github.com/A1iw4r3,124252109,2023-02,23,90,7,2023–2023
shahzaibkhan7788,https://github.com/shahzaibkhan7788,125466418,2023-02,12,88,7,2023–2023
sohaib0075,https://github.com/sohaib0075,126108543,2023-02,38,87,7,2023–2023
rafiaabbasi2004,https://github.com/rafiaabbasi2004,124450445,2023-02,22,82,7,2023–2023
Areel123,https://github.com/Areel123,124805998,2023-02,31,80,7,2023–2023
MaaniMaaz,https://github.com/MaaniMaaz,124836374,2023-02,14,74,7,2023–2023
officialalihaider,https://github.com/officialalihaider,125692810,2023-02,13,74,7,2023–2023
MuhammadUsmanBash,https://github.com/MuhammadUsmanBash,124618182,2023-02,20,68,7,2023–2023
SalmanAhmed03,https://github.com/SalmanAhmed03,124187700,2023-02,9,67,7,2023–2023
TanzilJatt,https://github.com/TanzilJatt,124710567,2023-02,7,67,7,2023–2023
Rijafatima-1214,https://github.com/Rijafatima-1214,124591337,2023-02,31,66,7,2023–2023
sobiakarim,https://github.com/sobiakarim,125712325,2023-02,21,65,7,2023–2023
waqaswajla,https://github.com/waqaswajla,126586148,2023-02,18,64,7,2023–2023
Khaleeq2711,https://github.com/Khaleeq2711,125851602,2023-02,17,63,7,2023–2023
ahmiitahir,https://github.com/ahmiitahir,125311811,2023-02,16,62,7,2023–2023
EhtishamulHassan1328,https://github.com/EhtishamulHassan1328,124996707,2023-02,15,57,7,2023–2023
MuhammadYousaf54,https://github.com/MuhammadYousaf54,124269177,2023-02,15,55,7,2023–2023
sulaimanSAM,https://github.com/sulaimanSAM,125296566,2023-02,9,53,7,2023–2023
shakeel-khan0,https://github.com/shakeel-khan0,126331261,2023-02,10,50,7,2023–2023
kamlishgoswami,https://github.com/kamlishgoswami,125588073,2023-02,10,48,7,2023–2023
proximom,https://github.com/proximom,124667378,2023-02,8,48,7,2023–2023
ilsaa009,https://github.com/ilsaa009,125393407,2023-02,10,46,7,2023–2023
iqra-khan740,https://github.com/iqra-khan740,126602717,2023-02,9,45,7,2023–2023
dawoodahmedda,https://github.com/dawoodahmedda,125368241,2023-02,18,44,7,2023–2023
saad-rafeque,https://github.com/saad-rafeque,126379716,2023-02,9,44,7,2023–2023
alyeamjad,https://github.com/alyeamjad,126241336,2023-02,15,43,7,2023–2023
MBS0092,https://github.com/MBS0092,125501108,2023-02,16,42,7,2023–2023
TalhaZafarAi,https://github.com/TalhaZafarAi,125972614,2023-02,14,42,7,2023–2023
hajraanwar,https://github.com/hajraanwar,124888264,2023-02,13,41,7,2023–2023
HaniaBashir,https://github.com/HaniaBashir,125188784,2023-02,11,41,7,2023–2023
EngrWaqasSaeed,https://github.com/EngrWaqasSaeed,124669291,2023-02,20,39,7,2023–2023
saud4041,https://github.com/saud4041,126378434,2023-02,116,37,7,2023–2023
Raheimeen,https://github.com/Raheimeen,125392458,2023-02,8,36,7,2023–2023
UmarBashir0002,https://github.com/UmarBashir0002,125742533,2023-02,7,36,7,2023–2023
omarirfan68,https://github.com/omarirfan68,125263983,2023-02,11,35,7,2023–2023
hamzasrepo,https://github.com/hamzasrepo,126382289,2023-02,12,34,7,2023–2023
zeeeshaan,https://github.com/zeeeshaan,124908873,2023-02,38,31,7,2023–2023
ahmedkhalidse8,https://github.com/ahmedkhalidse8,124233883,2023-02,11,30,7,2023–2023
Abdul-Rafay-Aftab,https://github.com/Abdul-Rafay-Aftab,125350285,2023-02,8,30,7,2023–2023
ShadabAman,https://github.com/ShadabAman,125117430,2023-02,10,25,7,2023–2023
DanishMushtaq972,https://github.com/DanishMushtaq972,125242612,2023-02,11,24,7,2023–2023
hariscs414,https://github.com/hariscs414,126320614,2023-02,10,24,7,2023–2023
Ibrar734,https://github.com/Ibrar734,125492682,2023-02,13,21,7,2023–2023
Khadijarif,https://github.com/Khadijarif,124789768,2023-02,6,18,7,2023–2023
shoaibhasan99,https://github.com/shoaibhasan99,125175896,2023-02,7,16,7,2023–2023
wajiha-noor,https://github.com/wajiha-noor,124450131,2023-02,12,15,7,2023–2023
frontendpro-htmlhero,https://github.com/frontendpro-htmlhero,126145184,2023-02,7,15,7,2023–2023
muneebansari-0,https://github.com/muneebansari-0,124913396,2023-02,9,14,7,2023–2023
gorithub,https://github.com/gorithub,125586136,2023-02,8,13,7,2023–2023
sirsamileo,https://github.com/sirsamileo,124397200,2023-02,9,11,7,2023–2023
hamidazim321,https://github.com/hamidazim321,129533107,2023-03,57,1153,7,2023–2023
abdullah2310ishaq,https://github.com/abdullah2310ishaq,128117180,2023-03,29,910,7,2023–2023
Ihsaan7,https://github.com/Ihsaan7,128162020,2023-03,32,830,7,2023–2023
FarazRashid,https://github.com/FarazRashid,129024354,2023-03,19,574,7,2023–2023
GhufranBarcha,https://github.com/GhufranBarcha,128409464,2023-03,61,572,7,2023–2023
Naveedahmedtech,https://github.com/Naveedahmedtech,126868408,2023-03,53,565,7,2023–2023
exeNyx7,https://github.com/exeNyx7,129321545,2023-03,15,449,7,2023–2023
malakazlan,https://github.com/malakazlan,127258820,2023-03,38,429,7,2023–2023
Haroon2697,https://github.com/Haroon2697,127992317,2023-03,60,405,7,2023–2023
datixai,https://github.com/datixai,127643690,2023-03,32,389,7,2023–2023
WajidAli05,https://github.com/WajidAli05,127591211,2023-03,24,387,7,2023–2023
Septic-H,https://github.com/Septic-H,127947250,2023-03,22,376,7,2023–2023
MfaizanA21,https://github.com/MfaizanA21,127979352,2023-03,47,348,7,2023–2023
husnain417,https://github.com/husnain417,128898587,2023-03,29,329,7,2023–2023
SAAD-DASTGIR,https://github.com/SAAD-DASTGIR,129270933,2023-03,41,309,7,2023–2023
taimoor511,https://github.com/taimoor511,129211565,2023-03,78,305,7,2023–2023
Danimannnm,https://github.com/Danimannnm,129117681,2023-03,19,298,7,2023–2023
AbdullahMaqbool22,https://github.com/AbdullahMaqbool22,128978350,2023-03,42,283,7,2023–2023
Syed-Saleh-Programmer,https://github.com/Syed-Saleh-Programmer,129444178,2023-03,31,271,7,2023–2023
dotuser,https://github.com/dotuser,126890441,2023-03,23,265,7,2023–2023
Abubakarshykh,https://github.com/Abubakarshykh,126658411,2023-03,23,255,7,2023–2023
ali051002,https://github.com/ali051002,128137636,2023-03,11,252,7,2023–2023
maryamtahirexe,https://github.com/maryamtahirexe,128903308,2023-03,56,250,7,2023–2023
zaheerali34,https://github.com/zaheerali34,128778723,2023-03,32,231,7,2023–2023
Ammad-Ashraf,https://github.com/Ammad-Ashraf,128287119,2023-03,27,219,7,2023–2023
ehtshamul,https://github.com/ehtshamul,128890292,2023-03,31,215,7,2023–2023
Husnain-allly,https://github.com/Husnain-allly,129303938,2023-03,28,209,7,2023–2023
saymi313,https://github.com/saymi313,129151852,2023-03,24,209,7,2023–2023
aleezazahra,https://github.com/aleezazahra,127841293,2023-03,8,205,7,2023–2023
Hammad-i220628,https://github.com/Hammad-i220628,129062763,2023-03,16,201,7,2023–2023
AbdulMoiz2493,https://github.com/AbdulMoiz2493,129234290,2023-03,62,200,7,2023–2023
Hamza3087,https://github.com/Hamza3087,128885243,2023-03,55,193,7,2023–2023
aeroSapphire,https://github.com/aeroSapphire,128461916,2023-03,16,191,7,2023–2023
hamzarehman4,https://github.com/hamzarehman4,128228180,2023-03,38,185,7,2023–2023
manal-aamir,https://github.com/manal-aamir,127296976,2023-03,18,179,7,2023–2023
zarnabali,https://github.com/zarnabali,128060673,2023-03,37,178,7,2023–2023
Abdullah9213,https://github.com/Abdullah9213,127778502,2023-03,35,162,7,2023–2023
Usman-Khan49,https://github.com/Usman-Khan49,128228334,2023-03,21,160,7,2023–2023
Haideransari444,https://github.com/Haideransari444,128215038,2023-03,20,156,7,2023–2023
Abdullah-Falak,https://github.com/Abdullah-Falak,129168022,2023-03,15,155,7,2023–2023
0x4m4,https://github.com/0x4m4,127080303,2023-03,14,149,7,2023–2023
safwanhafeez,https://github.com/safwanhafeez,128904263,2023-03,13,148,7,2023–2023
0AbdullahSajjad0,https://github.com/0AbdullahSajjad0,129317642,2023-03,18,143,7,2023–2023
AreebaFatah02,https://github.com/AreebaFatah02,128526544,2023-03,20,142,7,2023–2023
usama-666,https://github.com/usama-666,126957983,2023-03,48,140,7,2023–2023
usharif00,https://github.com/usharif00,126967992,2023-03,20,135,7,2023–2023
ImRehmankhan,https://github.com/ImRehmankhan,128447399,2023-03,15,135,7,2023–2023
scientistdanyal,https://github.com/scientistdanyal,127227129,2023-03,37,134,7,2023–2023
youshasm,https://github.com/youshasm,129410054,2023-03,19,132,7,2023–2023
zubi-afridi,https://github.com/zubi-afridi,126780370,2023-03,18,132,7,2023–2023
haseebabidawan,https://github.com/haseebabidawan,126853402,2023-03,16,129,7,2023–2023
MAAZBINFAZAL,https://github.com/MAAZBINFAZAL,129457569,2023-03,15,127,7,2023–2023
abdull-ahmad,https://github.com/abdull-ahmad,129510318,2023-03,10,127,7,2023–2023
AbdulQadoos-01,https://github.com/AbdulQadoos-01,127832116,2023-03,30,125,7,2023–2023
moawizbinyamin,https://github.com/moawizbinyamin,129184096,2023-03,20,123,7,2023–2023
Nvm-seff,https://github.com/Nvm-seff,129315821,2023-03,18,122,7,2023–2023
itshamzaaah,https://github.com/itshamzaaah,129101318,2023-03,22,120,7,2023–2023
naqiib,https://github.com/naqiib,126884949,2023-03,22,117,7,2023–2023
KalsoomTariq,https://github.com/KalsoomTariq,128161390,2023-03,15,114,7,2023–2023
ahmedbilal008,https://github.com/ahmedbilal008,127771428,2023-03,14,111,7,2023–2023
muskan-tariq,https://github.com/muskan-tariq,128885180,2023-03,14,101,7,2023–2023
Amanat838,https://github.com/Amanat838,128832125,2023-03,29,98,7,2023–2023
usamaa-saleem,https://github.com/usamaa-saleem,127926848,2023-03,26,96,7,2023–2023
sydmurtaza,https://github.com/sydmurtaza,129210591,2023-03,16,95,7,2023–2023
deadsoul101,https://github.com/deadsoul101,127336803,2023-03,11,93,7,2023–2023
SaimZia,https://github.com/SaimZia,127679764,2023-03,12,92,7,2023–2023
haiderkayani,https://github.com/haiderkayani,128262017,2023-03,10,87,7,2023–2023
HamzaFarooqii,https://github.com/HamzaFarooqii,128915271,2023-03,21,85,7,2023–2023
walid11111,https://github.com/walid11111,128413899,2023-03,28,83,7,2023–2023
Kashif-Zeb,https://github.com/Kashif-Zeb,128372577,2023-03,17,83,7,2023–2023
Osamaktk,https://github.com/Osamaktk,126816774,2023-03,12,81,7,2023–2023
azeemasabir,https://github.com/azeemasabir,127886039,2023-03,17,80,7,2023–2023
HarisNadeem471,https://github.com/HarisNadeem471,129302082,2023-03,16,80,7,2023–2023
abd707rafiq,https://github.com/abd707rafiq,129547786,2023-03,42,79,7,2023–2023
Bhatti89,https://github.com/Bhatti89,129562194,2023-03,16,78,7,2023–2023
saddamahmednisar,https://github.com/saddamahmednisar,126758805,2023-03,18,77,7,2023–2023
EmamaNoor,https://github.com/EmamaNoor,129305045,2023-03,6,76,7,2023–2023
hamzaakbar4018,https://github.com/hamzaakbar4018,126912863,2023-03,25,73,7,2023–2023
UsmanZafar47,https://github.com/UsmanZafar47,129027849,2023-03,12,69,7,2023–2023
umairramzan99,https://github.com/umairramzan99,127673337,2023-03,6,67,7,2023–2023
0Mouiz1,https://github.com/0Mouiz1,127435963,2023-03,12,66,7,2023–2023
JawadRasool042,https://github.com/JawadRasool042,127079505,2023-03,9,66,7,2023–2023
ambreeniazi,https://github.com/ambreeniazi,129070705,2023-03,11,65,7,2023–2023
naeemhassan12,https://github.com/naeemhassan12,127407787,2023-03,48,64,7,2023–2023
Studio-m2,https://github.com/Studio-m2,128856735,2023-03,36,60,7,2023–2023
ASHRAF-SARWAR,https://github.com/ASHRAF-SARWAR,128461843,2023-03,31,57,7,2023–2023
hilalahmed07,https://github.com/hilalahmed07,128368039,2023-03,15,57,7,2023–2023
Samadkhan1,https://github.com/Samadkhan1,126761374,2023-03,17,55,7,2023–2023
mrayyan421,https://github.com/mrayyan421,127131286,2023-03,15,55,7,2023–2023
Khizra3,https://github.com/Khizra3,127483334,2023-03,16,52,7,2023–2023
iBushraEjaz,https://github.com/iBushraEjaz,127244770,2023-03,14,51,7,2023–2023
i210429-muhammadalikhan,https://github.com/i210429-muhammadalikhan,128148103,2023-03,17,48,7,2023–2023
annasmir2,https://github.com/annasmir2,126694735,2023-03,13,45,7,2023–2023
adnanmalikawan,https://github.com/adnanmalikawan,128628178,2023-03,9,45,7,2023–2023
omais-ahmad,https://github.com/omais-ahmad,127193998,2023-03,14,44,7,2023–2023
codewithali-17,https://github.com/codewithali-17,129562278,2023-03,24,42,7,2023–2023
AbdullahAsif296,https://github.com/AbdullahAsif296,129287745,2023-03,10,42,7,2023–2023
dawood90999,https://github.com/dawood90999,127896325,2023-03,10,42,7,2023–2023
MDaniyal-07,https://github.com/MDaniyal-07,128846376,2023-03,6,40,7,2023–2023
AbdulMoizQureshi-2640,https://github.com/AbdulMoizQureshi-2640,129222842,2023-03,19,39,7,2023–2023
mirzaatif89,https://github.com/mirzaatif89,129139508,2023-03,19,39,7,2023–2023
mmKamalUni,https://github.com/mmKamalUni,129319125,2023-03,13,39,7,2023–2023
AbdullahDurrani4268,https://github.com/AbdullahDurrani4268,128582672,2023-03,7,37,7,2023–2023
ZiaImdad,https://github.com/ZiaImdad,127235403,2023-03,8,36,7,2023–2023
Syedibraheemm,https://github.com/Syedibraheemm,129326335,2023-03,11,35,7,2023–2023
Hafsa-2625,https://github.com/Hafsa-2625,129258749,2023-03,10,34,7,2023–2023
MalikSheryar,https://github.com/MalikSheryar,128922124,2023-03,19,31,7,2023–2023
EmanCodeWizard,https://github.com/EmanCodeWizard,128799972,2023-03,9,31,7,2023–2023
ibrahimgillani,https://github.com/ibrahimgillani,127669812,2023-03,8,31,7,2023–2023
mmubash,https://github.com/mmubash,127337805,2023-03,10,28,7,2023–2023
Mohammadk25,https://github.com/Mohammadk25,127031354,2023-03,10,27,7,2023–2023
Mfahadrafiq,https://github.com/Mfahadrafiq,126778876,2023-03,8,27,7,2023–2023
runtimeaqeel,https://github.com/runtimeaqeel,127364610,2023-03,6,26,7,2023–2023
sabakram,https://github.com/sabakram,126749695,2023-03,6,26,7,2023–2023
SufianAbid,https://github.com/SufianAbid,128212921,2023-03,10,24,7,2023–2023
awais-siddique,https://github.com/awais-siddique,128740732,2023-03,16,23,7,2023–2023
alizasarimdev,https://github.com/alizasarimdev,128395308,2023-03,7,22,7,2023–2023
neelumshah,https://github.com/neelumshah,126902419,2023-03,12,21,7,2023–2023
maherxubair,https://github.com/maherxubair,127536971,2023-03,7,19,7,2023–2023
himynamedan,https://github.com/himynamedan,127987035,2023-03,7,19,7,2023–2023
muhammad-hassan-lal,https://github.com/muhammad-hassan-lal,128643004,2023-03,8,17,7,2023–2023
xeeohaib,https://github.com/xeeohaib,128387338,2023-03,9,16,7,2023–2023
faisalliaqat1,https://github.com/faisalliaqat1,127025242,2023-03,9,14,7,2023–2023
m-ali88,https://github.com/m-ali88,128414535,2023-03,9,12,7,2023–2023
yousuf7677,https://github.com/yousuf7677,126985508,2023-03,7,11,7,2023–2023
MuhammadAmmarAtique,https://github.com/MuhammadAmmarAtique,131598704,2023-04,44,1304,7,2023–2023
qasim-mehar,https://github.com/qasim-mehar,129819215,2023-04,39,653,7,2023–2023
MUGHEESULHASSAN,https://github.com/MUGHEESULHASSAN,130926299,2023-04,72,581,7,2023–2023
waqas2714,https://github.com/waqas2714,131449899,2023-04,56,484,7,2023–2023
hassan2314,https://github.com/hassan2314,131755353,2023-04,32,436,7,2023–2023
MohAsef-Qayumi,https://github.com/MohAsef-Qayumi,130268032,2023-04,21,366,7,2023–2023
mubashir-ehsan,https://github.com/mubashir-ehsan,129896355,2023-04,14,347,7,2023–2023
Abdul-Wasay-008,https://github.com/Abdul-Wasay-008,132159763,2023-04,15,332,7,2023–2023
AmnaJamalKhattak,https://github.com/AmnaJamalKhattak,131193925,2023-04,12,316,7,2023–2023
Dilawarkhaninfo,https://github.com/Dilawarkhaninfo,130894444,2023-04,60,313,7,2023–2023
haroonwajid,https://github.com/haroonwajid,130307173,2023-04,38,281,7,2023–2023
mhuzaifi0604,https://github.com/mhuzaifi0604,131992477,2023-04,54,280,7,2023–2023
IAftabRehman,https://github.com/IAftabRehman,130142563,2023-04,25,280,7,2023–2023
taahabz,https://github.com/taahabz,131619486,2023-04,19,263,7,2023–2023
ZilaidAwwab,https://github.com/ZilaidAwwab,132026940,2023-04,16,260,7,2023–2023
khurrambhutto,https://github.com/khurrambhutto,129579965,2023-04,39,257,7,2023–2023
Muhdshayan,https://github.com/Muhdshayan,132085439,2023-04,28,250,7,2023–2023
rvmeesa,https://github.com/rvmeesa,130269585,2023-04,13,237,7,2023–2023
shahbazkhaliddev786,https://github.com/shahbazkhaliddev786,130798658,2023-04,84,233,7,2023–2023
xShort-Circuitx,https://github.com/xShort-Circuitx,132154352,2023-04,21,219,7,2023–2023
avsbutt,https://github.com/avsbutt,130155485,2023-04,8,214,7,2023–2023
Anser2,https://github.com/Anser2,130187355,2023-04,25,204,7,2023–2023
mehdikhan55,https://github.com/mehdikhan55,130605561,2023-04,22,186,7,2023–2023
tahahasan01,https://github.com/tahahasan01,129673119,2023-04,31,183,7,2023–2023
hashirscam,https://github.com/hashirscam,131022944,2023-04,7,177,7,2023–2023
Ubaid555,https://github.com/Ubaid555,132226011,2023-04,10,172,7,2023–2023
def-fun7,https://github.com/def-fun7,131314688,2023-04,12,150,7,2023–2023
farjad-khalil,https://github.com/farjad-khalil,130175602,2023-04,21,149,7,2023–2023
ahmermalik099,https://github.com/ahmermalik099,130060329,2023-04,23,147,7,2023–2023
Abeera-Mehtab,https://github.com/Abeera-Mehtab,130645675,2023-04,18,141,7,2023–2023
fatimaqadeer1,https://github.com/fatimaqadeer1,129862225,2023-04,11,125,7,2023–2023
OWAIS086-web,https://github.com/OWAIS086-web,130580336,2023-04,50,122,7,2023–2023
TalhaSher,https://github.com/TalhaSher,131690466,2023-04,14,108,7,2023–2023
Shadowx69,https://github.com/Shadowx69,129595935,2023-04,31,106,7,2023–2023
MuhammadMaazuddin,https://github.com/MuhammadMaazuddin,130267379,2023-04,48,103,7,2023–2023
aimendurrani,https://github.com/aimendurrani,130763335,2023-04,19,102,7,2023–2023
shahumm,https://github.com/shahumm,131202363,2023-04,8,99,7,2023–2023
Legacity,https://github.com/Legacity,131291817,2023-04,24,98,7,2023–2023
mudassar-durvaish,https://github.com/mudassar-durvaish,130289773,2023-04,21,94,7,2023–2023
ft72,https://github.com/ft72,129753184,2023-04,75,90,7,2023–2023
abdulhaseebrashid,https://github.com/abdulhaseebrashid,132038586,2023-04,16,87,7,2023–2023
Toseef537,https://github.com/Toseef537,130481838,2023-04,8,86,7,2023–2023
muqaddas-moeen,https://github.com/muqaddas-moeen,130707122,2023-04,18,81,7,2023–2023
manan35122,https://github.com/manan35122,130318003,2023-04,14,76,7,2023–2023
ansarSultan999,https://github.com/ansarSultan999,131306440,2023-04,32,74,7,2023–2023
Ussaid-Imtiaz,https://github.com/Ussaid-Imtiaz,130559788,2023-04,22,72,7,2023–2023
ahmadislam786,https://github.com/ahmadislam786,129587078,2023-04,21,70,7,2023–2023
Kashifriaz99,https://github.com/Kashifriaz99,129893272,2023-04,11,66,7,2023–2023
ishtiaq-huccain,https://github.com/ishtiaq-huccain,132072510,2023-04,31,65,7,2023–2023
ZainGondal005,https://github.com/ZainGondal005,129796577,2023-04,7,64,7,2023–2023
1FIZANOOR,https://github.com/1FIZANOOR,132131718,2023-04,10,52,7,2023–2023
muhammad-mas,https://github.com/muhammad-mas,131991422,2023-04,8,50,7,2023–2023
shaayann,https://github.com/shaayann,129778143,2023-04,14,48,7,2023–2023
akrashbashir,https://github.com/akrashbashir,129867136,2023-04,11,48,7,2023–2023
GhulamAbbasKazmi,https://github.com/GhulamAbbasKazmi,130851859,2023-04,24,47,7,2023–2023
Zeeshan-7860,https://github.com/Zeeshan-7860,129613894,2023-04,16,45,7,2023–2023
salman-221b,https://github.com/salman-221b,130108932,2023-04,9,43,7,2023–2023
MuhammadTahaSalaar,https://github.com/MuhammadTahaSalaar,130193385,2023-04,12,40,7,2023–2023
Javeria1804,https://github.com/Javeria1804,131121240,2023-04,10,40,7,2023–2023
shoaibtareen4649,https://github.com/shoaibtareen4649,131962321,2023-04,10,40,7,2023–2023
UmairArshad2662,https://github.com/UmairArshad2662,131918938,2023-04,10,38,7,2023–2023
Sadafmaqsood,https://github.com/Sadafmaqsood,129839605,2023-04,13,36,7,2023–2023
AliZafar93,https://github.com/AliZafar93,130133134,2023-04,6,36,7,2023–2023
Ghaus-Malik,https://github.com/Ghaus-Malik,129738822,2023-04,8,34,7,2023–2023
CsAhmaad,https://github.com/CsAhmaad,131281740,2023-04,13,33,7,2023–2023
hamzamir1618,https://github.com/hamzamir1618,130712514,2023-04,8,33,7,2023–2023
Muzamilkhattak,https://github.com/Muzamilkhattak,131155279,2023-04,20,32,7,2023–2023
AwaisKhan-Dev,https://github.com/AwaisKhan-Dev,131766470,2023-04,13,32,7,2023–2023
hj-satti,https://github.com/hj-satti,131783415,2023-04,10,32,7,2023–2023
azeem79,https://github.com/azeem79,129779576,2023-04,13,30,7,2023–2023
Tayyaba-22,https://github.com/Tayyaba-22,129877503,2023-04,6,27,7,2023–2023
muhammad1502,https://github.com/muhammad1502,132206525,2023-04,8,21,7,2023–2023
redtusker,https://github.com/redtusker,130090701,2023-04,10,19,7,2023–2023
SAAD-ANSAR1,https://github.com/SAAD-ANSAR1,130840919,2023-04,6,19,7,2023–2023
zohaibars,https://github.com/zohaibars,130561386,2023-04,12,17,7,2023–2023
xjibrannbilalkhann,https://github.com/xjibrannbilalkhann,130161548,2023-04,11,17,7,2023–2023
danishs360,https://github.com/danishs360,130394885,2023-04,8,17,7,2023–2023
aleenazaid,https://github.com/aleenazaid,131977723,2023-04,9,16,7,2023–2023
ibi-ab,https://github.com/ibi-ab,130552342,2023-04,10,15,7,2023–2023
hammad-devo,https://github.com/hammad-devo,130856918,2023-04,8,14,7,2023–2023
Nmeta23,https://github.com/Nmeta23,129903539,2023-04,6,13,7,2023–2023
Ali0049,https://github.com/Ali0049,130936839,2023-04,7,12,7,2023–2023
MHuzaifa191,https://github.com/MHuzaifa191,133318437,2023-05,17,1163,7,2023–2023
obaidsafi51,https://github.com/obaidsafi51,134671014,2023-05,34,820,7,2023–2023
DevBasitali,https://github.com/DevBasitali,132766566,2023-05,42,763,7,2023–2023
iamwasiqueasjid,https://github.com/iamwasiqueasjid,133890400,2023-05,16,693,7,2023–2023
TechMusab,https://github.com/TechMusab,133419017,2023-05,49,659,7,2023–2023
m-m4h4d,https://github.com/m-m4h4d,132600645,2023-05,34,513,7,2023–2023
arslankhan0123,https://github.com/arslankhan0123,133638586,2023-05,34,496,7,2023–2023
waleed0537,https://github.com/waleed0537,133221815,2023-05,21,475,7,2023–2023
SyedMTaha,https://github.com/SyedMTaha,132924803,2023-05,21,423,7,2023–2023
awahabt,https://github.com/awahabt,133004396,2023-05,29,411,7,2023–2023
Waseem12wa,https://github.com/Waseem12wa,133979080,2023-05,52,335,7,2023–2023
AbidJohar,https://github.com/AbidJohar,135122651,2023-05,47,329,7,2023–2023
Mikey-Here3,https://github.com/Mikey-Here3,135088339,2023-05,44,285,7,2023–2023
justhamzashahid,https://github.com/justhamzashahid,133975358,2023-05,14,282,7,2023–2023
Sajad-ahmed-soomro,https://github.com/Sajad-ahmed-soomro,133056211,2023-05,33,244,7,2023–2023
Muhammadkazim5,https://github.com/Muhammadkazim5,133555661,2023-05,35,233,7,2023–2023
AqibHafeez473,https://github.com/AqibHafeez473,133861906,2023-05,61,224,7,2023–2023
HopzAlot,https://github.com/HopzAlot,134854788,2023-05,14,212,7,2023–2023
faisalkhan01122,https://github.com/faisalkhan01122,133991817,2023-05,27,199,7,2023–2023
Shoaib-Ali-ASif,https://github.com/Shoaib-Ali-ASif,133796092,2023-05,43,196,7,2023–2023
huda-usman,https://github.com/huda-usman,134079789,2023-05,10,190,7,2023–2023
anumsaeed0,https://github.com/anumsaeed0,133205418,2023-05,19,184,7,2023–2023
Syed-Abdullah-Hassan-Zaidi0,https://github.com/Syed-Abdullah-Hassan-Zaidi0,132608986,2023-05,12,160,7,2023–2023
fazich21,https://github.com/fazich21,134806934,2023-05,13,146,7,2023–2023
5hayzi,https://github.com/5hayzi,134054596,2023-05,8,146,7,2023–2023
AreebMalik10,https://github.com/AreebMalik10,132280960,2023-05,23,132,7,2023–2023
Sohailqureshi9,https://github.com/Sohailqureshi9,134473133,2023-05,8,111,7,2023–2023
farooq831,https://github.com/farooq831,133497333,2023-05,24,110,7,2023–2023
miawais,https://github.com/miawais,133634359,2023-05,7,108,7,2023–2023
muntaha-asim,https://github.com/muntaha-asim,,2023-05,7,107,7,2023–2023
Haram-Nagra,https://github.com/Haram-Nagra,132748243,2023-05,15,103,7,2023–2023
Muhammad-Aarij,https://github.com/Muhammad-Aarij,134320712,2023-05,15,100,7,2023–2023
war-abbasi,https://github.com/war-abbasi,132302741,2023-05,29,98,7,2023–2023
Hammad813,https://github.com/Hammad813,134999294,2023-05,13,83,7,2023–2023
aneebnaqvi15,https://github.com/aneebnaqvi15,134787227,2023-05,17,79,7,2023–2023
Piro369,https://github.com/Piro369,134799448,2023-05,9,79,7,2023–2023
Ayesha480,https://github.com/Ayesha480,132812475,2023-05,19,77,7,2023–2023
MuneerHussain01,https://github.com/MuneerHussain01,134735329,2023-05,20,75,7,2023–2023
naqiiii,https://github.com/naqiiii,134381718,2023-05,17,74,7,2023–2023
sadaf220099,https://github.com/sadaf220099,132846008,2023-05,23,69,7,2023–2023
wed-Dev,https://github.com/wed-Dev,133146365,2023-05,7,68,7,2023–2023
AbdulWasayUl,https://github.com/AbdulWasayUl,132391971,2023-05,19,66,7,2023–2023
Mariahameed89,https://github.com/Mariahameed89,134937624,2023-05,10,66,7,2023–2023
Muhammad-khalis,https://github.com/Muhammad-khalis,132879931,2023-05,18,65,7,2023–2023
Wajeeha-Arooj-99,https://github.com/Wajeeha-Arooj-99,135042860,2023-05,14,64,7,2023–2023
Anees031,https://github.com/Anees031,132710344,2023-05,33,56,7,2023–2023
saudmemon,https://github.com/saudmemon,134158202,2023-05,7,56,7,2023–2023
ahmadfas129,https://github.com/ahmadfas129,133526131,2023-05,65,54,7,2023–2023
HassanKhan1201,https://github.com/HassanKhan1201,133094264,2023-05,24,54,7,2023–2023
mujtabahaider4,https://github.com/mujtabahaider4,134877326,2023-05,7,54,7,2023–2023
abbaskhan5,https://github.com/abbaskhan5,132667630,2023-05,15,53,7,2023–2023
rajaabdullah833,https://github.com/rajaabdullah833,134060614,2023-05,7,52,7,2023–2023
shahdostofficial,https://github.com/shahdostofficial,133655217,2023-05,32,48,7,2023–2023
sarah2023,https://github.com/sarah2023,134475027,2023-05,9,47,7,2023–2023
obaidullah-miakhil,https://github.com/obaidullah-miakhil,134502902,2023-05,18,45,7,2023–2023
SmilyProgrammer,https://github.com/SmilyProgrammer,133641992,2023-05,15,45,7,2023–2023
Hammad2018,https://github.com/Hammad2018,132929800,2023-05,15,43,7,2023–2023
Laib00,https://github.com/Laib00,134737794,2023-05,9,43,7,2023–2023
1Abdullah101,https://github.com/1Abdullah101,132431654,2023-05,8,43,7,2023–2023
ameerhassankhan,https://github.com/ameerhassankhan,135139263,2023-05,15,42,7,2023–2023
msarmad2000,https://github.com/msarmad2000,133537770,2023-05,15,42,7,2023–2023
mashhood-dev,https://github.com/mashhood-dev,133003988,2023-05,10,42,7,2023–2023
wajihulqammar,https://github.com/wajihulqammar,133673865,2023-05,8,41,7,2023–2023
ikram0codes,https://github.com/ikram0codes,134082680,2023-05,17,39,7,2023–2023
saman727sk,https://github.com/saman727sk,133081712,2023-05,9,39,7,2023–2023
ogfaraz,https://github.com/ogfaraz,133903734,2023-05,17,38,7,2023–2023
moizhaiderr,https://github.com/moizhaiderr,133266609,2023-05,11,38,7,2023–2023
naqeeb74,https://github.com/naqeeb74,134379546,2023-05,6,35,7,2023–2023
AdeelShareef,https://github.com/AdeelShareef,134255176,2023-05,16,34,7,2023–2023
haider-github,https://github.com/haider-github,133625594,2023-05,11,34,7,2023–2023
iuq7,https://github.com/iuq7,132996911,2023-05,8,34,7,2023–2023
NibtahilNafees,https://github.com/NibtahilNafees,132377956,2023-05,9,33,7,2023–2023
sultann-ai,https://github.com/sultann-ai,132327669,2023-05,13,32,7,2023–2023
muhafzaala,https://github.com/muhafzaala,134034993,2023-05,10,32,7,2023–2023
talhazuberi71,https://github.com/talhazuberi71,134790707,2023-05,6,31,7,2023–2023
akkhan312,https://github.com/akkhan312,132699650,2023-05,11,30,7,2023–2023
MuhammadAnabHussain,https://github.com/MuhammadAnabHussain,132558092,2023-05,8,30,7,2023–2023
vaniaazeem,https://github.com/vaniaazeem,132760901,2023-05,10,29,7,2023–2023
asadmehsud,https://github.com/asadmehsud,134472102,2023-05,7,29,7,2023–2023
abbasbacha1122,https://github.com/abbasbacha1122,132933453,2023-05,23,28,7,2023–2023
sakiboy94,https://github.com/sakiboy94,135121718,2023-05,7,26,7,2023–2023
ZohraSardar,https://github.com/ZohraSardar,134960181,2023-05,7,22,7,2023–2023
ayeshanazneen1,https://github.com/ayeshanazneen1,134217413,2023-05,7,19,7,2023–2023
AyeshaMoazzam02,https://github.com/AyeshaMoazzam02,134135750,2023-05,7,18,7,2023–2023
shahidali20-python,https://github.com/shahidali20-python,135163385,2023-05,6,17,7,2023–2023
Rimshaly,https://github.com/Rimshaly,134428641,2023-05,8,15,7,2023–2023
MuhmadUmar,https://github.com/MuhmadUmar,132547355,2023-05,6,15,7,2023–2023
AhsanRiaz786,https://github.com/AhsanRiaz786,136050893,2023-06,32,1771,7,2023–2023
ghulammujtaba153,https://github.com/ghulammujtaba153,137277124,2023-06,49,1228,7,2023–2023
hmzi67,https://github.com/hmzi67,137566252,2023-06,51,1139,7,2023–2023
HabibullahDev,https://github.com/HabibullahDev,135245258,2023-06,39,1051,7,2023–2023
MHammad33,https://github.com/MHammad33,137163382,2023-06,22,1028,7,2023–2023
aliyan16,https://github.com/aliyan16,137385123,2023-06,26,961,7,2023–2023
KhalidAli555,https://github.com/KhalidAli555,136079112,2023-06,60,769,7,2023–2023
aqibcs,https://github.com/aqibcs,135546057,2023-06,32,654,7,2023–2023
juni2003,https://github.com/juni2003,135446610,2023-06,23,592,7,2023–2023
Awais-Asghar,https://github.com/Awais-Asghar,136043829,2023-06,34,520,7,2023–2023
ChaudaryAbdullah,https://github.com/ChaudaryAbdullah,135498279,2023-06,36,499,7,2023–2023
mhamzaaamir960,https://github.com/mhamzaaamir960,137796896,2023-06,70,476,7,2023–2023
mmasabalvi,https://github.com/mmasabalvi,136446395,2023-06,46,424,7,2023–2023
HaiderAziz428,https://github.com/HaiderAziz428,137106646,2023-06,30,424,7,2023–2023
mbe-waqar,https://github.com/mbe-waqar,137047897,2023-06,33,285,7,2023–2023
i-umayr,https://github.com/i-umayr,136754168,2023-06,17,284,7,2023–2023
rehmanic,https://github.com/rehmanic,135581995,2023-06,7,278,7,2023–2023
ZainAli985,https://github.com/ZainAli985,135848285,2023-06,13,268,7,2023–2023
Abdullah-Younas,https://github.com/Abdullah-Younas,135964672,2023-06,34,264,7,2023–2023
bilalrana351,https://github.com/bilalrana351,135582296,2023-06,20,258,7,2023–2023
raheelism,https://github.com/raheelism,136752096,2023-06,162,235,7,2023–2023
arbabhussain7,https://github.com/arbabhussain7,135390371,2023-06,40,226,7,2023–2023
ehtisham-id,https://github.com/ehtisham-id,137013012,2023-06,32,221,7,2023–2023
Saim-Nadeem,https://github.com/Saim-Nadeem,137045037,2023-06,20,201,7,2023–2023
IbtisamAsghar,https://github.com/IbtisamAsghar,135463488,2023-06,27,181,7,2023–2023
devHamzza,https://github.com/devHamzza,136141302,2023-06,16,173,7,2023–2023
hamza-zaman001,https://github.com/hamza-zaman001,135757468,2023-06,30,166,7,2023–2023
slmkhanahmed,https://github.com/slmkhanahmed,136975999,2023-06,6,165,7,2023–2023
Hammad-Amer,https://github.com/Hammad-Amer,135728329,2023-06,17,150,7,2023–2023
AliJabbar034,https://github.com/AliJabbar034,136952448,2023-06,61,144,7,2023–2023
developermsaqib,https://github.com/developermsaqib,137639816,2023-06,29,144,7,2023–2023
Shayaan-Nofil,https://github.com/Shayaan-Nofil,136152497,2023-06,20,141,7,2023–2023
codewithferdous,https://github.com/codewithferdous,136057245,2023-06,16,141,7,2023–2023
Ehsanulkhaliq4,https://github.com/Ehsanulkhaliq4,137249680,2023-06,20,140,7,2023–2023
UsamaMalik93,https://github.com/UsamaMalik93,136118359,2023-06,39,127,7,2023–2023
ahmed-hannan,https://github.com/ahmed-hannan,136465468,2023-06,15,124,7,2023–2023
Yasir265,https://github.com/Yasir265,136857297,2023-06,24,122,7,2023–2023
HashirAziz,https://github.com/HashirAziz,137812204,2023-06,25,115,7,2023–2023
HEXMAN-12,https://github.com/HEXMAN-12,137948425,2023-06,16,112,7,2023–2023
RehanAdilAbbasiRAA,https://github.com/RehanAdilAbbasiRAA,138215723,2023-06,17,104,7,2023–2023
NOYO-HASSU,https://github.com/NOYO-HASSU,135537044,2023-06,13,98,7,2023–2023
BabarNaeem01,https://github.com/BabarNaeem01,136264755,2023-06,32,97,7,2023–2023
hamnajamila,https://github.com/hamnajamila,137699089,2023-06,18,97,7,2023–2023
AwaisKhaleeq,https://github.com/AwaisKhaleeq,136807350,2023-06,27,96,7,2023–2023
duabatool020,https://github.com/duabatool020,136014001,2023-06,24,95,7,2023–2023
Jamal-al-Gillani,https://github.com/Jamal-al-Gillani,136183664,2023-06,16,95,7,2023–2023
AffanOnGit,https://github.com/AffanOnGit,135924789,2023-06,14,92,7,2023–2023
EHT1SHAM,https://github.com/EHT1SHAM,135625305,2023-06,18,88,7,2023–2023
shuzaifak,https://github.com/shuzaifak,136887222,2023-06,22,82,7,2023–2023
Professional091,https://github.com/Professional091,137890513,2023-06,17,82,7,2023–2023
Usmanakram9,https://github.com/Usmanakram9,135546179,2023-06,13,79,7,2023–2023
muizz8,https://github.com/muizz8,137610651,2023-06,19,76,7,2023–2023
Nouman-Khaalid,https://github.com/Nouman-Khaalid,135434481,2023-06,15,74,7,2023–2023
ebadmahar,https://github.com/ebadmahar,135850812,2023-06,11,67,7,2023–2023
javeriafiaz,https://github.com/javeriafiaz,135190132,2023-06,11,63,7,2023–2023
Shayan-Mehmood,https://github.com/Shayan-Mehmood,135627205,2023-06,14,59,7,2023–2023
Eman0879,https://github.com/Eman0879,137303093,2023-06,14,59,7,2023–2023
Laiba-Shehryar0-0,https://github.com/Laiba-Shehryar0-0,137690822,2023-06,10,55,7,2023–2023
4HadiRaza,https://github.com/4HadiRaza,136682212,2023-06,16,54,7,2023–2023
SairaAliBhatti,https://github.com/SairaAliBhatti,137604139,2023-06,10,52,7,2023–2023
imtayyabzaman,https://github.com/imtayyabzaman,135797433,2023-06,9,50,7,2023–2023
Safyan76,https://github.com/Safyan76,135995609,2023-06,14,49,7,2023–2023
aleem-aslam,https://github.com/aleem-aslam,136734850,2023-06,9,48,7,2023–2023
HafizMHussain,https://github.com/HafizMHussain,136722973,2023-06,13,47,7,2023–2023
Abdul-H-adi,https://github.com/Abdul-H-adi,136830691,2023-06,7,46,7,2023–2023
AhsanAli2030,https://github.com/AhsanAli2030,137887082,2023-06,42,45,7,2023–2023
RayeDayyan,https://github.com/RayeDayyan,136856718,2023-06,16,43,7,2023–2023
takbeeralikhan,https://github.com/takbeeralikhan,136672946,2023-06,14,43,7,2023–2023
abdullahs9148,https://github.com/abdullahs9148,135430455,2023-06,6,43,7,2023–2023
Moeed-Furqan,https://github.com/Moeed-Furqan,137288538,2023-06,15,42,7,2023–2023
yasirkhan29,https://github.com/yasirkhan29,136316456,2023-06,24,38,7,2023–2023
AliAnwar10,https://github.com/AliAnwar10,136829489,2023-06,7,35,7,2023–2023
renegade-x,https://github.com/renegade-x,137067917,2023-06,12,34,7,2023–2023
khizri743,https://github.com/khizri743,135944498,2023-06,12,34,7,2023–2023
hadiaasghar,https://github.com/hadiaasghar,136158864,2023-06,21,33,7,2023–2023
muzammil-ahmed-5028,https://github.com/muzammil-ahmed-5028,136780595,2023-06,8,32,7,2023–2023
SMRazaAliAbidi,https://github.com/SMRazaAliAbidi,135731287,2023-06,6,32,7,2023–2023
burhan-320,https://github.com/burhan-320,136945431,2023-06,11,31,7,2023–2023
hassraza,https://github.com/hassraza,135624294,2023-06,8,31,7,2023–2023
TALHA0238,https://github.com/TALHA0238,135256564,2023-06,8,29,7,2023–2023
NIMRA-ABBASI,https://github.com/NIMRA-ABBASI,136378213,2023-06,15,28,7,2023–2023
zohaib109,https://github.com/zohaib109,135433954,2023-06,7,28,7,2023–2023
blvk3at,https://github.com/blvk3at,135548557,2023-06,6,28,7,2023–2023
malaika5,https://github.com/malaika5,135574955,2023-06,15,23,7,2023–2023
satti12,https://github.com/satti12,137698230,2023-06,13,23,7,2023–2023
vngZain,https://github.com/vngZain,135729705,2023-06,8,19,7,2023–2023
areeshakamran,https://github.com/areeshakamran,135334872,2023-06,6,18,7,2023–2023
nur-ul-amin,https://github.com/nur-ul-amin,137181792,2023-06,11,17,7,2023–2023
talhaaa499,https://github.com/talhaaa499,136616684,2023-06,13,12,7,2023–2023
Saadia-Naeem123,https://github.com/Saadia-Naeem123,137707094,2023-06,6,12,7,2023–2023
MTalhaJaved,https://github.com/MTalhaJaved,137648344,2023-06,9,11,7,2023–2023
mibrahim0499,https://github.com/mibrahim0499,139374245,2023-07,13,2114,7,2023–2023
MuhammadTalhaMaalik,https://github.com/MuhammadTalhaMaalik,141003710,2023-07,9,2025,7,2023–2023
saadamir1,https://github.com/saadamir1,140270944,2023-07,49,1893,7,2023–2023
Ab3467,https://github.com/Ab3467,138695838,2023-07,54,1170,7,2023–2023
ArhamAwan,https://github.com/ArhamAwan,140529437,2023-07,26,1085,7,2023–2023
shaheer-suhaib,https://github.com/shaheer-suhaib,139695375,2023-07,28,812,7,2023–2023
Talha-Tahir2001,https://github.com/Talha-Tahir2001,140109354,2023-07,58,726,7,2023–2023
Sikandarh11,https://github.com/Sikandarh11,138971227,2023-07,37,592,7,2023–2023
mirkashi,https://github.com/mirkashi,138784444,2023-07,18,569,7,2023–2023
malikEhsan09,https://github.com/malikEhsan09,139105701,2023-07,46,492,7,2023–2023
RehanGith,https://github.com/RehanGith,139225453,2023-07,93,472,7,2023–2023
zohaibsaroya,https://github.com/zohaibsaroya,140696690,2023-07,10,427,7,2023–2023
Suffynux,https://github.com/Suffynux,138431730,2023-07,22,424,7,2023–2023
sheharyarr-ahmed,https://github.com/sheharyarr-ahmed,138762475,2023-07,67,398,7,2023–2023
abuzerexe,https://github.com/abuzerexe,140898970,2023-07,18,396,7,2023–2023
abdulsaboor190,https://github.com/abdulsaboor190,140578710,2023-07,31,389,7,2023–2023
syedtayab321,https://github.com/syedtayab321,140459697,2023-07,45,370,7,2023–2023
gohar-anjum,https://github.com/gohar-anjum,140326495,2023-07,32,348,7,2023–2023
MurtazaMalik10,https://github.com/MurtazaMalik10,141025404,2023-07,14,347,7,2023–2023
students44,https://github.com/students44,139747778,2023-07,37,326,7,2023–2023
AbdullahButt-00,https://github.com/AbdullahButt-00,140272393,2023-07,26,305,7,2023–2023
Mubarak150,https://github.com/Mubarak150,139914643,2023-07,42,300,7,2023–2023
FaseehHayat21,https://github.com/FaseehHayat21,139529358,2023-07,34,294,7,2023–2023
tehr3emqas1m,https://github.com/tehr3emqas1m,139466169,2023-07,15,291,7,2023–2023
3SyedShayan,https://github.com/3SyedShayan,139269261,2023-07,20,284,7,2023–2023
Shifu34,https://github.com/Shifu34,140503589,2023-07,24,278,7,2023–2023
Shabby6466,https://github.com/Shabby6466,140966195,2023-07,45,270,7,2023–2023
SARAMALI15792,https://github.com/SARAMALI15792,140950904,2023-07,36,262,7,2023–2023
MEESAM749,https://github.com/MEESAM749,140645283,2023-07,28,256,7,2023–2023
muhammadahmadazam,https://github.com/muhammadahmadazam,139275803,2023-07,8,250,7,2023–2023
Noumansh01,https://github.com/Noumansh01,139547809,2023-07,10,241,7,2023–2023
en1gm4-exe,https://github.com/en1gm4-exe,140226521,2023-07,12,239,7,2023–2023
abdulah-x,https://github.com/abdulah-x,139623330,2023-07,9,237,7,2023–2023
MuhammadMuazAhmed,https://github.com/MuhammadMuazAhmed,139625173,2023-07,34,223,7,2023–2023
Ahmedwyne,https://github.com/Ahmedwyne,140757400,2023-07,14,210,7,2023–2023
MehvishKiani,https://github.com/MehvishKiani,140107709,2023-07,26,207,7,2023–2023
Rehan-Ul-Haq,https://github.com/Rehan-Ul-Haq,139003671,2023-07,89,193,7,2023–2023
majeeedshaikh,https://github.com/majeeedshaikh,140339486,2023-07,26,187,7,2023–2023
hexakaleem,https://github.com/hexakaleem,140233897,2023-07,22,182,7,2023–2023
sandhu02,https://github.com/sandhu02,138543818,2023-07,28,177,7,2023–2023
ahmadfaiz01,https://github.com/ahmadfaiz01,140952162,2023-07,13,175,7,2023–2023
MishalFatima09,https://github.com/MishalFatima09,139634432,2023-07,15,169,7,2023–2023
arslan-codes,https://github.com/arslan-codes,140653300,2023-07,26,165,7,2023–2023
FaizanSSDQ,https://github.com/FaizanSSDQ,139341566,2023-07,10,159,7,2023–2023
ahmadsultan03,https://github.com/ahmadsultan03,139212485,2023-07,27,156,7,2023–2023
eazizurrehman,https://github.com/eazizurrehman,139249818,2023-07,32,154,7,2023–2023
nasirqureshi-github,https://github.com/nasirqureshi-github,138995290,2023-07,26,152,7,2023–2023
malahimaamir,https://github.com/malahimaamir,139663786,2023-07,80,132,7,2023–2023
Fatimaqurban,https://github.com/Fatimaqurban,138794206,2023-07,19,130,7,2023–2023
HusnainKhushid,https://github.com/HusnainKhushid,138849961,2023-07,6,130,7,2023–2023
AliHere76,https://github.com/AliHere76,139843686,2023-07,21,127,7,2023–2023
Shahbazfaqir,https://github.com/Shahbazfaqir,140517928,2023-07,21,126,7,2023–2023
Taleeha-Tahoor,https://github.com/Taleeha-Tahoor,138582723,2023-07,26,123,7,2023–2023
M-bilal123,https://github.com/M-bilal123,140347671,2023-07,9,122,7,2023–2023
inayatarshad,https://github.com/inayatarshad,139004192,2023-07,17,120,7,2023–2023
hassanali820,https://github.com/hassanali820,140606492,2023-07,14,119,7,2023–2023
dannuu96,https://github.com/dannuu96,139417023,2023-07,10,112,7,2023–2023
Zohaib251,https://github.com/Zohaib251,140728720,2023-07,14,110,7,2023–2023
Muhammad-Usman-Sidd,https://github.com/Muhammad-Usman-Sidd,139895053,2023-07,11,110,7,2023–2023
mohsina680,https://github.com/mohsina680,140375781,2023-07,7,108,7,2023–2023
hamidnisarpiaic,https://github.com/hamidnisarpiaic,139036990,2023-07,28,107,7,2023–2023
ShaheerMukhtiar,https://github.com/ShaheerMukhtiar,139124537,2023-07,19,102,7,2023–2023
zanishbilal,https://github.com/zanishbilal,138459109,2023-07,14,100,7,2023–2023
afaq000,https://github.com/afaq000,138759199,2023-07,14,98,7,2023–2023
HaseebYousafxai,https://github.com/HaseebYousafxai,140957196,2023-07,8,93,7,2023–2023
zeeshanazeem456,https://github.com/zeeshanazeem456,140148266,2023-07,14,92,7,2023–2023
NoreenMazhar,https://github.com/NoreenMazhar,141020998,2023-07,16,91,7,2023–2023
muhammadmahdi114,https://github.com/muhammadmahdi114,139336424,2023-07,9,89,7,2023–2023
Salman-khann,https://github.com/Salman-khann,140101770,2023-07,7,87,7,2023–2023
zohaibhass,https://github.com/zohaibhass,139575671,2023-07,23,86,7,2023–2023
AnnashAhmad,https://github.com/AnnashAhmad,138599512,2023-07,13,82,7,2023–2023
SMHussain014,https://github.com/SMHussain014,139101947,2023-07,13,82,7,2023–2023
moizkhasori,https://github.com/moizkhasori,140612953,2023-07,22,76,7,2023–2023
AbdullahOzair,https://github.com/AbdullahOzair,139129673,2023-07,19,75,7,2023–2023
MusaxKhan,https://github.com/MusaxKhan,140507527,2023-07,12,75,7,2023–2023
D3aThNdDeMiSe,https://github.com/D3aThNdDeMiSe,140282279,2023-07,7,73,7,2023–2023
albash123,https://github.com/albash123,139006757,2023-07,25,72,7,2023–2023
hasancoded,https://github.com/hasancoded,139320794,2023-07,11,70,7,2023–2023
daniyalalidana,https://github.com/daniyalalidana,138281704,2023-07,7,68,7,2023–2023
Noman-Shah,https://github.com/Noman-Shah,139675460,2023-07,16,67,7,2023–2023
BismahMalik,https://github.com/BismahMalik,139143752,2023-07,17,64,7,2023–2023
wajahatrazi,https://github.com/wajahatrazi,139756838,2023-07,13,62,7,2023–2023
githubabdulahad,https://github.com/githubabdulahad,139103661,2023-07,9,59,7,2023–2023
obaidemustafa,https://github.com/obaidemustafa,139125378,2023-07,15,57,7,2023–2023
KHAYYAM-SHAH,https://github.com/KHAYYAM-SHAH,139509098,2023-07,12,57,7,2023–2023
AsadAli1512,https://github.com/AsadAli1512,139755196,2023-07,9,57,7,2023–2023
hax-x,https://github.com/hax-x,140226429,2023-07,11,56,7,2023–2023
1abdullahr1,https://github.com/1abdullahr1,140371317,2023-07,26,55,7,2023–2023
hinaatta5418,https://github.com/hinaatta5418,140313578,2023-07,58,48,7,2023–2023
Mohsin-Zia,https://github.com/Mohsin-Zia,140076987,2023-07,12,48,7,2023–2023
ahmedsiddique01,https://github.com/ahmedsiddique01,139590355,2023-07,11,48,7,2023–2023
Touseef-Git,https://github.com/Touseef-Git,139625560,2023-07,10,46,7,2023–2023
Adnan7766,https://github.com/Adnan7766,140376846,2023-07,7,46,7,2023–2023
ehtisham2222,https://github.com/ehtisham2222,140365257,2023-07,22,44,7,2023–2023
napster-dev,https://github.com/napster-dev,140705258,2023-07,10,44,7,2023–2023
ammadulislam,https://github.com/ammadulislam,140848281,2023-07,24,43,7,2023–2023
faiza788,https://github.com/faiza788,140793676,2023-07,14,42,7,2023–2023
M-SHAH-py,https://github.com/M-SHAH-py,139623936,2023-07,16,36,7,2023–2023
Shiza8980,https://github.com/Shiza8980,139778878,2023-07,9,34,7,2023–2023
AadiTech25,https://github.com/AadiTech25,138713526,2023-07,10,33,7,2023–2023
SyedAshher123,https://github.com/SyedAshher123,138996207,2023-07,7,32,7,2023–2023
makf3,https://github.com/makf3,139841900,2023-07,7,30,7,2023–2023
usmangdeveloper,https://github.com/usmangdeveloper,138635923,2023-07,73,29,7,2023–2023
DareDevil1214,https://github.com/DareDevil1214,140188713,2023-07,9,29,7,2023–2023
haseeb525,https://github.com/haseeb525,139996493,2023-07,8,29,7,2023–2023
zaidensarii,https://github.com/zaidensarii,138578016,2023-07,12,28,7,2023–2023
neeb07,https://github.com/neeb07,139467847,2023-07,14,27,7,2023–2023
zainsajid29,https://github.com/zainsajid29,140314984,2023-07,7,27,7,2023–2023
aqibshehzad852,https://github.com/aqibshehzad852,139737158,2023-07,6,26,7,2023–2023
uzairawwan,https://github.com/uzairawwan,139949308,2023-07,10,24,7,2023–2023
UsmanKtk0,https://github.com/UsmanKtk0,139387475,2023-07,7,21,7,2023–2023
MNazir10,https://github.com/MNazir10,139701756,2023-07,7,19,7,2023–2023
AyanButt1013,https://github.com/AyanButt1013,138804154,2023-07,11,18,7,2023–2023
ArsalShahbaz,https://github.com/ArsalShahbaz,140520126,2023-07,6,18,7,2023–2023
Hamzeeyy,https://github.com/Hamzeeyy,140720818,2023-07,6,17,7,2023–2023
ShehmeerYousafPasha,https://github.com/ShehmeerYousafPasha,138805955,2023-07,9,16,7,2023–2023
afnanpeer,https://github.com/afnanpeer,140895518,2023-07,6,16,7,2023–2023
aleghazanfar,https://github.com/aleghazanfar,140305757,2023-07,6,16,7,2023–2023
Mehtabkhan123,https://github.com/Mehtabkhan123,140972300,2023-07,16,15,7,2023–2023
haroonallahdad,https://github.com/haroonallahdad,140174609,2023-07,7,15,7,2023–2023
awaiscarni,https://github.com/awaiscarni,138739722,2023-07,8,14,7,2023–2023
usamahussain492,https://github.com/usamahussain492,138711910,2023-07,9,12,7,2023–2023
ChaudharyAbdullah123,https://github.com/ChaudharyAbdullah123,139955732,2023-07,6,12,7,2023–2023
taimo009,https://github.com/taimo009,139361420,2023-07,6,12,7,2023–2023
wasif-k01,https://github.com/wasif-k01,140004553,2023-07,6,11,7,2023–2023
MuhammadMudasir4747,https://github.com/MuhammadMudasir4747,142728030,2023-08,24,3848,7,2023–2023
pandistic-zain,https://github.com/pandistic-zain,141324474,2023-08,16,795,7,2023–2023
mdanishharoon,https://github.com/mdanishharoon,142375325,2023-08,32,785,7,2023–2023
AliAhmed-004,https://github.com/AliAhmed-004,142042113,2023-08,32,681,7,2023–2023
abdullazmat,https://github.com/abdullazmat,143247953,2023-08,17,512,7,2023–2023
Dev-Abs,https://github.com/Dev-Abs,142709419,2023-08,29,504,7,2023–2023
AHSANooo,https://github.com/AHSANooo,142413686,2023-08,35,489,7,2023–2023
AbdullahEjaz512,https://github.com/AbdullahEjaz512,143090310,2023-08,13,463,7,2023–2023
Muhammad-Asim-Kundi,https://github.com/Muhammad-Asim-Kundi,143597446,2023-08,21,455,7,2023–2023
AbdulAHAD968,https://github.com/AbdulAHAD968,142709410,2023-08,63,427,7,2023–2023
Usmaniac2003,https://github.com/Usmaniac2003,142121298,2023-08,41,368,7,2023–2023
husnainchohan298,https://github.com/husnainchohan298,142800479,2023-08,18,360,7,2023–2023
AbdulHadi17,https://github.com/AbdulHadi17,141508246,2023-08,22,344,7,2023–2023
imabdullahajmal,https://github.com/imabdullahajmal,143317707,2023-08,36,340,7,2023–2023
faizanalibaig,https://github.com/faizanalibaig,142169392,2023-08,31,321,7,2023–2023
al-nusrati,https://github.com/al-nusrati,141556156,2023-08,36,313,7,2023–2023
ShabanMughal,https://github.com/ShabanMughal,142895521,2023-08,43,308,7,2023–2023
AyeshaMalikAyesha,https://github.com/AyeshaMalikAyesha,142585571,2023-08,21,286,7,2023–2023
aownaamir,https://github.com/aownaamir,141690891,2023-08,26,272,7,2023–2023
MuhammadTalha15,https://github.com/MuhammadTalha15,141347189,2023-08,27,269,8,2023–2024
Sohhaill,https://github.com/Sohhaill,141762201,2023-08,18,267,8,2023–2024
oozebyfahad,https://github.com/oozebyfahad,143349498,2023-08,14,267,8,2023–2024
bariq49,https://github.com/bariq49,143252699,2023-08,8,263,8,2023–2024
muhammadhamad1104,https://github.com/muhammadhamad1104,141249918,2023-08,43,243,8,2023–2024
Moizahmad496,https://github.com/Moizahmad496,141311842,2023-08,9,243,8,2023–2024
tariqjamel,https://github.com/tariqjamel,142381643,2023-08,26,234,8,2023–2024
m-mustafa512,https://github.com/m-mustafa512,143210881,2023-08,30,214,8,2023–2024
salisai,https://github.com/salisai,143401136,2023-08,43,208,8,2023–2024
mzeeshanh-dev,https://github.com/mzeeshanh-dev,143612728,2023-08,33,207,8,2023–2024
Saibi10,https://github.com/Saibi10,143538720,2023-08,17,204,8,2023–2024
saadbukhari00,https://github.com/saadbukhari00,142715489,2023-08,13,199,8,2023–2024
huzaifasaeed123,https://github.com/huzaifasaeed123,143410512,2023-08,12,195,8,2023–2024
ammarmalik17,https://github.com/ammarmalik17,142259133,2023-08,23,193,8,2023–2024
Zunysha,https://github.com/Zunysha,142037516,2023-08,22,191,8,2023–2024
Huzaifa-Abdurahman,https://github.com/Huzaifa-Abdurahman,141252841,2023-08,49,185,8,2023–2024
Aalleyy,https://github.com/Aalleyy,142317127,2023-08,29,184,8,2023–2024
muhammdnaseem,https://github.com/muhammdnaseem,142991663,2023-08,16,184,8,2023–2024
javeeriiaaa,https://github.com/javeeriiaaa,141171396,2023-08,19,179,8,2023–2024
Naveed-DevOps,https://github.com/Naveed-DevOps,143190755,2023-08,25,159,8,2023–2024
DoctorOfCoding,https://github.com/DoctorOfCoding,143695962,2023-08,25,140,8,2023–2024
oqashakhan,https://github.com/oqashakhan,141844437,2023-08,19,139,8,2023–2024
noraingillani,https://github.com/noraingillani,141640169,2023-08,7,132,8,2023–2024
omairtahir21,https://github.com/omairtahir21,143087127,2023-08,17,127,8,2023–2024
Harisafzal03,https://github.com/Harisafzal03,142595504,2023-08,25,124,8,2023–2024
BilalAli6,https://github.com/BilalAli6,143745255,2023-08,19,119,8,2023–2024
sohail9221,https://github.com/sohail9221,141638118,2023-08,13,116,8,2023–2024
jawad-0,https://github.com/jawad-0,143510523,2023-08,7,113,8,2023–2024
Huzaifa-sabir,https://github.com/Huzaifa-sabir,143079533,2023-08,9,112,8,2023–2024
TalhaAbbas-code,https://github.com/TalhaAbbas-code,141476903,2023-08,20,111,8,2023–2024
DevSyedMujtaba,https://github.com/DevSyedMujtaba,143290473,2023-08,13,111,8,2023–2024
MuhammadAbuBakar11290,https://github.com/MuhammadAbuBakar11290,142800047,2023-08,28,109,8,2023–2024
aboutraza024,https://github.com/aboutraza024,143524817,2023-08,25,104,8,2023–2024
hamzabasharat26,https://github.com/hamzabasharat26,143635509,2023-08,18,104,8,2023–2024
AliAdanPro,https://github.com/AliAdanPro,142499778,2023-08,19,103,8,2023–2024
azfaizan,https://github.com/azfaizan,142317270,2023-08,9,102,8,2023–2024
AwaisDawood232,https://github.com/AwaisDawood232,141835332,2023-08,28,101,8,2023–2024
Muhammadwaqas1234,https://github.com/Muhammadwaqas1234,141298724,2023-08,27,101,8,2023–2024
Ahsan-Ayaz1,https://github.com/Ahsan-Ayaz1,141174139,2023-08,18,92,8,2023–2024
js24626,https://github.com/js24626,142832520,2023-08,23,91,8,2023–2024
ibrahere123,https://github.com/ibrahere123,141240656,2023-08,25,90,8,2023–2024
Danialpro2k04,https://github.com/Danialpro2k04,141416745,2023-08,11,90,8,2023–2024
aizazmahmood,https://github.com/aizazmahmood,142629955,2023-08,17,89,8,2023–2024
officalAbdulMalik,https://github.com/officalAbdulMalik,142712220,2023-08,28,84,8,2023–2024
wajihawajid5610,https://github.com/wajihawajid5610,141769095,2023-08,15,84,8,2023–2024
MuaazKhanWorks,https://github.com/MuaazKhanWorks,141558740,2023-08,31,82,8,2023–2024
tahahasnat018,https://github.com/tahahasnat018,141823914,2023-08,9,79,8,2023–2024
Irsalistic,https://github.com/Irsalistic,141821725,2023-08,21,71,8,2023–2024
itsmeAlee,https://github.com/itsmeAlee,143266363,2023-08,8,69,8,2023–2024
saraiftikhar14,https://github.com/saraiftikhar14,143085645,2023-08,11,67,8,2023–2024
malikishaq881,https://github.com/malikishaq881,141703855,2023-08,45,66,8,2023–2024
AamnaKhan-Dev,https://github.com/AamnaKhan-Dev,141228425,2023-08,12,66,8,2023–2024
fasih-iqbal,https://github.com/fasih-iqbal,141812742,2023-08,8,66,8,2023–2024
iammuhammadbinsadiq,https://github.com/iammuhammadbinsadiq,142704556,2023-08,8,64,8,2023–2024
MudassarAbas,https://github.com/MudassarAbas,143201058,2023-08,20,63,8,2023–2024
mAmadAhmad,https://github.com/mAmadAhmad,141610701,2023-08,7,63,8,2023–2024
HaiderAli170,https://github.com/HaiderAli170,143487236,2023-08,13,62,8,2023–2024
codebytaha,https://github.com/codebytaha,142371091,2023-08,12,62,8,2023–2024
ManahilMustafa,https://github.com/ManahilMustafa,142301978,2023-08,44,60,8,2023–2024
Namr547,https://github.com/Namr547,141942651,2023-08,15,59,8,2023–2024
Ayesha-Babar,https://github.com/Ayesha-Babar,142376561,2023-08,6,55,8,2023–2024
rameen2116,https://github.com/rameen2116,142271072,2023-08,17,54,8,2023–2024
saadathussain019,https://github.com/saadathussain019,141412286,2023-08,9,51,8,2023–2024
WaleedUkhan,https://github.com/WaleedUkhan,142716380,2023-08,18,49,8,2023–2024
HasnainSZN,https://github.com/HasnainSZN,141121101,2023-08,18,49,8,2023–2024
aliahmadcode,https://github.com/aliahmadcode,142449412,2023-08,6,48,8,2023–2024
mtayyab153,https://github.com/mtayyab153,142364691,2023-08,13,46,8,2023–2024
LaibaKhawar,https://github.com/LaibaKhawar,142348577,2023-08,42,45,8,2023–2024
ahumble000,https://github.com/ahumble000,142454269,2023-08,20,44,8,2023–2024
AbdullahNadeem1804,https://github.com/AbdullahNadeem1804,142533909,2023-08,13,44,8,2023–2024
SuqenaSheikh,https://github.com/SuqenaSheikh,142486914,2023-08,12,44,8,2023–2024
ayeshabaig575,https://github.com/ayeshabaig575,143091731,2023-08,7,44,8,2023–2024
faria-webdev404,https://github.com/faria-webdev404,141426764,2023-08,9,43,8,2023–2024
C0deR-Hassan,https://github.com/C0deR-Hassan,142250411,2023-08,8,42,8,2023–2024
RanaSalmann,https://github.com/RanaSalmann,141271538,2023-08,23,40,8,2023–2024
Mariabibilaraib,https://github.com/Mariabibilaraib,142174659,2023-08,10,39,8,2023–2024
codexfatima,https://github.com/codexfatima,142117551,2023-08,8,39,8,2023–2024
sheryarkhan758,https://github.com/sheryarkhan758,143353704,2023-08,24,38,8,2023–2024
Ghazalsj,https://github.com/Ghazalsj,141387062,2023-08,11,38,8,2023–2024
hashhirr,https://github.com/hashhirr,141871503,2023-08,10,34,8,2023–2024
zain-codecraft,https://github.com/zain-codecraft,142714049,2023-08,7,32,8,2023–2024
Arsalan1224,https://github.com/Arsalan1224,141341599,2023-08,9,26,8,2023–2024
ghulamAnwar1,https://github.com/ghulamAnwar1,142122803,2023-08,8,26,8,2023–2024
Abbas8360,https://github.com/Abbas8360,143067971,2023-08,16,25,8,2023–2024
ahmedshahwar,https://github.com/ahmedshahwar,143730018,2023-08,6,25,8,2023–2024
mohammadatif786,https://github.com/mohammadatif786,141517175,2023-08,9,23,8,2023–2024
mshahbazsial,https://github.com/mshahbazsial,142769659,2023-08,6,23,8,2023–2024
Aadil-1234,https://github.com/Aadil-1234,142473052,2023-08,12,20,8,2023–2024
nimra-marrium,https://github.com/nimra-marrium,143130857,2023-08,8,20,8,2023–2024
Muzzammil88,https://github.com/Muzzammil88,142486706,2023-08,8,15,8,2023–2024
HEEFFIE,https://github.com/HEEFFIE,142895381,2023-08,6,14,8,2023–2024
Muhammad-Zubair-Mongol,https://github.com/Muhammad-Zubair-Mongol,141700191,2023-08,6,13,8,2023–2024
roshhi,https://github.com/roshhi,147623835,2023-10,32,1484,8,2023–2024
TheAnasObaid,https://github.com/TheAnasObaid,148220125,2023-10,27,579,8,2023–2024
hassandev03,https://github.com/hassandev03,147485527,2023-10,21,541,8,2023–2024
OmerTanveerofficial,https://github.com/OmerTanveerofficial,148905213,2023-10,37,488,8,2023–2024
jawadurrehman48,https://github.com/jawadurrehman48,147158217,2023-10,23,486,8,2023–2024
ahmadali507,https://github.com/ahmadali507,146731944,2023-10,25,416,8,2023–2024
aliaxam153,https://github.com/aliaxam153,146977640,2023-10,6,332,8,2023–2024
ammarhashmi113,https://github.com/ammarhashmi113,149540932,2023-10,9,311,8,2023–2024
iahmedd-k,https://github.com/iahmedd-k,146993459,2023-10,33,272,8,2023–2024
Kaizer321,https://github.com/Kaizer321,146870542,2023-10,18,244,8,2023–2024
voltvirtuoso,https://github.com/voltvirtuoso,146657522,2023-10,31,243,8,2023–2024
rajahamza06,https://github.com/rajahamza06,149502689,2023-10,8,243,8,2023–2024
fatehullah778866,https://github.com/fatehullah778866,149388558,2023-10,44,236,8,2023–2024
Mahmedk77,https://github.com/Mahmedk77,147752264,2023-10,21,198,8,2023–2024
AzeemChaudhry,https://github.com/AzeemChaudhry,147372765,2023-10,14,195,8,2023–2024
iamrehman16,https://github.com/iamrehman16,149495695,2023-10,45,189,8,2023–2024
muhammadhamx,https://github.com/muhammadhamx,147691775,2023-10,24,185,8,2023–2024
musabajwa17,https://github.com/musabajwa17,147128143,2023-10,33,172,8,2023–2024
immahad,https://github.com/immahad,149106539,2023-10,11,172,8,2023–2024
raadongithub,https://github.com/raadongithub,148620537,2023-10,19,171,8,2023–2024
Unknown-086,https://github.com/Unknown-086,147093562,2023-10,21,165,8,2023–2024
muneeb203,https://github.com/muneeb203,149325761,2023-10,39,164,8,2023–2024
EndIsNearR,https://github.com/EndIsNearR,146992590,2023-10,21,159,8,2023–2024
tayyabsoftak,https://github.com/tayyabsoftak,147498219,2023-10,21,157,8,2023–2024
zohad1,https://github.com/zohad1,149082887,2023-10,37,156,8,2023–2024
tayyabaE,https://github.com/tayyabaE,147501207,2023-10,17,156,8,2023–2024
AasirFarrukh,https://github.com/AasirFarrukh,148798835,2023-10,17,155,8,2023–2024
ArcusTen,https://github.com/ArcusTen,147534344,2023-10,18,153,8,2023–2024
MuhammadZunair19,https://github.com/MuhammadZunair19,147132944,2023-10,41,146,8,2023–2024
MuhaUsman,https://github.com/MuhaUsman,148626710,2023-10,10,143,8,2023–2024
RohanSamad,https://github.com/RohanSamad,147803879,2023-10,6,141,8,2023–2024
Shaheer-developer,https://github.com/Shaheer-developer,149304595,2023-10,10,134,8,2023–2024
waheed-sep,https://github.com/waheed-sep,147861515,2023-10,14,132,8,2023–2024
adilsts,https://github.com/adilsts,149329789,2023-10,32,130,8,2023–2024
smartasscoder,https://github.com/smartasscoder,149317943,2023-10,11,127,8,2023–2024
Yasir45455,https://github.com/Yasir45455,149455805,2023-10,72,125,8,2023–2024
sundas000,https://github.com/sundas000,148184684,2023-10,6,122,8,2023–2024
minhajpanjtan64,https://github.com/minhajpanjtan64,148899506,2023-10,13,116,8,2023–2024
kashifniaxi,https://github.com/kashifniaxi,147387128,2023-10,20,115,8,2023–2024
MuhammadShahzaib1423,https://github.com/MuhammadShahzaib1423,148185625,2023-10,25,113,8,2023–2024
muhammad-haris2,https://github.com/muhammad-haris2,148313456,2023-10,8,110,8,2023–2024
Fawwad795,https://github.com/Fawwad795,148066078,2023-10,12,109,8,2023–2024
muhammadUsman31254,https://github.com/muhammadUsman31254,148524494,2023-10,16,108,8,2023–2024
NomanAkram29,https://github.com/NomanAkram29,148384396,2023-10,10,108,8,2023–2024
Emanism,https://github.com/Emanism,147303808,2023-10,29,105,8,2023–2024
Akbar-0,https://github.com/Akbar-0,146621538,2023-10,12,102,8,2023–2024
MuhammadQamar99,https://github.com/MuhammadQamar99,146847569,2023-10,20,94,8,2023–2024
talhaStti,https://github.com/talhaStti,148781348,2023-10,32,92,8,2023–2024
aligee12,https://github.com/aligee12,148377982,2023-10,30,89,8,2023–2024
Khawaja-Muhammad-Haseeb,https://github.com/Khawaja-Muhammad-Haseeb,146849001,2023-10,16,88,8,2023–2024
mfaizan-dev,https://github.com/mfaizan-dev,148708132,2023-10,15,87,8,2023–2024
Hassam-kh,https://github.com/Hassam-kh,148350222,2023-10,17,85,8,2023–2024
Itshaseeb791,https://github.com/Itshaseeb791,148777155,2023-10,17,83,8,2023–2024
Muhammad-Saif-Ur-Rehman,https://github.com/Muhammad-Saif-Ur-Rehman,147159671,2023-10,20,76,8,2023–2024
shaheerwajid,https://github.com/shaheerwajid,148551449,2023-10,7,72,8,2023–2024
musharraf1487,https://github.com/musharraf1487,146961257,2023-10,13,67,8,2023–2024
atifyar7,https://github.com/atifyar7,147138122,2023-10,7,67,8,2023–2024
mehwishshabir,https://github.com/mehwishshabir,146915139,2023-10,6,65,8,2023–2024
AnwarSanjrani,https://github.com/AnwarSanjrani,147969199,2023-10,6,65,8,2023–2024
Hammad6966,https://github.com/Hammad6966,148106392,2023-10,15,62,8,2023–2024
muhammadshaheera,https://github.com/muhammadshaheera,147315735,2023-10,7,62,8,2023–2024
itsMeMushtaq,https://github.com/itsMeMushtaq,147638461,2023-10,10,61,8,2023–2024
shafiq-ahmad,https://github.com/shafiq-ahmad,146932855,2023-10,19,58,8,2023–2024
talha6279,https://github.com/talha6279,149265424,2023-10,16,57,8,2023–2024
ahmadktk1,https://github.com/ahmadktk1,149232415,2023-10,14,55,8,2023–2024
kashif-alam,https://github.com/kashif-alam,148627392,2023-10,13,55,8,2023–2024
mumer-ali,https://github.com/mumer-ali,147440162,2023-10,53,52,8,2023–2024
Zarrarkhan35,https://github.com/Zarrarkhan35,146870131,2023-10,25,52,8,2023–2024
MoizKhan5465,https://github.com/MoizKhan5465,147040460,2023-10,20,52,8,2023–2024
shoaibayub,https://github.com/shoaibayub,147135765,2023-10,8,52,8,2023–2024
Young-Dev-Interns,https://github.com/Young-Dev-Interns,147915034,2023-10,13,51,8,2023–2024
AbdurRehman212,https://github.com/AbdurRehman212,147813648,2023-10,13,49,8,2023–2024
Hussainabbas98,https://github.com/Hussainabbas98,147685810,2023-10,26,48,8,2023–2024
irtaza-haider1,https://github.com/irtaza-haider1,147520046,2023-10,9,48,8,2023–2024
DrKashifMunir,https://github.com/DrKashifMunir,148394280,2023-10,21,44,8,2023–2024
mdkhan707,https://github.com/mdkhan707,147723471,2023-10,17,43,8,2023–2024
mutwassim,https://github.com/mutwassim,147708916,2023-10,16,41,8,2023–2024
Faris-A-Nasir,https://github.com/Faris-A-Nasir,148306229,2023-10,15,38,8,2023–2024
FURQAN11ASGHAR,https://github.com/FURQAN11ASGHAR,149466311,2023-10,10,38,8,2023–2024
m-umairshabbir,https://github.com/m-umairshabbir,147035727,2023-10,18,36,8,2023–2024
anjupy,https://github.com/anjupy,148764617,2023-10,14,35,8,2023–2024
TalhaF101,https://github.com/TalhaF101,147930089,2023-10,15,33,8,2023–2024
syedfakhar456,https://github.com/syedfakhar456,147750286,2023-10,20,32,8,2023–2024
MHammadSarwar,https://github.com/MHammadSarwar,147752614,2023-10,12,32,8,2023–2024
malaika-khanbaloch,https://github.com/malaika-khanbaloch,146619525,2023-10,10,32,8,2023–2024
DilawarAIWorks,https://github.com/DilawarAIWorks,148087277,2023-10,9,31,8,2023–2024
mirza-mubashar,https://github.com/mirza-mubashar,147296972,2023-10,12,29,8,2023–2024
shakeebularsalan,https://github.com/shakeebularsalan,148435742,2023-10,7,29,8,2023–2024
jawahircherry110,https://github.com/jawahircherry110,149378378,2023-10,29,28,8,2023–2024
ABRAR303,https://github.com/ABRAR303,146802018,2023-10,12,27,8,2023–2024
Abdul-Ahad-Qureshi,https://github.com/Abdul-Ahad-Qureshi,148349627,2023-10,6,26,8,2023–2024
farhanawan77,https://github.com/farhanawan77,148577207,2023-10,58,25,8,2023–2024
Zainabbas5,https://github.com/Zainabbas5,147533957,2023-10,15,23,8,2023–2024
musharibnadeem4,https://github.com/musharibnadeem4,147656188,2023-10,9,23,8,2023–2024
usamamunir593,https://github.com/usamamunir593,149159469,2023-10,6,22,8,2023–2024
MeesamBilal,https://github.com/MeesamBilal,149051245,2023-10,13,21,8,2023–2024
kashifiqbalbangash,https://github.com/kashifiqbalbangash,148597021,2023-10,10,19,8,2023–2024
shabokiran,https://github.com/shabokiran,148194357,2023-10,12,18,8,2023–2024
Ahmed-Baloch34,https://github.com/Ahmed-Baloch34,148635449,2023-10,6,18,8,2023–2024
khawar99,https://github.com/khawar99,147410454,2023-10,8,17,8,2023–2024
rooheenfarooqi,https://github.com/rooheenfarooqi,147181698,2023-10,7,16,8,2023–2024
MOHSIN0749,https://github.com/MOHSIN0749,147026902,2023-10,7,16,8,2023–2024
codeartistmowahid,https://github.com/codeartistmowahid,147536605,2023-10,6,16,8,2023–2024
FaisalIqbalBaloch,https://github.com/FaisalIqbalBaloch,147369776,2023-10,6,15,8,2023–2024
ahmednoor2003,https://github.com/ahmednoor2003,146618764,2023-10,9,14,8,2023–2024
Lintakhalid96,https://github.com/Lintakhalid96,146914800,2023-10,9,13,8,2023–2024
faaaaf2998,https://github.com/faaaaf2998,146915079,2023-10,8,12,8,2023–2024
mshahzaibawan123,https://github.com/mshahzaibawan123,149223056,2023-10,8,12,8,2023–2024
nadeemsines,https://github.com/nadeemsines,146915420,2023-10,7,12,8,2023–2024
MuhammadAbdullah80,https://github.com/MuhammadAbdullah80,149870823,2023-11,7,843,8,2023–2024
anas-farooq8,https://github.com/anas-farooq8,150327092,2023-11,43,745,8,2023–2024
HananMustafa,https://github.com/HananMustafa,151427566,2023-11,18,741,8,2023–2024
rajahassan38201,https://github.com/rajahassan38201,151431823,2023-11,116,698,8,2023–2024
muhammadusama985,https://github.com/muhammadusama985,150240053,2023-11,13,648,8,2023–2024
TanveerHamza,https://github.com/TanveerHamza,152054823,2023-11,14,580,8,2023–2024
m-faizananwar,https://github.com/m-faizananwar,151849210,2023-11,31,571,8,2023–2024
Tariq3654467,https://github.com/Tariq3654467,152013123,2023-11,45,497,8,2023–2024
ahsan-iqbaldev,https://github.com/ahsan-iqbaldev,150703987,2023-11,24,421,8,2023–2024
Hameed-Ur-Rehman25,https://github.com/Hameed-Ur-Rehman25,151384541,2023-11,22,398,8,2023–2024
MrKhayam,https://github.com/MrKhayam,152375599,2023-11,78,372,8,2023–2024
Ahmed-Islam-AI,https://github.com/Ahmed-Islam-AI,152423826,2023-11,44,339,8,2023–2024
toruthecoder,https://github.com/toruthecoder,151391024,2023-11,24,327,8,2023–2024
TahaGPT,https://github.com/TahaGPT,150026779,2023-11,60,316,8,2023–2024
aitazazahsan01,https://github.com/aitazazahsan01,152264393,2023-11,32,302,8,2023–2024
muneebdev7,https://github.com/muneebdev7,150476281,2023-11,16,297,8,2023–2024
21Afnan,https://github.com/21Afnan,149930607,2023-11,18,274,8,2023–2024
Umersaleem98,https://github.com/Umersaleem98,150658796,2023-11,56,268,8,2023–2024
hash2004,https://github.com/hash2004,151638487,2023-11,41,261,8,2023–2024
MuzamilWazir,https://github.com/MuzamilWazir,152263083,2023-11,43,257,8,2023–2024
israrhussain20110,https://github.com/israrhussain20110,150112437,2023-11,18,247,8,2023–2024
inspiringdev,https://github.com/inspiringdev,152322766,2023-11,49,246,8,2023–2024
Mohammed-Zain-ul-Hassan,https://github.com/Mohammed-Zain-ul-Hassan,151394160,2023-11,33,244,8,2023–2024
waseem087,https://github.com/waseem087,152527835,2023-11,20,227,8,2023–2024
nx7iz,https://github.com/nx7iz,149660886,2023-11,12,226,8,2023–2024
hasanat-ahmad,https://github.com/hasanat-ahmad,152200836,2023-11,17,214,8,2023–2024
moiztanvir,https://github.com/moiztanvir,151388609,2023-11,16,192,8,2023–2024
0xdanyal,https://github.com/0xdanyal,149951268,2023-11,33,188,8,2023–2024
abubakarshahid16,https://github.com/abubakarshahid16,152206208,2023-11,24,178,8,2023–2024
Bilal-Khanzada,https://github.com/Bilal-Khanzada,151344111,2023-11,20,177,8,2023–2024
NoumanZahid-85,https://github.com/NoumanZahid-85,151716630,2023-11,23,173,8,2023–2024
SyedAliJunaidSherazi,https://github.com/SyedAliJunaidSherazi,151458147,2023-11,17,171,8,2023–2024
IoRagas,https://github.com/IoRagas,152513399,2023-11,6,167,8,2023–2024
Qanat-Abbas,https://github.com/Qanat-Abbas,151778268,2023-11,16,163,8,2023–2024
rajasami156,https://github.com/rajasami156,151812839,2023-11,28,159,8,2023–2024
SPECT3RR,https://github.com/SPECT3RR,151767417,2023-11,16,153,8,2023–2024
MishalSaleem,https://github.com/MishalSaleem,151761330,2023-11,34,147,8,2023–2024
MOHSINBINRAMZAN,https://github.com/MOHSINBINRAMZAN,150884310,2023-11,36,145,8,2023–2024
imranahmad88pr147,https://github.com/imranahmad88pr147,151503906,2023-11,12,142,8,2023–2024
fMavr1ck,https://github.com/fMavr1ck,150945873,2023-11,7,142,8,2023–2024
M-Afaq-Bhatti,https://github.com/M-Afaq-Bhatti,150761675,2023-11,24,139,8,2023–2024
MaqsoodAhmed110,https://github.com/MaqsoodAhmed110,150391033,2023-11,17,139,8,2023–2024
AtaurRehman10,https://github.com/AtaurRehman10,152405834,2023-11,24,138,8,2023–2024
dev-zohaibalishah,https://github.com/dev-zohaibalishah,152263102,2023-11,21,138,8,2023–2024
ProgrammingWithMuzamil,https://github.com/ProgrammingWithMuzamil,150780366,2023-11,15,137,8,2023–2024
SyedGoharHussain,https://github.com/SyedGoharHussain,151599710,2023-11,30,133,8,2023–2024
MoizSajjad,https://github.com/MoizSajjad,149572955,2023-11,22,133,8,2023–2024
noormalik33,https://github.com/noormalik33,151601089,2023-11,43,129,8,2023–2024
imaansh,https://github.com/imaansh,150705218,2023-11,20,128,8,2023–2024
Azizi08-Gill,https://github.com/Azizi08-Gill,150254818,2023-11,17,127,8,2023–2024
frnabiru,https://github.com/frnabiru,149877776,2023-11,7,127,8,2023–2024
manahilcode,https://github.com/manahilcode,151400624,2023-11,26,121,8,2023–2024
Akbar-Jahangir,https://github.com/Akbar-Jahangir,151559348,2023-11,21,114,8,2023–2024
maira000,https://github.com/maira000,150447045,2023-11,13,113,8,2023–2024
itxAnjumshah,https://github.com/itxAnjumshah,149571732,2023-11,73,111,8,2023–2024
mianaziz723,https://github.com/mianaziz723,151716444,2023-11,9,109,8,2023–2024
TahoorBR,https://github.com/TahoorBR,150613936,2023-11,11,108,8,2023–2024
Arooj001,https://github.com/Arooj001,152185336,2023-11,55,106,8,2023–2024
uzair756,https://github.com/uzair756,150053268,2023-11,25,102,8,2023–2024
muddasirx,https://github.com/muddasirx,150518475,2023-11,19,98,8,2023–2024
shahrozeafaq5,https://github.com/shahrozeafaq5,151932278,2023-11,13,92,8,2023–2024
azanafzal3,https://github.com/azanafzal3,151903036,2023-11,23,87,8,2023–2024
moazzam71005,https://github.com/moazzam71005,151749480,2023-11,22,87,8,2023–2024
Arzen-007,https://github.com/Arzen-007,152527654,2023-11,25,85,8,2023–2024
UsmanDesignlab,https://github.com/UsmanDesignlab,151218619,2023-11,23,84,8,2023–2024
hasssanraheem,https://github.com/hasssanraheem,151437286,2023-11,22,78,8,2023–2024
asifongit,https://github.com/asifongit,150276050,2023-11,13,75,8,2023–2024
MuhammadHamidKhan2224,https://github.com/MuhammadHamidKhan2224,151547309,2023-11,42,69,8,2023–2024
amirshahzadhashmi7145,https://github.com/amirshahzadhashmi7145,150381267,2023-11,24,69,8,2023–2024
Hasaan1012,https://github.com/Hasaan1012,152248744,2023-11,9,68,8,2023–2024
Alixydi,https://github.com/Alixydi,152188857,2023-11,54,64,8,2023–2024
hamza-jadoon,https://github.com/hamza-jadoon,151065934,2023-11,13,64,8,2023–2024
Kiranhashmi,https://github.com/Kiranhashmi,150614137,2023-11,7,64,8,2023–2024
Areeba444,https://github.com/Areeba444,150455487,2023-11,11,62,8,2023–2024
SadiaaMunawar,https://github.com/SadiaaMunawar,151599634,2023-11,15,60,8,2023–2024
MSalman-Khattak,https://github.com/MSalman-Khattak,152328927,2023-11,11,54,8,2023–2024
MuhammadZainUlIslam,https://github.com/MuhammadZainUlIslam,151767693,2023-11,6,54,8,2023–2024
AbdullahAlamdar,https://github.com/AbdullahAlamdar,149929033,2023-11,11,53,8,2023–2024
Usman2k25,https://github.com/Usman2k25,151599652,2023-11,16,52,8,2023–2024
akhano26,https://github.com/akhano26,150892836,2023-11,16,51,8,2023–2024
Qasimali-019,https://github.com/Qasimali-019,152501262,2023-11,11,48,8,2023–2024
HamzaOmer2555,https://github.com/HamzaOmer2555,152064092,2023-11,10,48,8,2023–2024
IrtazaMalik,https://github.com/IrtazaMalik,152367652,2023-11,15,46,8,2023–2024
zainabbasdev,https://github.com/zainabbasdev,151383830,2023-11,13,45,8,2023–2024
abrr001,https://github.com/abrr001,151950247,2023-11,11,43,8,2023–2024
Altafhosyeen,https://github.com/Altafhosyeen,149870169,2023-11,12,42,8,2023–2024
bilalahmad460,https://github.com/bilalahmad460,150278586,2023-11,23,41,8,2023–2024
AbuzarMeh,https://github.com/AbuzarMeh,152408082,2023-11,9,41,8,2023–2024
abdullah000123,https://github.com/abdullah000123,151346487,2023-11,18,40,8,2023–2024
usamaahme,https://github.com/usamaahme,151613029,2023-11,14,39,8,2023–2024
abeerachudhry,https://github.com/abeerachudhry,151599845,2023-11,11,39,8,2023–2024
Ayesha-Bashir,https://github.com/Ayesha-Bashir,150717892,2023-11,12,38,8,2023–2024
MSajidAli-byte,https://github.com/MSajidAli-byte,150246157,2023-11,11,38,8,2023–2024
talhamalik2005,https://github.com/talhamalik2005,150271505,2023-11,12,37,8,2023–2024
khalilurrehman-it,https://github.com/khalilurrehman-it,151119817,2023-11,11,37,8,2023–2024
shanzabakhtds,https://github.com/shanzabakhtds,150802712,2023-11,10,37,8,2023–2024
waleedshoukat098,https://github.com/waleedshoukat098,152288421,2023-11,12,36,8,2023–2024
RameezFlutterDev,https://github.com/RameezFlutterDev,151935318,2023-11,7,34,8,2023–2024
subhanahmedbhatti,https://github.com/subhanahmedbhatti,150028197,2023-11,7,33,8,2023–2024
musharafnasim312,https://github.com/musharafnasim312,151463156,2023-11,10,32,8,2023–2024
Matifawan,https://github.com/Matifawan,152517740,2023-11,6,32,8,2023–2024
laraib928,https://github.com/laraib928,152138896,2023-11,9,31,8,2023–2024
itzabdurrehman01,https://github.com/itzabdurrehman01,151641847,2023-11,20,30,8,2023–2024
Ismaelzbi-24,https://github.com/Ismaelzbi-24,149545981,2023-11,7,29,8,2023–2024
static-ar,https://github.com/static-ar,152383825,2023-11,7,26,8,2023–2024
arainjav,https://github.com/arainjav,149590178,2023-11,6,26,8,2023–2024
rehman4646,https://github.com/rehman4646,151155095,2023-11,8,25,8,2023–2024
Freelancestd0123456789,https://github.com/Freelancestd0123456789,150317305,2023-11,11,24,8,2023–2024
WaaduHeck,https://github.com/WaaduHeck,150023662,2023-11,10,24,8,2023–2024
HifzaaASLAM,https://github.com/HifzaaASLAM,151873959,2023-11,18,23,8,2023–2024
mobeenkiani6,https://github.com/mobeenkiani6,149815486,2023-11,10,23,8,2023–2024
waniah321,https://github.com/waniah321,151822731,2023-11,13,22,8,2023–2024
Sudais43,https://github.com/Sudais43,152519514,2023-11,11,20,8,2023–2024
AneeqShahid11,https://github.com/AneeqShahid11,152066733,2023-11,9,20,8,2023–2024
6Haroon9,https://github.com/6Haroon9,151626814,2023-11,16,17,8,2023–2024
wazir-ali-haideri,https://github.com/wazir-ali-haideri,149821416,2023-11,6,16,8,2023–2024
Abeera29,https://github.com/Abeera29,151642050,2023-11,7,15,8,2023–2024
ASHAR879,https://github.com/ASHAR879,152335265,2023-11,7,14,8,2023–2024
MalikBasit45,https://github.com/MalikBasit45,151923016,2023-11,7,13,8,2023–2024
BilalSheikh0011,https://github.com/BilalSheikh0011,151174942,2023-11,7,12,8,2023–2024
WaqarHaider17,https://github.com/WaqarHaider17,150612565,2023-11,6,11,8,2023–2024
saeed-taj,https://github.com/saeed-taj,154742617,2023-12,27,3304,8,2023–2024
Hassam-01,https://github.com/Hassam-01,155243802,2023-12,45,2981,8,2023–2024
Rana-Hassan7272,https://github.com/Rana-Hassan7272,152691833,2023-12,37,1478,8,2023–2024
talhazullfiqar,https://github.com/talhazullfiqar,153443966,2023-12,28,1273,8,2023–2024
ghayurcodes,https://github.com/ghayurcodes,154737827,2023-12,14,1022,8,2023–2024
AhmadRazaNewMan,https://github.com/AhmadRazaNewMan,153827093,2023-12,51,709,8,2023–2024
Arbab-Mustafa,https://github.com/Arbab-Mustafa,153362488,2023-12,61,680,8,2023–2024
umerhaddii,https://github.com/umerhaddii,153385713,2023-12,27,647,8,2023–2024
AfiaaAziz,https://github.com/AfiaaAziz,154578138,2023-12,36,568,8,2023–2024
ashfaq1192,https://github.com/ashfaq1192,152581277,2023-12,23,544,8,2023–2024
mahesararslan,https://github.com/mahesararslan,152693648,2023-12,37,541,8,2023–2024
Aqib87Ramzan,https://github.com/Aqib87Ramzan,154926054,2023-12,19,492,8,2023–2024
kz2525,https://github.com/kz2525,153430286,2023-12,76,489,8,2023–2024
ihaseebullah,https://github.com/ihaseebullah,154236275,2023-12,39,463,8,2023–2024
quddus-larik,https://github.com/quddus-larik,154751419,2023-12,21,444,8,2023–2024
Ehtisham1053,https://github.com/Ehtisham1053,154811972,2023-12,36,441,8,2023–2024
itsmesaadali,https://github.com/itsmesaadali,155216987,2023-12,22,438,8,2023–2024
TouseefDataScientist,https://github.com/TouseefDataScientist,154873644,2023-12,11,413,8,2023–2024
AdeelTahir-SE,https://github.com/AdeelTahir-SE,155211674,2023-12,72,407,8,2023–2024
muhibk22,https://github.com/muhibk22,153258172,2023-12,25,396,8,2023–2024
muhammadrazaq33,https://github.com/muhammadrazaq33,152616894,2023-12,25,364,8,2023–2024
adeelHassan123,https://github.com/adeelHassan123,154521701,2023-12,23,320,8,2023–2024
M-Tayyab-193,https://github.com/M-Tayyab-193,153527623,2023-12,37,319,8,2023–2024
25abubakar,https://github.com/25abubakar,152648380,2023-12,15,315,8,2023–2024
yasirzain15,https://github.com/yasirzain15,152737441,2023-12,15,307,8,2023–2024
mUsman2003,https://github.com/mUsman2003,152609188,2023-12,27,305,8,2023–2024
Dynamo2k1,https://github.com/Dynamo2k1,154458572,2023-12,36,299,8,2023–2024
Haseeb243,https://github.com/Haseeb243,153587580,2023-12,7,285,8,2023–2024
aabdulrafay,https://github.com/aabdulrafay,154729562,2023-12,27,282,8,2023–2024
NawazAliShah,https://github.com/NawazAliShah,155167207,2023-12,46,280,8,2023–2024
hayat-se,https://github.com/hayat-se,154546248,2023-12,25,277,8,2023–2024
bilalaleem5,https://github.com/bilalaleem5,154947845,2023-12,39,264,8,2023–2024
raoabdulrafay05,https://github.com/raoabdulrafay05,153934084,2023-12,23,263,8,2023–2024
AlyyanAhmed21,https://github.com/AlyyanAhmed21,154915213,2023-12,33,252,8,2023–2024
israrahmad831,https://github.com/israrahmad831,154470627,2023-12,18,246,8,2023–2024
ussamaRehman,https://github.com/ussamaRehman,154887518,2023-12,8,244,8,2023–2024
soban-iftikhar,https://github.com/soban-iftikhar,154594838,2023-12,17,225,8,2023–2024
Bushra-Baloch,https://github.com/Bushra-Baloch,152989215,2023-12,18,217,8,2023–2024
muhammadabdullah12345,https://github.com/muhammadabdullah12345,154841585,2023-12,34,209,8,2023–2024
majidali1256,https://github.com/majidali1256,154735920,2023-12,11,209,8,2023–2024
AzharMehmood4,https://github.com/AzharMehmood4,154400388,2023-12,20,196,8,2023–2024
MuhammadJumshaid,https://github.com/MuhammadJumshaid,154521277,2023-12,8,186,8,2023–2024
iQadmat,https://github.com/iQadmat,153955239,2023-12,21,185,8,2023–2024
99Ahmadprojects,https://github.com/99Ahmadprojects,153583051,2023-12,58,178,8,2023–2024
SaadMahmood1122,https://github.com/SaadMahmood1122,153299943,2023-12,50,177,8,2023–2024
mabdulrehman-CS,https://github.com/mabdulrehman-CS,155010110,2023-12,14,158,8,2023–2024
Usmankhalid20,https://github.com/Usmankhalid20,154539670,2023-12,16,148,8,2023–2024
aarishasifkhan,https://github.com/aarishasifkhan,154256796,2023-12,28,139,8,2023–2024
farhan-4201,https://github.com/farhan-4201,154683341,2023-12,26,135,8,2023–2024
UmerAbbasi658,https://github.com/UmerAbbasi658,152722591,2023-12,52,133,8,2023–2024
Abdullahxfarooqui,https://github.com/Abdullahxfarooqui,154835027,2023-12,12,131,8,2023–2024
shamirz123,https://github.com/shamirz123,153479520,2023-12,8,131,8,2023–2024
faizan-siddique193,https://github.com/faizan-siddique193,154720299,2023-12,15,129,8,2023–2024
Hamza1s34,https://github.com/Hamza1s34,154589960,2023-12,9,129,8,2023–2024
LordsFury,https://github.com/LordsFury,155089681,2023-12,20,122,8,2023–2024
hamzarafique57144,https://github.com/hamzarafique57144,154212213,2023-12,15,118,8,2023–2024
muhammad-umair42,https://github.com/muhammad-umair42,154270383,2023-12,12,116,8,2023–2024
ashharzawarsyed,https://github.com/ashharzawarsyed,153376414,2023-12,23,114,8,2023–2024
Wajahat725,https://github.com/Wajahat725,154439023,2023-12,38,113,8,2023–2024
MMursaleenMustafvi,https://github.com/MMursaleenMustafvi,153654289,2023-12,25,113,8,2023–2024
Asad-channar,https://github.com/Asad-channar,152878196,2023-12,12,109,8,2023–2024
ammad-amin-1999313,https://github.com/ammad-amin-1999313,153178783,2023-12,26,103,8,2023–2024
haris-yousaf,https://github.com/haris-yousaf,154906048,2023-12,13,100,8,2023–2024
Hamid-2027,https://github.com/Hamid-2027,155250355,2023-12,10,98,8,2023–2024
SahalBinAmin,https://github.com/SahalBinAmin,154114799,2023-12,8,97,8,2023–2024
HAYAN-KABEER,https://github.com/HAYAN-KABEER,152867067,2023-12,22,96,8,2023–2024
ushbafatima,https://github.com/ushbafatima,155233348,2023-12,20,96,8,2023–2024
Nouman-Amjad,https://github.com/Nouman-Amjad,152603028,2023-12,18,92,8,2023–2024
qadeerasghar631,https://github.com/qadeerasghar631,152913319,2023-12,8,87,8,2023–2024
thecybertraveller22,https://github.com/thecybertraveller22,153760263,2023-12,20,86,8,2023–2024
Faisal-Mahmood-Developer,https://github.com/Faisal-Mahmood-Developer,153306840,2023-12,35,82,8,2023–2024
ali-sina100,https://github.com/ali-sina100,153834469,2023-12,8,82,8,2023–2024
hamad-khan457,https://github.com/hamad-khan457,153947925,2023-12,17,80,8,2023–2024
anomasahar,https://github.com/anomasahar,153076051,2023-12,6,78,8,2023–2024
ubaid-syed016,https://github.com/ubaid-syed016,154274264,2023-12,27,76,8,2023–2024
ahmadamukhtar,https://github.com/ahmadamukhtar,154699264,2023-12,17,76,8,2023–2024
MudassirSafi,https://github.com/MudassirSafi,153834800,2023-12,20,75,8,2023–2024
Tayyaba985,https://github.com/Tayyaba985,154920223,2023-12,8,74,8,2023–2024
haniajohar,https://github.com/haniajohar,154721728,2023-12,21,72,8,2023–2024
Exampleritgithu,https://github.com/Exampleritgithu,152761662,2023-12,34,69,8,2023–2024
HamzaButt22,https://github.com/HamzaButt22,153714102,2023-12,12,69,8,2023–2024
kumailzaidi23,https://github.com/kumailzaidi23,153802249,2023-12,8,64,8,2023–2024
danyalaltaff11555,https://github.com/danyalaltaff11555,155315631,2023-12,16,61,8,2023–2024
mkKabirii,https://github.com/mkKabirii,153763696,2023-12,14,60,8,2023–2024
ibrahimsqb,https://github.com/ibrahimsqb,155120846,2023-12,16,59,8,2023–2024
Eman13114,https://github.com/Eman13114,152626814,2023-12,9,51,8,2023–2024
TayyabAwan9195,https://github.com/TayyabAwan9195,155088657,2023-12,10,47,8,2023–2024
ibrahim-Cypher10,https://github.com/ibrahim-Cypher10,155223063,2023-12,8,46,8,2023–2024
MajestyKiran,https://github.com/MajestyKiran,154679333,2023-12,14,45,8,2023–2024
Ahsan-mw,https://github.com/Ahsan-mw,152960936,2023-12,11,45,8,2023–2024
Ali-Aoun5,https://github.com/Ali-Aoun5,153707741,2023-12,11,42,8,2023–2024
mhuzaifa0110,https://github.com/mhuzaifa0110,155239616,2023-12,19,41,8,2023–2024
MUHAMMAD-MUHID,https://github.com/MUHAMMAD-MUHID,154502521,2023-12,15,41,8,2023–2024
tmehmoodbsds23seecs,https://github.com/tmehmoodbsds23seecs,153825799,2023-12,14,39,8,2023–2024
Yaldram69,https://github.com/Yaldram69,152783013,2023-12,14,39,8,2023–2024
ShoaibMirr,https://github.com/ShoaibMirr,154070886,2023-12,12,39,8,2023–2024
Shoaibrhman,https://github.com/Shoaibrhman,155304668,2023-12,16,36,8,2023–2024
Isaadahmed2,https://github.com/Isaadahmed2,153797591,2023-12,12,36,8,2023–2024
Monis511,https://github.com/Monis511,154699440,2023-12,11,36,8,2023–2024
TahiraSiddique1,https://github.com/TahiraSiddique1,154861694,2023-12,8,36,8,2023–2024
syedasara231173,https://github.com/syedasara231173,153907376,2023-12,10,32,8,2023–2024
ZeeeAli,https://github.com/ZeeeAli,153705193,2023-12,10,32,8,2023–2024
MuhammadSubhanSiddiqui,https://github.com/MuhammadSubhanSiddiqui,154122893,2023-12,9,32,8,2023–2024
abdullah20502050,https://github.com/abdullah20502050,155053099,2023-12,27,31,8,2023–2024
ahmadraza225,https://github.com/ahmadraza225,155330443,2023-12,7,30,8,2023–2024
saifullahawan865,https://github.com/saifullahawan865,153385461,2023-12,21,27,8,2023–2024
SyedZaghamAbbas12,https://github.com/SyedZaghamAbbas12,154398487,2023-12,9,27,8,2023–2024
AbdulNafay8102004,https://github.com/AbdulNafay8102004,153095339,2023-12,8,27,8,2023–2024
qaziwebsitewala,https://github.com/qaziwebsitewala,153538267,2023-12,14,26,8,2023–2024
cod735,https://github.com/cod735,154496504,2023-12,8,26,8,2023–2024
Umerheree,https://github.com/Umerheree,152646443,2023-12,8,23,8,2023–2024
thedevhammad,https://github.com/thedevhammad,154763592,2023-12,9,21,8,2023–2024
Orakzai-dev,https://github.com/Orakzai-dev,154958370,2023-12,7,21,8,2023–2024
shayanhtml,https://github.com/shayanhtml,154698447,2023-12,6,18,8,2023–2024
Ahmed-Sher56,https://github.com/Ahmed-Sher56,152621445,2023-12,9,15,8,2023–2024
Haseeb-CS,https://github.com/Haseeb-CS,154895862,2023-12,7,15,8,2023–2024
auksajid,https://github.com/auksajid,153294622,2023-12,6,15,8,2023–2024
Arslan13111,https://github.com/Arslan13111,155235246,2023-12,7,14,8,2023–2024
JaveriaShabbir-2316,https://github.com/JaveriaShabbir-2316,154122420,2023-12,6,14,8,2023–2024
uw7e77,https://github.com/uw7e77,153807743,2023-12,6,14,8,2023–2024
muxammil007,https://github.com/muxammil007,154057706,2023-12,6,14,8,2023–2024
HasnainHanifdev,https://github.com/HasnainHanifdev,153607293,2023-12,8,13,8,2023–2024
MHM-275,https://github.com/MHM-275,154493247,2023-12,6,12,8,2023–2024
Rahmatsoga,https://github.com/Rahmatsoga,154066378,2023-12,14,11,8,2023–2024
umarzubair10,https://github.com/umarzubair10,154265025,2023-12,6,11,8,2023–2024
Harris-giki,https://github.com/Harris-giki,157014036,2024-01,44,941,8,2023–2024
AnooshaaAli,https://github.com/AnooshaaAli,155889714,2024-01,21,815,8,2023–2024
inayatrahimdev,https://github.com/inayatrahimdev,157112768,2024-01,22,680,8,2023–2024
fatima-1206,https://github.com/fatima-1206,156695063,2024-01,26,647,8,2023–2024
ataraxiiaa,https://github.com/ataraxiiaa,157208557,2024-01,17,603,8,2023–2024
waqas-gul,https://github.com/waqas-gul,156990185,2024-01,29,602,8,2023–2024
babarhussayn,https://github.com/babarhussayn,155708156,2024-01,23,598,8,2023–2024
waseemakram1713,https://github.com/waseemakram1713,155359472,2024-01,8,505,8,2023–2024
AnasA18H,https://github.com/AnasA18H,156688681,2024-01,26,374,8,2023–2024
Jaffar-Kazmi,https://github.com/Jaffar-Kazmi,156288348,2024-01,48,371,8,2023–2024
Mr-AsimGhaffar,https://github.com/Mr-AsimGhaffar,156039773,2024-01,17,357,8,2023–2024
Abrarbut,https://github.com/Abrarbut,156383151,2024-01,28,347,8,2023–2024
uShaukat3737,https://github.com/uShaukat3737,155773416,2024-01,21,336,8,2023–2024
hamzashazy,https://github.com/hamzashazy,157788227,2024-01,23,299,8,2023–2024
faisaliqbalkhattak,https://github.com/faisaliqbalkhattak,155758917,2024-01,25,267,8,2023–2024
Haseeb-AI-Eng,https://github.com/Haseeb-AI-Eng,156539429,2024-01,26,266,8,2023–2024
engineer-dilnawaz,https://github.com/engineer-dilnawaz,155418947,2024-01,119,243,8,2023–2024
MoazMughal,https://github.com/MoazMughal,155723611,2024-01,11,227,8,2023–2024
qamaruddin-khichi,https://github.com/qamaruddin-khichi,155871872,2024-01,35,210,8,2023–2024
HASSANRAZA111,https://github.com/HASSANRAZA111,157278044,2024-01,15,197,8,2023–2024
Hussain702,https://github.com/Hussain702,157008889,2024-01,38,179,8,2023–2024
ShahabRasool,https://github.com/ShahabRasool,155714616,2024-01,25,178,8,2023–2024
Rustring,https://github.com/Rustring,155897302,2024-01,18,159,8,2023–2024
AhsanZafar123,https://github.com/AhsanZafar123,158327501,2024-01,9,146,8,2023–2024
Aban3049,https://github.com/Aban3049,157634467,2024-01,17,141,8,2023–2024
Asfiiiy,https://github.com/Asfiiiy,156232050,2024-01,14,136,8,2023–2024
Yasir-Hasann,https://github.com/Yasir-Hasann,156187159,2024-01,24,128,8,2023–2024
Nabeehashahid1234,https://github.com/Nabeehashahid1234,155450511,2024-01,10,126,8,2023–2024
aunmirza001,https://github.com/aunmirza001,157689643,2024-01,6,125,8,2023–2024
Mahidkhan33,https://github.com/Mahidkhan33,157962771,2024-01,23,124,8,2023–2024
nimradev064,https://github.com/nimradev064,157350960,2024-01,21,124,8,2023–2024
kashif415,https://github.com/kashif415,157152714,2024-01,22,120,8,2023–2024
umarfarooq3488,https://github.com/umarfarooq3488,156110432,2024-01,12,119,8,2023–2024
ahmadmashhood01,https://github.com/ahmadmashhood01,157604782,2024-01,16,118,8,2023–2024
mightykareem,https://github.com/mightykareem,157987215,2024-01,17,114,8,2023–2024
Syed-Ameen-Gillani,https://github.com/Syed-Ameen-Gillani,155844325,2024-01,13,114,8,2023–2024
NoorUllah43,https://github.com/NoorUllah43,155673480,2024-01,19,111,8,2023–2024
ishfaqahmadafridi,https://github.com/ishfaqahmadafridi,155579934,2024-01,10,109,8,2023–2024
MianDanish1122,https://github.com/MianDanish1122,155439276,2024-01,27,107,8,2023–2024
aribafatima9000,https://github.com/aribafatima9000,157285579,2024-01,33,104,8,2023–2024
Muneeb-Ullah0,https://github.com/Muneeb-Ullah0,158257398,2024-01,11,102,8,2023–2024
EznXadee,https://github.com/EznXadee,157620781,2024-01,17,101,8,2023–2024
WajahatOrkz,https://github.com/WajahatOrkz,156714284,2024-01,7,101,8,2023–2024
AdeelIntizar,https://github.com/AdeelIntizar,156006962,2024-01,15,100,8,2023–2024
azharhussaincs,https://github.com/azharhussaincs,156693646,2024-01,50,98,8,2023–2024
fazasfz,https://github.com/fazasfz,155737131,2024-01,14,96,8,2023–2024
saadsafi123,https://github.com/saadsafi123,157909691,2024-01,20,93,8,2023–2024
hassan-khld,https://github.com/hassan-khld,157969530,2024-01,8,90,8,2023–2024
usamaNawaz11,https://github.com/usamaNawaz11,158326071,2024-01,21,88,8,2023–2024
WaleedFarooq51,https://github.com/WaleedFarooq51,156077432,2024-01,8,88,8,2023–2024
Abdullah2073,https://github.com/Abdullah2073,156902509,2024-01,10,86,8,2023–2024
ntl-alyan,https://github.com/ntl-alyan,157347579,2024-01,8,86,8,2023–2024
ShababSoftwares,https://github.com/ShababSoftwares,156909306,2024-01,10,85,8,2023–2024
muhammadahasan,https://github.com/muhammadahasan,157466360,2024-01,28,79,8,2023–2024
abubakar-usman,https://github.com/abubakar-usman,157383523,2024-01,6,79,8,2023–2024
hm-arslan,https://github.com/hm-arslan,156466259,2024-01,6,75,8,2023–2024
Zargham-abbas,https://github.com/Zargham-abbas,156011919,2024-01,16,74,8,2023–2024
ihtisham-full-stack-developer,https://github.com/ihtisham-full-stack-developer,158046842,2024-01,16,74,8,2023–2024
yaroo-devr,https://github.com/yaroo-devr,156511795,2024-01,12,68,8,2023–2024
AmarRam90,https://github.com/AmarRam90,156592466,2024-01,17,65,8,2023–2024
alisadiq336,https://github.com/alisadiq336,155882239,2024-01,32,64,8,2023–2024
dawoodjaved5,https://github.com/dawoodjaved5,156129012,2024-01,10,62,8,2023–2024
khanshaib11,https://github.com/khanshaib11,156767882,2024-01,13,60,8,2023–2024
hunain-tariq,https://github.com/hunain-tariq,157603556,2024-01,8,58,8,2023–2024
hamzayaseennn,https://github.com/hamzayaseennn,156706006,2024-01,6,58,8,2023–2024
khawajasinnan,https://github.com/khawajasinnan,156596296,2024-01,16,57,8,2023–2024
Muhammad-Hamza-cpp,https://github.com/Muhammad-Hamza-cpp,158145701,2024-01,13,51,8,2023–2024
Sardar-Usman-Ali,https://github.com/Sardar-Usman-Ali,155679885,2024-01,6,51,8,2023–2024
muhrramali,https://github.com/muhrramali,158087849,2024-01,29,50,8,2023–2024
QasimHusnain,https://github.com/QasimHusnain,157237213,2024-01,15,50,8,2023–2024
Hassan-Rana-aio,https://github.com/Hassan-Rana-aio,157797750,2024-01,11,50,8,2023–2024
Musfira-Tanvir,https://github.com/Musfira-Tanvir,157737680,2024-01,8,50,8,2023–2024
raheemxghumman,https://github.com/raheemxghumman,156712560,2024-01,10,48,8,2023–2024
thewjerruy,https://github.com/thewjerruy,157740621,2024-01,90,47,8,2023–2024
theabubakar,https://github.com/theabubakar,155424202,2024-01,9,45,8,2023–2024
SyedMustafa20,https://github.com/SyedMustafa20,157823011,2024-01,12,42,8,2023–2024
Uzairkhan10,https://github.com/Uzairkhan10,157306069,2024-01,6,40,8,2023–2024
laibamaab,https://github.com/laibamaab,157104099,2024-01,12,36,8,2023–2024
usamasikandar67,https://github.com/usamasikandar67,157890897,2024-01,14,34,8,2023–2024
AzkaAhmad754,https://github.com/AzkaAhmad754,156576835,2024-01,15,33,8,2023–2024
AsadKhan37,https://github.com/AsadKhan37,155816755,2024-01,6,33,8,2023–2024
SaimMukhtar,https://github.com/SaimMukhtar,157525892,2024-01,21,32,8,2023–2024
ByteByHaseeb,https://github.com/ByteByHaseeb,155418860,2024-01,9,31,8,2023–2024
KhasiaAlim,https://github.com/KhasiaAlim,156601631,2024-01,8,31,8,2023–2024
alihamza18,https://github.com/alihamza18,156931969,2024-01,20,30,8,2023–2024
mazharsami67,https://github.com/mazharsami67,156779191,2024-01,13,30,8,2023–2024
fahmad08,https://github.com/fahmad08,157881204,2024-01,9,30,8,2023–2024
nomii143,https://github.com/nomii143,156066223,2024-01,13,29,8,2023–2024
MalikYasir59,https://github.com/MalikYasir59,155653118,2024-01,7,29,8,2023–2024
mohsinCodz,https://github.com/mohsinCodz,155422244,2024-01,15,28,8,2023–2024
muhammad245,https://github.com/muhammad245,158214223,2024-01,16,27,8,2023–2024
Drunknnasty,https://github.com/Drunknnasty,157996790,2024-01,11,27,8,2023–2024
talhaiftikhar777,https://github.com/talhaiftikhar777,157698523,2024-01,14,26,8,2023–2024
muhammadmaaz77,https://github.com/muhammadmaaz77,156718218,2024-01,12,21,8,2023–2024
AbdullahShah41,https://github.com/AbdullahShah41,155909808,2024-01,6,21,8,2023–2024
AwaisArshad1989,https://github.com/AwaisArshad1989,157701966,2024-01,14,16,8,2023–2024
talisvi,https://github.com/talisvi,155639582,2024-01,6,16,8,2023–2024
fatimazaki-jpg,https://github.com/fatimazaki-jpg,155554184,2024-01,10,15,8,2023–2024
farrukh-12,https://github.com/farrukh-12,157522486,2024-01,13,13,8,2023–2024
faizan-030,https://github.com/faizan-030,156613724,2024-01,8,13,8,2023–2024
Zahidshah312,https://github.com/Zahidshah312,157875079,2024-01,10,12,8,2023–2024
haiderysfzi,https://github.com/haiderysfzi,157501042,2024-01,6,12,8,2023–2024
MuhammadAzharUlDin272,https://github.com/MuhammadAzharUlDin272,157311681,2024-01,9,11,8,2023–2024
samikhan05,https://github.com/samikhan05,155386624,2024-01,7,11,8,2023–2024
umarallure,https://github.com/umarallure,160515941,2024-02,36,2720,8,2023–2024
0x-Professor,https://github.com/0x-Professor,160357695,2024-02,57,1478,8,2023–2024
iNoumanMalik,https://github.com/iNoumanMalik,161158579,2024-02,34,564,8,2023–2024
zeeshan00013,https://github.com/zeeshan00013,160707874,2024-02,22,509,8,2023–2024
mHadi1091,https://github.com/mHadi1091,160413612,2024-02,22,376,8,2023–2024
muhammadusmanahmedx,https://github.com/muhammadusmanahmedx,160159402,2024-02,28,354,8,2023–2024
bilalfarid-1,https://github.com/bilalfarid-1,158550389,2024-02,21,334,8,2023–2024
Mubashir1292,https://github.com/Mubashir1292,161022598,2024-02,40,320,8,2023–2024
salimshakeel,https://github.com/salimshakeel,159722925,2024-02,24,318,8,2023–2024
mudassir779,https://github.com/mudassir779,159173652,2024-02,21,309,8,2023–2024
relinxx,https://github.com/relinxx,160617865,2024-02,24,270,8,2023–2024
hamzaraheem06,https://github.com/hamzaraheem06,161157848,2024-02,29,236,8,2023–2024
Ammar-Ali234,https://github.com/Ammar-Ali234,159683237,2024-02,47,226,8,2023–2024
TalhaAkhun,https://github.com/TalhaAkhun,161429125,2024-02,10,224,8,2023–2024
mahmedddd,https://github.com/mahmedddd,161067273,2024-02,9,205,8,2023–2024
ZAINULABIDEEN29,https://github.com/ZAINULABIDEEN29,158785834,2024-02,43,203,8,2023–2024
Hanzla2005,https://github.com/Hanzla2005,160163160,2024-02,7,194,8,2023–2024
Hasee10,https://github.com/Hasee10,158803448,2024-02,77,190,8,2023–2024
Zaibbee69,https://github.com/Zaibbee69,160014940,2024-02,37,188,8,2023–2024
waqasjafri512,https://github.com/waqasjafri512,161343488,2024-02,26,185,8,2023–2024
mtoqeeriqbal,https://github.com/mtoqeeriqbal,159768069,2024-02,18,184,8,2023–2024
rafia722,https://github.com/rafia722,160593965,2024-02,7,179,8,2023–2024
alihashim786,https://github.com/alihashim786,159143249,2024-02,25,174,8,2023–2024
TheLaibaAmeer,https://github.com/TheLaibaAmeer,159822053,2024-02,18,167,8,2023–2024
abdulsalam401,https://github.com/abdulsalam401,160013118,2024-02,12,143,8,2023–2024
ProgrammersBeats,https://github.com/ProgrammersBeats,161114505,2024-02,8,143,8,2023–2024
M-Umair-J,https://github.com/M-Umair-J,158707515,2024-02,7,138,8,2023–2024
TalhaMasood23,https://github.com/TalhaMasood23,160164606,2024-02,18,136,8,2023–2024
Ayeshem,https://github.com/Ayeshem,161275545,2024-02,36,134,8,2023–2024
Abdulrehman-Baloch,https://github.com/Abdulrehman-Baloch,160259535,2024-02,13,130,8,2023–2024
fewgets,https://github.com/fewgets,158480007,2024-02,16,128,8,2023–2024
Muqs-20,https://github.com/Muqs-20,159747053,2024-02,34,126,8,2023–2024
talhabaq,https://github.com/talhabaq,159868699,2024-02,57,123,8,2023–2024
shehneelafarman,https://github.com/shehneelafarman,160067111,2024-02,8,117,8,2023–2024
codebyhamid-dev,https://github.com/codebyhamid-dev,161680330,2024-02,14,114,8,2023–2024
EhtishamAh,https://github.com/EhtishamAh,161345359,2024-02,15,109,8,2023–2024
sahilkingrani,https://github.com/sahilkingrani,160432493,2024-02,19,108,8,2023–2024
komailraza12354,https://github.com/komailraza12354,159257859,2024-02,12,108,8,2023–2024
Husnain-Amjad,https://github.com/Husnain-Amjad,159142672,2024-02,9,108,8,2023–2024
QasimRazaToori,https://github.com/QasimRazaToori,158839600,2024-02,15,107,8,2023–2024
basitganie,https://github.com/basitganie,161114784,2024-02,8,106,8,2023–2024
Anaskhan198,https://github.com/Anaskhan198,159275805,2024-02,13,105,8,2023–2024
cyber-fanatic,https://github.com/cyber-fanatic,159928985,2024-02,14,101,8,2023–2024
umairahmed0777,https://github.com/umairahmed0777,160250623,2024-02,14,84,8,2023–2024
abdurrr327,https://github.com/abdurrr327,160472702,2024-02,13,84,8,2023–2024
FazalHaq6559,https://github.com/FazalHaq6559,159923237,2024-02,7,82,8,2023–2024
faizikhan2626,https://github.com/faizikhan2626,158428477,2024-02,11,77,8,2023–2024
MAnasBhatti,https://github.com/MAnasBhatti,161063738,2024-02,23,76,8,2023–2024
Hadi-Wasim,https://github.com/Hadi-Wasim,160307854,2024-02,16,72,8,2023–2024
Muhammad-Hammad-59,https://github.com/Muhammad-Hammad-59,159012797,2024-02,19,70,8,2023–2024
MinhajjK,https://github.com/MinhajjK,160233570,2024-02,18,70,8,2023–2024
AneesFayyaz,https://github.com/AneesFayyaz,161318123,2024-02,17,70,8,2023–2024
ahmar-rapidlabs,https://github.com/ahmar-rapidlabs,161383773,2024-02,9,69,8,2023–2024
faizU804,https://github.com/faizU804,159672492,2024-02,40,68,8,2023–2024
Taimoor-Shahzad,https://github.com/Taimoor-Shahzad,159018374,2024-02,11,66,8,2023–2024
AitazazAhmad,https://github.com/AitazazAhmad,160134996,2024-02,15,64,8,2023–2024
MuhammadZohaibRaza2,https://github.com/MuhammadZohaibRaza2,159241535,2024-02,9,64,8,2023–2024
alihamza-14,https://github.com/alihamza-14,159170600,2024-02,11,63,8,2023–2024
Famak12,https://github.com/Famak12,158447061,2024-02,15,62,8,2023–2024
Basim-Mehdi,https://github.com/Basim-Mehdi,160781146,2024-02,10,61,8,2023–2024
HassanSharif7,https://github.com/HassanSharif7,158609442,2024-02,16,60,8,2023–2024
AdiiiCode,https://github.com/AdiiiCode,159625985,2024-02,12,59,8,2023–2024
hamzaasad5,https://github.com/hamzaasad5,161286609,2024-02,9,58,8,2023–2024
Ayeshahissam,https://github.com/Ayeshahissam,159274116,2024-02,7,54,8,2023–2024
Kashif-4478,https://github.com/Kashif-4478,161591108,2024-02,13,53,8,2023–2024
saifkhan16137,https://github.com/saifkhan16137,158462440,2024-02,8,51,8,2023–2024
AfnanTariq1322,https://github.com/AfnanTariq1322,161643646,2024-02,29,50,8,2023–2024
Muiz0399,https://github.com/Muiz0399,160023928,2024-02,17,49,8,2023–2024
SheikhAliTassadaq,https://github.com/SheikhAliTassadaq,160498757,2024-02,22,48,8,2023–2024
thrillraptor,https://github.com/thrillraptor,160603372,2024-02,9,48,8,2023–2024
Umershami,https://github.com/Umershami,160879551,2024-02,14,47,8,2023–2024
musabahmad023,https://github.com/musabahmad023,160378202,2024-02,17,46,8,2023–2024
Itsmohsinazam,https://github.com/Itsmohsinazam,160120955,2024-02,16,46,8,2023–2024
tayyab-mumtaz,https://github.com/tayyab-mumtaz,160576003,2024-02,6,45,8,2023–2024
harisGHR,https://github.com/harisGHR,159567315,2024-02,17,44,8,2023–2024
AzanWasem,https://github.com/AzanWasem,160337340,2024-02,13,44,8,2023–2024
SurooMajeed,https://github.com/SurooMajeed,160741636,2024-02,22,43,8,2023–2024
faaizkhanM,https://github.com/faaizkhanM,159080848,2024-02,12,42,8,2023–2024
MalikkAhmedNawaz,https://github.com/MalikkAhmedNawaz,160540532,2024-02,7,42,8,2023–2024
Junaid414,https://github.com/Junaid414,160789200,2024-02,12,37,8,2023–2024
RafayHussain103525,https://github.com/RafayHussain103525,160516162,2024-02,9,37,8,2023–2024
Abdullah1705,https://github.com/Abdullah1705,159879134,2024-02,11,34,8,2023–2024
Gushtasp47,https://github.com/Gushtasp47,160053590,2024-02,8,34,8,2023–2024
AyeshaAkhtar08,https://github.com/AyeshaAkhtar08,160256531,2024-02,6,34,8,2023–2024
NimraShahid54,https://github.com/NimraShahid54,160470754,2024-02,9,33,8,2023–2024
alifsayalee,https://github.com/alifsayalee,158568335,2024-02,7,32,8,2023–2024
junaidishtiaq881,https://github.com/junaidishtiaq881,159987646,2024-02,11,31,8,2023–2024
mhamzavadnan,https://github.com/mhamzavadnan,160255261,2024-02,10,31,8,2023–2024
umer-5,https://github.com/umer-5,160385652,2024-02,7,28,8,2023–2024
AbdulBasit-Gu,https://github.com/AbdulBasit-Gu,158830798,2024-02,7,28,8,2023–2024
AyeshaNadeem8,https://github.com/AyeshaNadeem8,159919285,2024-02,11,27,8,2023–2024
Saadi-1,https://github.com/Saadi-1,159484613,2024-02,6,26,8,2023–2024
momal-nasir,https://github.com/momal-nasir,158503454,2024-02,8,25,8,2023–2024
GULaiANALYST,https://github.com/GULaiANALYST,160855886,2024-02,8,25,8,2023–2024
Baryalkhan2004,https://github.com/Baryalkhan2004,159159409,2024-02,13,24,8,2023–2024
Amina-Noor,https://github.com/Amina-Noor,161490391,2024-02,8,24,8,2023–2024
UswaAsad123,https://github.com/UswaAsad123,159118483,2024-02,8,22,8,2023–2024
Azmat-5,https://github.com/Azmat-5,161211293,2024-02,11,17,8,2023–2024
adnanstardeveloper,https://github.com/adnanstardeveloper,159281350,2024-02,7,17,8,2023–2024
abubakar2110,https://github.com/abubakar2110,161414816,2024-02,9,16,8,2023–2024
Zeeshanmk66,https://github.com/Zeeshanmk66,159705257,2024-02,7,16,8,2023–2024
Bakhtawar1224,https://github.com/Bakhtawar1224,160414700,2024-02,8,15,8,2023–2024
QaisarAbbas2024,https://github.com/QaisarAbbas2024,161966447,2024-03,16,2321,8,2023–2024
ShahzaibAhmad05,https://github.com/ShahzaibAhmad05,164727276,2024-03,40,1085,8,2023–2024
AliIshaqPro,https://github.com/AliIshaqPro,164607441,2024-03,29,704,8,2023–2024
mfahadjbr,https://github.com/mfahadjbr,162830625,2024-03,88,585,8,2023–2024
abubakar10,https://github.com/abubakar10,163340586,2024-03,30,545,8,2023–2024
hsajid-cs,https://github.com/hsajid-cs,162913270,2024-03,32,504,8,2023–2024
Sys-Omertosa,https://github.com/Sys-Omertosa,163282318,2024-03,19,434,8,2023–2024
suleman37,https://github.com/suleman37,162445590,2024-03,32,432,8,2023–2024
Sye0x,https://github.com/Sye0x,164135587,2024-03,10,346,8,2023–2024
Abdulhaadi123,https://github.com/Abdulhaadi123,164136011,2024-03,20,322,8,2023–2024
Wafi-wahid,https://github.com/Wafi-wahid,162825920,2024-03,59,276,8,2023–2024
mubashir1837,https://github.com/mubashir1837,163585695,2024-03,58,266,8,2023–2024
abdull435,https://github.com/abdull435,164213606,2024-03,11,255,8,2023–2024
Ahmad-Luqman0,https://github.com/Ahmad-Luqman0,163151037,2024-03,20,240,8,2023–2024
FawazAhmad3,https://github.com/FawazAhmad3,164980611,2024-03,10,229,8,2023–2024
Ahmad0175ahmad,https://github.com/Ahmad0175ahmad,164593043,2024-03,37,223,8,2023–2024
mhazmatjunior,https://github.com/mhazmatjunior,165385884,2024-03,34,199,8,2023–2024
Subuktageen-Farooqi,https://github.com/Subuktageen-Farooqi,163812180,2024-03,18,198,8,2023–2024
ahsanbhutta01,https://github.com/ahsanbhutta01,162182753,2024-03,13,194,8,2023–2024
adnaan-2,https://github.com/adnaan-2,164396695,2024-03,21,193,8,2023–2024
ALIHASSAN0090,https://github.com/ALIHASSAN0090,162284502,2024-03,19,187,8,2023–2024
Ali-Hassan-63,https://github.com/Ali-Hassan-63,165467417,2024-03,13,182,8,2023–2024
iahmadraza7,https://github.com/iahmadraza7,162870460,2024-03,49,179,8,2023–2024
abdullah7834,https://github.com/abdullah7834,164174340,2024-03,25,168,8,2023–2024
mrt786,https://github.com/mrt786,162812128,2024-03,25,162,8,2023–2024
Hammad-idrees,https://github.com/Hammad-idrees,161931650,2024-03,31,161,8,2023–2024
arabi-1,https://github.com/arabi-1,161829444,2024-03,11,141,8,2023–2024
Albab001,https://github.com/Albab001,162356025,2024-03,7,139,8,2023–2024
Aishi54,https://github.com/Aishi54,161967604,2024-03,14,137,8,2023–2024
Umais-Adeed,https://github.com/Umais-Adeed,165276382,2024-03,16,133,8,2023–2024
akamohid,https://github.com/akamohid,162485520,2024-03,18,129,8,2023–2024
AbdulMoizOfficial0,https://github.com/AbdulMoizOfficial0,161834584,2024-03,18,118,8,2023–2024
therealumerhayat,https://github.com/therealumerhayat,161950469,2024-03,15,116,8,2023–2024
itx-alihamza,https://github.com/itx-alihamza,162885024,2024-03,20,114,8,2023–2024
Ayaan-16,https://github.com/Ayaan-16,165467596,2024-03,7,111,8,2023–2024
amna1475,https://github.com/amna1475,164538496,2024-03,24,109,8,2023–2024
Samia-shoukat,https://github.com/Samia-shoukat,161858442,2024-03,38,108,8,2023–2024
ramshah-altaf,https://github.com/ramshah-altaf,165490900,2024-03,6,106,8,2023–2024
S4lmankhan,https://github.com/S4lmankhan,162911556,2024-03,16,105,8,2023–2024
numancr7,https://github.com/numancr7,162007974,2024-03,32,99,8,2023–2024
Shahbaz-Junaid,https://github.com/Shahbaz-Junaid,163413541,2024-03,28,93,8,2023–2024
AbdullahAslam1207,https://github.com/AbdullahAslam1207,164133381,2024-03,20,92,8,2023–2024
SadiaMasood007,https://github.com/SadiaMasood007,163652126,2024-03,7,90,8,2023–2024
MalikZuraiz,https://github.com/MalikZuraiz,162167347,2024-03,17,89,8,2023–2024
Muaaz-Bin-Mukhtar,https://github.com/Muaaz-Bin-Mukhtar,162820656,2024-03,16,89,8,2023–2024
bilalahmad36,https://github.com/bilalahmad36,162161354,2024-03,21,84,8,2023–2024
alihassan-ai,https://github.com/alihassan-ai,164692488,2024-03,18,82,8,2023–2024
zainabBinteAzhar,https://github.com/zainabBinteAzhar,164602326,2024-03,13,80,8,2023–2024
Muhammad-Hayyan,https://github.com/Muhammad-Hayyan,163710583,2024-03,14,79,8,2023–2024
sanamir23,https://github.com/sanamir23,164053557,2024-03,12,79,8,2023–2024
abdullah6942,https://github.com/abdullah6942,164238553,2024-03,14,78,8,2023–2024
izharbaloch,https://github.com/izharbaloch,162774898,2024-03,16,73,8,2023–2024
hammadahhmed06,https://github.com/hammadahhmed06,161914311,2024-03,16,69,8,2023–2024
AhsanFayyaz13,https://github.com/AhsanFayyaz13,165469708,2024-03,27,67,8,2023–2024
tzmughal,https://github.com/tzmughal,161866984,2024-03,11,65,8,2023–2024
asad-ullahkhan,https://github.com/asad-ullahkhan,162461939,2024-03,7,65,8,2023–2024
Talha5t5,https://github.com/Talha5t5,164134748,2024-03,15,64,8,2023–2024
Tehseen-Meo567,https://github.com/Tehseen-Meo567,165558761,2024-03,17,59,8,2023–2024
umairahmed911,https://github.com/umairahmed911,164452545,2024-03,15,58,8,2023–2024
hasnatnoorhassan,https://github.com/hasnatnoorhassan,164715566,2024-03,8,56,8,2023–2024
Musaibrahim0,https://github.com/Musaibrahim0,164417343,2024-03,8,54,8,2023–2024
mistershah-numl,https://github.com/mistershah-numl,162992823,2024-03,16,52,8,2023–2024
aneesyounas04,https://github.com/aneesyounas04,165235479,2024-03,7,52,8,2023–2024
HafeezCodes,https://github.com/HafeezCodes,165492877,2024-03,13,49,8,2023–2024
ibrahiim-1,https://github.com/ibrahiim-1,165539852,2024-03,13,48,8,2023–2024
rehanmunir-dev,https://github.com/rehanmunir-dev,163100530,2024-03,8,48,8,2023–2024
Shazer-Nadeem,https://github.com/Shazer-Nadeem,165384862,2024-03,14,46,8,2023–2024
MuhammadBilalKhan0006,https://github.com/MuhammadBilalKhan0006,163586464,2024-03,8,46,8,2023–2024
mariamiqbal9251,https://github.com/mariamiqbal9251,163730535,2024-03,7,45,8,2023–2024
Hasanat123123123123,https://github.com/Hasanat123123123123,163676512,2024-03,15,42,8,2023–2024
huzaifaahmed2004,https://github.com/huzaifaahmed2004,162897916,2024-03,11,42,8,2023–2024
karemdanish,https://github.com/karemdanish,162895664,2024-03,9,41,8,2023–2024
Abdullahfaiz20,https://github.com/Abdullahfaiz20,163645130,2024-03,12,39,8,2023–2024
huzaifa105,https://github.com/huzaifa105,163585627,2024-03,19,38,8,2023–2024
Hx-313,https://github.com/Hx-313,163727462,2024-03,14,36,8,2023–2024
Laiba2211,https://github.com/Laiba2211,164910557,2024-03,15,35,9,2024–2024
AJ7017,https://github.com/AJ7017,165473338,2024-03,7,35,9,2024–2024
IsrarAhmadSatti,https://github.com/IsrarAhmadSatti,162900440,2024-03,13,34,9,2024–2024
HamzaSidhu786,https://github.com/HamzaSidhu786,165549104,2024-03,12,34,9,2024–2024
Usmanalicoder,https://github.com/Usmanalicoder,164320767,2024-03,20,32,9,2024–2024
ZainUlAbiden4163,https://github.com/ZainUlAbiden4163,163167111,2024-03,15,31,9,2024–2024
AsadNaeem00,https://github.com/AsadNaeem00,164195137,2024-03,7,29,9,2024–2024
ibn-e-sohail,https://github.com/ibn-e-sohail,163045088,2024-03,9,22,9,2024–2024
MujtabaAli72,https://github.com/MujtabaAli72,163996070,2024-03,6,22,9,2024–2024
aneeqhussain,https://github.com/aneeqhussain,162605536,2024-03,10,18,9,2024–2024
rami-khairi,https://github.com/rami-khairi,161962499,2024-03,9,18,9,2024–2024
Syedjazii,https://github.com/Syedjazii,164335232,2024-03,7,16,9,2024–2024
abdullah9999999999,https://github.com/abdullah9999999999,164635752,2024-03,6,16,9,2024–2024
assad-khurshid,https://github.com/assad-khurshid,163720489,2024-03,6,15,9,2024–2024
haideriqbal079,https://github.com/haideriqbal079,165343756,2024-03,9,13,9,2024–2024
msnkhp,https://github.com/msnkhp,161915362,2024-03,11,11,9,2024–2024
AhmadMasood-dev,https://github.com/AhmadMasood-dev,167793144,2024-04,46,825,9,2024–2024
AkqDev,https://github.com/AkqDev,167996217,2024-04,49,618,9,2024–2024
afrazk01,https://github.com/afrazk01,168143153,2024-04,14,563,9,2024–2024
muhammad-jawad-ali,https://github.com/muhammad-jawad-ali,167105720,2024-04,24,537,9,2024–2024
Saad-Abdulah,https://github.com/Saad-Abdulah,167123701,2024-04,25,438,9,2024–2024
SaadAbdullah72,https://github.com/SaadAbdullah72,165732819,2024-04,23,401,9,2024–2024
saadhtiwana,https://github.com/saadhtiwana,167611153,2024-04,45,399,9,2024–2024
Amirshahzad422,https://github.com/Amirshahzad422,167098160,2024-04,24,365,9,2024–2024
MuhammadZohaib21122,https://github.com/MuhammadZohaib21122,167434209,2024-04,15,353,9,2024–2024
ahmadsuleman,https://github.com/ahmadsuleman,168364387,2024-04,35,342,9,2024–2024
TalhaBinShahid,https://github.com/TalhaBinShahid,167989300,2024-04,26,297,9,2024–2024
saadshd,https://github.com/saadshd,167738558,2024-04,24,295,9,2024–2024
awaisaltaf5,https://github.com/awaisaltaf5,168270210,2024-04,16,271,9,2024–2024
hamza-tahir55,https://github.com/hamza-tahir55,167264852,2024-04,14,265,9,2024–2024
umer-tariq77400,https://github.com/umer-tariq77400,166518039,2024-04,13,251,9,2024–2024
fahadkhalil0,https://github.com/fahadkhalil0,167707707,2024-04,28,217,9,2024–2024
MuneebDevss,https://github.com/MuneebDevss,167984903,2024-04,23,215,9,2024–2024
myounasfaisal,https://github.com/myounasfaisal,167674788,2024-04,14,214,9,2024–2024
rizwanshafiq63,https://github.com/rizwanshafiq63,167992476,2024-04,8,210,9,2024–2024
Haifa-Yousaf,https://github.com/Haifa-Yousaf,167891355,2024-04,12,206,9,2024–2024
zohaib-119,https://github.com/zohaib-119,167706589,2024-04,23,191,9,2024–2024
Noor-Rehman,https://github.com/Noor-Rehman,168201525,2024-04,21,172,9,2024–2024
BalaajRaza,https://github.com/BalaajRaza,168575517,2024-04,14,163,9,2024–2024
HasnainRzza,https://github.com/HasnainRzza,168059834,2024-04,20,154,9,2024–2024
Nasir-Sharif,https://github.com/Nasir-Sharif,168290402,2024-04,44,145,9,2024–2024
Taaha-Tariq,https://github.com/Taaha-Tariq,166188821,2024-04,12,140,9,2024–2024
GM9125,https://github.com/GM9125,166296302,2024-04,10,134,9,2024–2024
Ayesha-Asadd,https://github.com/Ayesha-Asadd,168007496,2024-04,30,127,9,2024–2024
UmarRasheed007,https://github.com/UmarRasheed007,167188272,2024-04,9,125,9,2024–2024
muhammadahmed35243,https://github.com/muhammadahmed35243,166349897,2024-04,11,124,9,2024–2024
haris-afaq,https://github.com/haris-afaq,167349338,2024-04,19,119,9,2024–2024
engineersameer,https://github.com/engineersameer,166526799,2024-04,12,118,9,2024–2024
uzzyyhh,https://github.com/uzzyyhh,167629168,2024-04,8,117,9,2024–2024
abeernch,https://github.com/abeernch,168552036,2024-04,12,116,9,2024–2024
humaa-taj,https://github.com/humaa-taj,168086179,2024-04,13,112,9,2024–2024
Mahdkazmi,https://github.com/Mahdkazmi,168580539,2024-04,11,111,9,2024–2024
MHBinNauman,https://github.com/MHBinNauman,166351331,2024-04,16,108,9,2024–2024
Ali-Ashor,https://github.com/Ali-Ashor,166167818,2024-04,9,108,9,2024–2024
Inzaaamam,https://github.com/Inzaaamam,166556047,2024-04,28,105,9,2024–2024
usman-academia,https://github.com/usman-academia,168281069,2024-04,13,100,9,2024–2024
Usman925937,https://github.com/Usman925937,168414331,2024-04,10,100,9,2024–2024
ItsAliMehmoodKhan,https://github.com/ItsAliMehmoodKhan,167309782,2024-04,24,91,9,2024–2024
Daniyal-DS,https://github.com/Daniyal-DS,168131277,2024-04,21,91,9,2024–2024
mohibr33,https://github.com/mohibr33,165779601,2024-04,19,88,9,2024–2024
ahsanilya-s,https://github.com/ahsanilya-s,167231467,2024-04,22,81,9,2024–2024
profparadox3,https://github.com/profparadox3,167795932,2024-04,16,73,9,2024–2024
Taloo123,https://github.com/Taloo123,166499298,2024-04,10,73,9,2024–2024
numansabirdev,https://github.com/numansabirdev,167315288,2024-04,12,70,9,2024–2024
usman-bin-majeed,https://github.com/usman-bin-majeed,168122823,2024-04,24,68,9,2024–2024
AbdSipra,https://github.com/AbdSipra,167088998,2024-04,15,67,9,2024–2024
AbdullahMasood450,https://github.com/AbdullahMasood450,167023182,2024-04,9,67,9,2024–2024
TheSaimSaeed,https://github.com/TheSaimSaeed,167448729,2024-04,14,66,9,2024–2024
misbahirum,https://github.com/misbahirum,167866538,2024-04,15,61,9,2024–2024
sardar-mukhshaf,https://github.com/sardar-mukhshaf,168126016,2024-04,11,61,9,2024–2024
ahsanumair7,https://github.com/ahsanumair7,167495417,2024-04,6,61,9,2024–2024
asifshigri12,https://github.com/asifshigri12,166267977,2024-04,14,50,9,2024–2024
AbdulSamiai,https://github.com/AbdulSamiai,167405954,2024-04,33,45,9,2024–2024
mua-az,https://github.com/mua-az,166897899,2024-04,7,45,9,2024–2024
humair-m,https://github.com/humair-m,166109853,2024-04,6,43,9,2024–2024
wareesha789,https://github.com/wareesha789,168472436,2024-04,13,41,9,2024–2024
Sirajkhan77,https://github.com/Sirajkhan77,165657768,2024-04,35,40,9,2024–2024
MuhammadSobanHameed,https://github.com/MuhammadSobanHameed,167652812,2024-04,8,40,9,2024–2024
mzhrdev,https://github.com/mzhrdev,168357232,2024-04,12,39,9,2024–2024
AyeshaImran066,https://github.com/AyeshaImran066,166165327,2024-04,14,38,9,2024–2024
Mustan-Fast,https://github.com/Mustan-Fast,166389172,2024-04,13,30,9,2024–2024
MuhammadTalhaRashid,https://github.com/MuhammadTalhaRashid,168331783,2024-04,9,29,9,2024–2024
awais1915,https://github.com/awais1915,167126280,2024-04,13,28,9,2024–2024
AdeelChudaray,https://github.com/AdeelChudaray,167666376,2024-04,14,26,9,2024–2024
KhalidNawaz826,https://github.com/KhalidNawaz826,166715966,2024-04,8,21,9,2024–2024
MuhammadBilal25,https://github.com/MuhammadBilal25,168348141,2024-04,9,20,9,2024–2024
Mohsin-khan316,https://github.com/Mohsin-khan316,167675130,2024-04,18,16,9,2024–2024
Nazirahmad1122,https://github.com/Nazirahmad1122,167219794,2024-04,6,16,9,2024–2024
m-zohaib-khan,https://github.com/m-zohaib-khan,168336266,2024-04,8,14,9,2024–2024
M-Rehan-050,https://github.com/M-Rehan-050,168469884,2024-04,7,14,9,2024–2024
muhammadshehryar-codes,https://github.com/muhammadshehryar-codes,167126378,2024-04,6,14,9,2024–2024
Ebad-ullah72,https://github.com/Ebad-ullah72,168305179,2024-04,6,12,9,2024–2024
TayabHassan,https://github.com/TayabHassan,167448315,2024-04,8,11,9,2024–2024
hasbeejay,https://github.com/hasbeejay,171064489,2024-05,11,12434,9,2024–2024
shayann07,https://github.com/shayann07,169547165,2024-05,34,1454,9,2024–2024
Rajaabpro,https://github.com/Rajaabpro,169341850,2024-05,34,892,9,2024–2024
Aleem12357,https://github.com/Aleem12357,170096288,2024-05,14,686,9,2024–2024
gulzarali19,https://github.com/gulzarali19,169030654,2024-05,8,683,9,2024–2024
developerzohaib786,https://github.com/developerzohaib786,170199792,2024-05,58,518,9,2024–2024
AuroxaTech,https://github.com/AuroxaTech,169995499,2024-05,18,395,9,2024–2024
ahmaddii,https://github.com/ahmaddii,171186799,2024-05,53,281,9,2024–2024
WaqasYounas-07,https://github.com/WaqasYounas-07,170941358,2024-05,40,267,9,2024–2024
Affan-Swati,https://github.com/Affan-Swati,168670446,2024-05,15,237,9,2024–2024
alihdr116,https://github.com/alihdr116,169950557,2024-05,10,224,9,2024–2024
abdullah-mansoor3,https://github.com/abdullah-mansoor3,169531990,2024-05,26,218,9,2024–2024
AhmadKhan010,https://github.com/AhmadKhan010,168825480,2024-05,15,216,9,2024–2024
wasif12334,https://github.com/wasif12334,169798251,2024-05,46,212,9,2024–2024
Sharaiz333,https://github.com/Sharaiz333,170529035,2024-05,13,205,9,2024–2024
umairarshad-dev,https://github.com/umairarshad-dev,169985490,2024-05,10,202,9,2024–2024
muskanas78,https://github.com/muskanas78,169578568,2024-05,26,174,9,2024–2024
Umerkhalid1999,https://github.com/Umerkhalid1999,170668111,2024-05,17,172,9,2024–2024
Touseeq20,https://github.com/Touseeq20,169525779,2024-05,27,159,9,2024–2024
muhammadhilal494,https://github.com/muhammadhilal494,169491548,2024-05,37,155,9,2024–2024
IzzaShahzad,https://github.com/IzzaShahzad,168627683,2024-05,11,155,9,2024–2024
I221165,https://github.com/I221165,169888668,2024-05,30,152,9,2024–2024
Palentoist,https://github.com/Palentoist,169592624,2024-05,33,148,9,2024–2024
adnan150223,https://github.com/adnan150223,168977759,2024-05,31,141,9,2024–2024
Mansoor-Ali-121,https://github.com/Mansoor-Ali-121,171376523,2024-05,11,137,9,2024–2024
saifhassan-555,https://github.com/saifhassan-555,171138259,2024-05,10,136,9,2024–2024
BilalAhmed7072,https://github.com/BilalAhmed7072,169590855,2024-05,35,134,9,2024–2024
Kawish07,https://github.com/Kawish07,170230919,2024-05,8,131,9,2024–2024
UmairYousafzia,https://github.com/UmairYousafzia,169370091,2024-05,12,124,9,2024–2024
anoushamalik,https://github.com/anoushamalik,170802562,2024-05,15,117,9,2024–2024
BilawalBaloch,https://github.com/BilawalBaloch,169662709,2024-05,11,117,9,2024–2024
burhanit11,https://github.com/burhanit11,170831219,2024-05,45,112,9,2024–2024
muhammadsirajdev,https://github.com/muhammadsirajdev,170451849,2024-05,14,111,9,2024–2024
Shaybaa16,https://github.com/Shaybaa16,168670082,2024-05,26,109,9,2024–2024
muhammadsudaiskhalid,https://github.com/muhammadsudaiskhalid,170635978,2024-05,19,105,9,2024–2024
azizrehman12,https://github.com/azizrehman12,170769706,2024-05,34,104,9,2024–2024
irfanhaider3322,https://github.com/irfanhaider3322,168840911,2024-05,16,104,9,2024–2024
Vikram-Kumar-Parmar,https://github.com/Vikram-Kumar-Parmar,170227271,2024-05,10,102,9,2024–2024
Zakihayder,https://github.com/Zakihayder,168919940,2024-05,19,99,9,2024–2024
AbdulGaffarDev,https://github.com/AbdulGaffarDev,169331927,2024-05,11,98,9,2024–2024
areebakhan1w,https://github.com/areebakhan1w,170181265,2024-05,16,95,9,2024–2024
Ahsulem,https://github.com/Ahsulem,169291618,2024-05,41,92,9,2024–2024
m4hmed02,https://github.com/m4hmed02,171283811,2024-05,20,90,9,2024–2024
alyankabir17,https://github.com/alyankabir17,170871560,2024-05,15,88,9,2024–2024
AyanJalil,https://github.com/AyanJalil,169827690,2024-05,14,87,9,2024–2024
hashirsakimdad,https://github.com/hashirsakimdad,169494744,2024-05,6,87,9,2024–2024
mo2annad,https://github.com/mo2annad,170178009,2024-05,12,86,9,2024–2024
its-awais,https://github.com/its-awais,169333340,2024-05,28,84,9,2024–2024
sidrasajad,https://github.com/sidrasajad,168839951,2024-05,12,84,9,2024–2024
SHEHROZ53531,https://github.com/SHEHROZ53531,171026174,2024-05,48,76,9,2024–2024
Armaghan-Bakht,https://github.com/Armaghan-Bakht,170297411,2024-05,15,75,9,2024–2024
abdulsamadexe,https://github.com/abdulsamadexe,169174696,2024-05,8,75,9,2024–2024
alimaqsoodahmed,https://github.com/alimaqsoodahmed,171014829,2024-05,13,74,9,2024–2024
Inam-DataScientist,https://github.com/Inam-DataScientist,169125463,2024-05,14,71,9,2024–2024
codera647,https://github.com/codera647,171039966,2024-05,10,68,9,2024–2024
shayaani7,https://github.com/shayaani7,168987106,2024-05,10,65,9,2024–2024
mfaiziidev,https://github.com/mfaiziidev,170318335,2024-05,13,64,9,2024–2024
Nu-AbdulRehman,https://github.com/Nu-AbdulRehman,170509820,2024-05,16,62,9,2024–2024
AmnaAmir1234,https://github.com/AmnaAmir1234,170819825,2024-05,15,62,9,2024–2024
NaveedAhmed5,https://github.com/NaveedAhmed5,169549872,2024-05,11,62,9,2024–2024
Saif1Shahzad,https://github.com/Saif1Shahzad,169188477,2024-05,8,62,9,2024–2024
Kamil-2004,https://github.com/Kamil-2004,171334313,2024-05,26,60,9,2024–2024
UmerThePassionate,https://github.com/UmerThePassionate,169351334,2024-05,8,58,9,2024–2024
Hacku244,https://github.com/Hacku244,169361038,2024-05,8,56,9,2024–2024
kaifsakes,https://github.com/kaifsakes,169721575,2024-05,7,55,9,2024–2024
arfeendildar,https://github.com/arfeendildar,170979385,2024-05,18,50,9,2024–2024
shahbazhussaim,https://github.com/shahbazhussaim,169554254,2024-05,11,49,9,2024–2024
Amir-Hassan-Coder,https://github.com/Amir-Hassan-Coder,170395538,2024-05,36,48,9,2024–2024
daniyalgithubk,https://github.com/daniyalgithubk,170076302,2024-05,25,48,9,2024–2024
Mohsi99,https://github.com/Mohsi99,170226736,2024-05,9,48,9,2024–2024
HassanRaz-A,https://github.com/HassanRaz-A,171155319,2024-05,21,46,9,2024–2024
MZ-491,https://github.com/MZ-491,171266800,2024-05,23,43,9,2024–2024
AhmedBuilds42,https://github.com/AhmedBuilds42,170804422,2024-05,17,42,9,2024–2024
syedafarwabatool,https://github.com/syedafarwabatool,169580918,2024-05,14,37,9,2024–2024
JaydeeCodess,https://github.com/JaydeeCodess,170763085,2024-05,22,36,9,2024–2024
AbuBakar-DataScientist,https://github.com/AbuBakar-DataScientist,170070768,2024-05,16,36,9,2024–2024
Emumba-Abdullah,https://github.com/Emumba-Abdullah,169022063,2024-05,6,34,9,2024–2024
AqsaRaana2704,https://github.com/AqsaRaana2704,170247731,2024-05,10,33,9,2024–2024
wahab499,https://github.com/wahab499,168728135,2024-05,7,32,9,2024–2024
Ayeshachaudhry,https://github.com/Ayeshachaudhry,169386262,2024-05,9,31,9,2024–2024
shadabahmed786,https://github.com/shadabahmed786,169799423,2024-05,9,31,9,2024–2024
Qasimm-Ali,https://github.com/Qasimm-Ali,170648520,2024-05,8,31,9,2024–2024
Umarsadiq112233,https://github.com/Umarsadiq112233,169636745,2024-05,12,30,9,2024–2024
majidSeo,https://github.com/majidSeo,169977637,2024-05,9,28,9,2024–2024
Haceib,https://github.com/Haceib,169142622,2024-05,7,28,9,2024–2024
ellsawan,https://github.com/ellsawan,169664177,2024-05,7,27,9,2024–2024
ahmadabbas69,https://github.com/ahmadabbas69,169192795,2024-05,14,19,9,2024–2024
maazehmad,https://github.com/maazehmad,168629715,2024-05,10,19,9,2024–2024
Shoaib68,https://github.com/Shoaib68,169632802,2024-05,6,19,9,2024–2024
UsamaAhmad577,https://github.com/UsamaAhmad577,170232917,2024-05,9,17,9,2024–2024
Najam000,https://github.com/Najam000,171012061,2024-05,6,17,9,2024–2024
Ibrahimetheus,https://github.com/Ibrahimetheus,169134072,2024-05,7,16,9,2024–2024
Nayyar22Abbas,https://github.com/Nayyar22Abbas,170171814,2024-05,8,15,9,2024–2024
arfanaz456,https://github.com/arfanaz456,170924847,2024-05,9,14,9,2024–2024
Tajamaltech10,https://github.com/Tajamaltech10,169450538,2024-05,6,13,9,2024–2024
ExploitEngineer,https://github.com/ExploitEngineer,172252194,2024-06,65,1583,9,2024–2024
anasfarock,https://github.com/anasfarock,173719230,2024-06,31,644,9,2024–2024
DawoodHussain-Repo,https://github.com/DawoodHussain-Repo,172296337,2024-06,26,539,9,2024–2024
Ahsan-Faraz,https://github.com/Ahsan-Faraz,173838183,2024-06,36,478,9,2024–2024
u-faizan,https://github.com/u-faizan,173540247,2024-06,19,478,9,2024–2024
shilok09,https://github.com/shilok09,174277679,2024-06,36,363,9,2024–2024
AreebaAbid0067,https://github.com/AreebaAbid0067,173139611,2024-06,17,352,9,2024–2024
Nafeel-AC,https://github.com/Nafeel-AC,172267742,2024-06,50,306,9,2024–2024
hadiid1718,https://github.com/hadiid1718,174103137,2024-06,26,300,9,2024–2024
M-Wajeeh,https://github.com/M-Wajeeh,173907152,2024-06,27,263,9,2024–2024
iammarafzal,https://github.com/iammarafzal,174264000,2024-06,29,240,9,2024–2024
ShawanaAslam,https://github.com/ShawanaAslam,171596711,2024-06,18,238,9,2024–2024
malaika971,https://github.com/malaika971,172523111,2024-06,18,229,9,2024–2024
jasimjamil,https://github.com/jasimjamil,172246852,2024-06,41,205,9,2024–2024
Abdullah2240,https://github.com/Abdullah2240,171486597,2024-06,25,203,9,2024–2024
fattahniz,https://github.com/fattahniz,173238895,2024-06,26,198,9,2024–2024
sumair-ce,https://github.com/sumair-ce,173703695,2024-06,21,198,9,2024–2024
mustafac0des,https://github.com/mustafac0des,173704243,2024-06,9,185,9,2024–2024
ShakirUllah777,https://github.com/ShakirUllah777,171481938,2024-06,33,184,9,2024–2024
pro-grammer07,https://github.com/pro-grammer07,172577974,2024-06,11,182,9,2024–2024
Fastian-afk,https://github.com/Fastian-afk,172362228,2024-06,25,180,9,2024–2024
malikmuneeb88,https://github.com/malikmuneeb88,172789242,2024-06,13,157,9,2024–2024
aky-ds,https://github.com/aky-ds,174250949,2024-06,48,146,9,2024–2024
ZarmanSattar,https://github.com/ZarmanSattar,173178084,2024-06,12,134,9,2024–2024
saadK3,https://github.com/saadK3,172597838,2024-06,14,124,9,2024–2024
Fatima-bibi461,https://github.com/Fatima-bibi461,174211478,2024-06,29,120,9,2024–2024
ahtashammuzamal,https://github.com/ahtashammuzamal,172227378,2024-06,6,120,9,2024–2024
engrhaseebsagheer,https://github.com/engrhaseebsagheer,171738031,2024-06,13,116,9,2024–2024
mujtaba510,https://github.com/mujtaba510,173551883,2024-06,17,112,9,2024–2024
yousuf-tahir,https://github.com/yousuf-tahir,172172303,2024-06,12,109,9,2024–2024
1x-coder,https://github.com/1x-coder,173336424,2024-06,212,101,9,2024–2024
Saboor000,https://github.com/Saboor000,173304172,2024-06,13,99,9,2024–2024
taqirazaj,https://github.com/taqirazaj,174100415,2024-06,10,93,9,2024–2024
usmanali2044,https://github.com/usmanali2044,174124084,2024-06,24,76,9,2024–2024
SovIoTech,https://github.com/SovIoTech,173808891,2024-06,12,76,9,2024–2024
ScriptSorcerer23,https://github.com/ScriptSorcerer23,173307698,2024-06,10,74,9,2024–2024
ProjectsNexus,https://github.com/ProjectsNexus,174170237,2024-06,14,70,9,2024–2024
ZahidFarooqAI,https://github.com/ZahidFarooqAI,171960471,2024-06,18,69,9,2024–2024
ShabeerShah72,https://github.com/ShabeerShah72,172369871,2024-06,10,67,9,2024–2024
FaizanAnwar01,https://github.com/FaizanAnwar01,174119031,2024-06,11,66,9,2024–2024
uzairzia727,https://github.com/uzairzia727,171853024,2024-06,9,66,9,2024–2024
uxman-ali,https://github.com/uxman-ali,172923262,2024-06,46,64,9,2024–2024
Faizan-Maqbool,https://github.com/Faizan-Maqbool,172952910,2024-06,15,63,9,2024–2024
UmerFarooq-GitHub,https://github.com/UmerFarooq-GitHub,174066089,2024-06,7,62,9,2024–2024
Husnainrehmat395,https://github.com/Husnainrehmat395,174207322,2024-06,9,59,9,2024–2024
rizalion,https://github.com/rizalion,172353965,2024-06,12,55,9,2024–2024
UrwahRasheed80,https://github.com/UrwahRasheed80,173825144,2024-06,20,53,9,2024–2024
BugKOHass,https://github.com/BugKOHass,172148661,2024-06,11,49,9,2024–2024
Mubashir-Rafiq,https://github.com/Mubashir-Rafiq,174223886,2024-06,8,48,9,2024–2024
DevOpsDecoder,https://github.com/DevOpsDecoder,171659150,2024-06,6,47,9,2024–2024
3urhan,https://github.com/3urhan,171499207,2024-06,19,45,9,2024–2024
hasnadullah,https://github.com/hasnadullah,171665421,2024-06,11,45,9,2024–2024
israr917,https://github.com/israr917,173250102,2024-06,11,45,9,2024–2024
hafii87,https://github.com/hafii87,171959946,2024-06,9,45,9,2024–2024
ZohaArif777,https://github.com/ZohaArif777,173544025,2024-06,6,44,9,2024–2024
amina-149,https://github.com/amina-149,171408431,2024-06,13,42,9,2024–2024
mustafajut,https://github.com/mustafajut,172957651,2024-06,9,42,9,2024–2024
ammarusmani07,https://github.com/ammarusmani07,172367377,2024-06,9,42,9,2024–2024
ZuhaFatima96,https://github.com/ZuhaFatima96,173288827,2024-06,7,41,9,2024–2024
m-siddiq-khan,https://github.com/m-siddiq-khan,171853491,2024-06,7,40,9,2024–2024
MuhhammadSalmanAli,https://github.com/MuhhammadSalmanAli,173353834,2024-06,7,38,9,2024–2024
usamanassar,https://github.com/usamanassar,173225941,2024-06,20,37,9,2024–2024
Skyward-1P,https://github.com/Skyward-1P,171509544,2024-06,7,36,9,2024–2024
UZumair,https://github.com/UZumair,171678119,2024-06,8,35,9,2024–2024
MuhammadAhmedYaqoob,https://github.com/MuhammadAhmedYaqoob,172031501,2024-06,11,34,9,2024–2024
ShizImran,https://github.com/ShizImran,173845028,2024-06,8,34,9,2024–2024
asmariaz310,https://github.com/asmariaz310,171952097,2024-06,11,31,9,2024–2024
SohaibAliJaffery,https://github.com/SohaibAliJaffery,171699855,2024-06,6,30,9,2024–2024
KinzaEmaan,https://github.com/KinzaEmaan,172301334,2024-06,7,29,9,2024–2024
jawadzaheer2024,https://github.com/jawadzaheer2024,173983008,2024-06,15,28,9,2024–2024
Inshamaryam,https://github.com/Inshamaryam,173297685,2024-06,10,27,9,2024–2024
anumjavedd,https://github.com/anumjavedd,173698359,2024-06,10,26,9,2024–2024
areebah-kabir,https://github.com/areebah-kabir,173533868,2024-06,8,24,9,2024–2024
mohammmadirfan,https://github.com/mohammmadirfan,172264916,2024-06,7,24,9,2024–2024
AmmarMirza567,https://github.com/AmmarMirza567,171725125,2024-06,6,22,9,2024–2024
MuhammadAdeel2002,https://github.com/MuhammadAdeel2002,172302512,2024-06,8,21,9,2024–2024
AbdullahHashmi663,https://github.com/AbdullahHashmi663,171708136,2024-06,15,20,9,2024–2024
Uzaif2345,https://github.com/Uzaif2345,171964013,2024-06,6,18,9,2024–2024
khubaib-khan8,https://github.com/khubaib-khan8,171452301,2024-06,13,17,9,2024–2024
umarch134,https://github.com/umarch134,171967888,2024-06,10,16,9,2024–2024
abuzardev9,https://github.com/abuzardev9,173571811,2024-06,7,16,9,2024–2024
Abubakar-rashid,https://github.com/Abubakar-rashid,176582390,2024-07,24,5681,9,2024–2024
ibtisam-iq,https://github.com/ibtisam-iq,174851199,2024-07,33,3949,9,2024–2024
DarainHyder,https://github.com/DarainHyder,176991998,2024-07,37,957,9,2024–2024
hamza112-A,https://github.com/hamza112-A,175121609,2024-07,21,857,9,2024–2024
MariaYasmeen,https://github.com/MariaYasmeen,175528715,2024-07,28,665,9,2024–2024
ranaumarnadeem,https://github.com/ranaumarnadeem,174614834,2024-07,20,450,9,2024–2024
husnain241,https://github.com/husnain241,174984823,2024-07,34,449,9,2024–2024
Eman-Furrukh,https://github.com/Eman-Furrukh,174314593,2024-07,22,423,9,2024–2024
fastcode746,https://github.com/fastcode746,177051851,2024-07,20,423,9,2024–2024
muhammadhaider02,https://github.com/muhammadhaider02,175801847,2024-07,63,418,9,2024–2024
zeeshanhxider,https://github.com/zeeshanhxider,175449962,2024-07,13,414,9,2024–2024
klugumair,https://github.com/klugumair,175615663,2024-07,7,411,9,2024–2024
muhammadsherazsandila,https://github.com/muhammadsherazsandila,174941434,2024-07,28,380,9,2024–2024
MuhammadShoaib495,https://github.com/MuhammadShoaib495,176791332,2024-07,22,330,9,2024–2024
Faseeh06,https://github.com/Faseeh06,174687487,2024-07,55,271,9,2024–2024
Arif-khan085,https://github.com/Arif-khan085,174869681,2024-07,26,271,9,2024–2024
umarkhitabwazir,https://github.com/umarkhitabwazir,177009601,2024-07,10,263,9,2024–2024
SaifD227,https://github.com/SaifD227,177026241,2024-07,33,257,9,2024–2024
shizu75,https://github.com/shizu75,175642125,2024-07,106,253,9,2024–2024
Sharoon166,https://github.com/Sharoon166,175486501,2024-07,23,237,9,2024–2024
asimullah312,https://github.com/asimullah312,176581674,2024-07,34,235,9,2024–2024
shehrrbano,https://github.com/shehrrbano,175704025,2024-07,21,213,9,2024–2024
Haseebshah904,https://github.com/Haseebshah904,175614954,2024-07,19,201,9,2024–2024
iexpertapps,https://github.com/iexpertapps,175265560,2024-07,16,197,9,2024–2024
zainkhokhar1,https://github.com/zainkhokhar1,176398200,2024-07,28,192,9,2024–2024
Muhammad-006,https://github.com/Muhammad-006,175182603,2024-07,6,189,9,2024–2024
HajraRizwan,https://github.com/HajraRizwan,176829620,2024-07,34,188,9,2024–2024
umar9991,https://github.com/umar9991,177010479,2024-07,26,187,9,2024–2024
masaid2244,https://github.com/masaid2244,175556629,2024-07,9,177,9,2024–2024
a-muizz28,https://github.com/a-muizz28,175207236,2024-07,18,176,9,2024–2024
HarisShah1122,https://github.com/HarisShah1122,174653501,2024-07,21,175,9,2024–2024
Nosheen24,https://github.com/Nosheen24,175934089,2024-07,20,166,9,2024–2024
ZAIN-UL-ABDIN-GHANI,https://github.com/ZAIN-UL-ABDIN-GHANI,175481804,2024-07,20,160,9,2024–2024
M-Taqi796,https://github.com/M-Taqi796,174374968,2024-07,17,160,9,2024–2024
gitmxr,https://github.com/gitmxr,177036923,2024-07,17,153,9,2024–2024
Engr-Muhammad-Ali,https://github.com/Engr-Muhammad-Ali,176772195,2024-07,10,146,9,2024–2024
wajeehahmedkhan7979,https://github.com/wajeehahmedkhan7979,176902422,2024-07,19,144,9,2024–2024
mmudassar0978,https://github.com/mmudassar0978,175853393,2024-07,11,134,9,2024–2024
aizazahmed001,https://github.com/aizazahmed001,175632381,2024-07,46,129,9,2024–2024
AHSANATIQ98,https://github.com/AHSANATIQ98,176763247,2024-07,11,127,9,2024–2024
Usmana74,https://github.com/Usmana74,176893780,2024-07,10,121,9,2024–2024
shaistashahid-ai,https://github.com/shaistashahid-ai,175648040,2024-07,24,114,9,2024–2024
umairjaffar-dev,https://github.com/umairjaffar-dev,174993490,2024-07,21,114,9,2024–2024
abdul-wahab976,https://github.com/abdul-wahab976,175184563,2024-07,51,105,9,2024–2024
abdulsamad255,https://github.com/abdulsamad255,175929383,2024-07,27,95,9,2024–2024
abdul-shakoor522,https://github.com/abdul-shakoor522,175038389,2024-07,35,93,9,2024–2024
johnramal,https://github.com/johnramal,175835232,2024-07,6,92,9,2024–2024
muahmad232,https://github.com/muahmad232,174963392,2024-07,11,91,9,2024–2024
Taimour007,https://github.com/Taimour007,176577497,2024-07,10,89,9,2024–2024
amjiofficial,https://github.com/amjiofficial,176276244,2024-07,16,88,9,2024–2024
saqib77official,https://github.com/saqib77official,176103361,2024-07,23,85,9,2024–2024
mtalal0786,https://github.com/mtalal0786,175646162,2024-07,13,85,9,2024–2024
AbdullahQureshi-Developer,https://github.com/AbdullahQureshi-Developer,175189377,2024-07,11,84,9,2024–2024
muneeb03ahmed,https://github.com/muneeb03ahmed,176418356,2024-07,20,82,9,2024–2024
haris-cpu,https://github.com/haris-cpu,175648721,2024-07,20,81,9,2024–2024
Umer879,https://github.com/Umer879,175384904,2024-07,16,80,9,2024–2024
Khalidali-dev,https://github.com/Khalidali-dev,175902653,2024-07,17,79,9,2024–2024
anasraheemdev,https://github.com/anasraheemdev,176146530,2024-07,116,78,9,2024–2024
UsamaIshtiaq95,https://github.com/UsamaIshtiaq95,176405029,2024-07,12,77,9,2024–2024
Muhammad-Sulleman,https://github.com/Muhammad-Sulleman,175651155,2024-07,34,73,9,2024–2024
rehman845,https://github.com/rehman845,176563537,2024-07,14,73,9,2024–2024
RameeshaZafar,https://github.com/RameeshaZafar,175252008,2024-07,15,70,9,2024–2024
MughalAhmed430,https://github.com/MughalAhmed430,175534293,2024-07,6,68,9,2024–2024
Tariqkhan-coder,https://github.com/Tariqkhan-coder,177093478,2024-07,17,67,9,2024–2024
Mahnooramjad05,https://github.com/Mahnooramjad05,176362404,2024-07,16,66,9,2024–2024
SaudurRahman997,https://github.com/SaudurRahman997,175119704,2024-07,20,63,9,2024–2024
Inshaal777,https://github.com/Inshaal777,176284749,2024-07,16,62,9,2024–2024
SaudMasood,https://github.com/SaudMasood,175602168,2024-07,16,59,9,2024–2024
Kamikazae,https://github.com/Kamikazae,174942487,2024-07,12,59,9,2024–2024
mahadhassan2003,https://github.com/mahadhassan2003,174678909,2024-07,9,59,9,2024–2024
aliwaqar04,https://github.com/aliwaqar04,175052830,2024-07,16,58,9,2024–2024
muhammadali1473,https://github.com/muhammadali1473,176768335,2024-07,21,57,9,2024–2024
devNawaira,https://github.com/devNawaira,174766383,2024-07,28,56,9,2024–2024
itsZahidMehmood,https://github.com/itsZahidMehmood,174629293,2024-07,18,52,9,2024–2024
Sami871,https://github.com/Sami871,175030601,2024-07,13,52,9,2024–2024
Noorulain3235,https://github.com/Noorulain3235,176309344,2024-07,16,49,9,2024–2024
MaryamIrfan1,https://github.com/MaryamIrfan1,175546851,2024-07,14,49,9,2024–2024
OsamaRazaKhan,https://github.com/OsamaRazaKhan,175619040,2024-07,8,47,9,2024–2024
helloworldhaseeb,https://github.com/helloworldhaseeb,176171228,2024-07,6,46,9,2024–2024
UnknownEng,https://github.com/UnknownEng,175215439,2024-07,25,45,9,2024–2024
Awais-web636,https://github.com/Awais-web636,175608085,2024-07,32,43,9,2024–2024
mubasherhussain292,https://github.com/mubasherhussain292,176558351,2024-07,10,43,9,2024–2024
Asjad-Haroon,https://github.com/Asjad-Haroon,174692469,2024-07,14,42,9,2024–2024
Athar2000-ai,https://github.com/Athar2000-ai,174612279,2024-07,6,42,9,2024–2024
SiknadarIqbal,https://github.com/SiknadarIqbal,175684225,2024-07,13,41,9,2024–2024
noraizrao,https://github.com/noraizrao,174711156,2024-07,13,40,9,2024–2024
kamranzaman0,https://github.com/kamranzaman0,176512274,2024-07,11,40,9,2024–2024
MohammadNoumanAwan,https://github.com/MohammadNoumanAwan,177136194,2024-07,6,40,9,2024–2024
zohaibShafqat2003,https://github.com/zohaibShafqat2003,176401346,2024-07,12,38,9,2024–2024
Sameed-Gillani,https://github.com/Sameed-Gillani,176813825,2024-07,7,38,9,2024–2024
Asim-Infomics,https://github.com/Asim-Infomics,175179858,2024-07,10,37,9,2024–2024
Asheer-abbasi01,https://github.com/Asheer-abbasi01,176129599,2024-07,10,34,9,2024–2024
Mujahidwaheed345,https://github.com/Mujahidwaheed345,176836412,2024-07,9,34,9,2024–2024
ArslDev,https://github.com/ArslDev,175215460,2024-07,18,33,9,2024–2024
Mobeen-Khan,https://github.com/Mobeen-Khan,176738446,2024-07,15,32,9,2024–2024
abubakar927,https://github.com/abubakar927,177106127,2024-07,11,32,9,2024–2024
sohailshahzad27,https://github.com/sohailshahzad27,177015296,2024-07,6,32,9,2024–2024
Muhammad-Ali-Git,https://github.com/Muhammad-Ali-Git,174700702,2024-07,40,30,9,2024–2024
Danish-Khattak,https://github.com/Danish-Khattak,175289192,2024-07,8,30,9,2024–2024
muhjavd,https://github.com/muhjavd,175146490,2024-07,7,27,9,2024–2024
basimtanveer,https://github.com/basimtanveer,175311886,2024-07,15,26,9,2024–2024
Muhammad-Taha-Hafeez,https://github.com/Muhammad-Taha-Hafeez,174940710,2024-07,10,24,9,2024–2024
Muhammad-Mouid-Ali,https://github.com/Muhammad-Mouid-Ali,175702710,2024-07,9,24,9,2024–2024
Ahmad123975,https://github.com/Ahmad123975,174714964,2024-07,6,23,9,2024–2024
BinaryWren,https://github.com/BinaryWren,176124153,2024-07,11,22,9,2024–2024
HamadAhmad19,https://github.com/HamadAhmad19,174603894,2024-07,10,19,9,2024–2024
Muhammad-hamza422,https://github.com/Muhammad-hamza422,175098458,2024-07,10,19,9,2024–2024
aleeimuhammad,https://github.com/aleeimuhammad,174966333,2024-07,9,18,9,2024–2024
safia-umair,https://github.com/safia-umair,177151707,2024-07,7,17,9,2024–2024
ammarali6,https://github.com/ammarali6,176754889,2024-07,7,16,9,2024–2024
RukhsarNasir,https://github.com/RukhsarNasir,175036751,2024-07,7,16,9,2024–2024
MuhammadZubair255,https://github.com/MuhammadZubair255,176650524,2024-07,6,16,9,2024–2024
Ali-Hassan-coder,https://github.com/Ali-Hassan-coder,177122213,2024-07,15,14,9,2024–2024
sayyam-dev,https://github.com/sayyam-dev,176407482,2024-07,10,14,9,2024–2024
malikaqibriaz,https://github.com/malikaqibriaz,175944427,2024-07,8,13,9,2024–2024
rafayabrar,https://github.com/rafayabrar,177119400,2024-07,8,13,9,2024–2024
Umairkhattak098,https://github.com/Umairkhattak098,174991740,2024-07,7,13,9,2024–2024
MariaMuslim,https://github.com/MariaMuslim,176606132,2024-07,6,13,9,2024–2024
Talha-Swati,https://github.com/Talha-Swati,176122200,2024-07,6,12,9,2024–2024
Abdullah-web12,https://github.com/Abdullah-web12,175546010,2024-07,7,11,9,2024–2024
Moon0Knight1,https://github.com/Moon0Knight1,178936065,2024-08,8,3450,9,2024–2024
Muhammadomer902,https://github.com/Muhammadomer902,178082975,2024-08,32,1816,9,2024–2024
afnanulhaqque,https://github.com/afnanulhaqque,177944638,2024-08,13,615,9,2024–2024
dev-abuhurera,https://github.com/dev-abuhurera,180014028,2024-08,19,591,9,2024–2024
AbrarAli-SE,https://github.com/AbrarAli-SE,179340292,2024-08,25,456,9,2024–2024
hamxa296,https://github.com/hamxa296,177531722,2024-08,10,424,9,2024–2024
ALITAYYAB2K1,https://github.com/ALITAYYAB2K1,177776208,2024-08,37,418,9,2024–2024
BadarsCode,https://github.com/BadarsCode,177442027,2024-08,28,415,9,2024–2024
FaseehZafar,https://github.com/FaseehZafar,178480887,2024-08,11,409,9,2024–2024
Ahmed-1282,https://github.com/Ahmed-1282,179107673,2024-08,58,362,9,2024–2024
mun33b-exe,https://github.com/mun33b-exe,179471069,2024-08,35,349,9,2024–2024
hamdulhaq27,https://github.com/hamdulhaq27,178021740,2024-08,10,309,9,2024–2024
rehanzinlab23,https://github.com/rehanzinlab23,179028175,2024-08,55,286,9,2024–2024
SanaUllah-Gondal,https://github.com/SanaUllah-Gondal,179624197,2024-08,41,244,9,2024–2024
haseebdoesdev,https://github.com/haseebdoesdev,179470851,2024-08,31,208,9,2024–2024
muhammadusama-dev,https://github.com/muhammadusama-dev,178016264,2024-08,22,203,9,2024–2024
Diyan1002,https://github.com/Diyan1002,179001183,2024-08,30,198,9,2024–2024
mehboobulqadri,https://github.com/mehboobulqadri,177559043,2024-08,17,196,9,2024–2024
SumaiyaShareen,https://github.com/SumaiyaShareen,177952554,2024-08,13,188,9,2024–2024
Nauman123-coder,https://github.com/Nauman123-coder,178201037,2024-08,49,172,9,2024–2024
UsmanPrime,https://github.com/UsmanPrime,179328523,2024-08,12,171,9,2024–2024
Ahmad-889,https://github.com/Ahmad-889,178841352,2024-08,32,169,9,2024–2024
musagithub1,https://github.com/musagithub1,178006085,2024-08,38,136,9,2024–2024
Rukh-sana,https://github.com/Rukh-sana,178028234,2024-08,20,135,9,2024–2024
Hafsa720,https://github.com/Hafsa720,177947439,2024-08,13,135,9,2024–2024
Zeeshan-ML,https://github.com/Zeeshan-ML,178192653,2024-08,43,134,9,2024–2024
ZeeshanAftab001,https://github.com/ZeeshanAftab001,178727135,2024-08,51,132,9,2024–2024
adilahmed3886,https://github.com/adilahmed3886,178643830,2024-08,8,118,9,2024–2024
Shoaib-Naqvi,https://github.com/Shoaib-Naqvi,178006231,2024-08,40,117,9,2024–2024
Abdullah-Akmal,https://github.com/Abdullah-Akmal,178705601,2024-08,20,114,9,2024–2024
Shujaa396,https://github.com/Shujaa396,177757788,2024-08,23,103,9,2024–2024
RaeesAhmad052,https://github.com/RaeesAhmad052,179294282,2024-08,16,102,9,2024–2024
hamzaceme,https://github.com/hamzaceme,179946549,2024-08,203,101,9,2024–2024
abdulsami-1,https://github.com/abdulsami-1,178722559,2024-08,18,100,9,2024–2024
Itxshamas,https://github.com/Itxshamas,178829970,2024-08,40,89,9,2024–2024
ziaulislammughal,https://github.com/ziaulislammughal,177422667,2024-08,14,86,9,2024–2024
engrfayyazabbas,https://github.com/engrfayyazabbas,178711342,2024-08,10,86,9,2024–2024
ImranRafique847,https://github.com/ImranRafique847,179424648,2024-08,32,85,9,2024–2024
M-Waqas-khan,https://github.com/M-Waqas-khan,180012168,2024-08,22,80,9,2024–2024
adnanar7,https://github.com/adnanar7,178830521,2024-08,16,74,9,2024–2024
shaheerkamran13,https://github.com/shaheerkamran13,180053537,2024-08,19,73,9,2024–2024
AbdHakeem786,https://github.com/AbdHakeem786,180049358,2024-08,23,71,9,2024–2024
zain7171,https://github.com/zain7171,178923250,2024-08,14,71,9,2024–2024
ZaraNoor88,https://github.com/ZaraNoor88,178877984,2024-08,10,67,9,2024–2024
faizanzahid-ai,https://github.com/faizanzahid-ai,177461507,2024-08,7,66,9,2024–2024
azkaiftikhar01,https://github.com/azkaiftikhar01,177538172,2024-08,19,65,9,2024–2024
Hamza1265,https://github.com/Hamza1265,179160658,2024-08,9,63,9,2024–2024
mzahoorims,https://github.com/mzahoorims,177927943,2024-08,14,61,9,2024–2024
areeejabbasii,https://github.com/areeejabbasii,177743123,2024-08,24,60,9,2024–2024
OsmanAfzal,https://github.com/OsmanAfzal,178735553,2024-08,9,59,9,2024–2024
Ahmad-Mustafa-Iqbal,https://github.com/Ahmad-Mustafa-Iqbal,179254815,2024-08,15,58,9,2024–2024
aleena212,https://github.com/aleena212,179800116,2024-08,9,55,9,2024–2024
QatreenFatima,https://github.com/QatreenFatima,177266270,2024-08,10,54,9,2024–2024
awaiskhan7667,https://github.com/awaiskhan7667,179224370,2024-08,22,53,9,2024–2024
HaroonAbbas12,https://github.com/HaroonAbbas12,177852731,2024-08,12,52,9,2024–2024
perbilal,https://github.com/perbilal,178262138,2024-08,24,50,9,2024–2024
ShahzaibRK,https://github.com/ShahzaibRK,178071378,2024-08,16,47,9,2024–2024
Imran-Codes07,https://github.com/Imran-Codes07,178155688,2024-08,14,44,9,2024–2024
muhammadrehan589,https://github.com/muhammadrehan589,177202298,2024-08,6,43,9,2024–2024
HamzaAliRaza498,https://github.com/HamzaAliRaza498,179521930,2024-08,26,41,9,2024–2024
Undesired9,https://github.com/Undesired9,177309542,2024-08,18,41,9,2024–2024
Mubiii730,https://github.com/Mubiii730,178477724,2024-08,13,40,9,2024–2024
waseem4771,https://github.com/waseem4771,179111314,2024-08,12,39,9,2024–2024
AbdulMoizIsrar,https://github.com/AbdulMoizIsrar,177532481,2024-08,10,39,9,2024–2024
Muhammad-Talha-Github,https://github.com/Muhammad-Talha-Github,177939942,2024-08,8,38,9,2024–2024
qaim-khanx,https://github.com/qaim-khanx,178628683,2024-08,12,37,9,2024–2024
Faiziishah,https://github.com/Faiziishah,177514694,2024-08,33,36,9,2024–2024
MalikSoman,https://github.com/MalikSoman,177309303,2024-08,22,36,9,2024–2024
AbdullahShahid156,https://github.com/AbdullahShahid156,177860723,2024-08,16,36,9,2024–2024
Nabeelhacker,https://github.com/Nabeelhacker,178458074,2024-08,34,35,9,2024–2024
MuhammadSalehJanjua,https://github.com/MuhammadSalehJanjua,178139288,2024-08,10,34,9,2024–2024
FaizaMaqsood,https://github.com/FaizaMaqsood,179401417,2024-08,6,33,9,2024–2024
qasimafzal404,https://github.com/qasimafzal404,179008183,2024-08,9,31,9,2024–2024
Weddi-hub,https://github.com/Weddi-hub,180044186,2024-08,8,30,9,2024–2024
em4bm4lik,https://github.com/em4bm4lik,177416691,2024-08,7,28,9,2024–2024
ranatoheed1,https://github.com/ranatoheed1,177474134,2024-08,6,28,9,2024–2024
MuhammadHasnain113,https://github.com/MuhammadHasnain113,179201289,2024-08,9,27,9,2024–2024
kayanihassaan,https://github.com/kayanihassaan,179712878,2024-08,9,26,9,2024–2024
Arbaz-analyst,https://github.com/Arbaz-analyst,177592902,2024-08,11,25,9,2024–2024
syed-asad-ul-zaman,https://github.com/syed-asad-ul-zaman,179140973,2024-08,6,25,9,2024–2024
SayyamHassan,https://github.com/SayyamHassan,179578974,2024-08,17,23,9,2024–2024
M-Abdullah368,https://github.com/M-Abdullah368,177181813,2024-08,15,23,9,2024–2024
Tarar123-cpu,https://github.com/Tarar123-cpu,177398112,2024-08,8,23,9,2024–2024
mubashirrazaa,https://github.com/mubashirrazaa,179758924,2024-08,6,22,9,2024–2024
nasirmughira,https://github.com/nasirmughira,177355230,2024-08,11,21,9,2024–2024
Tech-sculpt,https://github.com/Tech-sculpt,178109645,2024-08,11,19,9,2024–2024
aleesha112,https://github.com/aleesha112,179813482,2024-08,8,17,9,2024–2024
Ghufran-Ali,https://github.com/Ghufran-Ali,177568701,2024-08,6,17,9,2024–2024
MDKVA,https://github.com/MDKVA,177710742,2024-08,11,15,9,2024–2024
muradahmed23,https://github.com/muradahmed23,177310554,2024-08,9,14,9,2024–2024
Shah499-star,https://github.com/Shah499-star,180003660,2024-08,8,11,9,2024–2024
ali-hamza17,https://github.com/ali-hamza17,178155696,2024-08,7,11,9,2024–2024
InamUllah2004,https://github.com/InamUllah2004,180620114,2024-09,30,4717,9,2024–2024
faizan-ee,https://github.com/faizan-ee,182503373,2024-09,7,1245,9,2024–2024
Muhammad-Zohaib-Malik,https://github.com/Muhammad-Zohaib-Malik,181091731,2024-09,17,1051,9,2024–2024
hasnain833,https://github.com/hasnain833,180267869,2024-09,29,482,9,2024–2024
shahmeerahmed486,https://github.com/shahmeerahmed486,181121297,2024-09,16,452,9,2024–2024
obaid069,https://github.com/obaid069,182677708,2024-09,17,393,9,2024–2024
mujeebarshad007,https://github.com/mujeebarshad007,181645721,2024-09,15,366,9,2024–2024
ShahzadDiyal,https://github.com/ShahzadDiyal,181490169,2024-09,28,343,9,2024–2024
Abdullah021Siraj,https://github.com/Abdullah021Siraj,182755505,2024-09,18,329,9,2024–2024
umaritics,https://github.com/umaritics,183276838,2024-09,24,269,9,2024–2024
LaibaTARIQ-20,https://github.com/LaibaTARIQ-20,181265659,2024-09,43,262,9,2024–2024
RoadtoFire,https://github.com/RoadtoFire,180096082,2024-09,45,232,9,2024–2024
MAmman17,https://github.com/MAmman17,182627426,2024-09,8,226,9,2024–2024
rehan-trq,https://github.com/rehan-trq,183200842,2024-09,32,222,9,2024–2024
AliHassan-019,https://github.com/AliHassan-019,180913527,2024-09,27,213,9,2024–2024
AbdulRaheemLiaqat,https://github.com/AbdulRaheemLiaqat,183051194,2024-09,10,193,9,2024–2024
mabbasdev,https://github.com/mabbasdev,182087270,2024-09,27,189,9,2024–2024
t-usman2010,https://github.com/t-usman2010,180991676,2024-09,24,183,9,2024–2024
hasaan1315,https://github.com/hasaan1315,180910343,2024-09,19,176,9,2024–2024
didar-ali-deed,https://github.com/didar-ali-deed,181328275,2024-09,21,172,9,2024–2024
n0tShayan,https://github.com/n0tShayan,180092912,2024-09,28,167,9,2024–2024
maazyounas,https://github.com/maazyounas,182468484,2024-09,26,163,9,2024–2024
IbrarKhanCode,https://github.com/IbrarKhanCode,183119058,2024-09,18,160,9,2024–2024
yasirali646,https://github.com/yasirali646,180749723,2024-09,21,148,9,2024–2024
Asad-NCS,https://github.com/Asad-NCS,182440847,2024-09,12,131,9,2024–2024
MuhammadHarisSiddiqui620,https://github.com/MuhammadHarisSiddiqui620,182729377,2024-09,7,130,9,2024–2024
Ali12114,https://github.com/Ali12114,182672480,2024-09,8,112,9,2024–2024
Afshan738,https://github.com/Afshan738,180376515,2024-09,36,111,9,2024–2024
Jawad-00,https://github.com/Jawad-00,181589219,2024-09,15,111,9,2024–2024
Shahzaib-Gulfraz,https://github.com/Shahzaib-Gulfraz,180499886,2024-09,21,108,9,2024–2024
muti-ur-rahman,https://github.com/muti-ur-rahman,180508378,2024-09,26,105,9,2024–2024
HajiraGul,https://github.com/HajiraGul,180544789,2024-09,27,103,9,2024–2024
Sheikh-Hamza-Rauf,https://github.com/Sheikh-Hamza-Rauf,183340162,2024-09,13,101,9,2024–2024
muhammadsubtain-me,https://github.com/muhammadsubtain-me,181593666,2024-09,6,101,9,2024–2024
Basit-Aly,https://github.com/Basit-Aly,180111892,2024-09,10,98,9,2024–2024
IHSAN-ANWAR,https://github.com/IHSAN-ANWAR,181279245,2024-09,17,95,9,2024–2024
Faran-back,https://github.com/Faran-back,182507180,2024-09,13,95,9,2024–2024
MuddasirAzam-065,https://github.com/MuddasirAzam-065,181810764,2024-09,10,94,9,2024–2024
hayat-ishfaq,https://github.com/hayat-ishfaq,182242122,2024-09,12,91,9,2024–2024
muhammad-sajjad532,https://github.com/muhammad-sajjad532,180836685,2024-09,82,89,9,2024–2024
Areej-zeb,https://github.com/Areej-zeb,180102343,2024-09,17,88,9,2024–2024
4mmar1mtiaz,https://github.com/4mmar1mtiaz,182373017,2024-09,21,82,9,2024–2024
hikmat690,https://github.com/hikmat690,182698995,2024-09,22,79,9,2024–2024
gmhazza,https://github.com/gmhazza,182807657,2024-09,13,79,9,2024–2024
hamaylshah-dev,https://github.com/hamaylshah-dev,180287752,2024-09,18,76,9,2024–2024
adnankx7,https://github.com/adnankx7,181093545,2024-09,20,72,9,2024–2024
IAtta56,https://github.com/IAtta56,181260442,2024-09,11,70,9,2024–2024
DeveloperAyaz7382,https://github.com/DeveloperAyaz7382,181197050,2024-09,28,63,9,2024–2024
adil381-code,https://github.com/adil381-code,180334765,2024-09,20,63,9,2024–2024
Hassan7838,https://github.com/Hassan7838,181123814,2024-09,17,63,9,2024–2024
arlsnahafeez967,https://github.com/arlsnahafeez967,182448582,2024-09,6,63,9,2024–2024
bilal-shah968,https://github.com/bilal-shah968,181078141,2024-09,39,62,9,2024–2024
Omer456-cloud,https://github.com/Omer456-cloud,182247211,2024-09,8,59,9,2024–2024
kafeelahmed-1,https://github.com/kafeelahmed-1,180940384,2024-09,29,58,9,2024–2024
ayesha466,https://github.com/ayesha466,182071749,2024-09,8,56,9,2024–2024
abdulrehman2557,https://github.com/abdulrehman2557,181845462,2024-09,19,55,9,2024–2024
is-ammar-1,https://github.com/is-ammar-1,182337176,2024-09,17,54,9,2024–2024
haidernawaz108,https://github.com/haidernawaz108,181774443,2024-09,10,52,9,2024–2024
saimayyazsheikh,https://github.com/saimayyazsheikh,182721510,2024-09,9,52,9,2024–2024
Shahrukhkaleem-bot,https://github.com/Shahrukhkaleem-bot,181103656,2024-09,14,51,9,2024–2024
ehsandev07,https://github.com/ehsandev07,181563798,2024-09,9,49,9,2024–2024
HasanJamal41,https://github.com/HasanJamal41,181896310,2024-09,14,47,9,2024–2024
obaidrajpoot,https://github.com/obaidrajpoot,180734113,2024-09,8,47,9,2024–2024
Mohammed-Umair30,https://github.com/Mohammed-Umair30,182008448,2024-09,15,46,9,2024–2024
eyadarshad,https://github.com/eyadarshad,181067404,2024-09,12,46,9,2024–2024
Mahmood-Ghauri,https://github.com/Mahmood-Ghauri,180534616,2024-09,35,43,9,2024–2024
Esha-gulzar,https://github.com/Esha-gulzar,181621118,2024-09,11,43,9,2024–2024
ShayanMuhammad-CS,https://github.com/ShayanMuhammad-CS,181958612,2024-09,12,42,9,2024–2024
raheem-gul,https://github.com/raheem-gul,181560243,2024-09,7,40,9,2024–2024
uroojtaufiq,https://github.com/uroojtaufiq,181246902,2024-09,6,39,9,2024–2024
ibrahim-projects,https://github.com/ibrahim-projects,181158219,2024-09,11,37,9,2024–2024
Kalsoomkhn,https://github.com/Kalsoomkhn,181971444,2024-09,9,37,9,2024–2024
xbugz-bunny,https://github.com/xbugz-bunny,181955396,2024-09,7,37,9,2024–2024
Sohai-Khan,https://github.com/Sohai-Khan,183082292,2024-09,7,29,9,2024–2024
BerryBlaast,https://github.com/BerryBlaast,181098808,2024-09,11,28,9,2024–2024
maleehazulifqar,https://github.com/maleehazulifqar,181129504,2024-09,9,28,9,2024–2024
Haseeb-WebDev,https://github.com/Haseeb-WebDev,182228504,2024-09,7,26,9,2024–2024
MuhammadMaazAbid,https://github.com/MuhammadMaazAbid,182443659,2024-09,6,26,9,2024–2024
aqeel003,https://github.com/aqeel003,182596748,2024-09,14,25,9,2024–2024
sxjjad-Mehmood,https://github.com/sxjjad-Mehmood,182732398,2024-09,10,25,9,2024–2024
i227433,https://github.com/i227433,180537245,2024-09,6,24,9,2024–2024
Lishay-ux,https://github.com/Lishay-ux,183196982,2024-09,6,24,9,2024–2024
Maryammsk,https://github.com/Maryammsk,181659720,2024-09,12,23,9,2024–2024
wajahatashraf,https://github.com/wajahatashraf,181974878,2024-09,8,23,9,2024–2024
umairbabur,https://github.com/umairbabur,183258207,2024-09,7,23,9,2024–2024
abdurrafayn,https://github.com/abdurrafayn,183363325,2024-09,6,23,9,2024–2024
mrhamzahafeez,https://github.com/mrhamzahafeez,181359131,2024-09,11,21,9,2024–2024
KumailAbbas1,https://github.com/KumailAbbas1,181140323,2024-09,12,20,9,2024–2024
anosh-24,https://github.com/anosh-24,182627793,2024-09,7,19,9,2024–2024
Sannan-sh,https://github.com/Sannan-sh,181819854,2024-09,9,16,9,2024–2024
Said0226,https://github.com/Said0226,182081471,2024-09,8,16,9,2024–2024
stackmussa,https://github.com/stackmussa,181973615,2024-09,8,15,9,2024–2024
WasiHaiderRaja,https://github.com/WasiHaiderRaja,182721956,2024-09,13,14,9,2024–2024
UmerSaeed130,https://github.com/UmerSaeed130,181755248,2024-09,7,14,9,2024–2024
Syed-Rafey,https://github.com/Syed-Rafey,181236036,2024-09,13,11,9,2024–2024
Usman-Javaid1234,https://github.com/Usman-Javaid1234,186260034,2024-10,24,1099,9,2024–2024
NajeebSultan,https://github.com/NajeebSultan,186959828,2024-10,26,954,9,2024–2024
ShamirAli55,https://github.com/ShamirAli55,184859672,2024-10,29,696,9,2024–2024
ahmadubaid061,https://github.com/ahmadubaid061,183832820,2024-10,31,678,9,2024–2024
Shumail-AbdulRehman,https://github.com/Shumail-AbdulRehman,186733389,2024-10,18,478,9,2024–2024
gh0st-bit,https://github.com/gh0st-bit,184542416,2024-10,7,431,9,2024–2024
Asadullahqadir-1,https://github.com/Asadullahqadir-1,186562366,2024-10,34,358,9,2024–2024
Muhammad-Hanzala103,https://github.com/Muhammad-Hanzala103,186716542,2024-10,15,336,9,2024–2024
EN-AenaHabib,https://github.com/EN-AenaHabib,185832471,2024-10,25,335,9,2024–2024
xor-1,https://github.com/xor-1,184004683,2024-10,9,332,9,2024–2024
WaqasAhmed27,https://github.com/WaqasAhmed27,184955886,2024-10,23,287,9,2024–2024
abubakarxdev,https://github.com/abubakarxdev,183919737,2024-10,15,274,9,2024–2024
Tooba-Baqai,https://github.com/Tooba-Baqai,186545586,2024-10,32,231,9,2024–2024
JawadAziz-sudo,https://github.com/JawadAziz-sudo,184471987,2024-10,7,219,9,2024–2024
R3GENESI5,https://github.com/R3GENESI5,185461837,2024-10,7,218,9,2024–2024
Hashir-makwt,https://github.com/Hashir-makwt,186856198,2024-10,16,217,9,2024–2024
HazratMaghaz,https://github.com/HazratMaghaz,183936609,2024-10,13,199,9,2024–2024
faizan-devstack,https://github.com/faizan-devstack,183982749,2024-10,22,190,9,2024–2024
VishaHameed1,https://github.com/VishaHameed1,183912282,2024-10,31,186,9,2024–2024
abdullah-dot-developer,https://github.com/abdullah-dot-developer,184493254,2024-10,29,178,9,2024–2024
afridi-mussa,https://github.com/afridi-mussa,184638874,2024-10,31,176,9,2024–2024
Anique404,https://github.com/Anique404,185775489,2024-10,19,175,9,2024–2024
hanan1hub,https://github.com/hanan1hub,185616023,2024-10,19,172,9,2024–2024
dev-abdul-haseeb,https://github.com/dev-abdul-haseeb,184817874,2024-10,10,152,9,2024–2024
Bilal-Raza-SWE,https://github.com/Bilal-Raza-SWE,184421493,2024-10,21,143,9,2024–2024
nurulain0,https://github.com/nurulain0,183794386,2024-10,15,136,9,2024–2024
hassaan07mudassar,https://github.com/hassaan07mudassar,184719188,2024-10,11,130,9,2024–2024
dua-amir,https://github.com/dua-amir,186545625,2024-10,26,123,9,2024–2024
hussainahmad2,https://github.com/hussainahmad2,184250339,2024-10,16,119,9,2024–2024
Jamshed-Ali-23,https://github.com/Jamshed-Ali-23,184783021,2024-10,18,115,9,2024–2024
alisajid962,https://github.com/alisajid962,184486761,2024-10,10,113,9,2024–2024
Sheharyar94M,https://github.com/Sheharyar94M,183926489,2024-10,25,106,9,2024–2024
WhiteMonkey31,https://github.com/WhiteMonkey31,185879832,2024-10,6,98,9,2024–2024
WahabCreations,https://github.com/WahabCreations,186787708,2024-10,37,96,9,2024–2024
Quantum-Ally,https://github.com/Quantum-Ally,183944294,2024-10,31,90,9,2024–2024
Muhammad-JalalKhan,https://github.com/Muhammad-JalalKhan,183535751,2024-10,13,90,9,2024–2024
zaheerahmadz,https://github.com/zaheerahmadz,185589302,2024-10,19,88,9,2024–2024
maffanz47,https://github.com/maffanz47,184214382,2024-10,6,86,9,2024–2024
MuhammadFaheemKhan2004,https://github.com/MuhammadFaheemKhan2004,184837689,2024-10,25,80,9,2024–2024
m-wajdan,https://github.com/m-wajdan,183893671,2024-10,17,74,9,2024–2024
TahaSohail-Goat,https://github.com/TahaSohail-Goat,184438411,2024-10,9,74,9,2024–2024
ubaidzia1086,https://github.com/ubaidzia1086,185385241,2024-10,6,71,9,2024–2024
anasnorani1,https://github.com/anasnorani1,186310813,2024-10,19,69,9,2024–2024
Faiza-riaz20,https://github.com/Faiza-riaz20,184753017,2024-10,15,66,9,2024–2024
SaifsGame,https://github.com/SaifsGame,184737283,2024-10,11,66,9,2024–2024
Umair-Ejaz,https://github.com/Umair-Ejaz,186864110,2024-10,30,65,9,2024–2024
ABBADHASSAN,https://github.com/ABBADHASSAN,185891049,2024-10,12,57,9,2024–2024
Arsal-Temuri,https://github.com/Arsal-Temuri,185826534,2024-10,18,55,9,2024–2024
Nimra1424-2024,https://github.com/Nimra1424-2024,184888434,2024-10,18,53,9,2024–2024
Wasif-Qamar,https://github.com/Wasif-Qamar,183820812,2024-10,18,52,9,2024–2024
U-mar-404,https://github.com/U-mar-404,183619920,2024-10,10,51,9,2024–2024
MuhammadAli-A,https://github.com/MuhammadAli-A,185051340,2024-10,9,49,9,2024–2024
rizwan689,https://github.com/rizwan689,185056911,2024-10,14,48,9,2024–2024
Suleman-Sikandar,https://github.com/Suleman-Sikandar,186017562,2024-10,15,46,9,2024–2024
Prem-Thakur786,https://github.com/Prem-Thakur786,185006597,2024-10,10,45,9,2024–2024
GlassesMan01,https://github.com/GlassesMan01,183926550,2024-10,8,45,9,2024–2024
UmairKhatab-Analyst,https://github.com/UmairKhatab-Analyst,183796952,2024-10,13,44,9,2024–2024
hussnainahmedd,https://github.com/hussnainahmedd,185209316,2024-10,12,44,9,2024–2024
sanaKhalid698,https://github.com/sanaKhalid698,185591890,2024-10,17,43,9,2024–2024
emankiani10,https://github.com/emankiani10,186330256,2024-10,7,42,9,2024–2024
faisaliqbalktk,https://github.com/faisaliqbalktk,185868728,2024-10,14,39,9,2024–2024
MuhammadHassaan1230,https://github.com/MuhammadHassaan1230,185201270,2024-10,13,39,9,2024–2024
akbarshigrie,https://github.com/akbarshigrie,186681523,2024-10,10,39,9,2024–2024
Bug-Free-Semi,https://github.com/Bug-Free-Semi,184456701,2024-10,9,38,9,2024–2024
Maazah12,https://github.com/Maazah12,185222155,2024-10,20,36,9,2024–2024
DATAsCIENTIST-DEV,https://github.com/DATAsCIENTIST-DEV,184535588,2024-10,19,36,9,2024–2024
abdullahfirdous,https://github.com/abdullahfirdous,185291049,2024-10,10,34,9,2024–2024
Muhammadisrar47,https://github.com/Muhammadisrar47,184772829,2024-10,10,34,9,2024–2024
Ehtisham041,https://github.com/Ehtisham041,186408676,2024-10,7,34,9,2024–2024
umayr10,https://github.com/umayr10,184680082,2024-10,14,33,9,2024–2024
MuhammadAhmadgeek,https://github.com/MuhammadAhmadgeek,183754991,2024-10,10,32,9,2024–2024
AQSA-AHMED99,https://github.com/AQSA-AHMED99,185931484,2024-10,7,32,9,2024–2024
burhanahmad878,https://github.com/burhanahmad878,184205564,2024-10,19,30,9,2024–2024
raozubair8899,https://github.com/raozubair8899,184708167,2024-10,8,28,9,2024–2024
MuhammadZeeshanAkhtar,https://github.com/MuhammadZeeshanAkhtar,186289271,2024-10,10,27,9,2024–2024
Sohail-Creates,https://github.com/Sohail-Creates,185174560,2024-10,9,27,9,2024–2024
Mominasudozaii,https://github.com/Mominasudozaii,186475879,2024-10,7,26,9,2024–2024
laibamaryam-pf,https://github.com/laibamaryam-pf,186470700,2024-10,7,26,9,2024–2024
Bais470,https://github.com/Bais470,186921167,2024-10,13,24,9,2024–2024
myselfkifal,https://github.com/myselfkifal,183696441,2024-10,9,24,9,2024–2024
AIwithKamran,https://github.com/AIwithKamran,184811346,2024-10,6,24,9,2024–2024
ItzToji,https://github.com/ItzToji,183795004,2024-10,6,24,9,2024–2024
xam303,https://github.com/xam303,183915432,2024-10,12,23,9,2024–2024
BakarQureshi,https://github.com/BakarQureshi,186184906,2024-10,7,23,9,2024–2024
ayeshanadeem-PF,https://github.com/ayeshanadeem-PF,184246452,2024-10,18,21,9,2024–2024
Asim-Shoaib,https://github.com/Asim-Shoaib,183800429,2024-10,6,21,9,2024–2024
ehtishamexe,https://github.com/ehtishamexe,184650505,2024-10,6,21,9,2024–2024
maliktaimoorawaan,https://github.com/maliktaimoorawaan,186583051,2024-10,14,20,9,2024–2024
MerubAmir,https://github.com/MerubAmir,184188398,2024-10,11,19,9,2024–2024
Ahmed-Nawaz-11,https://github.com/Ahmed-Nawaz-11,185550058,2024-10,6,19,9,2024–2024
hasnathm03,https://github.com/hasnathm03,186751050,2024-10,6,18,9,2024–2024
mfaisal-ms24igis,https://github.com/mfaisal-ms24igis,186115597,2024-10,6,18,9,2024–2024
anosha-zahid-123,https://github.com/anosha-zahid-123,183701943,2024-10,16,16,9,2024–2024
shayanaliabbas,https://github.com/shayanaliabbas,184776154,2024-10,9,16,9,2024–2024
Kainatshafiq,https://github.com/Kainatshafiq,183700846,2024-10,12,15,9,2024–2024
Zulqarnain189,https://github.com/Zulqarnain189,184357536,2024-10,6,15,9,2024–2024
BushraFatima17,https://github.com/BushraFatima17,185119993,2024-10,7,14,9,2024–2024
TechZone-Dev,https://github.com/TechZone-Dev,183704188,2024-10,7,14,9,2024–2024
sikandar-app,https://github.com/sikandar-app,184148977,2024-10,7,14,9,2024–2024
AWAISAKRAM27,https://github.com/AWAISAKRAM27,186137521,2024-10,6,14,9,2024–2024
Aneela7,https://github.com/Aneela7,183707540,2024-10,16,12,9,2024–2024
IamMuhammadZahid,https://github.com/IamMuhammadZahid,186951045,2024-10,9,12,9,2024–2024
Arzoonaveed,https://github.com/Arzoonaveed,186921290,2024-10,6,12,9,2024–2024
SulaimanNiazi,https://github.com/SulaimanNiazi,187203883,2024-11,38,966,9,2024–2024
MuhammadAsimKundi,https://github.com/MuhammadAsimKundi,189208005,2024-11,29,602,9,2024–2024
dmunish,https://github.com/dmunish,189364384,2024-11,17,573,9,2024–2024
ajawad06,https://github.com/ajawad06,189622722,2024-11,25,326,9,2024–2024
Maaz-x14,https://github.com/Maaz-x14,188995100,2024-11,64,325,9,2024–2024
AhmedRaza-2,https://github.com/AhmedRaza-2,187035037,2024-11,41,313,9,2024–2024
saadr225,https://github.com/saadr225,188236939,2024-11,10,300,9,2024–2024
muhiu-din,https://github.com/muhiu-din,187898747,2024-11,23,264,9,2024–2024
Ahad9049,https://github.com/Ahad9049,189838981,2024-11,26,263,9,2024–2024
rizwanPizzee,https://github.com/rizwanPizzee,189762447,2024-11,23,250,9,2024–2024
afnan-emumba,https://github.com/afnan-emumba,188566278,2024-11,7,233,9,2024–2024
saifawan129,https://github.com/saifawan129,189134787,2024-11,30,231,9,2024–2024
ahmedengineer-seecs,https://github.com/ahmedengineer-seecs,189669600,2024-11,19,224,9,2024–2024
BILALAKRAM27,https://github.com/BILALAKRAM27,187951385,2024-11,12,202,9,2024–2024
sarahtechbuilds,https://github.com/sarahtechbuilds,189547481,2024-11,10,187,9,2024–2024
Balaj-dev,https://github.com/Balaj-dev,187627363,2024-11,6,181,9,2024–2024
Asfand-Yar-dev,https://github.com/Asfand-Yar-dev,189445973,2024-11,17,179,9,2024–2024
MohammadAqaNoori,https://github.com/MohammadAqaNoori,189255818,2024-11,44,178,9,2024–2024
sardaralikhamosh,https://github.com/sardaralikhamosh,189199732,2024-11,73,174,9,2024–2024
umeriqbal633,https://github.com/umeriqbal633,189271419,2024-11,25,167,9,2024–2024
devahmadpk,https://github.com/devahmadpk,187194733,2024-11,13,155,9,2024–2024
anees-r,https://github.com/anees-r,189662653,2024-11,30,151,9,2024–2024
Wasiqashfaq23,https://github.com/Wasiqashfaq23,189742456,2024-11,16,141,9,2024–2024
Eirage-Abid,https://github.com/Eirage-Abid,188295678,2024-11,28,137,9,2024–2024
TAIMOURMUSHTAQ,https://github.com/TAIMOURMUSHTAQ,187784118,2024-11,28,130,9,2024–2024
ahmedbasil05,https://github.com/ahmedbasil05,187114970,2024-11,30,121,9,2024–2024
FakihaSaadat26,https://github.com/FakihaSaadat26,188391137,2024-11,45,113,9,2024–2024
kakhlaq,https://github.com/kakhlaq,187207988,2024-11,14,111,9,2024–2024
salmankhan-1106,https://github.com/salmankhan-1106,189648826,2024-11,15,110,9,2024–2024
umairkaleem,https://github.com/umairkaleem,189495388,2024-11,11,109,9,2024–2024
Sohaib-Sarwar,https://github.com/Sohaib-Sarwar,189536807,2024-11,8,106,9,2024–2024
muhammadali182-q,https://github.com/muhammadali182-q,189548982,2024-11,18,104,9,2024–2024
AbihaEhtisham,https://github.com/AbihaEhtisham,188097786,2024-11,14,104,9,2024–2024
hamza8262926282,https://github.com/hamza8262926282,190164811,2024-11,8,93,9,2024–2024
BurhanAslam-git,https://github.com/BurhanAslam-git,189701284,2024-11,21,91,9,2024–2024
mehditechnologies,https://github.com/mehditechnologies,187867250,2024-11,9,87,9,2024–2024
hafsa274,https://github.com/hafsa274,188620581,2024-11,10,80,9,2024–2024
CuriGenius-LAB,https://github.com/CuriGenius-LAB,190111908,2024-11,24,66,9,2024–2024
asad110abbas,https://github.com/asad110abbas,190179140,2024-11,8,66,9,2024–2024
ahmed-codes-tech,https://github.com/ahmed-codes-tech,187384778,2024-11,14,64,9,2024–2024
ah9956,https://github.com/ah9956,190205992,2024-11,7,62,9,2024–2024
latifniz,https://github.com/latifniz,188630966,2024-11,26,58,9,2024–2024
mahamanjum99,https://github.com/mahamanjum99,189623268,2024-11,9,58,9,2024–2024
hilal41,https://github.com/hilal41,187208927,2024-11,10,56,9,2024–2024
rashidpython74,https://github.com/rashidpython74,189138838,2024-11,15,51,9,2024–2024
Uzair-32,https://github.com/Uzair-32,188542319,2024-11,12,51,9,2024–2024
funsoltest,https://github.com/funsoltest,187003826,2024-11,10,49,9,2024–2024
wizz-ctrl,https://github.com/wizz-ctrl,188224977,2024-11,12,47,9,2024–2024
Zain-snippet,https://github.com/Zain-snippet,190140264,2024-11,9,47,9,2024–2024
Game-Titan,https://github.com/Game-Titan,187509452,2024-11,6,46,10,2024–2026
muhammadhasnainshaikh786,https://github.com/muhammadhasnainshaikh786,187877297,2024-11,7,44,10,2024–2026
alyhaider096,https://github.com/alyhaider096,190010384,2024-11,9,43,10,2024–2026
Mujahidali1232,https://github.com/Mujahidali1232,187331140,2024-11,12,38,10,2024–2026
hasssaaannn,https://github.com/hasssaaannn,187491260,2024-11,12,37,10,2024–2026
BasitIbrahim11,https://github.com/BasitIbrahim11,187653770,2024-11,7,37,10,2024–2026
MuhammadAfaqShoaib,https://github.com/MuhammadAfaqShoaib,189471616,2024-11,6,35,10,2024–2026
imranAIVLSI,https://github.com/imranAIVLSI,189195374,2024-11,12,34,10,2024–2026
umarasghar4,https://github.com/umarasghar4,189449181,2024-11,9,34,10,2024–2026
Syedasadiftikhar,https://github.com/Syedasadiftikhar,189507038,2024-11,9,31,10,2024–2026
rafiqahmaddev,https://github.com/rafiqahmaddev,190128681,2024-11,11,27,10,2024–2026
ehtisham5618,https://github.com/ehtisham5618,188923668,2024-11,8,26,10,2024–2026
mujtaba-404,https://github.com/mujtaba-404,187290290,2024-11,6,22,10,2024–2026
MB8Kivyx,https://github.com/MB8Kivyx,189782696,2024-11,7,19,10,2024–2026
NOORHANAN,https://github.com/NOORHANAN,189088655,2024-11,7,18,10,2024–2026
alinaraza2017,https://github.com/alinaraza2017,189262231,2024-11,9,16,10,2024–2026
ZaibUnNisa4,https://github.com/ZaibUnNisa4,188104073,2024-11,14,15,10,2024–2026
hamasShakoor,https://github.com/hamasShakoor,189125763,2024-11,6,14,10,2024–2026
CodeWithAnniKhan,https://github.com/CodeWithAnniKhan,189502639,2024-11,6,13,10,2024–2026
LalaBhai5,https://github.com/LalaBhai5,188607659,2024-11,10,12,10,2024–2026
MuhammadAnasBilal,https://github.com/MuhammadAnasBilal,192669991,2024-12,6,762,10,2024–2026
Umer-Farooq-CS,https://github.com/Umer-Farooq-CS,191368602,2024-12,23,709,10,2024–2026
Awais11227,https://github.com/Awais11227,192740622,2024-12,43,638,10,2024–2026
EhtishamSajid,https://github.com/EhtishamSajid,190388297,2024-12,12,526,10,2024–2026
mutasim-rehman,https://github.com/mutasim-rehman,190279725,2024-12,26,494,10,2024–2026
Muhammad-Attiq,https://github.com/Muhammad-Attiq,191079722,2024-12,11,420,10,2024–2026
Engr-Riaz-Ahmad-Butt,https://github.com/Engr-Riaz-Ahmad-Butt,190345465,2024-12,18,387,10,2024–2026
Engr-Hamza-Khan-dev,https://github.com/Engr-Hamza-Khan-dev,192842254,2024-12,20,351,10,2024–2026
Anniekarim29,https://github.com/Anniekarim29,191904380,2024-12,30,326,10,2024–2026
ahitshamkhan,https://github.com/ahitshamkhan,191285878,2024-12,28,311,10,2024–2026
Mujtaba11Riu,https://github.com/Mujtaba11Riu,192851519,2024-12,21,272,10,2024–2026
Muhammad-Junaid23,https://github.com/Muhammad-Junaid23,190573204,2024-12,44,257,10,2024–2026
Ahmednaveeed,https://github.com/Ahmednaveeed,190748553,2024-12,23,248,10,2024–2026
abbasiam77,https://github.com/abbasiam77,191543212,2024-12,15,234,10,2024–2026
Shaheer-Baig,https://github.com/Shaheer-Baig,190339894,2024-12,7,217,10,2024–2026
SyedNaseerAhmed,https://github.com/SyedNaseerAhmed,190395505,2024-12,8,215,10,2024–2026
areebaxw,https://github.com/areebaxw,191039556,2024-12,10,195,10,2024–2026
mzainnasir010,https://github.com/mzainnasir010,192976333,2024-12,10,174,10,2024–2026
ahsan693,https://github.com/ahsan693,192573390,2024-12,18,167,10,2024–2026
talha-23,https://github.com/talha-23,193142750,2024-12,16,151,10,2024–2026
Bilal-73,https://github.com/Bilal-73,192579826,2024-12,24,150,10,2024–2026
ZainUlAbideen02,https://github.com/ZainUlAbideen02,191824331,2024-12,11,138,10,2024–2026
huzvert,https://github.com/huzvert,192471982,2024-12,16,135,10,2024–2026
M-Hammad-001,https://github.com/M-Hammad-001,193131010,2024-12,17,122,10,2024–2026
MuhammadMaazAleem,https://github.com/MuhammadMaazAleem,191116040,2024-12,24,102,10,2024–2026
haroon-rashed,https://github.com/haroon-rashed,191113902,2024-12,38,99,10,2024–2026
zenix20,https://github.com/zenix20,190395624,2024-12,12,98,10,2024–2026
EmanAU,https://github.com/EmanAU,192318276,2024-12,29,97,10,2024–2026
Malaika5655,https://github.com/Malaika5655,190955652,2024-12,22,96,10,2024–2026
rukhey223,https://github.com/rukhey223,192097834,2024-12,6,88,10,2024–2026
saghiralich,https://github.com/saghiralich,193146587,2024-12,10,87,10,2024–2026
Red0MFHA,https://github.com/Red0MFHA,191271362,2024-12,12,84,10,2024–2026
Logic-ui,https://github.com/Logic-ui,191440140,2024-12,18,83,10,2024–2026
nimra936,https://github.com/nimra936,192867723,2024-12,8,77,10,2024–2026
Abdullah-qazi-1,https://github.com/Abdullah-qazi-1,190990705,2024-12,9,75,10,2024–2026
muhammad-shozab,https://github.com/muhammad-shozab,192678079,2024-12,9,74,10,2024–2026
Solitary-Insight,https://github.com/Solitary-Insight,193075832,2024-12,20,72,10,2024–2026
Hemayat-Khan,https://github.com/Hemayat-Khan,193205448,2024-12,8,70,10,2024–2026
TahaHussainShah,https://github.com/TahaHussainShah,190752313,2024-12,18,66,10,2024–2026
Ahmad-Jahangir1256,https://github.com/Ahmad-Jahangir1256,190327160,2024-12,14,66,10,2024–2026
Rafaqat-Mehmood,https://github.com/Rafaqat-Mehmood,192122608,2024-12,11,66,10,2024–2026
Junaid-Ayub,https://github.com/Junaid-Ayub,192356196,2024-12,14,62,10,2024–2026
its-myaseen,https://github.com/its-myaseen,190389891,2024-12,6,62,10,2024–2026
Biazhem,https://github.com/Biazhem,192442187,2024-12,6,60,10,2024–2026
MFurqanCh10,https://github.com/MFurqanCh10,192823289,2024-12,20,59,10,2024–2026
Mahwish-source,https://github.com/Mahwish-source,192484677,2024-12,13,58,10,2024–2026
tuba11334,https://github.com/tuba11334,192684678,2024-12,21,56,10,2024–2026
Ejazcs11,https://github.com/Ejazcs11,192357454,2024-12,11,54,10,2024–2026
NaumanRafay,https://github.com/NaumanRafay,190403149,2024-12,16,53,10,2024–2026
NanaSam0743,https://github.com/NanaSam0743,192819301,2024-12,7,51,10,2024–2026
shakir549,https://github.com/shakir549,193120876,2024-12,16,50,10,2024–2026
LaibaMumtaz,https://github.com/LaibaMumtaz,193349040,2024-12,16,50,10,2024–2026
Rehman54454,https://github.com/Rehman54454,191903605,2024-12,6,48,10,2024–2026
itsaminaziz,https://github.com/itsaminaziz,191001702,2024-12,12,47,10,2024–2026
a-rehman-s,https://github.com/a-rehman-s,191010642,2024-12,10,46,10,2024–2026
Spectre03,https://github.com/Spectre03,190254184,2024-12,8,46,10,2024–2026
FAHAD-FAROOQ-96,https://github.com/FAHAD-FAROOQ-96,190766756,2024-12,7,46,10,2024–2026
azmurtaza,https://github.com/azmurtaza,191576689,2024-12,6,46,10,2024–2026
FarazCodeCraft,https://github.com/FarazCodeCraft,191685800,2024-12,9,44,10,2024–2026
Abdul-Samad-17,https://github.com/Abdul-Samad-17,190658358,2024-12,8,44,10,2024–2026
anzarshah746,https://github.com/anzarshah746,192595211,2024-12,17,43,10,2024–2026
UzairulHassan786,https://github.com/UzairulHassan786,192419912,2024-12,6,43,10,2024–2026
ZobiaAli-max,https://github.com/ZobiaAli-max,190506350,2024-12,29,42,10,2024–2026
IfzaRizwan98,https://github.com/IfzaRizwan98,190454911,2024-12,7,42,10,2024–2026
MuhammadArshadKhokhar,https://github.com/MuhammadArshadKhokhar,192504373,2024-12,8,40,10,2024–2026
Aqibjadoon1,https://github.com/Aqibjadoon1,191842488,2024-12,14,39,10,2024–2026
Ags-Ghafoor601,https://github.com/Ags-Ghafoor601,190683634,2024-12,12,39,10,2024–2026
muhammadumair99,https://github.com/muhammadumair99,190689530,2024-12,10,35,10,2024–2026
sheralamkhan,https://github.com/sheralamkhan,192408690,2024-12,10,34,10,2024–2026
shabii804,https://github.com/shabii804,191316205,2024-12,8,34,10,2024–2026
dildarhussain77,https://github.com/dildarhussain77,190450594,2024-12,6,34,10,2024–2026
Saifiqbal786,https://github.com/Saifiqbal786,192626526,2024-12,6,34,10,2024–2026
imranfaiz786,https://github.com/imranfaiz786,193134590,2024-12,22,33,10,2024–2026
siddiq-developer,https://github.com/siddiq-developer,192199107,2024-12,16,33,10,2024–2026
arsal-nia,https://github.com/arsal-nia,191308513,2024-12,12,33,10,2024–2026
Adnanriaz0,https://github.com/Adnanriaz0,193074960,2024-12,10,31,10,2024–2026
AmeerAbdullah348,https://github.com/AmeerAbdullah348,190334729,2024-12,12,29,10,2024–2026
engranas6200,https://github.com/engranas6200,192677193,2024-12,10,29,10,2024–2026
abdulraheemmehar,https://github.com/abdulraheemmehar,192631509,2024-12,7,29,10,2024–2026
alpha-01-cyber,https://github.com/alpha-01-cyber,192810285,2024-12,6,29,10,2024–2026
EshaQaiser,https://github.com/EshaQaiser,190637486,2024-12,9,28,10,2024–2026
DataDreamer0101,https://github.com/DataDreamer0101,191037681,2024-12,8,28,10,2024–2026
fatimaLaraibBonk,https://github.com/fatimaLaraibBonk,190390926,2024-12,6,28,10,2024–2026
malikhoso,https://github.com/malikhoso,192265937,2024-12,6,25,10,2024–2026
hasss4n,https://github.com/hasss4n,192736946,2024-12,8,23,10,2024–2026
HaroonHaseeb,https://github.com/HaroonHaseeb,191760293,2024-12,9,22,10,2024–2026
intisar01-cyber,https://github.com/intisar01-cyber,192449238,2024-12,7,22,10,2024–2026
its-hassanaziz,https://github.com/its-hassanaziz,190932742,2024-12,8,21,10,2024–2026
MuneebUrRehman545,https://github.com/MuneebUrRehman545,191019923,2024-12,6,21,10,2024–2026
Shahzad-developer,https://github.com/Shahzad-developer,192166819,2024-12,12,19,10,2024–2026
FarazAnjamAli,https://github.com/FarazAnjamAli,193092337,2024-12,8,19,10,2024–2026
atif-mfsys,https://github.com/atif-mfsys,190696307,2024-12,10,18,10,2024–2026
AhmadMahadKhan,https://github.com/AhmadMahadKhan,190383250,2024-12,6,18,10,2024–2026
BabarMalik-18,https://github.com/BabarMalik-18,192180188,2024-12,12,15,10,2024–2026
NafayAbdullah,https://github.com/NafayAbdullah,192043255,2024-12,6,15,10,2024–2026
sajawalnoman5,https://github.com/sajawalnoman5,191952786,2024-12,8,14,10,2024–2026
MaryamAsif22,https://github.com/MaryamAsif22,192573900,2024-12,8,14,10,2024–2026
MahadAsif1133,https://github.com/MahadAsif1133,192321814,2024-12,7,11,10,2024–2026
mussadiqkhan6886,https://github.com/mussadiqkhan6886,195020985,2025-01,74,1813,10,2024–2026
vnhax-site,https://github.com/vnhax-site,193397874,2025-01,12,1289,10,2024–2026
rafayashfaq,https://github.com/rafayashfaq,196890530,2025-01,12,369,10,2024–2026
ammar-Gits,https://github.com/ammar-Gits,193904992,2025-01,21,290,10,2024–2026
TauqeerMustafa,https://github.com/TauqeerMustafa,194882145,2025-01,8,235,10,2024–2026
SamraanAhmed,https://github.com/SamraanAhmed,194132239,2025-01,11,226,10,2024–2026
bahadurCorvit,https://github.com/bahadurCorvit,195913402,2025-01,22,225,10,2024–2026
DevMagic313,https://github.com/DevMagic313,194152976,2025-01,39,214,10,2024–2026
Wajiha-Batool5,https://github.com/Wajiha-Batool5,197246798,2025-01,19,192,10,2024–2026
Jawadahmed2k5,https://github.com/Jawadahmed2k5,197267826,2025-01,15,164,10,2024–2026
abdullah-bukhari-emumba,https://github.com/abdullah-bukhari-emumba,194199880,2025-01,13,160,10,2024–2026
mani0543,https://github.com/mani0543,194703431,2025-01,13,151,10,2024–2026
Meer-Rind,https://github.com/Meer-Rind,193473381,2025-01,30,139,10,2024–2026
Abiha0421,https://github.com/Abiha0421,193497347,2025-01,12,135,10,2024–2026
MalikAmirJaved,https://github.com/MalikAmirJaved,193482699,2025-01,16,133,10,2024–2026
Saad1019,https://github.com/Saad1019,193395164,2025-01,18,128,10,2024–2026
TheSyedFaisal,https://github.com/TheSyedFaisal,194056235,2025-01,15,126,10,2024–2026
waleedabdullah472,https://github.com/waleedabdullah472,195893398,2025-01,9,126,10,2024–2026
muhammadsanaurrehman48,https://github.com/muhammadsanaurrehman48,195741482,2025-01,7,126,10,2024–2026
umer-zafr,https://github.com/umer-zafr,195816115,2025-01,15,117,10,2024–2026
sanaullah12235,https://github.com/sanaullah12235,195632956,2025-01,12,117,10,2024–2026
Hassaan146,https://github.com/Hassaan146,197120255,2025-01,23,110,10,2024–2026
zainab-israr,https://github.com/zainab-israr,195555215,2025-01,8,110,10,2024–2026
Tahir-581,https://github.com/Tahir-581,195556409,2025-01,41,109,10,2024–2026
ZakaCyber707,https://github.com/ZakaCyber707,193478446,2025-01,43,105,10,2024–2026
alishba-1805,https://github.com/alishba-1805,195502175,2025-01,11,103,10,2024–2026
MuhammadAwais45,https://github.com/MuhammadAwais45,194822332,2025-01,14,102,10,2024–2026
ranaalyan1,https://github.com/ranaalyan1,194486579,2025-01,7,96,10,2024–2026
MuhammadAjmal54,https://github.com/MuhammadAjmal54,194109140,2025-01,50,86,10,2024–2026
TaibaRana1,https://github.com/TaibaRana1,195344042,2025-01,20,86,10,2024–2026
Ali-prog-spec,https://github.com/Ali-prog-spec,194387843,2025-01,11,86,10,2024–2026
ahmedfarazzz765,https://github.com/ahmedfarazzz765,196564191,2025-01,8,86,10,2024–2026
moazamnafees,https://github.com/moazamnafees,196944304,2025-01,13,82,10,2024–2026
FarukhMumtaz,https://github.com/FarukhMumtaz,195780410,2025-01,7,73,10,2024–2026
ShubanALi1011,https://github.com/ShubanALi1011,195769983,2025-01,12,71,10,2024–2026
AlishbaSaboor,https://github.com/AlishbaSaboor,196540792,2025-01,11,67,10,2024–2026
Ali4156,https://github.com/Ali4156,193480047,2025-01,34,66,10,2024–2026
muhammad-akhtar786,https://github.com/muhammad-akhtar786,193435107,2025-01,14,63,10,2024–2026
Masuminayat,https://github.com/Masuminayat,193819574,2025-01,14,62,10,2024–2026
Talha-Ahmad-ee,https://github.com/Talha-Ahmad-ee,197226137,2025-01,6,62,10,2024–2026
shiz-107,https://github.com/shiz-107,195301827,2025-01,10,59,10,2024–2026
azankhokhar47,https://github.com/azankhokhar47,195446143,2025-01,7,54,10,2024–2026
muhammadwasim92logics,https://github.com/muhammadwasim92logics,195417489,2025-01,7,45,10,2024–2026
Ameer-Hamza-Ch,https://github.com/Ameer-Hamza-Ch,196041261,2025-01,6,42,10,2024–2026
usmanai-tech,https://github.com/usmanai-tech,194204784,2025-01,14,41,10,2024–2026
sufyans594,https://github.com/sufyans594,196675351,2025-01,6,39,10,2024–2026
wakasstech,https://github.com/wakasstech,196179007,2025-01,8,38,10,2024–2026
yunusyosaf399,https://github.com/yunusyosaf399,195752264,2025-01,8,38,10,2024–2026
Zafarullah-tech,https://github.com/Zafarullah-tech,197125152,2025-01,11,37,10,2024–2026
mhasan-7,https://github.com/mhasan-7,196169617,2025-01,7,36,10,2024–2026
ShahabZaib,https://github.com/ShahabZaib,196925252,2025-01,6,36,10,2024–2026
shahab-khan-sudozai,https://github.com/shahab-khan-sudozai,196930869,2025-01,7,33,10,2024–2026
obaidashraf07,https://github.com/obaidashraf07,196650308,2025-01,6,32,10,2024–2026
EntFaraz,https://github.com/EntFaraz,195343214,2025-01,10,30,10,2024–2026
hamzahamad129,https://github.com/hamzahamad129,196742342,2025-01,7,30,10,2024–2026
Ahtesham-Yousaf,https://github.com/Ahtesham-Yousaf,197261677,2025-01,16,27,10,2024–2026
alinazar32,https://github.com/alinazar32,193491985,2025-01,12,27,10,2024–2026
Noor697,https://github.com/Noor697,197226289,2025-01,8,24,10,2024–2026
CaptainFlip16,https://github.com/CaptainFlip16,193375641,2025-01,7,22,10,2024–2026
muhammadali1820,https://github.com/muhammadali1820,195434906,2025-01,7,20,10,2024–2026
amna-gurmani,https://github.com/amna-gurmani,193409685,2025-01,8,19,10,2024–2026
AadilSohail001,https://github.com/AadilSohail001,196879971,2025-01,7,19,10,2024–2026
SibtainMehdi555,https://github.com/SibtainMehdi555,196543563,2025-01,8,18,10,2024–2026
Laiba-khan123,https://github.com/Laiba-khan123,193870578,2025-01,6,16,10,2024–2026
afnan631,https://github.com/afnan631,196466677,2025-01,6,16,10,2024–2026
MrSaqeb,https://github.com/MrSaqeb,195579794,2025-01,8,15,10,2024–2026
devtanzeel1,https://github.com/devtanzeel1,197290172,2025-01,11,14,10,2024–2026
hafizmuhammadsafi,https://github.com/hafizmuhammadsafi,193577184,2025-01,8,14,10,2024–2026
alijawaad75,https://github.com/alijawaad75,193681538,2025-01,10,13,10,2024–2026
hamdan74,https://github.com/hamdan74,196940764,2025-01,6,13,10,2024–2026
Anas-129,https://github.com/Anas-129,193953337,2025-01,11,12,10,2024–2026
AdeelumarBurki313,https://github.com/AdeelumarBurki313,195783126,2025-01,7,12,10,2024–2026
mukarramcodex,https://github.com/mukarramcodex,197747717,2025-02,52,424,10,2024–2026
HusnainMaroof,https://github.com/HusnainMaroof,197560909,2025-02,26,275,10,2024–2026
kashif-techdev,https://github.com/kashif-techdev,198347096,2025-02,24,272,10,2024–2026
shahrukhbilal,https://github.com/shahrukhbilal,198439220,2025-02,11,255,10,2024–2026
voidyounas,https://github.com/voidyounas,198975878,2025-02,8,234,10,2024–2026
sajidullahkhan08,https://github.com/sajidullahkhan08,199259849,2025-02,19,233,10,2024–2026
raja-saif,https://github.com/raja-saif,201235159,2025-02,26,208,10,2024–2026
hashmatr,https://github.com/hashmatr,200954463,2025-02,27,196,10,2024–2026
HARISMUGHAL,https://github.com/HARISMUGHAL,200798086,2025-02,13,164,10,2024–2026
Shaheer-71,https://github.com/Shaheer-71,199070730,2025-02,15,162,10,2024–2026
Abdul-wahab113,https://github.com/Abdul-wahab113,199478132,2025-02,12,162,10,2024–2026
AribahHussain,https://github.com/AribahHussain,199625626,2025-02,28,140,10,2024–2026
muhammad-hashir-19,https://github.com/muhammad-hashir-19,197464271,2025-02,21,133,10,2024–2026
AhmadNawaz110,https://github.com/AhmadNawaz110,197415934,2025-02,21,133,10,2024–2026
mmunir439,https://github.com/mmunir439,199313598,2025-02,89,119,10,2024–2026
shayan-qazmi,https://github.com/shayan-qazmi,199662084,2025-02,18,116,10,2024–2026
kinza7867,https://github.com/kinza7867,198528503,2025-02,18,116,10,2024–2026
MuhammadGhyasAli,https://github.com/MuhammadGhyasAli,199270011,2025-02,10,112,10,2024–2026
Mitul-Dial,https://github.com/Mitul-Dial,199651086,2025-02,13,111,10,2024–2026
M-Subhan10,https://github.com/M-Subhan10,201239240,2025-02,16,102,10,2024–2026
UbaidGhazi,https://github.com/UbaidGhazi,199484049,2025-02,18,97,10,2024–2026
aniqjaved01,https://github.com/aniqjaved01,199513240,2025-02,12,95,10,2024–2026
Ahaque-AI,https://github.com/Ahaque-AI,199723271,2025-02,13,93,10,2024–2026
FarwaAshraf70,https://github.com/FarwaAshraf70,201051168,2025-02,38,92,10,2024–2026
mussabumair,https://github.com/mussabumair,199387529,2025-02,12,91,10,2024–2026
raees123git,https://github.com/raees123git,198391785,2025-02,8,88,10,2024–2026
muzammilsharf,https://github.com/muzammilsharf,200389273,2025-02,9,76,10,2024–2026
furqanam12,https://github.com/furqanam12,200276750,2025-02,8,76,10,2024–2026
emaadi-source,https://github.com/emaadi-source,199624495,2025-02,10,75,10,2024–2026
Sharjeel-Ahmad-Khan,https://github.com/Sharjeel-Ahmad-Khan,200475634,2025-02,6,70,10,2024–2026
Imran-Latif88,https://github.com/Imran-Latif88,198438888,2025-02,8,69,10,2024–2026
HafsaAhmed7,https://github.com/HafsaAhmed7,199888970,2025-02,6,67,10,2024–2026
A-iftikhar02,https://github.com/A-iftikhar02,199912952,2025-02,24,64,10,2024–2026
shams018,https://github.com/shams018,199043329,2025-02,13,64,10,2024–2026
mano34345,https://github.com/mano34345,199230604,2025-02,8,63,10,2024–2026
abekhan009,https://github.com/abekhan009,201284244,2025-02,6,61,10,2024–2026
ashrafsarwar,https://github.com/ashrafsarwar,197876269,2025-02,19,56,10,2024–2026
Safianaseem,https://github.com/Safianaseem,198527512,2025-02,9,54,10,2024–2026
CETQAP,https://github.com/CETQAP,198656113,2025-02,12,53,10,2024–2026
aliha55anch,https://github.com/aliha55anch,198488685,2025-02,10,52,10,2024–2026
umerakbar013,https://github.com/umerakbar013,198805616,2025-02,21,50,10,2024–2026
sajeelailyas,https://github.com/sajeelailyas,199347755,2025-02,15,49,10,2024–2026
Amir-Alii,https://github.com/Amir-Alii,198238934,2025-02,13,48,10,2024–2026
fatimanaeem-hub,https://github.com/fatimanaeem-hub,198768608,2025-02,14,44,10,2024–2026
msameer901,https://github.com/msameer901,197819944,2025-02,7,44,10,2024–2026
Hacknorith,https://github.com/Hacknorith,198291703,2025-02,7,43,10,2024–2026
masifpansuvi,https://github.com/masifpansuvi,199430157,2025-02,19,41,10,2024–2026
falaknaaz-45,https://github.com/falaknaaz-45,200216316,2025-02,10,41,10,2024–2026
usmanworld0,https://github.com/usmanworld0,200509307,2025-02,8,38,10,2024–2026
Mhammad-Ali,https://github.com/Mhammad-Ali,201242080,2025-02,7,38,10,2024–2026
ZEESHAN6099,https://github.com/ZEESHAN6099,199480151,2025-02,14,34,10,2024–2026
farhanullah221,https://github.com/farhanullah221,199185555,2025-02,6,33,10,2024–2026
adi-dev111,https://github.com/adi-dev111,201167006,2025-02,6,29,10,2024–2026
ZAINmc86,https://github.com/ZAINmc86,198722875,2025-02,11,28,10,2024–2026
yusufniazi,https://github.com/yusufniazi,199705063,2025-02,11,25,10,2024–2026
tayyabaslamk80,https://github.com/tayyabaslamk80,198410853,2025-02,7,21,10,2024–2026
EssaShah2,https://github.com/EssaShah2,197973411,2025-02,6,21,10,2024–2026
BilalITPro,https://github.com/BilalITPro,199085391,2025-02,9,15,10,2024–2026
hamzaskillshub,https://github.com/hamzaskillshub,200734134,2025-02,8,15,10,2024–2026
geniusoft1,https://github.com/geniusoft1,198203009,2025-02,6,15,10,2024–2026
Rehana786333,https://github.com/Rehana786333,199732278,2025-02,6,15,10,2024–2026
BilalJaved10,https://github.com/BilalJaved10,198103758,2025-02,9,13,10,2024–2026
Zarrar2001,https://github.com/Zarrar2001,197418567,2025-02,9,13,10,2024–2026
sheikhTayyab,https://github.com/sheikhTayyab,200527958,2025-02,7,13,10,2024–2026
Cyber-Baloch,https://github.com/Cyber-Baloch,198235773,2025-02,6,13,10,2024–2026
1xcoder-1,https://github.com/1xcoder-1,203067908,2025-03,74,2278,10,2024–2026
Abdul001-ai,https://github.com/Abdul001-ai,205472492,2025-03,59,889,10,2024–2026
0xsimaa,https://github.com/0xsimaa,203509735,2025-03,8,603,10,2024–2026
rafiehb555,https://github.com/rafiehb555,204942313,2025-03,21,300,10,2024–2026
syed-ahad13,https://github.com/syed-ahad13,202409280,2025-03,25,263,10,2024–2026
alyrizwani,https://github.com/alyrizwani,202685211,2025-03,13,174,10,2024–2026
Riasat-420,https://github.com/Riasat-420,202958344,2025-03,13,165,10,2024–2026
Waqas106,https://github.com/Waqas106,202056127,2025-03,12,137,10,2024–2026
Anasibnyounis,https://github.com/Anasibnyounis,205307772,2025-03,7,122,10,2024–2026
aymanirshad,https://github.com/aymanirshad,201373645,2025-03,11,108,10,2024–2026
hanzalah57,https://github.com/hanzalah57,204544238,2025-03,15,105,10,2024–2026
shadalishah,https://github.com/shadalishah,202284404,2025-03,21,101,10,2024–2026
hamza74372,https://github.com/hamza74372,204714057,2025-03,32,98,10,2024–2026
jibran-jpeg,https://github.com/jibran-jpeg,203445879,2025-03,16,92,10,2024–2026
aetsaam88,https://github.com/aetsaam88,202501102,2025-03,36,90,10,2024–2026
Ahmadkhawaja0019,https://github.com/Ahmadkhawaja0019,202324618,2025-03,36,90,10,2024–2026
Babarnawaz123,https://github.com/Babarnawaz123,202501718,2025-03,29,87,10,2024–2026
Bilalktk79,https://github.com/Bilalktk79,205399205,2025-03,20,87,10,2024–2026
waseemabbas14,https://github.com/waseemabbas14,202991951,2025-03,8,79,10,2024–2026
zeeshanmurad65,https://github.com/zeeshanmurad65,203392659,2025-03,25,78,10,2024–2026
bilaltanveer2,https://github.com/bilaltanveer2,204428728,2025-03,19,76,10,2024–2026
fahad1084,https://github.com/fahad1084,201448256,2025-03,9,71,10,2024–2026
premx95,https://github.com/premx95,204070149,2025-03,9,71,10,2024–2026
Fardeen37,https://github.com/Fardeen37,203002166,2025-03,11,70,10,2024–2026
DaniyalJavedChoudhary,https://github.com/DaniyalJavedChoudhary,202464017,2025-03,12,67,10,2024–2026
Hamad-Dev-ops,https://github.com/Hamad-Dev-ops,205074409,2025-03,17,63,10,2024–2026
DevHassanraza,https://github.com/DevHassanraza,203371579,2025-03,32,62,10,2024–2026
aibasit,https://github.com/aibasit,205297006,2025-03,17,62,10,2024–2026
umar-aurangzeb-77,https://github.com/umar-aurangzeb-77,204425965,2025-03,7,60,10,2024–2026
faizaalamwarraich,https://github.com/faizaalamwarraich,202681534,2025-03,12,58,10,2024–2026
ArhamSuhail-darkcipher,https://github.com/ArhamSuhail-darkcipher,202997548,2025-03,6,58,10,2024–2026
AnonymusMyllonaire,https://github.com/AnonymusMyllonaire,204466042,2025-03,16,57,10,2024–2026
Adil-Ir,https://github.com/Adil-Ir,201732472,2025-03,8,57,10,2024–2026
PremChand34555,https://github.com/PremChand34555,204086696,2025-03,21,54,10,2024–2026
MuhammadYaseen025,https://github.com/MuhammadYaseen025,205378001,2025-03,31,48,10,2024–2026
imabdullah81,https://github.com/imabdullah81,204464999,2025-03,7,46,10,2024–2026
hazaifa-shehzad,https://github.com/hazaifa-shehzad,203451684,2025-03,15,44,10,2024–2026
azan823,https://github.com/azan823,201617274,2025-03,11,44,10,2024–2026
SAIF-ULLAH-SAIFI,https://github.com/SAIF-ULLAH-SAIFI,203470069,2025-03,15,38,10,2024–2026
Zamin-the-Shadow,https://github.com/Zamin-the-Shadow,203993743,2025-03,13,37,10,2024–2026
fajarsaleem14,https://github.com/fajarsaleem14,201650159,2025-03,21,32,10,2024–2026
mananbyte,https://github.com/mananbyte,201328386,2025-03,7,32,10,2024–2026
musharaf2-ai,https://github.com/musharaf2-ai,201946752,2025-03,13,29,10,2024–2026
rehanhasnain-ai,https://github.com/rehanhasnain-ai,203509512,2025-03,14,28,10,2024–2026
samiullah1096,https://github.com/samiullah1096,202309952,2025-03,14,28,10,2024–2026
alishbaazmat,https://github.com/alishbaazmat,203096916,2025-03,8,27,10,2024–2026
EngrHaseebAhmed,https://github.com/EngrHaseebAhmed,203554938,2025-03,6,27,10,2024–2026
Sher-alyy,https://github.com/Sher-alyy,205677322,2025-03,7,26,10,2024–2026
daniyalafzal017,https://github.com/daniyalafzal017,203055772,2025-03,6,22,10,2024–2026
ZAINULABDIN19,https://github.com/ZAINULABDIN19,203576064,2025-03,7,19,10,2024–2026
Raheelkhaanx,https://github.com/Raheelkhaanx,204592855,2025-03,8,18,10,2024–2026
Metacore-Blockchain,https://github.com/Metacore-Blockchain,204074335,2025-03,16,17,10,2024–2026
ArslanAhmedMahar,https://github.com/ArslanAhmedMahar,203368939,2025-03,9,16,10,2024–2026
Abdulrehma23,https://github.com/Abdulrehma23,201359365,2025-03,6,16,10,2024–2026
Arslanachakzai,https://github.com/Arslanachakzai,201473593,2025-03,6,13,10,2024–2026
UsmanLiaqat089,https://github.com/UsmanLiaqat089,202909106,2025-03,6,11,10,2024–2026
sohaibAkhlaq,https://github.com/sohaibAkhlaq,207081551,2025-04,12,366,10,2024–2026
Maqdadali282,https://github.com/Maqdadali282,208199335,2025-04,19,355,10,2024–2026
Hammad-Yousaf08,https://github.com/Hammad-Yousaf08,207969458,2025-04,31,293,10,2024–2026
sherazkdev,https://github.com/sherazkdev,206346817,2025-04,15,217,10,2024–2026
abdullah123-collab,https://github.com/abdullah123-collab,209604869,2025-04,9,211,10,2024–2026
talal-web,https://github.com/talal-web,209217743,2025-04,10,209,10,2024–2026
HaiderAliSQA,https://github.com/HaiderAliSQA,206514845,2025-04,19,178,10,2024–2026
usman-khan-0,https://github.com/usman-khan-0,208283345,2025-04,25,176,10,2024–2026
Ahmadraza880,https://github.com/Ahmadraza880,209020570,2025-04,16,147,10,2024–2026
ahmadZeeshan292,https://github.com/ahmadZeeshan292,207755192,2025-04,11,141,10,2024–2026
muhammad-ali-arshad,https://github.com/muhammad-ali-arshad,209691113,2025-04,33,135,10,2024–2026
abdulqudoos1272,https://github.com/abdulqudoos1272,206451791,2025-04,12,135,10,2024–2026
hamzakhan-std25,https://github.com/hamzakhan-std25,207605881,2025-04,10,123,10,2024–2026
hananehmojadadi,https://github.com/hananehmojadadi,206887912,2025-04,41,112,10,2024–2026
AhtishamTanveer,https://github.com/AhtishamTanveer,206931818,2025-04,6,108,10,2024–2026
Musabkhadim,https://github.com/Musabkhadim,207517058,2025-04,16,100,10,2024–2026
uzairnaveed04,https://github.com/uzairnaveed04,206741623,2025-04,25,99,10,2024–2026
MuhammadIrfan-u,https://github.com/MuhammadIrfan-u,207977075,2025-04,12,95,10,2024–2026
muhammad51214-cyber,https://github.com/muhammad51214-cyber,207771674,2025-04,13,94,10,2024–2026
laiba644,https://github.com/laiba644,208468073,2025-04,9,91,10,2024–2026
Aanwar04,https://github.com/Aanwar04,206605906,2025-04,16,89,10,2024–2026
Hasaankhokhar-dev,https://github.com/Hasaankhokhar-dev,207154897,2025-04,20,85,10,2024–2026
zainabmustafvi,https://github.com/zainabmustafvi,206358183,2025-04,10,84,10,2024–2026
hamza-flutterdev,https://github.com/hamza-flutterdev,206452595,2025-04,12,78,10,2024–2026
MAhmadK5,https://github.com/MAhmadK5,209241104,2025-04,6,66,10,2024–2026
alikhan0346118,https://github.com/alikhan0346118,207377551,2025-04,20,59,10,2024–2026
tanveer-49,https://github.com/tanveer-49,208239093,2025-04,8,54,10,2024–2026
rizwankhannasar,https://github.com/rizwankhannasar,206594194,2025-04,15,51,10,2024–2026
coder-msk,https://github.com/coder-msk,208925933,2025-04,21,50,10,2024–2026
umer-khan-0001,https://github.com/umer-khan-0001,209140793,2025-04,16,50,10,2024–2026
abdul-rauf789,https://github.com/abdul-rauf789,207753516,2025-04,10,47,10,2024–2026
anasfazalawan,https://github.com/anasfazalawan,206533686,2025-04,8,46,10,2024–2026
murtazaharis302,https://github.com/murtazaharis302,208839590,2025-04,9,41,10,2024–2026
imaduddin005,https://github.com/imaduddin005,208003820,2025-04,12,40,10,2024–2026
hattafahmad,https://github.com/hattafahmad,209101431,2025-04,7,35,10,2024–2026
18764-MM1079-MUHAMMADMAAZ,https://github.com/18764-MM1079-MUHAMMADMAAZ,208771571,2025-04,6,35,10,2024–2026
JAVERIA-TECH,https://github.com/JAVERIA-TECH,209620290,2025-04,17,32,10,2024–2026
FahadMalik-786,https://github.com/FahadMalik-786,206117857,2025-04,14,32,10,2024–2026
Usman9374,https://github.com/Usman9374,206445783,2025-04,9,32,10,2024–2026
i230016arsaltemuri,https://github.com/i230016arsaltemuri,207073716,2025-04,10,31,10,2024–2026
mumerhaider,https://github.com/mumerhaider,206967897,2025-04,6,30,10,2024–2026
MuneebAhmadOfficial,https://github.com/MuneebAhmadOfficial,208853992,2025-04,9,27,10,2024–2026
AzharTechSolutions,https://github.com/AzharTechSolutions,206712682,2025-04,15,26,10,2024–2026
AreebaTalha,https://github.com/AreebaTalha,209239317,2025-04,9,21,10,2024–2026
RehanAyub56,https://github.com/RehanAyub56,207010589,2025-04,8,20,10,2024–2026
Hanibani7532,https://github.com/Hanibani7532,209769706,2025-04,6,15,10,2024–2026
A-jabbar-tech,https://github.com/A-jabbar-tech,208536739,2025-04,8,14,10,2024–2026
Shahzadattari,https://github.com/Shahzadattari,209099663,2025-04,6,11,10,2024–2026
Muhammad-Ramazanovich,https://github.com/Muhammad-Ramazanovich,210007984,2025-05,43,3844,10,2024–2026
Mehran-Chaudhary,https://github.com/Mehran-Chaudhary,209881153,2025-05,13,1387,10,2024–2026
MFaheemS,https://github.com/MFaheemS,209891358,2025-05,24,402,10,2024–2026
mhmmdslmnfslnust,https://github.com/mhmmdslmnfslnust,210056604,2025-05,38,378,10,2024–2026
codeby-rafay,https://github.com/codeby-rafay,211501868,2025-05,13,375,10,2024–2026
ZarScape,https://github.com/ZarScape,210977150,2025-05,26,316,10,2024–2026
RehanRehnova,https://github.com/RehanRehnova,210823297,2025-05,26,283,10,2024–2026
ik-awais,https://github.com/ik-awais,213292982,2025-05,18,244,10,2024–2026
abdullahxdev,https://github.com/abdullahxdev,210019294,2025-05,17,229,10,2024–2026
anwebcorp,https://github.com/anwebcorp,212209277,2025-05,10,209,10,2024–2026
developwithAhsan,https://github.com/developwithAhsan,212121793,2025-05,44,202,10,2024–2026
Ahtsham-Saddique,https://github.com/Ahtsham-Saddique,212025922,2025-05,36,196,10,2024–2026
pro-osama-saeed,https://github.com/pro-osama-saeed,210412652,2025-05,15,174,10,2024–2026
shfqt255,https://github.com/shfqt255,211864992,2025-05,40,161,10,2024–2026
zohaib65-ch,https://github.com/zohaib65-ch,212669948,2025-05,25,151,10,2024–2026
itsarslanaslam,https://github.com/itsarslanaslam,214126852,2025-05,21,140,10,2024–2026
Shabuabbasi,https://github.com/Shabuabbasi,212755563,2025-05,23,133,10,2024–2026
JabbarKhan-28,https://github.com/JabbarKhan-28,211931043,2025-05,14,108,10,2024–2026
UmerBinIjaz,https://github.com/UmerBinIjaz,211348628,2025-05,16,107,10,2024–2026
jonsnow966,https://github.com/jonsnow966,213980190,2025-05,10,103,10,2024–2026
abdur-rehman-tech,https://github.com/abdur-rehman-tech,213151506,2025-05,24,99,10,2024–2026
shizanajeeb567,https://github.com/shizanajeeb567,211493281,2025-05,6,87,10,2024–2026
Mohsin-khan540,https://github.com/Mohsin-khan540,213942678,2025-05,42,85,10,2024–2026
zia-codes,https://github.com/zia-codes,211879066,2025-05,12,82,10,2024–2026
Ibad-Hayat14,https://github.com/Ibad-Hayat14,212223343,2025-05,11,76,10,2024–2026
Rehman110-F,https://github.com/Rehman110-F,210542168,2025-05,12,74,10,2024–2026
MukhtarHassan1,https://github.com/MukhtarHassan1,212756068,2025-05,7,72,10,2024–2026
almasxjaved,https://github.com/almasxjaved,214007034,2025-05,6,68,10,2024–2026
Khuzaima-devs427,https://github.com/Khuzaima-devs427,210153126,2025-05,6,67,10,2024–2026
Syed-Murtaza-Ali,https://github.com/Syed-Murtaza-Ali,212792562,2025-05,7,62,10,2024–2026
Meriyemm-design,https://github.com/Meriyemm-design,209998148,2025-05,10,61,10,2024–2026
zulqarnain345,https://github.com/zulqarnain345,212401269,2025-05,26,56,10,2024–2026
HaroonAImode,https://github.com/HaroonAImode,212233542,2025-05,6,56,10,2024–2026
ahmee20,https://github.com/ahmee20,211691122,2025-05,18,54,10,2024–2026
Siraut12321,https://github.com/Siraut12321,212340941,2025-05,20,53,10,2024–2026
Umer-Majeed,https://github.com/Umer-Majeed,213481946,2025-05,6,52,10,2024–2026
niyamat-ali,https://github.com/niyamat-ali,212205187,2025-05,10,51,10,2024–2026
aliraza-ai-dev,https://github.com/aliraza-ai-dev,214183076,2025-05,12,48,10,2024–2026
RazMuhammad167,https://github.com/RazMuhammad167,213602177,2025-05,36,47,10,2024–2026
Sanaullah-01,https://github.com/Sanaullah-01,213183618,2025-05,12,43,10,2024–2026
ashir138,https://github.com/ashir138,212914544,2025-05,18,42,10,2024–2026
Tashifa25,https://github.com/Tashifa25,209878254,2025-05,15,41,10,2024–2026
Sohaib-2310,https://github.com/Sohaib-2310,210283551,2025-05,8,38,10,2024–2026
Mrzain64,https://github.com/Mrzain64,211886152,2025-05,8,36,10,2024–2026
bilalhossainshah,https://github.com/bilalhossainshah,211225734,2025-05,9,35,10,2024–2026
moizrehmanofficial,https://github.com/moizrehmanofficial,211215388,2025-05,7,33,10,2024–2026
Shaheer3701,https://github.com/Shaheer3701,214143515,2025-05,7,33,10,2024–2026
Saqib72742,https://github.com/Saqib72742,213558588,2025-05,6,33,10,2024–2026
rayyanazmat,https://github.com/rayyanazmat,212186281,2025-05,11,31,10,2024–2026
qaimkhan05,https://github.com/qaimkhan05,213920671,2025-05,7,31,10,2024–2026
usmanqureshi1234,https://github.com/usmanqureshi1234,213773217,2025-05,9,27,10,2024–2026
zootedmbm,https://github.com/zootedmbm,211281795,2025-05,7,26,10,2024–2026
tahirzaman216,https://github.com/tahirzaman216,210468692,2025-05,8,25,10,2024–2026
CS0229,https://github.com/CS0229,211298959,2025-05,13,23,10,2024–2026
danishbhi29,https://github.com/danishbhi29,211301633,2025-05,13,23,10,2024–2026
EmanRafique,https://github.com/EmanRafique,212144054,2025-05,9,21,10,2024–2026
salman-khan-usa,https://github.com/salman-khan-usa,213167758,2025-05,7,21,10,2024–2026
abdulprivv,https://github.com/abdulprivv,211030013,2025-05,6,21,10,2024–2026
zeeshantahir-20,https://github.com/zeeshantahir-20,213939245,2025-05,10,20,10,2024–2026
daveedashar,https://github.com/daveedashar,213154518,2025-05,6,20,10,2024–2026
Flippinpk,https://github.com/Flippinpk,213482063,2025-05,7,18,10,2024–2026
Naseem907,https://github.com/Naseem907,211503771,2025-05,6,17,10,2024–2026
mughees-cyber,https://github.com/mughees-cyber,213092359,2025-05,12,16,10,2024–2026
sarahussainn,https://github.com/sarahussainn,212231254,2025-05,8,16,10,2024–2026
haseebR77,https://github.com/haseebR77,210685471,2025-05,9,15,10,2024–2026
rafay-184,https://github.com/rafay-184,214250542,2025-05,6,15,10,2024–2026
Tahir-19,https://github.com/Tahir-19,212127190,2025-05,7,14,10,2024–2026
saqlainMehmoodw,https://github.com/saqlainMehmoodw,213382047,2025-05,9,13,10,2024–2026
Hassan-Zahid-07,https://github.com/Hassan-Zahid-07,210121619,2025-05,7,13,10,2024–2026
Rashidkalwar1,https://github.com/Rashidkalwar1,216571042,2025-06,14,6977,10,2024–2026
OshaqNaimat,https://github.com/OshaqNaimat,218486116,2025-06,54,1263,10,2024–2026
zohaibahmed034,https://github.com/zohaibahmed034,215374707,2025-06,99,924,10,2024–2026
sulphitic7864,https://github.com/sulphitic7864,214839084,2025-06,52,581,10,2024–2026
hashamtanveer-41,https://github.com/hashamtanveer-41,218207143,2025-06,27,432,10,2024–2026
zahid111777,https://github.com/zahid111777,217156442,2025-06,56,180,10,2024–2026
NoobsBucket,https://github.com/NoobsBucket,216269264,2025-06,12,149,10,2024–2026
muhammad-sarosh,https://github.com/muhammad-sarosh,216956799,2025-06,15,137,10,2024–2026
i-wajidrashid,https://github.com/i-wajidrashid,216319581,2025-06,11,134,10,2024–2026
UsmanBari,https://github.com/UsmanBari,215345892,2025-06,20,122,10,2024–2026
hassaan-munir,https://github.com/hassaan-munir,216685328,2025-06,12,111,10,2024–2026
farhankhan112233,https://github.com/farhankhan112233,217182250,2025-06,9,107,10,2024–2026
exiledftw,https://github.com/exiledftw,217168012,2025-06,7,96,10,2024–2026
asnamarrium,https://github.com/asnamarrium,218260123,2025-06,13,89,10,2024–2026
mrumarfarooqafridi,https://github.com/mrumarfarooqafridi,217977607,2025-06,17,82,10,2024–2026
faizi881,https://github.com/faizi881,216659018,2025-06,19,81,10,2024–2026
dino28575,https://github.com/dino28575,215155442,2025-06,6,73,10,2024–2026
SaifullahKhanSafi,https://github.com/SaifullahKhanSafi,216882862,2025-06,16,72,10,2024–2026
waseemcybersec,https://github.com/waseemcybersec,217944899,2025-06,7,69,10,2024–2026
QaziBashi,https://github.com/QaziBashi,217159209,2025-06,12,66,10,2024–2026
ahmed-raza19,https://github.com/ahmed-raza19,218089358,2025-06,11,66,10,2024–2026
muhammadjunaid-dev,https://github.com/muhammadjunaid-dev,218371003,2025-06,10,56,10,2024–2026
AhmadHassan-999,https://github.com/AhmadHassan-999,216584322,2025-06,11,54,10,2024–2026
maheenaamir90,https://github.com/maheenaamir90,218110969,2025-06,9,54,10,2024–2026
AmnaTariqRana,https://github.com/AmnaTariqRana,216430226,2025-06,7,52,10,2024–2026
abdullah-codez,https://github.com/abdullah-codez,217603102,2025-06,13,50,10,2024–2026
Haris-Mahboob-708,https://github.com/Haris-Mahboob-708,218358296,2025-06,9,46,10,2024–2026
NotHamzaMalik,https://github.com/NotHamzaMalik,218174940,2025-06,23,42,10,2024–2026
rajaabdullahnasir,https://github.com/rajaabdullahnasir,214982485,2025-06,7,41,10,2024–2026
uzair14137,https://github.com/uzair14137,217612299,2025-06,7,40,10,2024–2026
Bilal-Ahmad6,https://github.com/Bilal-Ahmad6,218540787,2025-06,7,38,10,2024–2026
i-wahidrashid,https://github.com/i-wahidrashid,216320642,2025-06,6,35,10,2024–2026
SanaullahTareen,https://github.com/SanaullahTareen,215653547,2025-06,6,31,10,2024–2026
mtayyab-10,https://github.com/mtayyab-10,218385693,2025-06,10,29,10,2024–2026
faizanchauhan,https://github.com/faizanchauhan,217311961,2025-06,6,28,10,2024–2026
i-ahmadzakwan,https://github.com/i-ahmadzakwan,215151107,2025-06,6,28,10,2024–2026
FarooqZ12,https://github.com/FarooqZ12,218258837,2025-06,12,25,10,2024–2026
Adina-hira,https://github.com/Adina-hira,217955935,2025-06,10,25,10,2024–2026
aqsa-web-dev,https://github.com/aqsa-web-dev,217069423,2025-06,6,24,10,2024–2026
Samreen-sketch,https://github.com/Samreen-sketch,218566869,2025-06,7,23,10,2024–2026
Salmanahmed-Turk,https://github.com/Salmanahmed-Turk,218444024,2025-06,6,21,10,2024–2026
zahid676,https://github.com/zahid676,218655880,2025-06,9,19,10,2024–2026
UsmanSalik,https://github.com/UsmanSalik,215114601,2025-06,8,19,10,2024–2026
Nisa935,https://github.com/Nisa935,216719362,2025-06,7,19,10,2024–2026
talhayounas939,https://github.com/talhayounas939,214987412,2025-06,7,18,10,2024–2026
Aiffa-Aamir,https://github.com/Aiffa-Aamir,215981132,2025-06,11,16,10,2024–2026
fraisasghar,https://github.com/fraisasghar,223228391,2025-07,15,10606,10,2024–2026
FahadAwanAI,https://github.com/FahadAwanAI,223932657,2025-07,21,2547,10,2024–2026
MeetSohailCodes,https://github.com/MeetSohailCodes,221149862,2025-07,14,2427,10,2024–2026
Abdullah-819,https://github.com/Abdullah-819,222787925,2025-07,26,495,10,2024–2026
Fahad-sec,https://github.com/Fahad-sec,222587392,2025-07,10,416,10,2024–2026
pir-ahsan-raza,https://github.com/pir-ahsan-raza,223851623,2025-07,11,380,10,2024–2026
Arshidiqbaldev,https://github.com/Arshidiqbaldev,223417921,2025-07,9,298,10,2024–2026
zeeshan3106,https://github.com/zeeshan3106,222742658,2025-07,12,281,10,2024–2026
Hanzi-cracker,https://github.com/Hanzi-cracker,220770935,2025-07,39,247,10,2024–2026
Mahad-Abbas31,https://github.com/Mahad-Abbas31,221808961,2025-07,14,239,10,2024–2026
Hamza-ali05,https://github.com/Hamza-ali05,219278020,2025-07,17,231,10,2024–2026
RahidMalik,https://github.com/RahidMalik,220741786,2025-07,25,223,10,2024–2026
zaheerxai,https://github.com/zaheerxai,223502456,2025-07,8,219,10,2024–2026
Muhammad-Faizaan,https://github.com/Muhammad-Faizaan,219181390,2025-07,28,185,10,2024–2026
nooretaleem,https://github.com/nooretaleem,219896715,2025-07,6,180,10,2024–2026
hamibashir,https://github.com/hamibashir,222005440,2025-07,19,150,10,2024–2026
EngBushraNazir,https://github.com/EngBushraNazir,219208133,2025-07,10,133,10,2024–2026
Qurbanali123,https://github.com/Qurbanali123,222221033,2025-07,12,127,10,2024–2026
Laiba-Azhar0707,https://github.com/Laiba-Azhar0707,223601207,2025-07,21,115,10,2024–2026
aqsamalik2013,https://github.com/aqsamalik2013,223102802,2025-07,6,101,10,2024–2026
muhammad-saaim,https://github.com/muhammad-saaim,223139006,2025-07,11,100,10,2024–2026
Noorullah814,https://github.com/Noorullah814,220952085,2025-07,14,98,10,2024–2026
Moeez-abid,https://github.com/Moeez-abid,221744572,2025-07,12,96,10,2024–2026
Fayeq-Bahram,https://github.com/Fayeq-Bahram,220751753,2025-07,8,94,10,2024–2026
Munazza-Iman,https://github.com/Munazza-Iman,221465909,2025-07,6,93,10,2024–2026
tashfeenraza297,https://github.com/tashfeenraza297,223861051,2025-07,14,92,10,2024–2026
obaidu11ah,https://github.com/obaidu11ah,220690879,2025-07,6,66,10,2024–2026
aqsamajjeed,https://github.com/aqsamajjeed,223166819,2025-07,15,65,10,2024–2026
mian-yahya-gul,https://github.com/mian-yahya-gul,219509134,2025-07,17,62,10,2024–2026
hamza5849,https://github.com/hamza5849,218901819,2025-07,15,61,10,2024–2026
Tehreem-Waseem,https://github.com/Tehreem-Waseem,220695306,2025-07,9,61,10,2024–2026
rajaharisai,https://github.com/rajaharisai,221637984,2025-07,6,60,10,2024–2026
saimahmedartist-bit,https://github.com/saimahmedartist-bit,221546496,2025-07,9,56,10,2024–2026
Mateen880,https://github.com/Mateen880,223310039,2025-07,11,54,10,2024–2026
AbdulRauf20,https://github.com/AbdulRauf20,223635471,2025-07,14,48,10,2024–2026
Arbab-MAV,https://github.com/Arbab-MAV,220796990,2025-07,6,46,10,2024–2026
usama23c,https://github.com/usama23c,223677151,2025-07,12,43,10,2024–2026
eeman-ahmed,https://github.com/eeman-ahmed,220253315,2025-07,7,42,10,2024–2026
shaheerRaza179,https://github.com/shaheerRaza179,220065899,2025-07,16,40,10,2024–2026
m-awais-bs-ai-student,https://github.com/m-awais-bs-ai-student,219832016,2025-07,8,39,10,2024–2026
Hamzah-20-04-15,https://github.com/Hamzah-20-04-15,218958769,2025-07,7,39,10,2024–2026
tehreemhayat31-ux,https://github.com/tehreemhayat31-ux,222809476,2025-07,13,38,10,2024–2026
muhammadawais131,https://github.com/muhammadawais131,222232603,2025-07,10,35,10,2024–2026
dureadannoor-123,https://github.com/dureadannoor-123,219296888,2025-07,8,35,10,2024–2026
zohaib-kaleem,https://github.com/zohaib-kaleem,223814646,2025-07,8,35,10,2024–2026
the-mohsin-ali,https://github.com/the-mohsin-ali,219861639,2025-07,8,32,10,2024–2026
maxplank1906,https://github.com/maxplank1906,223206011,2025-07,10,30,10,2024–2026
AbdullahAxim,https://github.com/AbdullahAxim,219416005,2025-07,8,30,10,2024–2026
Shadabk-56,https://github.com/Shadabk-56,221723392,2025-07,6,30,10,2024–2026
alishbawaheed,https://github.com/alishbawaheed,221710246,2025-07,6,29,10,2024–2026
ahadali-codes,https://github.com/ahadali-codes,223795928,2025-07,13,27,10,2024–2026
alirehanarshad,https://github.com/alirehanarshad,219423413,2025-07,11,25,10,2024–2026
Mohibyte,https://github.com/Mohibyte,220753811,2025-07,11,25,10,2024–2026
abdulrahmanawan,https://github.com/abdulrahmanawan,219399756,2025-07,11,24,10,2024–2026
hafsanasseb4,https://github.com/hafsanasseb4,221805487,2025-07,19,23,10,2024–2026
AbdullahCheema1979,https://github.com/AbdullahCheema1979,221358185,2025-07,7,22,10,2024–2026
MAIMOONA-ISLAM,https://github.com/MAIMOONA-ISLAM,223062595,2025-07,15,21,10,2024–2026
Muhammad-Abrar-Ejaz,https://github.com/Muhammad-Abrar-Ejaz,221871085,2025-07,8,21,10,2024–2026
ialisha64,https://github.com/ialisha64,219304181,2025-07,10,20,10,2024–2026
rabbiazaheer1,https://github.com/rabbiazaheer1,219560097,2025-07,16,19,10,2024–2026
zuha20,https://github.com/zuha20,221870050,2025-07,8,17,10,2024–2026
MrBilal-491,https://github.com/MrBilal-491,222604456,2025-07,6,15,10,2024–2026
Mian-Danix,https://github.com/Mian-Danix,222628687,2025-07,8,14,10,2024–2026
ADIL2788838,https://github.com/ADIL2788838,219276580,2025-07,7,13,10,2024–2026
Asadkhan995,https://github.com/Asadkhan995,220743573,2025-07,6,13,10,2024–2026
DaniaFarooq,https://github.com/DaniaFarooq,228222064,2025-08,7,645,10,2024–2026
fasihgds-afk,https://github.com/fasihgds-afk,226405404,2025-08,7,564,10,2024–2026
Syedaaneesa,https://github.com/Syedaaneesa,227595737,2025-08,24,496,10,2024–2026
hammad-shahid55,https://github.com/hammad-shahid55,224736172,2025-08,10,479,10,2024–2026
abdullahzahid655,https://github.com/abdullahzahid655,228539712,2025-08,20,313,10,2024–2026
usman4373,https://github.com/usman4373,224867645,2025-08,15,288,10,2024–2026
24pwai0032-gif,https://github.com/24pwai0032-gif,229082586,2025-08,23,215,10,2024–2026
SaddamGulzar,https://github.com/SaddamGulzar,227221353,2025-08,26,182,10,2024–2026
Shahbazhm,https://github.com/Shahbazhm,225694550,2025-08,7,172,10,2024–2026
QaimRazaa,https://github.com/QaimRazaa,225234839,2025-08,25,153,10,2024–2026
AbdulSattar-07,https://github.com/AbdulSattar-07,224448346,2025-08,21,130,10,2024–2026
jaanmuhammadofficial,https://github.com/jaanmuhammadofficial,227293783,2025-08,21,105,10,2024–2026
muhammad-mujtaba-haider-naqvi,https://github.com/muhammad-mujtaba-haider-naqvi,228563514,2025-08,10,105,10,2024–2026
awadahmad251,https://github.com/awadahmad251,225933571,2025-08,13,88,10,2024–2026
hammad-tayyab,https://github.com/hammad-tayyab,226311606,2025-08,10,78,10,2024–2026
mominamuzafar,https://github.com/mominamuzafar,226009215,2025-08,8,70,10,2024–2026
muiizz8,https://github.com/muiizz8,225134644,2025-08,17,69,10,2024–2026
noshaba-jamil,https://github.com/noshaba-jamil,226825357,2025-08,14,69,10,2024–2026
SufwanAmir,https://github.com/SufwanAmir,224955497,2025-08,19,65,10,2024–2026
khadijaa-ali,https://github.com/khadijaa-ali,225016690,2025-08,13,59,10,2024–2026
Iamsiraj46,https://github.com/Iamsiraj46,225911745,2025-08,6,58,10,2024–2026
waqashameed846-ai,https://github.com/waqashameed846-ai,228513311,2025-08,30,56,10,2024–2026
legalmindslawfirmandcompany-glitch,https://github.com/legalmindslawfirmandcompany-glitch,226343236,2025-08,10,55,10,2024–2026
im-Shoaib,https://github.com/im-Shoaib,224583905,2025-08,17,54,10,2024–2026
HarisAhmed786,https://github.com/HarisAhmed786,228056724,2025-08,6,50,10,2024–2026
aleenanawab,https://github.com/aleenanawab,228207656,2025-08,33,48,10,2024–2026
nisarahmaddev,https://github.com/nisarahmaddev,227960143,2025-08,7,47,10,2024–2026
haniyawajid45,https://github.com/haniyawajid45,224772943,2025-08,16,45,10,2024–2026
farhanalikalyani,https://github.com/farhanalikalyani,227779360,2025-08,17,40,10,2024–2026
sajid-dev-56,https://github.com/sajid-dev-56,225238743,2025-08,13,37,10,2024–2026
sohailwazir2004,https://github.com/sohailwazir2004,226569359,2025-08,10,35,10,2024–2026
Kashan-Abbasi,https://github.com/Kashan-Abbasi,228422550,2025-08,8,34,10,2024–2026
muhammadjaffar318,https://github.com/muhammadjaffar318,224741873,2025-08,9,33,10,2024–2026
muh-Ibrahim27,https://github.com/muh-Ibrahim27,224356517,2025-08,14,31,10,2024–2026
huzaifaali78,https://github.com/huzaifaali78,225341547,2025-08,10,30,10,2024–2026
alishba158,https://github.com/alishba158,224408108,2025-08,6,26,10,2024–2026
mzaheer1070,https://github.com/mzaheer1070,229121886,2025-08,6,24,10,2024–2026
sardar-basit,https://github.com/sardar-basit,227565160,2025-08,8,23,10,2024–2026
Sana-VU,https://github.com/Sana-VU,229499516,2025-08,8,23,10,2024–2026
Jaffry12,https://github.com/Jaffry12,227374169,2025-08,7,23,10,2024–2026
AhmadTariq-4090,https://github.com/AhmadTariq-4090,228055102,2025-08,12,22,10,2024–2026
saba-imtiaz,https://github.com/saba-imtiaz,224535914,2025-08,9,22,10,2024–2026
the-noman-pro,https://github.com/the-noman-pro,225047958,2025-08,19,18,10,2024–2026
Awais-coderr,https://github.com/Awais-coderr,224762160,2025-08,8,18,10,2024–2026
tayyabalitech,https://github.com/tayyabalitech,226354771,2025-08,13,16,10,2024–2026
imranmust,https://github.com/imranmust,227196478,2025-08,12,15,10,2024–2026
SirajKaleem,https://github.com/SirajKaleem,227734163,2025-08,8,14,10,2024–2026
Amna-Ansar,https://github.com/Amna-Ansar,229074021,2025-08,8,14,10,2024–2026
noumanic,https://github.com/noumanic,230832952,2025-09,42,484,10,2024–2026
mubaid3399,https://github.com/mubaid3399,231180322,2025-09,22,263,10,2024–2026
AsfarButt,https://github.com/AsfarButt,232043126,2025-09,16,202,10,2024–2026
ImranTayyab01,https://github.com/ImranTayyab01,234033884,2025-09,12,193,10,2024–2026
khannbilal,https://github.com/khannbilal,233930177,2025-09,27,159,10,2024–2026
221324-spec,https://github.com/221324-spec,234172593,2025-09,10,153,10,2024–2026
rabia-tech-ops,https://github.com/rabia-tech-ops,230169423,2025-09,14,132,10,2024–2026
raeesmalik89-oss,https://github.com/raeesmalik89-oss,231807215,2025-09,26,117,10,2024–2026
wasiahmed02,https://github.com/wasiahmed02,230286438,2025-09,7,102,10,2024–2026
devUmerShahid,https://github.com/devUmerShahid,231876319,2025-09,16,101,10,2024–2026
usmank77,https://github.com/usmank77,233201287,2025-09,9,99,10,2024–2026
240438,https://github.com/240438,232678749,2025-09,12,93,10,2024–2026
Hanzila-Nawazz,https://github.com/Hanzila-Nawazz,233210315,2025-09,7,93,10,2024–2026
muhammadali-imran,https://github.com/muhammadali-imran,231459054,2025-09,9,70,10,2024–2026
wajiha-lab,https://github.com/wajiha-lab,234172263,2025-09,17,65,10,2024–2026
fayazuddin225,https://github.com/fayazuddin225,231219365,2025-09,19,63,10,2024–2026
InsaSaleem,https://github.com/InsaSaleem,234255296,2025-09,10,62,10,2024–2026
KhyberKamawal,https://github.com/KhyberKamawal,230322408,2025-09,13,61,10,2024–2026
abdussamietahir2006-stack,https://github.com/abdussamietahir2006-stack,231262274,2025-09,7,56,10,2024–2026
HassanZohaibJadooni,https://github.com/HassanZohaibJadooni,231460678,2025-09,12,53,10,2024–2026
Shaista-sk,https://github.com/Shaista-sk,232517230,2025-09,6,53,10,2024–2026
Idrees-Abbasi,https://github.com/Idrees-Abbasi,230207686,2025-09,11,52,10,2024–2026
suhaibahmd2006-dev,https://github.com/suhaibahmd2006-dev,231320100,2025-09,7,47,10,2024–2026
sanalashari03,https://github.com/sanalashari03,229925597,2025-09,10,45,10,2024–2026
mrmu10v-cmyk,https://github.com/mrmu10v-cmyk,230706178,2025-09,12,43,10,2024–2026
syedwaqasahmad,https://github.com/syedwaqasahmad,233007913,2025-09,9,43,10,2024–2026
tasawarkhan-prog,https://github.com/tasawarkhan-prog,232544457,2025-09,6,42,10,2024–2026
ibtasaams,https://github.com/ibtasaams,230294986,2025-09,8,41,10,2024–2026
2080239,https://github.com/2080239,232518754,2025-09,12,37,10,2024–2026
Ishfaq-Ahmad-source,https://github.com/Ishfaq-Ahmad-source,230968456,2025-09,6,37,10,2024–2026
bahlol6097010,https://github.com/bahlol6097010,233393442,2025-09,9,33,10,2024–2026
abdullah6093,https://github.com/abdullah6093,233252056,2025-09,12,31,10,2024–2026
razaullah3,https://github.com/razaullah3,232179761,2025-09,8,29,10,2024–2026
shabirahmadgmal-svg,https://github.com/shabirahmadgmal-svg,232761658,2025-09,6,29,10,2024–2026
junaidrvx,https://github.com/junaidrvx,230919233,2025-09,9,27,10,2024–2026
hasnatayy,https://github.com/hasnatayy,234126871,2025-09,8,24,10,2024–2026
mariyahanifch-tech,https://github.com/mariyahanifch-tech,229997074,2025-09,8,24,10,2024–2026
bilalhassan4205hc-tech,https://github.com/bilalhassan4205hc-tech,230301862,2025-09,9,23,10,2024–2026
AbdulRafay145,https://github.com/AbdulRafay145,231289059,2025-09,9,22,10,2024–2026
irfanuddinbaig16-iub,https://github.com/irfanuddinbaig16-iub,233834686,2025-09,8,22,10,2024–2026
tehniatmle-hub,https://github.com/tehniatmle-hub,234037941,2025-09,7,21,10,2024–2026
farhansaeedweb,https://github.com/farhansaeedweb,231563699,2025-09,9,19,10,2024–2026
ubaid09090,https://github.com/ubaid09090,234745998,2025-09,9,18,10,2024–2026
Ras-Shafqat,https://github.com/Ras-Shafqat,232420416,2025-09,9,17,10,2024–2026
obaid-cs,https://github.com/obaid-cs,234011465,2025-09,12,16,10,2024–2026
saadqureshea,https://github.com/saadqureshea,229898191,2025-09,9,16,10,2024–2026
mmmasabhassan-stack,https://github.com/mmmasabhassan-stack,231036176,2025-09,9,14,10,2024–2026
ShahzaibMalik7,https://github.com/ShahzaibMalik7,230854596,2025-09,7,13,10,2024–2026
qaiseralvi1978-dev,https://github.com/qaiseralvi1978-dev,234128263,2025-09,14,12,10,2024–2026
ilyasqureeshi789-ilyas,https://github.com/ilyasqureeshi789-ilyas,231439915,2025-09,7,12,10,2024–2026
ahmadbilalcode,https://github.com/ahmadbilalcode,231622512,2025-09,6,11,10,2024–2026
mohsinkhadim59,https://github.com/mohsinkhadim59,239785698,2025-10,6,533,10,2024–2026
Waqar-743,https://github.com/Waqar-743,240287647,2025-10,27,392,10,2024–2026
muhammad102331-hash,https://github.com/muhammad102331-hash,237965092,2025-10,42,137,10,2024–2026
paperzain,https://github.com/paperzain,235723560,2025-10,6,89,10,2024–2026
Sohaib-D,https://github.com/Sohaib-D,236822634,2025-10,7,74,10,2024–2026
222125-dot,https://github.com/222125-dot,238510898,2025-10,7,71,10,2024–2026
arsalan-arish,https://github.com/arsalan-arish,238117884,2025-10,10,68,10,2024–2026
MuhammadZebadiyaFaisal,https://github.com/MuhammadZebadiyaFaisal,237380821,2025-10,8,40,10,2024–2026
ibrar66t-tech,https://github.com/ibrar66t-tech,235816606,2025-10,13,33,10,2024–2026
alyahmadjan,https://github.com/alyahmadjan,237115353,2025-10,7,33,10,2024–2026
0xshaheer,https://github.com/0xshaheer,240985179,2025-10,9,30,10,2024–2026
asadkhan21444,https://github.com/asadkhan21444,236454588,2025-10,13,28,10,2024–2026
Aqdas01,https://github.com/Aqdas01,241232081,2025-10,15,27,10,2024–2026
zain1522532-svg,https://github.com/zain1522532-svg,236848556,2025-10,6,21,10,2024–2026
abdullahameen360,https://github.com/abdullahameen360,239105064,2025-10,9,20,10,2024–2026
Aamir-Waqas,https://github.com/Aamir-Waqas,239972654,2025-10,6,20,10,2024–2026
Alishba-codes,https://github.com/Alishba-codes,238313965,2025-10,6,18,10,2024–2026
ali5729985-glitch,https://github.com/ali5729985-glitch,236090945,2025-10,11,17,10,2024–2026
ibtihajworld-a11y,https://github.com/ibtihajworld-a11y,237219901,2025-10,8,16,10,2024–2026
SaifDevAI,https://github.com/SaifDevAI,241306036,2025-10,7,14,10,2024–2026
yousafkhan2059,https://github.com/yousafkhan2059,237601887,2025-10,12,13,10,2024–2026
MuhammadNiazAli,https://github.com/MuhammadNiazAli,241714793,2025-11,42,268,10,2024–2026
Khadija-Jumani,https://github.com/Khadija-Jumani,242854076,2025-11,9,194,10,2024–2026
meetsingh8879-del,https://github.com/meetsingh8879-del,247037576,2025-11,21,104,10,2024–2026
waleedtechdev09-glitch,https://github.com/waleedtechdev09-glitch,244701104,2025-11,13,96,10,2024–2026
aryankha098-code,https://github.com/aryankha098-code,246076027,2025-11,10,85,10,2024–2026
zeesofttechlibraries,https://github.com/zeesofttechlibraries,243501981,2025-11,6,79,10,2024–2026
uu1938485-code,https://github.com/uu1938485-code,246496639,2025-11,12,73,10,2024–2026
moizdev2640,https://github.com/moizdev2640,243230936,2025-11,10,54,10,2024–2026
mfayazkhan50-AI,https://github.com/mfayazkhan50-AI,244158248,2025-11,6,53,10,2024–2026
Adnan-karamat,https://github.com/Adnan-karamat,243741298,2025-11,12,39,10,2024–2026
khaliqtaimoor6-codes,https://github.com/khaliqtaimoor6-codes,242909485,2025-11,8,35,10,2024–2026
Hamdan-a11y,https://github.com/Hamdan-a11y,242740933,2025-11,6,25,10,2024–2026
bilalsadozai-eng,https://github.com/bilalsadozai-eng,242636431,2025-11,7,21,10,2024–2026
taimoordata607-arch,https://github.com/taimoordata607-arch,242752697,2025-11,10,16,10,2024–2026
abdulli23309-ops,https://github.com/abdulli23309-ops,245516349,2025-11,6,14,10,2024–2026
malikadil4246-lang,https://github.com/malikadil4246-lang,241541493,2025-11,15,13,10,2024–2026
areebazeb10,https://github.com/areebazeb10,246138499,2025-11,9,13,10,2024–2026
muhammadusmanray-ops,https://github.com/muhammadusmanray-ops,248755168,2025-12,16,221,10,2024–2026
abdulrafayau,https://github.com/abdulrafayau,252367199,2025-12,25,173,10,2024–2026
jawadprime,https://github.com/jawadprime,251637112,2025-12,10,163,10,2024–2026
wali-WallE,https://github.com/wali-WallE,248290353,2025-12,22,152,10,2024–2026
devhassanakhtar,https://github.com/devhassanakhtar,251158906,2025-12,29,108,10,2024–2026
Muhammad-Bilal-03,https://github.com/Muhammad-Bilal-03,248140505,2025-12,6,93,10,2024–2026
mAB-Barket,https://github.com/mAB-Barket,249697066,2025-12,18,84,10,2024–2026
rashidabdullah5737-ai,https://github.com/rashidabdullah5737-ai,250394942,2025-12,13,64,10,2024–2026
taimoorkhan007705-wq,https://github.com/taimoorkhan007705-wq,248661883,2025-12,17,60,10,2024–2026
mutahirgillani1717,https://github.com/mutahirgillani1717,248155380,2025-12,17,50,10,2024–2026
tehzib014-dev,https://github.com/tehzib014-dev,248195548,2025-12,14,50,10,2024–2026
Majidaziz910,https://github.com/Majidaziz910,247432701,2025-12,7,48,10,2024–2026
M-Awad-27,https://github.com/M-Awad-27,247173122,2025-12,9,41,10,2024–2026
Shazada-7,https://github.com/Shazada-7,248001699,2025-12,6,37,10,2024–2026
israrkhan032997-cyber,https://github.com/israrkhan032997-cyber,248665592,2025-12,6,36,10,2024–2026
Huzaifa-Amir-1,https://github.com/Huzaifa-Amir-1,250711658,2025-12,10,35,10,2024–2026
anass-nadeem,https://github.com/anass-nadeem,250719172,2025-12,6,30,10,2024–2026
Zeeshan564,https://github.com/Zeeshan564,248603843,2025-12,15,28,10,2024–2026
musmancs,https://github.com/musmancs,247626349,2025-12,7,24,10,2024–2026
syed-khuzema-ali,https://github.com/syed-khuzema-ali,248160593,2025-12,6,18,10,2024–2026
faryalshariq8,https://github.com/faryalshariq8,249626605,2025-12,8,13,10,2024–2026
hassanaiengineer,https://github.com/hassanaiengineer,252770393,2026-01,19,408,10,2024–2026
SheharyarAli-Dev,https://github.com/SheharyarAli-Dev,257610074,2026-01,9,134,10,2024–2026
AKNAQVI,https://github.com/AKNAQVI,258300656,2026-01,21,87,10,2024–2026
M-Faisal12,https://github.com/M-Faisal12,253909123,2026-01,11,84,10,2024–2026
alihamza908007,https://github.com/alihamza908007,253979602,2026-01,8,66,10,2024–2026
sairamalik-cmd,https://github.com/sairamalik-cmd,254612620,2026-01,12,63,10,2024–2026
abdullahnkhokhar-ux,https://github.com/abdullahnkhokhar-ux,258283848,2026-01,7,29,10,2024–2026
mzain-there,https://github.com/mzain-there,256254935,2026-01,10,28,10,2024–2026
mazkar-224,https://github.com/mazkar-224,258277470,2026-01,12,26,10,2024–2026
MuhammadMaaz06,https://github.com/MuhammadMaaz06,254417021,2026-01,12,21,10,2024–2026
syedmuhammadalimahdi12,https://github.com/syedmuhammadalimahdi12,255296322,2026-01,6,21,10,2024–2026
abdu2256,https://github.com/abdu2256,256071356,2026-01,7,20,10,2024–2026
BilalNadeem786,https://github.com/BilalNadeem786,257120841,2026-01,11,18,10,2024–2026
shahmeerrazi-maker,https://github.com/shahmeerrazi-maker,256383796,2026-01,7,17,10,2024–2026
eshalmalikk90-wq,https://github.com/eshalmalikk90-wq,258378022,2026-01,10,16,10,2024–2026
wdseoabdullah-ctrl,https://github.com/wdseoabdullah-ctrl,255488434,2026-01,6,15,10,2024–2026
zubair7877581-oss,https://github.com/zubair7877581-oss,252870172,2026-01,6,13,10,2024–2026
aleenaAIEngineer,https://github.com/aleenaAIEngineer,255366417,2026-01,6,12,10,2024–2026
SHAKAR-AFZAL,https://github.com/SHAKAR-AFZAL,260949737,2026-02,13,266,10,2024–2026
AdilZaman98,https://github.com/AdilZaman98,263185218,2026-02,47,129,10,2024–2026
farwah-h,https://github.com/farwah-h,258754239,2026-02,12,71,10,2024–2026
dev-mzainulabideen,https://github.com/dev-mzainulabideen,261728419,2026-02,10,67,10,2024–2026
ahmedshomail007-lgtm,https://github.com/ahmedshomail007-lgtm,260473242,2026-02,28,62,10,2024–2026
Asif-Khan1122,https://github.com/Asif-Khan1122,264014904,2026-02,13,47,10,2024–2026
sami-murad,https://github.com/sami-murad,263049748,2026-02,10,36,10,2024–2026
FarhanMalik082,https://github.com/FarhanMalik082,264014780,2026-02,8,19,10,2024–2026
Arsi71,https://github.com/Arsi71,262282694,2026-02,12,16,10,2024–2026
HUSNAIN4343,https://github.com/HUSNAIN4343,266333679,2026-03,6,33,10,2024–2026
msaadahmad358,https://github.com/msaadahmad358,264814329,2026-03,16,28,10,2024–2026
mbilal-maker,https://github.com/mbilal-maker,264957886,2026-03,6,17,10,2024–2026
toobinoor143-wq,https://github.com/toobinoor143-wq,266232935,2026-03,10,12,10,2024–2026
