Username,Profile URL,GitHub ID,Year_Group,Public_Repositories,Lifetime_Commits,sector_id,sector_label
rizwany,https://github.com/rizwany,184817,2010-01,8,37,0,2010–2016
mshoaib,https://github.com/mshoaib,177894,2010-01,14,23,0,2010–2016
maamir,https://github.com/maamir,210528,2010-02,14,145,0,2010–2016
hamdan,https://github.com/hamdan,248775,2010-04,18,78,0,2010–2016
jawwadalam2002,https://github.com/jawwadalam2002,246739,2010-04,14,25,0,2010–2016
snkhan120,https://github.com/snkhan120,285439,2010-05,43,345,0,2010–2016
saadrehman,https://github.com/saadrehman,338472,2010-07,42,40,0,2010–2016
arfeen,https://github.com/arfeen,441804,2010-10,14,30,0,2010–2016
Shaz3e,https://github.com/Shaz3e,526602,2010-12,97,1752,0,2010–2016
moyed,https://github.com/moyed,518801,2010-12,19,88,0,2010–2016
mrkkhattak,https://github.com/mrkkhattak,687774,2011-03,17,222,0,2010–2016
akifraza,https://github.com/akifraza,666731,2011-03,18,59,0,2010–2016
halfbug,https://github.com/halfbug,748321,2011-04,92,4443,0,2010–2016
raomohsinkhan,https://github.com/raomohsinkhan,811377,2011-05,16,586,0,2010–2016
naveedpash,https://github.com/naveedpash,879490,2011-06,34,4156,0,2010–2016
icemelt7,https://github.com/icemelt7,878042,2011-06,14,178,0,2010–2016
faizulhaque,https://github.com/faizulhaque,836298,2011-06,53,32,0,2010–2016
haisum,https://github.com/haisum,911409,2011-07,60,1479,0,2010–2016
php-minister,https://github.com/php-minister,920609,2011-07,10,540,0,2010–2016
mashhoodr,https://github.com/mashhoodr,890800,2011-07,43,266,0,2010–2016
wahajali,https://github.com/wahajali,894764,2011-07,22,40,0,2010–2016
manshoor,https://github.com/manshoor,966957,2011-08,28,51,0,2010–2016
justnajm,https://github.com/justnajm,1032144,2011-09,24,83,0,2010–2016
Abdul-Rahman,https://github.com/Abdul-Rahman,1142080,2011-10,18,155,0,2010–2016
sufyankhan,https://github.com/sufyankhan,1107574,2011-10,21,114,0,2010–2016
raheelshan,https://github.com/raheelshan,1201745,2011-11,98,117,0,2010–2016
mohammed52,https://github.com/mohammed52,1243755,2011-12,33,4232,0,2010–2016
jawaidakhter,https://github.com/jawaidakhter,1271330,2011-12,19,43,0,2010–2016
mmmovania,https://github.com/mmmovania,1354859,2012-01,65,1410,0,2010–2016
rafayali,https://github.com/rafayali,1373965,2012-01,9,346,0,2010–2016
shakirmengrani,https://github.com/shakirmengrani,1317909,2012-01,83,329,0,2010–2016
hussainmuzzamil,https://github.com/hussainmuzzamil,1318199,2012-01,57,208,0,2010–2016
talib570,https://github.com/talib570,1312325,2012-01,45,102,0,2010–2016
kashifrehmanarain,https://github.com/kashifrehmanarain,1313308,2012-01,37,78,0,2010–2016
smshahrukh,https://github.com/smshahrukh,1366929,2012-01,24,46,0,2010–2016
arifansari,https://github.com/arifansari,1378943,2012-01,14,31,0,2010–2016
webwizo,https://github.com/webwizo,1593953,2012-03,54,165,0,2010–2016
ashokekumar,https://github.com/ashokekumar,1584355,2012-03,21,46,0,2010–2016
shaheerakhlaq,https://github.com/shaheerakhlaq,1546790,2012-03,7,39,0,2010–2016
srehanuddin,https://github.com/srehanuddin,1668868,2012-04,62,420,0,2010–2016
zaidpirwani,https://github.com/zaidpirwani,1651976,2012-04,72,157,0,2010–2016
m-saifuddin,https://github.com/m-saifuddin,1644046,2012-04,9,56,0,2010–2016
whsheikh101,https://github.com/whsheikh101,1682527,2012-04,8,30,0,2010–2016
firdousali86,https://github.com/firdousali86,1745827,2012-05,70,626,0,2010–2016
mahmoodayaz7,https://github.com/mahmoodayaz7,1766248,2012-05,82,460,0,2010–2016
AffanHasan,https://github.com/AffanHasan,1730485,2012-05,46,346,0,2010–2016
aubykhan,https://github.com/aubykhan,1756496,2012-05,37,142,0,2010–2016
rahilwazir,https://github.com/rahilwazir,1818941,2012-06,85,1539,0,2010–2016
mysteryjeans,https://github.com/mysteryjeans,1826883,2012-06,25,1193,0,2010–2016
mohaqqani,https://github.com/mohaqqani,1823775,2012-06,19,100,0,2010–2016
HabibAliAtFolio3,https://github.com/HabibAliAtFolio3,1871325,2012-06,13,36,0,2010–2016
ehsanrashid,https://github.com/ehsanrashid,2037995,2012-07,15,3200,0,2010–2016
umairazfar,https://github.com/umairazfar,2038947,2012-07,33,247,0,2010–2016
muneebrbaig,https://github.com/muneebrbaig,1953315,2012-07,26,97,0,2010–2016
shahabejaz,https://github.com/shahabejaz,1955460,2012-07,27,90,0,2010–2016
mazib,https://github.com/mazib,2055231,2012-07,10,42,0,2010–2016
HabibAli,https://github.com/HabibAli,1933835,2012-07,6,29,0,2010–2016
sp3tsnaz,https://github.com/sp3tsnaz,2050194,2012-07,26,25,0,2010–2016
faisalferoz,https://github.com/faisalferoz,1998777,2012-07,54,24,0,2010–2016
faisalrahman36,https://github.com/faisalrahman36,2101520,2012-08,65,279,0,2010–2016
salishaukat,https://github.com/salishaukat,2181776,2012-08,10,201,0,2010–2016
logicware,https://github.com/logicware,2248704,2012-08,21,73,0,2010–2016
syadeem,https://github.com/syadeem,2151580,2012-08,7,25,0,2010–2016
Furqankhanzada,https://github.com/Furqankhanzada,2400215,2012-09,48,1542,0,2010–2016
bahadur,https://github.com/bahadur,2377538,2012-09,11,62,0,2010–2016
ashersyed,https://github.com/ashersyed,2677498,2012-10,66,905,0,2010–2016
sohaibnehal,https://github.com/sohaibnehal,2470950,2012-10,31,133,0,2010–2016
aarishkhan,https://github.com/aarishkhan,2471000,2012-10,13,21,0,2010–2016
pakistancan,https://github.com/pakistancan,2819025,2012-11,21,225,0,2010–2016
mzeeshanid,https://github.com/mzeeshanid,2767152,2012-11,39,222,0,2010–2016
skarmani2002,https://github.com/skarmani2002,2855261,2012-11,40,208,0,2010–2016
srladuani,https://github.com/srladuani,2899520,2012-11,23,171,0,2010–2016
casper123,https://github.com/casper123,2751821,2012-11,36,47,0,2010–2016
sajjad037,https://github.com/sajjad037,3012751,2012-12,21,1496,0,2010–2016
zohairhemani1,https://github.com/zohairhemani1,3095277,2012-12,21,579,0,2010–2016
SumeetKK,https://github.com/SumeetKK,3128122,2012-12,11,145,0,2010–2016
muhammad-meraj,https://github.com/muhammad-meraj,3131480,2012-12,8,55,0,2010–2016
shabeepk,https://github.com/shabeepk,2941636,2012-12,26,50,0,2010–2016
MagicRedDeer,https://github.com/MagicRedDeer,3265849,2013-01,40,800,0,2010–2016
azharhussain,https://github.com/azharhussain,3325291,2013-01,26,712,0,2010–2016
mohuk,https://github.com/mohuk,3163551,2013-01,139,667,0,2010–2016
MohammedTaha,https://github.com/MohammedTaha,3276864,2013-01,38,136,0,2010–2016
imranmali,https://github.com/imranmali,3178927,2013-01,8,100,0,2010–2016
sshamim,https://github.com/sshamim,3235474,2013-01,11,95,0,2010–2016
asherjawad,https://github.com/asherjawad,3187360,2013-01,17,47,0,2010–2016
MrSMAK,https://github.com/MrSMAK,3213068,2013-01,11,31,0,2010–2016
Nabeelhassan,https://github.com/Nabeelhassan,3646709,2013-02,56,1292,0,2010–2016
ArhanShahid,https://github.com/ArhanShahid,3617684,2013-02,38,298,0,2010–2016
kashifahmedkhan,https://github.com/kashifahmedkhan,3449702,2013-02,16,109,0,2010–2016
tahamshahzad,https://github.com/tahamshahzad,3669057,2013-02,11,93,0,2010–2016
muhammadsheraz,https://github.com/muhammadsheraz,3529481,2013-02,20,80,0,2010–2016
khurshedmemon,https://github.com/khurshedmemon,3677143,2013-02,9,71,0,2010–2016
AbdussamadA,https://github.com/AbdussamadA,3611810,2013-02,9,46,0,2010–2016
ALTAMASH80,https://github.com/ALTAMASH80,3577323,2013-02,8,43,0,2010–2016
engr-erum,https://github.com/engr-erum,3645358,2013-02,11,34,0,2010–2016
agahii,https://github.com/agahii,3959154,2013-03,11,366,0,2010–2016
KashifAhmed,https://github.com/KashifAhmed,3757668,2013-03,40,199,0,2010–2016
mqpasta,https://github.com/mqpasta,3919093,2013-03,29,172,0,2010–2016
rameezusmani,https://github.com/rameezusmani,3861967,2013-03,7,91,0,2010–2016
TheArchitect-94,https://github.com/TheArchitect-94,3755993,2013-03,27,87,0,2010–2016
thepetronics,https://github.com/thepetronics,3830753,2013-03,7,84,0,2010–2016
EXEIdeas,https://github.com/EXEIdeas,3936751,2013-03,10,34,0,2010–2016
MuhammadHasan,https://github.com/MuhammadHasan,3851408,2013-03,16,33,0,2010–2016
brainexception,https://github.com/brainexception,3921743,2013-03,13,29,0,2010–2016
a-to-z,https://github.com/a-to-z,4037391,2013-04,11,1533,0,2010–2016
owaisafaq,https://github.com/owaisafaq,4259627,2013-04,6,1310,0,2010–2016
iqbalmalik89,https://github.com/iqbalmalik89,4177656,2013-04,39,701,0,2010–2016
AliAdil,https://github.com/AliAdil,4159006,2013-04,52,683,0,2010–2016
akbarattari,https://github.com/akbarattari,4111505,2013-04,31,274,0,2010–2016
aliakhtar49,https://github.com/aliakhtar49,4235810,2013-04,33,219,0,2010–2016
mrabro,https://github.com/mrabro,4149030,2013-04,50,173,0,2010–2016
tabain,https://github.com/tabain,4069365,2013-04,14,160,0,2010–2016
inampaki,https://github.com/inampaki,4215868,2013-04,15,92,0,2010–2016
ahmkhan,https://github.com/ahmkhan,4222645,2013-04,9,80,0,2010–2016
sannan1993,https://github.com/sannan1993,4242670,2013-04,21,75,0,2010–2016
Wajiha-Kanwal,https://github.com/Wajiha-Kanwal,4168644,2013-04,14,54,0,2010–2016
smuaq,https://github.com/smuaq,4241552,2013-04,14,52,0,2010–2016
muhammadshakeel,https://github.com/muhammadshakeel,4094268,2013-04,20,41,0,2010–2016
kamrankami55,https://github.com/kamrankami55,4226331,2013-04,10,30,0,2010–2016
baberkhan,https://github.com/baberkhan,4225937,2013-04,6,27,0,2010–2016
hatimdisawala,https://github.com/hatimdisawala,4221100,2013-04,8,26,0,2010–2016
kamalpanhwar,https://github.com/kamalpanhwar,4409408,2013-05,41,183,0,2010–2016
usmani93,https://github.com/usmani93,4352121,2013-05,38,132,0,2010–2016
gahse,https://github.com/gahse,4549884,2013-05,7,114,0,2010–2016
afrozhussain,https://github.com/afrozhussain,4417668,2013-05,49,85,0,2010–2016
mfahadahmed,https://github.com/mfahadahmed,4477057,2013-05,11,73,0,2010–2016
DaniyalRaza,https://github.com/DaniyalRaza,4473022,2013-05,9,57,0,2010–2016
Moiz-kz-Rajput,https://github.com/Moiz-kz-Rajput,4410303,2013-05,23,50,0,2010–2016
waaleedkhan,https://github.com/waaleedkhan,4310613,2013-05,6,39,0,2010–2016
mutahar-alam,https://github.com/mutahar-alam,4321072,2013-05,16,25,0,2010–2016
hoshoo21,https://github.com/hoshoo21,4757063,2013-06,72,248,0,2010–2016
aftabsikander,https://github.com/aftabsikander,4800511,2013-06,169,160,0,2010–2016
syedjawadhashmi,https://github.com/syedjawadhashmi,4591966,2013-06,33,129,0,2010–2016
t-khan-k,https://github.com/t-khan-k,4752437,2013-06,10,112,0,2010–2016
FaizanDurrani,https://github.com/FaizanDurrani,4832034,2013-06,41,110,0,2010–2016
mareebsiddiqui,https://github.com/mareebsiddiqui,4663551,2013-06,19,97,0,2010–2016
Haideralee,https://github.com/Haideralee,4715743,2013-06,46,69,0,2010–2016
amirhere,https://github.com/amirhere,4748449,2013-06,12,51,0,2010–2016
alirazabhayani,https://github.com/alirazabhayani,4738669,2013-06,22,44,0,2010–2016
sirmujahid,https://github.com/sirmujahid,4703900,2013-06,25,31,0,2010–2016
rafayfarooq92,https://github.com/rafayfarooq92,4699477,2013-06,8,17,0,2010–2016
dost2dost,https://github.com/dost2dost,5059953,2013-07,71,1025,0,2010–2016
hmnajam,https://github.com/hmnajam,5098925,2013-07,119,202,0,2010–2016
ArhumIshtiaq,https://github.com/ArhumIshtiaq,5040609,2013-07,47,160,0,2010–2016
MShaheer,https://github.com/MShaheer,4920885,2013-07,25,146,0,2010–2016
FarrukhSaleem,https://github.com/FarrukhSaleem,4987961,2013-07,25,141,0,2010–2016
imtiaz-ishaque,https://github.com/imtiaz-ishaque,4955991,2013-07,25,90,0,2010–2016
ngfarjad,https://github.com/ngfarjad,4947393,2013-07,23,86,0,2010–2016
msbh,https://github.com/msbh,4945825,2013-07,13,52,0,2010–2016
xaharx,https://github.com/xaharx,5094911,2013-07,21,29,0,2010–2016
zaheerehmad,https://github.com/zaheerehmad,4983903,2013-07,11,19,0,2010–2016
nandlal-tjm,https://github.com/nandlal-tjm,5101781,2013-07,7,19,0,2010–2016
suneelkumar91,https://github.com/suneelkumar91,5219123,2013-08,13,835,0,2010–2016
mugheerasadiq,https://github.com/mugheerasadiq,5298086,2013-08,28,275,0,2010–2016
jawadhassan,https://github.com/jawadhassan,5197168,2013-08,23,252,0,2010–2016
masroorejaz,https://github.com/masroorejaz,5208320,2013-08,6,60,0,2010–2016
ibadb,https://github.com/ibadb,5236543,2013-08,10,56,0,2010–2016
centhacker,https://github.com/centhacker,5254459,2013-08,7,24,0,2010–2016
Adeel0725,https://github.com/Adeel0725,5219347,2013-08,6,23,0,2010–2016
RajAyaz,https://github.com/RajAyaz,5180937,2013-08,6,22,0,2010–2016
msohailshaikh,https://github.com/msohailshaikh,5136473,2013-08,80,21,0,2010–2016
kashifzaidi1,https://github.com/kashifzaidi1,5499939,2013-09,23,372,0,2010–2016
assadzakir,https://github.com/assadzakir,5568769,2013-09,99,303,0,2010–2016
amirraza,https://github.com/amirraza,5557286,2013-09,28,237,0,2010–2016
ahmer-yasin,https://github.com/ahmer-yasin,5410527,2013-09,59,184,0,2010–2016
A1M918,https://github.com/A1M918,5567742,2013-09,33,159,0,2010–2016
Taariqq,https://github.com/Taariqq,5413852,2013-09,29,154,0,2010–2016
ibrahimaftab,https://github.com/ibrahimaftab,5506364,2013-09,8,132,0,2010–2016
MuhammadFaizanKhan,https://github.com/MuhammadFaizanKhan,5569155,2013-09,26,76,0,2010–2016
Abdullah440,https://github.com/Abdullah440,5467895,2013-09,9,66,0,2010–2016
DrNomanIslam,https://github.com/DrNomanIslam,5576264,2013-09,20,62,0,2010–2016
shahaider,https://github.com/shahaider,5573621,2013-09,14,53,0,2010–2016
farazahmed,https://github.com/farazahmed,5484657,2013-09,21,51,0,2010–2016
attakhan,https://github.com/attakhan,5550167,2013-09,8,40,0,2010–2016
masilat,https://github.com/masilat,5464474,2013-09,9,34,0,2010–2016
hammadcapricorn,https://github.com/hammadcapricorn,5569544,2013-09,40,30,0,2010–2016
munsifali,https://github.com/munsifali,5415709,2013-09,6,26,0,2010–2016
ImranUnis0,https://github.com/ImranUnis0,5569151,2013-09,6,24,0,2010–2016
abmussani,https://github.com/abmussani,5653562,2013-10,10,982,0,2010–2016
mfarhankz,https://github.com/mfarhankz,5675234,2013-10,20,557,0,2010–2016
hammadhassan,https://github.com/hammadhassan,5791268,2013-10,74,420,0,2010–2016
Rehanmeo,https://github.com/Rehanmeo,5676843,2013-10,25,322,0,2010–2016
mrazam110,https://github.com/mrazam110,5674070,2013-10,37,284,0,2010–2016
umer-farooq,https://github.com/umer-farooq,5632067,2013-10,7,236,0,2010–2016
shahzadns,https://github.com/shahzadns,5788721,2013-10,21,185,0,2010–2016
ikyaqoob,https://github.com/ikyaqoob,5754561,2013-10,165,104,0,2010–2016
mehmoodulhaq,https://github.com/mehmoodulhaq,5621024,2013-10,54,84,0,2010–2016
saqibmabbasi,https://github.com/saqibmabbasi,5669424,2013-10,6,80,0,2010–2016
waqarnaeem5,https://github.com/waqarnaeem5,5662104,2013-10,15,36,0,2010–2016
bilalshahid10,https://github.com/bilalshahid10,5663531,2013-10,6,26,0,2010–2016
riazweb,https://github.com/riazweb,6043240,2013-11,7,738,0,2010–2016
Rohail1,https://github.com/Rohail1,5876740,2013-11,69,573,0,2010–2016
dev-railstech,https://github.com/dev-railstech,5863356,2013-11,13,430,0,2010–2016
ammar-ali,https://github.com/ammar-ali,6028887,2013-11,8,403,0,2010–2016
shahnawaz,https://github.com/shahnawaz,6070111,2013-11,36,265,0,2010–2016
TheSarfaraz,https://github.com/TheSarfaraz,5884576,2013-11,39,252,0,2010–2016
rajasajidmanzoor,https://github.com/rajasajidmanzoor,5917783,2013-11,37,232,0,2010–2016
mshahabrauf,https://github.com/mshahabrauf,5953527,2013-11,41,144,0,2010–2016
mustafazaki,https://github.com/mustafazaki,6066485,2013-11,20,102,0,2010–2016
samarhaider,https://github.com/samarhaider,6019498,2013-11,23,78,0,2010–2016
Aminnazir,https://github.com/Aminnazir,5978936,2013-11,30,71,0,2010–2016
mszb,https://github.com/mszb,5991267,2013-11,42,45,0,2010–2016
sharafjaffri,https://github.com/sharafjaffri,5916816,2013-11,16,41,0,2010–2016
noumanberlas,https://github.com/noumanberlas,5877202,2013-11,20,38,0,2010–2016
mubbi,https://github.com/mubbi,6255767,2013-12,21,749,0,2010–2016
AbdullahNasir,https://github.com/AbdullahNasir,6098055,2013-12,18,144,0,2010–2016
arafays,https://github.com/arafays,6192554,2013-12,81,112,0,2010–2016
rixwankhan,https://github.com/rixwankhan,6233230,2013-12,20,55,0,2010–2016
pleasureinblues,https://github.com/pleasureinblues,6113395,2013-12,17,50,0,2010–2016
inamuj,https://github.com/inamuj,6236406,2013-12,13,31,0,2010–2016
sngarsalan,https://github.com/sngarsalan,6196144,2013-12,6,30,0,2010–2016
uthegenius,https://github.com/uthegenius,6263757,2013-12,9,18,0,2010–2016
azeemhassni,https://github.com/azeemhassni,6503258,2014-01,71,1080,0,2010–2016
xuhaibahmad,https://github.com/xuhaibahmad,6507679,2014-01,36,248,0,2010–2016
danishnisar,https://github.com/danishnisar,6329194,2014-01,18,97,0,2010–2016
faraznaqvi,https://github.com/faraznaqvi,6508009,2014-01,15,91,0,2010–2016
FahimNasir,https://github.com/FahimNasir,6350538,2014-01,29,90,0,2010–2016
jahangirmustafa,https://github.com/jahangirmustafa,6481779,2014-01,15,88,0,2010–2016
ammar-hasan,https://github.com/ammar-hasan,6522620,2014-01,15,67,0,2010–2016
MustafaJamal,https://github.com/MustafaJamal,6489510,2014-01,8,28,0,2010–2016
imuhammadshoaib,https://github.com/imuhammadshoaib,6683454,2014-02,26,1340,0,2010–2016
nabeelsaleem,https://github.com/nabeelsaleem,6704727,2014-02,28,1080,0,2010–2016
mustafashoaib,https://github.com/mustafashoaib,6809766,2014-02,15,175,0,2010–2016
anjumsohail,https://github.com/anjumsohail,6648945,2014-02,31,131,0,2010–2016
khayar,https://github.com/khayar,6714503,2014-02,29,99,0,2010–2016
shah743,https://github.com/shah743,6793449,2014-02,175,44,0,2010–2016
Khurrammuslim,https://github.com/Khurrammuslim,6569771,2014-02,12,23,0,2010–2016
muzzammil194,https://github.com/muzzammil194,6901240,2014-03,54,625,0,2010–2016
HARoonMIND,https://github.com/HARoonMIND,7113407,2014-03,18,98,0,2010–2016
shaniiqbal,https://github.com/shaniiqbal,6973598,2014-03,19,57,0,2010–2016
arsalan171,https://github.com/arsalan171,7055998,2014-03,14,37,0,2010–2016
fatik,https://github.com/fatik,7171175,2014-04,29,1902,0,2010–2016
mi-dexigner,https://github.com/mi-dexigner,7349178,2014-04,73,434,0,2010–2016
taharushain,https://github.com/taharushain,7339905,2014-04,24,406,0,2010–2016
shahidkhanafridi,https://github.com/shahidkhanafridi,7134390,2014-04,48,181,0,2010–2016
zeeshanrasool91,https://github.com/zeeshanrasool91,7426937,2014-04,267,152,0,2010–2016
noumanullah,https://github.com/noumanullah,7146752,2014-04,25,128,0,2010–2016
ahsankhatri,https://github.com/ahsankhatri,7288116,2014-04,23,105,0,2010–2016
mzubairsolangi,https://github.com/mzubairsolangi,7314427,2014-04,59,78,0,2010–2016
najamansari,https://github.com/najamansari,7305605,2014-04,26,74,0,2010–2016
madforstrength,https://github.com/madforstrength,7369478,2014-04,14,44,0,2010–2016
shafiqrrehman,https://github.com/shafiqrrehman,7714008,2014-05,19,392,0,2010–2016
pehlajrai,https://github.com/pehlajrai,7522105,2014-05,49,285,0,2010–2016
bilalrazamoon,https://github.com/bilalrazamoon,7682122,2014-05,89,243,0,2010–2016
HafizAhmedMoon,https://github.com/HafizAhmedMoon,7538548,2014-05,23,227,0,2010–2016
zafar-hussain,https://github.com/zafar-hussain,7498674,2014-05,131,138,0,2010–2016
Muhammad-Umer,https://github.com/Muhammad-Umer,7479317,2014-05,10,105,0,2010–2016
roon83,https://github.com/roon83,7685078,2014-05,11,54,0,2010–2016
rahil051,https://github.com/rahil051,7567504,2014-05,21,51,0,2010–2016
Mansoor-amin,https://github.com/Mansoor-amin,7475769,2014-05,35,45,0,2010–2016
nksherani,https://github.com/nksherani,7770081,2014-06,48,363,0,2010–2016
DureSameen,https://github.com/DureSameen,7955707,2014-06,25,223,0,2010–2016
vinodjagwani,https://github.com/vinodjagwani,7984057,2014-06,70,222,0,2010–2016
p2p-alikhan,https://github.com/p2p-alikhan,7841121,2014-06,11,34,0,2010–2016
codvlpr,https://github.com/codvlpr,7852344,2014-06,18,26,0,2010–2016
mtahir08,https://github.com/mtahir08,8261297,2014-07,49,827,0,2010–2016
alifbae,https://github.com/alifbae,8284059,2014-07,13,344,0,2010–2016
syedarifiqbal,https://github.com/syedarifiqbal,8073045,2014-07,30,247,0,2010–2016
jarri-abidi,https://github.com/jarri-abidi,8291818,2014-07,16,236,0,2010–2016
syedanabimam,https://github.com/syedanabimam,8035090,2014-07,37,235,0,2010–2016
rehan-dev,https://github.com/rehan-dev,8132386,2014-07,15,153,0,2010–2016
h4s33b,https://github.com/h4s33b,8180912,2014-07,48,145,0,2010–2016
abialiqutbuddin,https://github.com/abialiqutbuddin,8262854,2014-07,12,137,0,2010–2016
Hulk-Tron,https://github.com/Hulk-Tron,8166090,2014-07,44,88,0,2010–2016
ali-rahman,https://github.com/ali-rahman,8282463,2014-07,9,77,0,2010–2016
talhaamin,https://github.com/talhaamin,8132701,2014-07,15,75,0,2010–2016
nkniazi,https://github.com/nkniazi,8098647,2014-07,25,40,0,2010–2016
smjahanzaib,https://github.com/smjahanzaib,8176458,2014-07,6,40,0,2010–2016
afsarjan23,https://github.com/afsarjan23,8128602,2014-07,20,38,0,2010–2016
MuhammadMohsin,https://github.com/MuhammadMohsin,8535395,2014-08,73,540,0,2010–2016
aitchkhan,https://github.com/aitchkhan,8606435,2014-08,65,533,0,2010–2016
talhazahid,https://github.com/talhazahid,8392047,2014-08,62,261,0,2010–2016
MuhammadShoaibKhan,https://github.com/MuhammadShoaibKhan,8408188,2014-08,63,246,0,2010–2016
anasayubi,https://github.com/anasayubi,8489941,2014-08,27,239,0,2010–2016
faizan1041,https://github.com/faizan1041,8593538,2014-08,113,217,0,2010–2016
KevY007,https://github.com/KevY007,8596387,2014-08,17,138,0,2010–2016
SalmanZahid,https://github.com/SalmanZahid,8514899,2014-08,16,100,0,2010–2016
yousharizvi,https://github.com/yousharizvi,8470542,2014-08,20,80,0,2010–2016
bilalghouri,https://github.com/bilalghouri,8453674,2014-08,41,77,0,2010–2016
haroonattari,https://github.com/haroonattari,8363669,2014-08,13,56,0,2010–2016
Nabilakanwal,https://github.com/Nabilakanwal,8535657,2014-08,8,44,0,2010–2016
RamzyVirani,https://github.com/RamzyVirani,8522676,2014-08,10,41,0,2010–2016
sziahaider,https://github.com/sziahaider,8458071,2014-08,25,25,0,2010–2016
wajahatkarim3,https://github.com/wajahatkarim3,8867121,2014-09,158,1782,0,2010–2016
faizan94,https://github.com/faizan94,8923888,2014-09,26,633,0,2010–2016
NadeemIqbal,https://github.com/NadeemIqbal,8788181,2014-09,48,604,0,2010–2016
zubairghori,https://github.com/zubairghori,8655968,2014-09,28,400,0,2010–2016
ijlalkhanzada,https://github.com/ijlalkhanzada,8779869,2014-09,29,358,0,2010–2016
shoaibghulam,https://github.com/shoaibghulam,8959940,2014-09,73,312,0,2010–2016
utf4,https://github.com/utf4,8614036,2014-09,89,309,0,2010–2016
talhamuhammadashraf,https://github.com/talhamuhammadashraf,8659376,2014-09,28,174,0,2010–2016
azizijunaid-zz,https://github.com/azizijunaid-zz,8958089,2014-09,71,131,0,2010–2016
mohammadsharjil,https://github.com/mohammadsharjil,8751914,2014-09,25,127,0,2010–2016
ham2qur,https://github.com/ham2qur,8612408,2014-09,45,120,0,2010–2016
sultanuddin002,https://github.com/sultanuddin002,8925707,2014-09,30,112,0,2010–2016
OwaisRaza,https://github.com/OwaisRaza,8794822,2014-09,14,100,0,2010–2016
riazahmed0147,https://github.com/riazahmed0147,8849684,2014-09,19,94,0,2010–2016
baqirfarooq,https://github.com/baqirfarooq,8627545,2014-09,17,67,0,2010–2016
anismomin,https://github.com/anismomin,8780881,2014-09,18,63,0,2010–2016
mastyles,https://github.com/mastyles,8895859,2014-09,10,55,0,2010–2016
imraheel,https://github.com/imraheel,8976315,2014-09,7,43,0,2010–2016
musab1234,https://github.com/musab1234,8913078,2014-09,20,39,0,2010–2016
umerHasan,https://github.com/umerHasan,8791223,2014-09,12,30,0,2010–2016
zubair-khanzada,https://github.com/zubair-khanzada,8791331,2014-09,11,30,0,2010–2016
sadiasher,https://github.com/sadiasher,8844366,2014-09,14,23,0,2010–2016
MuhammadKashifShamim,https://github.com/MuhammadKashifShamim,9115774,2014-10,15,1587,0,2010–2016
zaybali,https://github.com/zaybali,9195137,2014-10,51,503,0,2010–2016
adnanirfan,https://github.com/adnanirfan,9200214,2014-10,58,393,0,2010–2016
awaisshah,https://github.com/awaisshah,9105733,2014-10,54,391,0,2010–2016
asimrazakhan,https://github.com/asimrazakhan,9253081,2014-10,45,347,0,2010–2016
asadaziz95,https://github.com/asadaziz95,9146069,2014-10,96,309,0,2010–2016
ihak,https://github.com/ihak,9416779,2014-10,64,305,0,2010–2016
sunnixx,https://github.com/sunnixx,9392771,2014-10,49,286,0,2010–2016
muhammad-nauman,https://github.com/muhammad-nauman,9109152,2014-10,21,218,0,2010–2016
khwdesign,https://github.com/khwdesign,9124427,2014-10,11,152,0,2010–2016
irfan-dahir,https://github.com/irfan-dahir,9166451,2014-10,10,86,0,2010–2016
tahirtaous,https://github.com/tahirtaous,9324202,2014-10,8,59,0,2010–2016
devtram,https://github.com/devtram,9325827,2014-10,20,46,0,2010–2016
mnomanmemon,https://github.com/mnomanmemon,9162827,2014-10,28,37,0,2010–2016
shahbaaz90,https://github.com/shahbaaz90,9108018,2014-10,7,27,0,2010–2016
SyedAliHassanShahBukhari,https://github.com/SyedAliHassanShahBukhari,9167888,2014-10,16,21,0,2010–2016
abbasfaisal,https://github.com/abbasfaisal,9428333,2014-10,11,18,0,2010–2016
SobanNajam,https://github.com/SobanNajam,9368101,2014-10,7,18,0,2010–2016
dayemsiddiqui,https://github.com/dayemsiddiqui,9693176,2014-11,86,2130,0,2010–2016
binhudakhalid,https://github.com/binhudakhalid,9871507,2014-11,62,437,0,2010–2016
ishaq-bhojani,https://github.com/ishaq-bhojani,9676689,2014-11,26,244,0,2010–2016
misbah144,https://github.com/misbah144,9609102,2014-11,16,137,0,2010–2016
tahirhsn91,https://github.com/tahirhsn91,9848232,2014-11,16,134,0,2010–2016
Attaullah7396,https://github.com/Attaullah7396,9782222,2014-11,16,120,0,2010–2016
Waris123,https://github.com/Waris123,9671900,2014-11,26,112,0,2010–2016
ZulfiqarAkram,https://github.com/ZulfiqarAkram,9680116,2014-11,26,108,0,2010–2016
QaseemLodhi,https://github.com/QaseemLodhi,9967313,2014-11,28,96,0,2010–2016
khurramkhan-kk,https://github.com/khurramkhan-kk,9680491,2014-11,31,65,0,2010–2016
mhdfaizan,https://github.com/mhdfaizan,9798020,2014-11,12,45,0,2010–2016
sami1811,https://github.com/sami1811,9516103,2014-11,17,40,0,2010–2016
ovaisahmed43,https://github.com/ovaisahmed43,9747881,2014-11,12,32,0,2010–2016
Talha77,https://github.com/Talha77,9715111,2014-11,9,17,0,2010–2016
mehdirazajaffri,https://github.com/mehdirazajaffri,10342757,2014-12,67,247,0,2010–2016
sameer-khaan,https://github.com/sameer-khaan,10200125,2014-12,14,208,0,2010–2016
dany4ev,https://github.com/dany4ev,10358572,2014-12,28,195,0,2010–2016
OvaisFareed,https://github.com/OvaisFareed,10174999,2014-12,39,161,0,2010–2016
AzeemQidwai,https://github.com/AzeemQidwai,10284324,2014-12,27,147,0,2010–2016
ahmedasim,https://github.com/ahmedasim,10307824,2014-12,12,130,0,2010–2016
sheryarshirazi,https://github.com/sheryarshirazi,10273096,2014-12,30,119,0,2010–2016
MasadAshraf,https://github.com/MasadAshraf,10121311,2014-12,48,101,0,2010–2016
asadalidev,https://github.com/asadalidev,10147174,2014-12,38,78,0,2010–2016
b4basitali,https://github.com/b4basitali,10099154,2014-12,17,67,0,2010–2016
atifhussain-coder,https://github.com/atifhussain-coder,10218602,2014-12,12,62,0,2010–2016
salimsherali,https://github.com/salimsherali,10337108,2014-12,6,38,0,2010–2016
anashussain08,https://github.com/anashussain08,10225358,2014-12,14,37,0,2010–2016
omesh-narwani,https://github.com/omesh-narwani,10280977,2014-12,11,26,0,2010–2016
MoawwizAhmed,https://github.com/MoawwizAhmed,10184435,2014-12,6,23,0,2010–2016
Bilal-Z,https://github.com/Bilal-Z,10467233,2015-01,40,726,0,2010–2016
ObaidAshraf,https://github.com/ObaidAshraf,10379110,2015-01,71,312,0,2010–2016
kamranajabbar,https://github.com/kamranajabbar,10703865,2015-01,41,300,0,2010–2016
aamir1995,https://github.com/aamir1995,10736453,2015-01,43,271,0,2010–2016
junaidiqbalturk,https://github.com/junaidiqbalturk,10692023,2015-01,32,260,0,2010–2016
immad-hamid,https://github.com/immad-hamid,10588714,2015-01,44,183,0,2010–2016
azfarbkhr,https://github.com/azfarbkhr,10502857,2015-01,18,180,0,2010–2016
Abdul-Aziz-Niazi,https://github.com/Abdul-Aziz-Niazi,10364433,2015-01,32,179,0,2010–2016
bilaltariq,https://github.com/bilaltariq,10683094,2015-01,11,100,0,2010–2016
malikfaiq,https://github.com/malikfaiq,10773864,2015-01,20,92,0,2010–2016
professionalsna,https://github.com/professionalsna,10725361,2015-01,24,63,0,2010–2016
aadilwahid,https://github.com/aadilwahid,10738568,2015-01,14,40,0,2010–2016
Atta-Ur-Rehman,https://github.com/Atta-Ur-Rehman,10534070,2015-01,19,33,0,2010–2016
furqanhasan94,https://github.com/furqanhasan94,10693036,2015-01,6,24,0,2010–2016
sarahsga,https://github.com/sarahsga,10798986,2015-02,105,2326,0,2010–2016
Mahmood787,https://github.com/Mahmood787,11247104,2015-02,46,2323,0,2010–2016
MUMARA,https://github.com/MUMARA,10936338,2015-02,33,1186,0,2010–2016
Ghayyas,https://github.com/Ghayyas,10868787,2015-02,123,494,0,2010–2016
tahir94,https://github.com/tahir94,11228643,2015-02,36,281,0,2010–2016
muhammadammarsohail,https://github.com/muhammadammarsohail,10863520,2015-02,26,262,0,2010–2016
sharjeelkhun,https://github.com/sharjeelkhun,10932927,2015-02,36,261,0,2010–2016
hammadallauddin,https://github.com/hammadallauddin,11030408,2015-02,22,148,0,2010–2016
shahbazshueb,https://github.com/shahbazshueb,10958507,2015-02,27,144,0,2010–2016
whmpro,https://github.com/whmpro,10831807,2015-02,9,125,0,2010–2016
MohammadTF,https://github.com/MohammadTF,11040247,2015-02,14,93,0,2010–2016
s-muhammad-saad,https://github.com/s-muhammad-saad,10935574,2015-02,8,81,0,2010–2016
wkarim86,https://github.com/wkarim86,11206432,2015-02,17,70,0,2010–2016
mehdiRoohani,https://github.com/mehdiRoohani,10835492,2015-02,9,57,0,2010–2016
waseembalouch,https://github.com/waseembalouch,11073974,2015-02,6,55,0,2010–2016
waqas-ansari,https://github.com/waqas-ansari,11057961,2015-02,52,49,0,2010–2016
rizwanfancy,https://github.com/rizwanfancy,10910179,2015-02,6,48,0,2010–2016
mahmedyousuf,https://github.com/mahmedyousuf,11191881,2015-02,12,43,0,2010–2016
musabmjafri,https://github.com/musabmjafri,11028547,2015-02,21,41,0,2010–2016
MohammadOwais07,https://github.com/MohammadOwais07,10907146,2015-02,16,35,0,2010–2016
tariqwebstar,https://github.com/tariqwebstar,10883886,2015-02,10,33,0,2010–2016
khurramwaqar,https://github.com/khurramwaqar,10989435,2015-02,19,21,0,2010–2016
Hassaan121,https://github.com/Hassaan121,11228564,2015-02,17,18,0,2010–2016
shanraisshan,https://github.com/shanraisshan,11731897,2015-03,27,2767,0,2010–2016
Translucent504,https://github.com/Translucent504,11474334,2015-03,76,895,0,2010–2016
mohammadrajabraza,https://github.com/mohammadrajabraza,11742902,2015-03,47,765,0,2010–2016
shtaimoortariq,https://github.com/shtaimoortariq,11586628,2015-03,81,446,0,2010–2016
arsalanjamal,https://github.com/arsalanjamal,11278046,2015-03,62,353,0,2010–2016
asadcs,https://github.com/asadcs,11515267,2015-03,63,319,0,2010–2016
islamuddin,https://github.com/islamuddin,11523654,2015-03,58,309,0,2010–2016
ask-khan,https://github.com/ask-khan,11369261,2015-03,55,271,0,2010–2016
kashifsulaiman,https://github.com/kashifsulaiman,11738465,2015-03,58,215,0,2010–2016
iArsalanshah,https://github.com/iArsalanshah,11705844,2015-03,58,161,0,2010–2016
hassanrazahasrat,https://github.com/hassanrazahasrat,11333575,2015-03,18,160,0,2010–2016
MohsinNajmuddin,https://github.com/MohsinNajmuddin,11629780,2015-03,17,117,0,2010–2016
Pakheria,https://github.com/Pakheria,11523483,2015-03,16,64,0,2010–2016
MrAbdulbasit,https://github.com/MrAbdulbasit,11501389,2015-03,12,31,0,2010–2016
AsadRahimLodhi,https://github.com/AsadRahimLodhi,11364110,2015-03,21,30,0,2010–2016
abroojalil,https://github.com/abroojalil,11509107,2015-03,7,30,0,2010–2016
intellectualkid,https://github.com/intellectualkid,11589766,2015-03,7,26,0,2010–2016
theshahidali,https://github.com/theshahidali,11680285,2015-03,10,22,0,2010–2016
AliAzaz,https://github.com/AliAzaz,12116478,2015-04,130,1786,0,2010–2016
ammadhadi,https://github.com/ammadhadi,12110455,2015-04,15,641,0,2010–2016
MuhammadMuzammilQadri,https://github.com/MuhammadMuzammilQadri,12173183,2015-04,76,438,0,2010–2016
TalhaKhatri,https://github.com/TalhaKhatri,12139343,2015-04,23,281,0,2010–2016
FarazTalpur,https://github.com/FarazTalpur,12137672,2015-04,59,242,0,2010–2016
anilhassan512,https://github.com/anilhassan512,11944803,2015-04,12,182,0,2010–2016
milyasyousuf,https://github.com/milyasyousuf,12115122,2015-04,110,176,0,2010–2016
junaidbishi,https://github.com/junaidbishi,12108547,2015-04,28,101,0,2010–2016
abdulsamad19951,https://github.com/abdulsamad19951,11938374,2015-04,14,88,0,2010–2016
dukejib,https://github.com/dukejib,11797850,2015-04,6,80,0,2010–2016
hadihkhan,https://github.com/hadihkhan,12134513,2015-04,16,76,0,2010–2016
osamabinasghar,https://github.com/osamabinasghar,12191306,2015-04,15,53,0,2010–2016
AliMehmood,https://github.com/AliMehmood,12109389,2015-04,7,42,0,2010–2016
mdhammad313,https://github.com/mdhammad313,11799327,2015-04,7,38,0,2010–2016
Shazee12,https://github.com/Shazee12,12088676,2015-04,19,22,0,2010–2016
shariqshahab,https://github.com/shariqshahab,11956324,2015-04,14,22,0,2010–2016
MuhammadOmerKhan,https://github.com/MuhammadOmerKhan,11908689,2015-04,10,22,0,2010–2016
ArsalanHaider,https://github.com/ArsalanHaider,11926564,2015-04,12,19,0,2010–2016
shznaqvi,https://github.com/shznaqvi,12604707,2015-05,112,5891,0,2010–2016
AshrafHussain786,https://github.com/AshrafHussain786,12222904,2015-05,85,4041,0,2010–2016
mohd7469,https://github.com/mohd7469,12613564,2015-05,111,1170,0,2010–2016
Hadisaeed,https://github.com/Hadisaeed,12469951,2015-05,17,714,0,2010–2016
owatheowais,https://github.com/owatheowais,12516089,2015-05,40,672,0,2010–2016
uqutub,https://github.com/uqutub,12484707,2015-05,65,483,0,2010–2016
Monis1,https://github.com/Monis1,12301473,2015-05,32,362,0,2010–2016
Parkash067,https://github.com/Parkash067,12471633,2015-05,47,264,0,2010–2016
usama-ayub,https://github.com/usama-ayub,12628874,2015-05,28,190,0,2010–2016
ruqaiyasattar,https://github.com/ruqaiyasattar,12498051,2015-05,78,184,0,2010–2016
zainansari799,https://github.com/zainansari799,12443512,2015-05,24,108,0,2010–2016
mufarooqq,https://github.com/mufarooqq,12568979,2015-05,68,86,0,2010–2016
ahmedshahjr,https://github.com/ahmedshahjr,12569168,2015-05,11,64,0,2010–2016
aliasad-khowaja,https://github.com/aliasad-khowaja,12594575,2015-05,17,60,0,2010–2016
tauseefahmad548,https://github.com/tauseefahmad548,12592048,2015-05,10,53,0,2010–2016
hamzahabib2000,https://github.com/hamzahabib2000,12470901,2015-05,27,43,0,2010–2016
usmanakhan,https://github.com/usmanakhan,12611794,2015-05,11,41,0,2010–2016
EngrDeeN,https://github.com/EngrDeeN,12219589,2015-05,9,25,0,2010–2016
Umair121245,https://github.com/Umair121245,12206385,2015-05,8,25,0,2010–2016
msaaqibkhan,https://github.com/msaaqibkhan,12228617,2015-05,9,23,0,2010–2016
naveedkumbhar,https://github.com/naveedkumbhar,12951212,2015-06,136,3313,0,2010–2016
salmanpatnee,https://github.com/salmanpatnee,12691574,2015-06,71,1136,0,2010–2016
smkamranqadri,https://github.com/smkamranqadri,13115396,2015-06,130,354,0,2010–2016
thisiszoaib,https://github.com/thisiszoaib,12871111,2015-06,48,245,0,2010–2016
Soomrojb,https://github.com/Soomrojb,13097577,2015-06,26,208,0,2010–2016
amaanullahkhan,https://github.com/amaanullahkhan,13116817,2015-06,13,161,0,2010–2016
faizananwerali,https://github.com/faizananwerali,12691366,2015-06,35,156,0,2010–2016
huzaifaqamer,https://github.com/huzaifaqamer,12796574,2015-06,11,148,0,2010–2016
itsmemz53,https://github.com/itsmemz53,12746190,2015-06,8,68,0,2010–2016
SalmanRafiq,https://github.com/SalmanRafiq,13043934,2015-06,11,41,0,2010–2016
ramishhassanbaig,https://github.com/ramishhassanbaig,12915450,2015-06,6,40,0,2010–2016
MMujtabaRoohani,https://github.com/MMujtabaRoohani,12750672,2015-06,16,30,0,2010–2016
kamrankhatti,https://github.com/kamrankhatti,13028007,2015-06,6,21,0,2010–2016
maaz16,https://github.com/maaz16,12883632,2015-06,8,18,0,2010–2016
mukhtiarahmed,https://github.com/mukhtiarahmed,13566892,2015-07,22,244,0,2010–2016
ahmedtehseen,https://github.com/ahmedtehseen,13465129,2015-07,51,214,0,2010–2016
engr-ahsan,https://github.com/engr-ahsan,13553103,2015-07,79,175,0,2010–2016
mustafaqutbuddin,https://github.com/mustafaqutbuddin,13258829,2015-07,29,135,0,2010–2016
HazizKhan,https://github.com/HazizKhan,13147389,2015-07,44,125,0,2010–2016
sultangillani,https://github.com/sultangillani,13347012,2015-07,11,103,0,2010–2016
hassamshoaib,https://github.com/hassamshoaib,13450200,2015-07,25,87,0,2010–2016
ehsanquranwala,https://github.com/ehsanquranwala,13465116,2015-07,19,72,0,2010–2016
ARr0w,https://github.com/ARr0w,13336785,2015-07,7,24,0,2010–2016
waheedakhter,https://github.com/waheedakhter,13252071,2015-07,8,21,0,2010–2016
mohsinahmad,https://github.com/mohsinahmad,13467084,2015-07,10,20,0,2010–2016
irfansyedpg,https://github.com/irfansyedpg,13650161,2015-08,41,1559,0,2010–2016
waseemmaya,https://github.com/waseemmaya,14045395,2015-08,73,981,0,2010–2016
khanrafay,https://github.com/khanrafay,13959906,2015-08,60,322,0,2010–2016
shoaibuddin12fx,https://github.com/shoaibuddin12fx,13779131,2015-08,37,322,0,2010–2016
aus1st,https://github.com/aus1st,13640099,2015-08,53,220,0,2010–2016
hamza1100,https://github.com/hamza1100,14037952,2015-08,23,151,0,2010–2016
Zainhadi-zz,https://github.com/Zainhadi-zz,13809770,2015-08,32,143,0,2010–2016
ibadia,https://github.com/ibadia,14020143,2015-08,18,134,0,2010–2016
mfaizanchaki,https://github.com/mfaizanchaki,13923247,2015-08,28,121,0,2010–2016
anasak-dev,https://github.com/anasak-dev,14008858,2015-08,15,94,0,2010–2016
imranu46,https://github.com/imranu46,13911205,2015-08,11,33,0,2010–2016
pixelsbyumair,https://github.com/pixelsbyumair,13837780,2015-08,6,31,0,2010–2016
tayyabakhtar94,https://github.com/tayyabakhtar94,13780616,2015-08,7,27,0,2010–2016
MOHAMMADArsalan,https://github.com/MOHAMMADArsalan,14179110,2015-09,95,1224,0,2010–2016
ameerhamza26,https://github.com/ameerhamza26,14327400,2015-09,35,406,0,2010–2016
meesum-Ali,https://github.com/meesum-Ali,14174786,2015-09,16,203,0,2010–2016
AzeemUllah,https://github.com/AzeemUllah,14806309,2015-09,36,169,0,2010–2016
idanish,https://github.com/idanish,14832486,2015-09,9,156,0,2010–2016
iqbalsound,https://github.com/iqbalsound,14857544,2015-09,23,151,0,2010–2016
qandeelabbassi,https://github.com/qandeelabbassi,14296772,2015-09,26,134,0,2010–2016
UmarEhsan,https://github.com/UmarEhsan,14802705,2015-09,68,130,0,2010–2016
Sanjay619,https://github.com/Sanjay619,14068248,2015-09,27,81,0,2010–2016
jounty007,https://github.com/jounty007,14868755,2015-09,55,78,0,2010–2016
Iqra-Khalil,https://github.com/Iqra-Khalil,14874256,2015-09,15,45,0,2010–2016
BaranSaeed,https://github.com/BaranSaeed,14844103,2015-09,17,34,0,2010–2016
syeddaood,https://github.com/syeddaood,14849198,2015-09,16,33,0,2010–2016
shauzab,https://github.com/shauzab,14803093,2015-09,11,31,0,2010–2016
Sehrish21,https://github.com/Sehrish21,14901219,2015-09,18,26,0,2010–2016
azeezsadiq,https://github.com/azeezsadiq,14296171,2015-09,8,20,0,2010–2016
rajabilal555,https://github.com/rajabilal555,15360941,2015-10,53,316,0,2010–2016
arsalanpeerzada,https://github.com/arsalanpeerzada,15162985,2015-10,34,244,0,2010–2016
tariqkhan051,https://github.com/tariqkhan051,15242136,2015-10,16,171,0,2010–2016
jeetash,https://github.com/jeetash,15312959,2015-10,18,96,0,2010–2016
Moix1,https://github.com/Moix1,14925326,2015-10,18,77,0,2010–2016
Wajahat-Hussain,https://github.com/Wajahat-Hussain,15172015,2015-10,64,46,0,2010–2016
shakilsultan,https://github.com/shakilsultan,15131906,2015-10,15,44,0,2010–2016
WajihaaKanwal,https://github.com/WajihaaKanwal,15214522,2015-10,13,44,0,2010–2016
usmandap,https://github.com/usmandap,15185299,2015-10,15,29,0,2010–2016
technetbytes,https://github.com/technetbytes,16043321,2015-11,56,742,0,2010–2016
AnnyIqbal,https://github.com/AnnyIqbal,15605893,2015-11,42,691,0,2010–2016
MHarisMumtaz,https://github.com/MHarisMumtaz,15699979,2015-11,31,445,0,2010–2016
isaadabbasi,https://github.com/isaadabbasi,15571610,2015-11,20,410,0,2010–2016
zsajjad,https://github.com/zsajjad,15834890,2015-11,68,358,0,2010–2016
realrashid,https://github.com/realrashid,15607685,2015-11,24,341,0,2010–2016
AlinaBaber,https://github.com/AlinaBaber,16071566,2015-11,74,285,0,2010–2016
iamrajajamal,https://github.com/iamrajajamal,15702910,2015-11,29,259,0,2010–2016
SaadAhmedx,https://github.com/SaadAhmedx,15558031,2015-11,23,201,0,2010–2016
BabarKhann,https://github.com/BabarKhann,15844043,2015-11,24,193,0,2010–2016
sabanasimbutt,https://github.com/sabanasimbutt,15925421,2015-11,16,192,0,2010–2016
SyedAmmarSohail,https://github.com/SyedAmmarSohail,15625516,2015-11,66,135,0,2010–2016
Ahmed1965,https://github.com/Ahmed1965,15996676,2015-11,73,125,0,2010–2016
star2k279,https://github.com/star2k279,15800914,2015-11,19,115,0,2010–2016
ShariqAsadi,https://github.com/ShariqAsadi,15857261,2015-11,18,108,0,2010–2016
khanrizwan3,https://github.com/khanrizwan3,15954610,2015-11,14,92,0,2010–2016
gulsheeraz,https://github.com/gulsheeraz,15630532,2015-11,7,74,0,2010–2016
ArsalRaza,https://github.com/ArsalRaza,15849943,2015-11,8,68,0,2010–2016
knasirayaz,https://github.com/knasirayaz,15710625,2015-11,19,65,0,2010–2016
zohaibsaleem,https://github.com/zohaibsaleem,15607381,2015-11,22,63,0,2010–2016
Fasih-Baig,https://github.com/Fasih-Baig,15702318,2015-11,8,45,0,2010–2016
aftabry,https://github.com/aftabry,15994933,2015-11,8,41,0,2010–2016
naveed-raza,https://github.com/naveed-raza,15626196,2015-11,13,36,0,2010–2016
farazasifali,https://github.com/farazasifali,15993623,2015-11,6,36,0,2010–2016
MAQ90,https://github.com/MAQ90,15920524,2015-11,20,33,0,2010–2016
arslanahmed9,https://github.com/arslanahmed9,15634421,2015-11,13,29,0,2010–2016
MuhammadAliSaeed,https://github.com/MuhammadAliSaeed,16071883,2015-11,8,29,0,2010–2016
asimzubair,https://github.com/asimzubair,15651448,2015-11,6,29,0,2010–2016
muneebhasan,https://github.com/muneebhasan,15684524,2015-11,20,23,0,2010–2016
MuhammadMazharKhan,https://github.com/MuhammadMazharKhan,15732685,2015-11,7,20,0,2010–2016
Razaurrehman,https://github.com/Razaurrehman,16446410,2015-12,33,593,0,2010–2016
GhazanfarKhan,https://github.com/GhazanfarKhan,16287368,2015-12,48,566,0,2010–2016
alqamabinsadiq,https://github.com/alqamabinsadiq,16412803,2015-12,36,423,0,2010–2016
ImHamzaAnwer,https://github.com/ImHamzaAnwer,16404443,2015-12,37,304,0,2010–2016
SheheryarSherry,https://github.com/SheheryarSherry,16096441,2015-12,60,255,0,2010–2016
muhammadzumair,https://github.com/muhammadzumair,16427058,2015-12,35,232,0,2010–2016
tahahaq,https://github.com/tahahaq,16373805,2015-12,27,231,0,2010–2016
mrkamiali,https://github.com/mrkamiali,16431158,2015-12,25,220,0,2010–2016
QasimNawaz,https://github.com/QasimNawaz,16431165,2015-12,26,207,0,2010–2016
TahaMaqbool,https://github.com/TahaMaqbool,16465103,2015-12,16,171,0,2010–2016
Waqar95,https://github.com/Waqar95,16135320,2015-12,14,170,0,2010–2016
zehra2,https://github.com/zehra2,16487938,2015-12,70,165,0,2010–2016
rahulTalreja7,https://github.com/rahulTalreja7,16160461,2015-12,9,92,0,2010–2016
Sidrah-Madiha,https://github.com/Sidrah-Madiha,16177747,2015-12,20,91,0,2010–2016
muhammadkareem,https://github.com/muhammadkareem,16390559,2015-12,20,79,0,2010–2016
abdul-nafay,https://github.com/abdul-nafay,16440349,2015-12,9,79,0,2010–2016
tahamunib,https://github.com/tahamunib,16264526,2015-12,7,72,0,2010–2016
mask477,https://github.com/mask477,16236506,2015-12,14,61,0,2010–2016
aliaro428,https://github.com/aliaro428,16482295,2015-12,12,54,0,2010–2016
hamzox,https://github.com/hamzox,16427435,2015-12,7,39,0,2010–2016
waqas-mabsapps,https://github.com/waqas-mabsapps,16505114,2015-12,12,32,0,2010–2016
abdulmoizahmed,https://github.com/abdulmoizahmed,16293269,2015-12,9,31,0,2010–2016
adeelamin15,https://github.com/adeelamin15,16396026,2015-12,8,29,0,2010–2016
Ammar512,https://github.com/Ammar512,16382400,2015-12,7,29,0,2010–2016
tabishsabih,https://github.com/tabishsabih,16502099,2015-12,12,28,0,2010–2016
itsFarrukh,https://github.com/itsFarrukh,16438148,2015-12,19,24,0,2010–2016
Muhammad-MuzzamilArif,https://github.com/Muhammad-MuzzamilArif,16295349,2015-12,13,23,0,2010–2016
sheikhemaduddin,https://github.com/sheikhemaduddin,16502609,2015-12,7,22,0,2010–2016
khalidhussaincs,https://github.com/khalidhussaincs,16194408,2015-12,19,21,0,2010–2016
ibadsiddiqui,https://github.com/ibadsiddiqui,16741599,2016-01,82,2914,0,2010–2016
ows-ali,https://github.com/ows-ali,16830711,2016-01,85,1750,0,2010–2016
MussabTanveer,https://github.com/MussabTanveer,16637083,2016-01,36,1331,0,2010–2016
ahmedraza11,https://github.com/ahmedraza11,16984365,2016-01,91,875,0,2010–2016
imhidayatchitrali,https://github.com/imhidayatchitrali,16922237,2016-01,80,578,0,2010–2016
mzeeshansikander,https://github.com/mzeeshansikander,16585991,2016-01,80,518,0,2010–2016
muhammadimran021,https://github.com/muhammadimran021,16763500,2016-01,129,482,0,2010–2016
faizrehman1,https://github.com/faizrehman1,16851251,2016-01,54,398,0,2010–2016
zilehuda,https://github.com/zilehuda,16688852,2016-01,112,388,0,2010–2016
syedbilal07,https://github.com/syedbilal07,16761960,2016-01,45,372,0,2010–2016
xeeshansami,https://github.com/xeeshansami,16753429,2016-01,66,347,0,2010–2016
sarmadzaki,https://github.com/sarmadzaki,16953254,2016-01,66,323,0,2010–2016
arfa123,https://github.com/arfa123,16974364,2016-01,42,296,0,2010–2016
hassansw,https://github.com/hassansw,16528348,2016-01,176,281,0,2010–2016
mnabilarif,https://github.com/mnabilarif,16988074,2016-01,57,258,0,2010–2016
Muhammadwahab,https://github.com/Muhammadwahab,16520277,2016-01,48,243,0,2010–2016
rizwanahmed19,https://github.com/rizwanahmed19,16778193,2016-01,28,241,0,2010–2016
mnaeem05,https://github.com/mnaeem05,16955322,2016-01,19,208,0,2010–2016
xaqibshah,https://github.com/xaqibshah,16668084,2016-01,28,195,0,2010–2016
pkBilalAhmad,https://github.com/pkBilalAhmad,16535417,2016-01,59,187,0,2010–2016
faisalshahbaz,https://github.com/faisalshahbaz,16726093,2016-01,515,184,0,2010–2016
rafaykhanzada,https://github.com/rafaykhanzada,16746451,2016-01,55,177,0,2010–2016
HassanFarooqui,https://github.com/HassanFarooqui,16969614,2016-01,30,177,0,2010–2016
farrukh-malik,https://github.com/farrukh-malik,16780966,2016-01,73,172,0,2010–2016
hass321,https://github.com/hass321,16547525,2016-01,37,172,0,2010–2016
SyedHaris94,https://github.com/SyedHaris94,16894018,2016-01,56,162,0,2010–2016
imtiazahmedd,https://github.com/imtiazahmedd,16895030,2016-01,30,150,0,2010–2016
AwaisZaki,https://github.com/AwaisZaki,16734709,2016-01,50,148,0,2010–2016
MuhammadMavia,https://github.com/MuhammadMavia,16771749,2016-01,31,142,0,2010–2016
MuhammadHanzala,https://github.com/MuhammadHanzala,16626130,2016-01,67,138,0,2010–2016
uzair119,https://github.com/uzair119,16684478,2016-01,23,137,0,2010–2016
AmmarTariq10,https://github.com/AmmarTariq10,16672625,2016-01,43,134,0,2010–2016
Reyhanahmed,https://github.com/Reyhanahmed,16782189,2016-01,19,129,0,2010–2016
MoizurRehman,https://github.com/MoizurRehman,16851578,2016-01,25,125,0,2010–2016
qasim0014,https://github.com/qasim0014,16925118,2016-01,28,118,0,2010–2016
talha110,https://github.com/talha110,16747411,2016-01,32,117,0,2010–2016
arsalankhan994,https://github.com/arsalankhan994,16983518,2016-01,23,110,0,2010–2016
mabdulsubhan,https://github.com/mabdulsubhan,16708586,2016-01,12,110,0,2010–2016
Imtiazhussain123,https://github.com/Imtiazhussain123,16984579,2016-01,19,94,0,2010–2016
ZainKalim-dev,https://github.com/ZainKalim-dev,16866293,2016-01,45,87,0,2010–2016
mariashahid,https://github.com/mariashahid,16819553,2016-01,6,87,0,2010–2016
sherazshaikh,https://github.com/sherazshaikh,16753795,2016-01,11,86,0,2010–2016
siddiqabbasi,https://github.com/siddiqabbasi,16786524,2016-01,20,84,0,2010–2016
majidabbasi110,https://github.com/majidabbasi110,16651645,2016-01,17,84,0,2010–2016
smanzar,https://github.com/smanzar,16663735,2016-01,38,79,0,2010–2016
suraqa,https://github.com/suraqa,16634435,2016-01,21,75,0,2010–2016
FahadAnwarHussain,https://github.com/FahadAnwarHussain,16863465,2016-01,24,73,0,2010–2016
kashanmalick,https://github.com/kashanmalick,16867852,2016-01,28,69,0,2010–2016
smwaqar16,https://github.com/smwaqar16,16646268,2016-01,18,68,0,2010–2016
das4coding,https://github.com/das4coding,16824473,2016-01,17,58,0,2010–2016
syedabdulaala,https://github.com/syedabdulaala,16648261,2016-01,23,56,0,2010–2016
saifFast,https://github.com/saifFast,16968708,2016-01,6,53,0,2010–2016
niazfriend,https://github.com/niazfriend,16647692,2016-01,30,49,0,2010–2016
Osama36,https://github.com/Osama36,16985200,2016-01,8,45,0,2010–2016
owaiskhalid189,https://github.com/owaiskhalid189,16835393,2016-01,13,44,0,2010–2016
rehman22,https://github.com/rehman22,16889407,2016-01,37,39,0,2010–2016
smmuzzammil,https://github.com/smmuzzammil,16643991,2016-01,8,38,0,2010–2016
smuh96,https://github.com/smuh96,16985746,2016-01,7,35,0,2010–2016
hamzashah,https://github.com/hamzashah,16559844,2016-01,15,33,0,2010–2016
MateenKhan3456,https://github.com/MateenKhan3456,16886675,2016-01,7,33,0,2010–2016
hamzasalyem,https://github.com/hamzasalyem,16903199,2016-01,10,31,0,2010–2016
asfaz,https://github.com/asfaz,16851979,2016-01,16,26,0,2010–2016
NawazishAbbas,https://github.com/NawazishAbbas,16717639,2016-01,8,26,0,2010–2016
MuhammadShujait,https://github.com/MuhammadShujait,16913291,2016-01,13,22,0,2010–2016
HammadShareef,https://github.com/HammadShareef,16752158,2016-01,11,22,0,2010–2016
kainatjan,https://github.com/kainatjan,16713467,2016-01,9,22,0,2010–2016
Muzammilkhan10133,https://github.com/Muzammilkhan10133,16881312,2016-01,6,22,0,2010–2016
arif313,https://github.com/arif313,16990949,2016-01,16,20,0,2010–2016
AhsanAk,https://github.com/AhsanAk,16856026,2016-01,9,20,0,2010–2016
allomian,https://github.com/allomian,16562927,2016-01,6,19,0,2010–2016
Safeer12,https://github.com/Safeer12,16877996,2016-01,22,17,0,2010–2016
minhajuddinkhan,https://github.com/minhajuddinkhan,17232528,2016-02,61,699,0,2010–2016
farooqmajeed,https://github.com/farooqmajeed,17095804,2016-02,67,660,0,2010–2016
mohsinansari3011,https://github.com/mohsinansari3011,17275842,2016-02,32,484,0,2010–2016
NazeerBZ,https://github.com/NazeerBZ,17010140,2016-02,65,413,0,2010–2016
AdnanRauf,https://github.com/AdnanRauf,17095268,2016-02,32,389,0,2010–2016
Asadkarim10,https://github.com/Asadkarim10,17032516,2016-02,49,343,0,2010–2016
ibsam,https://github.com/ibsam,17022887,2016-02,17,290,0,2010–2016
MohammedMaaz,https://github.com/MohammedMaaz,17180132,2016-02,41,287,0,2010–2016
syedmuhammadhussain,https://github.com/syedmuhammadhussain,17096139,2016-02,26,268,0,2010–2016
rexrony,https://github.com/rexrony,17447809,2016-02,146,240,0,2010–2016
fareedagha,https://github.com/fareedagha,17095865,2016-02,45,232,0,2010–2016
Salmanmasood,https://github.com/Salmanmasood,17123685,2016-02,42,210,0,2010–2016
saad-5690,https://github.com/saad-5690,17098057,2016-02,23,184,0,2010–2016
Daniyal857,https://github.com/Daniyal857,17511133,2016-02,31,181,0,2010–2016
muhammad-waqar-dev,https://github.com/muhammad-waqar-dev,17097932,2016-02,71,158,0,2010–2016
huzaima,https://github.com/huzaima,17503685,2016-02,22,148,0,2010–2016
mdanial07,https://github.com/mdanial07,17096191,2016-02,47,147,0,2010–2016
mba2295,https://github.com/mba2295,17180890,2016-02,23,131,0,2010–2016
IR-Qureshi,https://github.com/IR-Qureshi,17229814,2016-02,26,102,0,2010–2016
Razeen-ud-din,https://github.com/Razeen-ud-din,17095857,2016-02,18,101,0,2010–2016
ahmedmunaf123,https://github.com/ahmedmunaf123,17094360,2016-02,18,99,0,2010–2016
faizan28,https://github.com/faizan28,17106607,2016-02,10,92,0,2010–2016
ismailtalha,https://github.com/ismailtalha,17415571,2016-02,19,86,0,2010–2016
NadalQamar,https://github.com/NadalQamar,17045203,2016-02,10,84,0,2010–2016
talha180295,https://github.com/talha180295,17538430,2016-02,9,74,0,2010–2016
nawazish-rabbani,https://github.com/nawazish-rabbani,17481005,2016-02,6,54,0,2010–2016
skashanali,https://github.com/skashanali,17094371,2016-02,13,46,0,2010–2016
MuhammadZahid9596,https://github.com/MuhammadZahid9596,17265335,2016-02,25,41,0,2010–2016
sirajshamim,https://github.com/sirajshamim,17528915,2016-02,21,41,0,2010–2016
Mehranumr,https://github.com/Mehranumr,17406808,2016-02,13,38,0,2010–2016
sohaib07,https://github.com/sohaib07,17094381,2016-02,7,36,0,2010–2016
Atifahmed615,https://github.com/Atifahmed615,17216253,2016-02,12,28,0,2010–2016
DevKamran,https://github.com/DevKamran,17278718,2016-02,16,26,0,2010–2016
SydAmmar,https://github.com/SydAmmar,17159393,2016-02,17,24,0,2010–2016
arsalan-arshad,https://github.com/arsalan-arshad,17481154,2016-02,20,22,0,2010–2016
MEHMOODAYAZ,https://github.com/MEHMOODAYAZ,17095820,2016-02,12,19,0,2010–2016
mowaiskalam,https://github.com/mowaiskalam,17184822,2016-02,10,19,0,2010–2016
anashamidkh,https://github.com/anashamidkh,17166951,2016-02,9,18,0,2010–2016
farukh110,https://github.com/farukh110,18110398,2016-03,46,1291,0,2010–2016
naveedaheer,https://github.com/naveedaheer,18028745,2016-03,77,878,0,2010–2016
SheheryarGhaznavi,https://github.com/SheheryarGhaznavi,17730383,2016-03,44,300,0,2010–2016
emfaizan,https://github.com/emfaizan,18038908,2016-03,18,290,0,2010–2016
QasimRRizvi,https://github.com/QasimRRizvi,17559205,2016-03,23,278,0,2010–2016
muhammadfaizananwer-360training,https://github.com/muhammadfaizananwer-360training,17832577,2016-03,12,231,0,2010–2016
mufaddal1165,https://github.com/mufaddal1165,18005853,2016-03,10,215,0,2010–2016
Anas786,https://github.com/Anas786,17783620,2016-03,18,212,0,2010–2016
fawaz-ahmed,https://github.com/fawaz-ahmed,17975968,2016-03,13,183,0,2010–2016
prowaseem,https://github.com/prowaseem,18015880,2016-03,41,179,0,2010–2016
rehan010,https://github.com/rehan010,18083375,2016-03,22,126,0,2010–2016
mohsinayaz,https://github.com/mohsinayaz,17677257,2016-03,28,105,0,2010–2016
saifiqbal,https://github.com/saifiqbal,17966250,2016-03,20,98,0,2010–2016
fawadtariq,https://github.com/fawadtariq,18026360,2016-03,9,80,0,2010–2016
mfaheemakhtar,https://github.com/mfaheemakhtar,17894982,2016-03,11,72,0,2010–2016
UzairSiddiqui1992,https://github.com/UzairSiddiqui1992,18134200,2016-03,11,71,0,2010–2016
mamoonsyed,https://github.com/mamoonsyed,18190421,2016-03,19,60,0,2010–2016
mjunaidkhan94,https://github.com/mjunaidkhan94,17707609,2016-03,6,60,0,2010–2016
saif93,https://github.com/saif93,17797278,2016-03,15,58,0,2010–2016
muhammadsikandarkhatri,https://github.com/muhammadsikandarkhatri,18159307,2016-03,10,56,0,2010–2016
asadriz,https://github.com/asadriz,17641170,2016-03,21,52,0,2010–2016
MoeenKhan,https://github.com/MoeenKhan,17979845,2016-03,13,31,0,2010–2016
abasitrana,https://github.com/abasitrana,18115873,2016-03,10,27,0,2010–2016
OwaisKarni,https://github.com/OwaisKarni,18157853,2016-03,25,23,0,2010–2016
Umarali33,https://github.com/Umarali33,17698767,2016-03,29,21,0,2010–2016
mhd-zulqarnain,https://github.com/mhd-zulqarnain,18640884,2016-04,94,1146,0,2010–2016
Osamak063,https://github.com/Osamak063,18246019,2016-04,34,356,0,2010–2016
atsalmantahir,https://github.com/atsalmantahir,18576136,2016-04,24,185,0,2010–2016
bassamfouad92,https://github.com/bassamfouad92,18706323,2016-04,18,146,0,2010–2016
Shoukatmalik96,https://github.com/Shoukatmalik96,18243509,2016-04,20,124,0,2010–2016
Iamsiraj,https://github.com/Iamsiraj,18510632,2016-04,22,111,0,2010–2016
masoodazhar,https://github.com/masoodazhar,18389771,2016-04,40,106,0,2010–2016
idexigner,https://github.com/idexigner,18255144,2016-04,22,105,0,2010–2016
adeelchainz,https://github.com/adeelchainz,18591970,2016-04,11,95,0,2010–2016
rxzx,https://github.com/rxzx,18695079,2016-04,11,89,0,2010–2016
ramizudd,https://github.com/ramizudd,18575758,2016-04,16,70,0,2010–2016
maksof-kashif,https://github.com/maksof-kashif,18632087,2016-04,14,62,0,2010–2016
Shoukat-bahri-malik,https://github.com/Shoukat-bahri-malik,18510286,2016-04,12,55,0,2010–2016
dailyTask,https://github.com/dailyTask,18418271,2016-04,27,36,0,2010–2016
ArsalanQureshi1996,https://github.com/ArsalanQureshi1996,18434666,2016-04,14,36,0,2010–2016
usamayousuf13,https://github.com/usamayousuf13,18714447,2016-04,8,32,0,2010–2016
ahsanhabib3010,https://github.com/ahsanhabib3010,18249052,2016-04,12,21,0,2010–2016
ErumKhan,https://github.com/ErumKhan,18637647,2016-04,7,20,0,2010–2016
BilalAlam173,https://github.com/BilalAlam173,19489574,2016-05,62,1738,0,2010–2016
SallarBhutto,https://github.com/SallarBhutto,19152432,2016-05,20,366,0,2010–2016
MSalahuddin,https://github.com/MSalahuddin,19502871,2016-05,26,349,0,2010–2016
farhankarim,https://github.com/farhankarim,19637376,2016-05,72,256,0,2010–2016
UsaidMuhammad,https://github.com/UsaidMuhammad,19373627,2016-05,11,232,0,2010–2016
Adamhingoro,https://github.com/Adamhingoro,19391957,2016-05,25,195,0,2010–2016
goharulislam,https://github.com/goharulislam,19301578,2016-05,28,187,0,2010–2016
syedmuhammadabid,https://github.com/syedmuhammadabid,19214455,2016-05,27,186,0,2010–2016
farazsarwar113,https://github.com/farazsarwar113,19138656,2016-05,19,160,0,2010–2016
MuhammadYaseenKhan,https://github.com/MuhammadYaseenKhan,19376494,2016-05,26,154,0,2010–2016
usama-akmal,https://github.com/usama-akmal,19644550,2016-05,24,135,0,2010–2016
bassammmm,https://github.com/bassammmm,19605547,2016-05,17,126,0,2010–2016
mushti,https://github.com/mushti,19475657,2016-05,6,119,0,2010–2016
Shoaib-Alauudin,https://github.com/Shoaib-Alauudin,19239217,2016-05,41,106,0,2010–2016
ashharhasan,https://github.com/ashharhasan,19208699,2016-05,6,100,0,2010–2016
anas-iqbal,https://github.com/anas-iqbal,19326974,2016-05,10,56,0,2010–2016
fazeelahmedsyed,https://github.com/fazeelahmedsyed,19364622,2016-05,13,50,0,2010–2016
syedfahadkhalid,https://github.com/syedfahadkhalid,19229032,2016-05,11,44,0,2010–2016
AftabKhalil,https://github.com/AftabKhalil,19208553,2016-05,23,43,0,2010–2016
NoumanArshad83,https://github.com/NoumanArshad83,19527989,2016-05,12,43,0,2010–2016
ahmedqureshi15,https://github.com/ahmedqureshi15,19417592,2016-05,13,42,0,2010–2016
tahirhassan10p,https://github.com/tahirhassan10p,19426993,2016-05,11,41,0,2010–2016
syedtahasohail,https://github.com/syedtahasohail,19473917,2016-05,7,41,0,2010–2016
uzair-123,https://github.com/uzair-123,19653674,2016-05,11,39,0,2010–2016
n-majeed,https://github.com/n-majeed,19346372,2016-05,20,37,0,2010–2016
MuneebSaith,https://github.com/MuneebSaith,19494725,2016-05,9,28,0,2010–2016
lucinne,https://github.com/lucinne,19428453,2016-05,7,24,0,2010–2016
hammadyounas,https://github.com/hammadyounas,19802606,2016-06,87,835,0,2010–2016
tkz96,https://github.com/tkz96,19762548,2016-06,56,796,0,2010–2016
faizandarwesh,https://github.com/faizandarwesh,19804424,2016-06,56,498,0,2010–2016
umar316,https://github.com/umar316,19845883,2016-06,7,440,0,2010–2016
SaifullahKatpar,https://github.com/SaifullahKatpar,20139234,2016-06,52,309,0,2010–2016
fahadhussain2,https://github.com/fahadhussain2,19908737,2016-06,25,210,0,2010–2016
thisishasan,https://github.com/thisishasan,20142809,2016-06,10,187,0,2010–2016
afnankhanvectra,https://github.com/afnankhanvectra,19771557,2016-06,16,182,0,2010–2016
shahraizhasnain,https://github.com/shahraizhasnain,19727966,2016-06,11,110,0,2010–2016
tahasiddiqui1994,https://github.com/tahasiddiqui1994,19752442,2016-06,14,66,0,2010–2016
faaezahmd,https://github.com/faaezahmd,19822587,2016-06,8,39,0,2010–2016
rafayahmadabedi,https://github.com/rafayahmadabedi,19907121,2016-06,15,35,0,2010–2016
talhasaleem09,https://github.com/talhasaleem09,20171580,2016-06,12,32,0,2010–2016
adil14,https://github.com/adil14,19864983,2016-06,9,27,0,2010–2016
sania-irfan,https://github.com/sania-irfan,20211973,2016-06,13,23,0,2010–2016
haiderali-360training,https://github.com/haiderali-360training,19815247,2016-06,9,18,0,2010–2016
humayunraza1,https://github.com/humayunraza1,20396581,2016-07,24,546,0,2010–2016
Shobu95,https://github.com/Shobu95,20271259,2016-07,12,314,0,2010–2016
HamzaAkb,https://github.com/HamzaAkb,20399788,2016-07,13,225,0,2010–2016
Wahab-Khan,https://github.com/Wahab-Khan,20702445,2016-07,33,179,0,2010–2016
yumna11,https://github.com/yumna11,20601595,2016-07,44,163,0,2010–2016
imahmer,https://github.com/imahmer,20426870,2016-07,31,94,0,2010–2016
Syntax3r,https://github.com/Syntax3r,20611131,2016-07,7,91,0,2010–2016
chjunaid89,https://github.com/chjunaid89,20744446,2016-07,9,70,0,2010–2016
owaismemon21,https://github.com/owaismemon21,20394627,2016-07,10,68,0,2010–2016
mohsinraza97,https://github.com/mohsinraza97,20442647,2016-07,37,61,0,2010–2016
MuhammadArsalanChishti,https://github.com/MuhammadArsalanChishti,20521069,2016-07,14,50,0,2010–2016
shahzeb-soomro,https://github.com/shahzeb-soomro,20498903,2016-07,10,25,0,2010–2016
ovaishanif94,https://github.com/ovaishanif94,20634551,2016-07,10,25,0,2010–2016
MuhammadAzmulHaq,https://github.com/MuhammadAzmulHaq,20485573,2016-07,7,24,0,2010–2016
AbdurRehman26,https://github.com/AbdurRehman26,21219332,2016-08,29,4865,0,2010–2016
tahir606,https://github.com/tahir606,20771570,2016-08,28,982,0,2010–2016
pro123908,https://github.com/pro123908,21368892,2016-08,62,839,0,2010–2016
mazhar-karimi,https://github.com/mazhar-karimi,21288042,2016-08,18,496,0,2010–2016
mohammadsaqib1997,https://github.com/mohammadsaqib1997,21127414,2016-08,18,491,0,2010–2016
pakjiddat,https://github.com/pakjiddat,20923812,2016-08,16,274,0,2010–2016
techemayo,https://github.com/techemayo,21296723,2016-08,41,232,0,2010–2016
muhammadashrafdev,https://github.com/muhammadashrafdev,21004632,2016-08,12,175,0,2010–2016
Talal531,https://github.com/Talal531,20801003,2016-08,43,153,0,2010–2016
TariQMah,https://github.com/TariQMah,21140774,2016-08,38,130,0,2010–2016
abbasashraf,https://github.com/abbasashraf,21273371,2016-08,40,95,0,2010–2016
GhulamMustufa,https://github.com/GhulamMustufa,21340531,2016-08,56,82,0,2010–2016
VishadRaza,https://github.com/VishadRaza,21086116,2016-08,14,73,0,2010–2016
muhammadwaqasmbd,https://github.com/muhammadwaqasmbd,20874970,2016-08,13,69,0,2010–2016
Husnain-Baber,https://github.com/Husnain-Baber,21277144,2016-08,8,64,0,2010–2016
tauheedissa,https://github.com/tauheedissa,21060216,2016-08,6,63,0,2010–2016
omairzamir5,https://github.com/omairzamir5,21331560,2016-08,8,60,0,2010–2016
Daniyal32,https://github.com/Daniyal32,20883821,2016-08,15,53,0,2010–2016
zedxer,https://github.com/zedxer,21060524,2016-08,12,53,0,2010–2016
azeembscs86,https://github.com/azeembscs86,21309584,2016-08,25,47,0,2010–2016
hamzaahmed800,https://github.com/hamzaahmed800,21132100,2016-08,17,43,0,2010–2016
Shaffan99,https://github.com/Shaffan99,21215077,2016-08,13,22,0,2010–2016
Mujtaba1995,https://github.com/Mujtaba1995,21262624,2016-08,19,20,0,2010–2016
imdadshafi,https://github.com/imdadshafi,20968161,2016-08,15,19,0,2010–2016
AliLogic,https://github.com/AliLogic,22447370,2016-09,57,2073,0,2010–2016
AxanIqbal,https://github.com/AxanIqbal,22498634,2016-09,31,1441,0,2010–2016
jawwad22,https://github.com/jawwad22,21967262,2016-09,70,382,0,2010–2016
muneebhdeveloper,https://github.com/muneebhdeveloper,22336750,2016-09,29,161,0,2010–2016
saleheen-dev,https://github.com/saleheen-dev,21959879,2016-09,50,150,0,2010–2016
ahmad1174,https://github.com/ahmad1174,22086408,2016-09,10,147,0,2010–2016
AafaaqAli,https://github.com/AafaaqAli,21982416,2016-09,61,139,0,2010–2016
mhfrough,https://github.com/mhfrough,21993452,2016-09,16,97,0,2010–2016
syedowaisali12,https://github.com/syedowaisali12,22212958,2016-09,20,92,0,2010–2016
nabeelkhan2004,https://github.com/nabeelkhan2004,22520287,2016-09,20,91,0,2010–2016
SevenOnes,https://github.com/SevenOnes,22546633,2016-09,9,84,0,2010–2016
AtharZaib,https://github.com/AtharZaib,22134505,2016-09,34,73,0,2010–2016
OvaisMemon,https://github.com/OvaisMemon,22098509,2016-09,27,70,0,2010–2016
MGhousSarwar,https://github.com/MGhousSarwar,22265533,2016-09,42,64,0,2010–2016
aqshah20,https://github.com/aqshah20,22372156,2016-09,23,59,0,2010–2016
faisalmaqsood01,https://github.com/faisalmaqsood01,22144031,2016-09,71,53,0,2010–2016
usmanayub1234,https://github.com/usmanayub1234,21982062,2016-09,8,51,0,2010–2016
usereman,https://github.com/usereman,22381169,2016-09,9,25,0,2010–2016
SMS-NED16,https://github.com/SMS-NED16,23117753,2016-10,43,1387,0,2010–2016
kaammii,https://github.com/kaammii,23075217,2016-10,45,799,0,2010–2016
ali223,https://github.com/ali223,22580092,2016-10,14,665,0,2010–2016
KumailP,https://github.com/KumailP,22764971,2016-10,41,499,0,2010–2016
Khamoor,https://github.com/Khamoor,22681278,2016-10,21,421,0,2010–2016
jackie247s,https://github.com/jackie247s,23033752,2016-10,25,382,0,2010–2016
AbdulBasit313,https://github.com/AbdulBasit313,23040531,2016-10,40,344,0,2010–2016
AshrazRashid,https://github.com/AshrazRashid,22600807,2016-10,30,340,0,2010–2016
hassanscript,https://github.com/hassanscript,23102189,2016-10,13,288,0,2010–2016
aizaztag,https://github.com/aizaztag,22881960,2016-10,40,221,0,2010–2016
haidersafi,https://github.com/haidersafi,23175382,2016-10,58,218,0,2010–2016
saadjumani,https://github.com/saadjumani,22579705,2016-10,24,192,0,2010–2016
EhtashamAli,https://github.com/EhtashamAli,22814321,2016-10,20,177,0,2010–2016
ahmedpyarali2,https://github.com/ahmedpyarali2,22800647,2016-10,20,176,0,2010–2016
syedaliaun352,https://github.com/syedaliaun352,23008063,2016-10,7,156,0,2010–2016
Bilal112,https://github.com/Bilal112,23139110,2016-10,54,124,0,2010–2016
muhammadzubairkhan,https://github.com/muhammadzubairkhan,22700674,2016-10,17,120,0,2010–2016
mwaqaspervez,https://github.com/mwaqaspervez,22681354,2016-10,14,104,0,2010–2016
saqlainkhd,https://github.com/saqlainkhd,23141789,2016-10,7,89,0,2010–2016
NAEEMULHASAN,https://github.com/NAEEMULHASAN,23146342,2016-10,36,79,0,2010–2016
usmankhi18,https://github.com/usmankhi18,22953001,2016-10,14,72,0,2010–2016
ameerhkhan,https://github.com/ameerhkhan,22777925,2016-10,12,68,0,2010–2016
talatz96,https://github.com/talatz96,23108050,2016-10,24,65,0,2010–2016
AdeedKhalid,https://github.com/AdeedKhalid,22715415,2016-10,6,64,0,2010–2016
KrishnaMalhi,https://github.com/KrishnaMalhi,22622475,2016-10,9,48,0,2010–2016
hadiswaleh,https://github.com/hadiswaleh,22748921,2016-10,15,45,0,2010–2016
sufianuddin,https://github.com/sufianuddin,23096600,2016-10,7,33,0,2010–2016
hanzalanoori,https://github.com/hanzalanoori,22884564,2016-10,15,28,0,2010–2016
mufasil,https://github.com/mufasil,22917708,2016-10,7,24,0,2010–2016
Astoryed,https://github.com/Astoryed,23085166,2016-10,14,22,0,2010–2016
salal-khan,https://github.com/salal-khan,23033510,2016-10,12,19,0,2010–2016
anasshad,https://github.com/anasshad,23615319,2016-11,88,4927,0,2010–2016
waqar321,https://github.com/waqar321,23584488,2016-11,9,1734,0,2010–2016
AfaqAhmd,https://github.com/AfaqAhmd,24206190,2016-11,29,549,0,2010–2016
fidato818,https://github.com/fidato818,24269382,2016-11,86,325,0,2010–2016
Ovi,https://github.com/Ovi,23533420,2016-11,29,277,0,2010–2016
AmirQadir,https://github.com/AmirQadir,23293133,2016-11,23,246,0,2010–2016
bilalrizvi96,https://github.com/bilalrizvi96,24204515,2016-11,12,188,0,2010–2016
fkhan79,https://github.com/fkhan79,23698802,2016-11,11,150,0,2010–2016
ArbazYousuf,https://github.com/ArbazYousuf,24230772,2016-11,35,143,0,2010–2016
subhanjango,https://github.com/subhanjango,24274708,2016-11,19,139,0,2010–2016
rafay1327,https://github.com/rafay1327,23720693,2016-11,11,125,0,2010–2016
Mohammad-Khalid23,https://github.com/Mohammad-Khalid23,23274385,2016-11,58,110,0,2010–2016
naumanazeem15,https://github.com/naumanazeem15,23483994,2016-11,11,104,0,2010–2016
fahadfayyaz,https://github.com/fahadfayyaz,24188622,2016-11,14,100,0,2010–2016
i-umairmalik,https://github.com/i-umairmalik,23610195,2016-11,61,92,0,2010–2016
habiba-abbasi,https://github.com/habiba-abbasi,23388518,2016-11,21,87,0,2010–2016
HarrisDas,https://github.com/HarrisDas,23392745,2016-11,19,75,0,2010–2016
VagantFernhew,https://github.com/VagantFernhew,23635361,2016-11,6,53,0,2010–2016
Abdulmoeezz,https://github.com/Abdulmoeezz,23265853,2016-11,37,50,0,2010–2016
ali111887,https://github.com/ali111887,23307460,2016-11,28,35,0,2010–2016
srizwanulhaq,https://github.com/srizwanulhaq,24192956,2016-11,6,30,0,2010–2016
aadeshroy05,https://github.com/aadeshroy05,23295665,2016-11,14,29,0,2010–2016
Aadil-Jamil,https://github.com/Aadil-Jamil,23361023,2016-11,14,27,0,2010–2016
waseemarain4u,https://github.com/waseemarain4u,23497078,2016-11,73,22,0,2010–2016
itsKashifJaved,https://github.com/itsKashifJaved,23414559,2016-11,6,22,0,2010–2016
msuffian,https://github.com/msuffian,24268330,2016-11,13,19,0,2010–2016
iambuoyant,https://github.com/iambuoyant,23734322,2016-11,123,18,0,2010–2016
Mustufa786,https://github.com/Mustufa786,24522311,2016-12,60,2643,0,2010–2016
FaiziKhan2020,https://github.com/FaiziKhan2020,24620000,2016-12,22,602,0,2010–2016
shafiqueabbasi,https://github.com/shafiqueabbasi,24460548,2016-12,16,601,0,2010–2016
umer7,https://github.com/umer7,24353882,2016-12,98,589,0,2010–2016
armemon,https://github.com/armemon,24682979,2016-12,45,281,0,2010–2016
deadlydiamond,https://github.com/deadlydiamond,24720544,2016-12,38,225,0,2010–2016
balochCoder,https://github.com/balochCoder,24671338,2016-12,37,208,0,2010–2016
MIrtiza,https://github.com/MIrtiza,24807238,2016-12,57,186,0,2010–2016
ahsanahmedkhan,https://github.com/ahsanahmedkhan,24846342,2016-12,34,147,0,2010–2016
shamsshykh,https://github.com/shamsshykh,24522692,2016-12,34,140,0,2010–2016
huzaifahpunjani,https://github.com/huzaifahpunjani,24510175,2016-12,16,131,0,2010–2016
bilalhq,https://github.com/bilalhq,24375781,2016-12,8,122,0,2010–2016
huzaifaa926,https://github.com/huzaifaa926,24657405,2016-12,13,120,0,2010–2016
MohtishamZubair,https://github.com/MohtishamZubair,24407593,2016-12,14,104,0,2010–2016
dev-sna,https://github.com/dev-sna,24474599,2016-12,24,99,0,2010–2016
anasahmed142,https://github.com/anasahmed142,24618127,2016-12,16,85,0,2010–2016
hussainmahmood,https://github.com/hussainmahmood,24608542,2016-12,17,62,0,2010–2016
samibinsami,https://github.com/samibinsami,24696941,2016-12,6,53,0,2010–2016
Shahrukh166,https://github.com/Shahrukh166,24606075,2016-12,6,51,0,2010–2016
hfurqan,https://github.com/hfurqan,24715919,2016-12,8,50,0,2010–2016
hassanbuttio,https://github.com/hassanbuttio,24407185,2016-12,23,44,0,2010–2016
fkashrafi,https://github.com/fkashrafi,24624251,2016-12,28,43,0,2010–2016
sherrysidd68,https://github.com/sherrysidd68,24824284,2016-12,9,43,0,2010–2016
nabeelahmedkhan,https://github.com/nabeelahmedkhan,24408412,2016-12,11,42,0,2010–2016
Ubitiann,https://github.com/Ubitiann,24618096,2016-12,13,41,0,2010–2016
shahrukh862985,https://github.com/shahrukh862985,24566526,2016-12,12,41,0,2010–2016
arsoboy,https://github.com/arsoboy,24296121,2016-12,16,38,0,2010–2016
shahid-hussain-sw,https://github.com/shahid-hussain-sw,24314900,2016-12,15,31,0,2010–2016
muzammilsiddiq,https://github.com/muzammilsiddiq,24524063,2016-12,8,26,0,2010–2016
jawad-asad,https://github.com/jawad-asad,24527288,2016-12,13,23,0,2010–2016
SyedAzharAsghar,https://github.com/SyedAzharAsghar,24481660,2016-12,23,20,0,2010–2016
zainkhwaja,https://github.com/zainkhwaja,24408087,2016-12,14,20,0,2010–2016
devumair,https://github.com/devumair,24838472,2016-12,6,20,0,2010–2016
sam17896,https://github.com/sam17896,24951758,2017-01,82,807,1,2017–2019
waqaramjad,https://github.com/waqaramjad,25389269,2017-01,87,720,1,2017–2019
monisj,https://github.com/monisj,25096278,2017-01,21,459,1,2017–2019
abdulmoizlakhani,https://github.com/abdulmoizlakhani,25384728,2017-01,61,441,1,2017–2019
SafdarSikander,https://github.com/SafdarSikander,25264018,2017-01,50,377,1,2017–2019
bilalmk,https://github.com/bilalmk,25244558,2017-01,58,323,1,2017–2019
nabeelfarooqui98,https://github.com/nabeelfarooqui98,25402598,2017-01,41,320,1,2017–2019
wjahatsyed,https://github.com/wjahatsyed,25171515,2017-01,39,315,1,2017–2019
Pawankhatri2k13,https://github.com/Pawankhatri2k13,25381606,2017-01,13,222,1,2017–2019
Touseef90,https://github.com/Touseef90,25041245,2017-01,41,200,1,2017–2019
Asif-ak,https://github.com/Asif-ak,24938949,2017-01,34,189,1,2017–2019
SaaifKhan,https://github.com/SaaifKhan,25413061,2017-01,51,180,1,2017–2019
tahaqutbuddin,https://github.com/tahaqutbuddin,25296771,2017-01,15,178,1,2017–2019
majeytunio,https://github.com/majeytunio,25131496,2017-01,11,176,1,2017–2019
RoshaanAli,https://github.com/RoshaanAli,25253872,2017-01,71,171,1,2017–2019
abubakar12,https://github.com/abubakar12,24921195,2017-01,19,138,1,2017–2019
taimoorimran,https://github.com/taimoorimran,25013869,2017-01,67,136,1,2017–2019
arsalanusman,https://github.com/arsalanusman,25242997,2017-01,22,132,1,2017–2019
stabishali8,https://github.com/stabishali8,25052123,2017-01,49,129,1,2017–2019
syedasaad97,https://github.com/syedasaad97,25251865,2017-01,12,99,1,2017–2019
Saeed-Ahmed-201,https://github.com/Saeed-Ahmed-201,24944386,2017-01,27,98,1,2017–2019
asaeed14,https://github.com/asaeed14,25408139,2017-01,10,96,1,2017–2019
ARsiddiqui12,https://github.com/ARsiddiqui12,24880052,2017-01,32,90,1,2017–2019
saarahrasheed,https://github.com/saarahrasheed,25120132,2017-01,20,84,1,2017–2019
maryamanwer,https://github.com/maryamanwer,25240205,2017-01,43,70,1,2017–2019
fahad02,https://github.com/fahad02,25167656,2017-01,8,64,1,2017–2019
Hamashassan,https://github.com/Hamashassan,25038442,2017-01,16,60,1,2017–2019
manesh-meghwar,https://github.com/manesh-meghwar,25176492,2017-01,18,59,1,2017–2019
dennisrufigill,https://github.com/dennisrufigill,25078791,2017-01,24,57,1,2017–2019
sarrim,https://github.com/sarrim,25341339,2017-01,46,54,1,2017–2019
uzairhashmani,https://github.com/uzairhashmani,25296722,2017-01,11,42,1,2017–2019
AsadAhmed361,https://github.com/AsadAhmed361,25323705,2017-01,9,36,1,2017–2019
BismahTahir,https://github.com/BismahTahir,25107257,2017-01,19,32,1,2017–2019
aamirabid,https://github.com/aamirabid,25232763,2017-01,11,31,1,2017–2019
Ham-Zy,https://github.com/Ham-Zy,25291497,2017-01,9,30,1,2017–2019
alikhan2596,https://github.com/alikhan2596,25352514,2017-01,17,24,1,2017–2019
sdVakil,https://github.com/sdVakil,24863459,2017-01,7,23,1,2017–2019
indus1530,https://github.com/indus1530,25922824,2017-02,54,8239,1,2017–2019
Maaaz-Shaheen,https://github.com/Maaaz-Shaheen,25780644,2017-02,23,970,1,2017–2019
Sumair1981,https://github.com/Sumair1981,25772320,2017-02,24,651,1,2017–2019
Ahsan-J,https://github.com/Ahsan-J,26043738,2017-02,56,645,1,2017–2019
AbdullahChauhan,https://github.com/AbdullahChauhan,26044917,2017-02,36,553,1,2017–2019
abdulmoizshaikh,https://github.com/abdulmoizshaikh,25754624,2017-02,63,528,1,2017–2019
smhammadshakil,https://github.com/smhammadshakil,25632856,2017-02,40,467,1,2017–2019
ahsankhan1911,https://github.com/ahsankhan1911,25720366,2017-02,39,419,1,2017–2019
muhammadali448,https://github.com/muhammadali448,25736222,2017-02,34,409,1,2017–2019
huzai7a-dev,https://github.com/huzai7a-dev,25569599,2017-02,45,405,1,2017–2019
JibranYousuf,https://github.com/JibranYousuf,25536944,2017-02,20,402,1,2017–2019
wal33d006,https://github.com/wal33d006,25613623,2017-02,56,365,1,2017–2019
nasir03082409229,https://github.com/nasir03082409229,26086316,2017-02,88,349,1,2017–2019
AwinashGoswami,https://github.com/AwinashGoswami,25535346,2017-02,7,341,1,2017–2019
ghousahmed,https://github.com/ghousahmed,25761034,2017-02,75,320,1,2017–2019
ghulamMustafaRaza,https://github.com/ghulamMustafaRaza,25576425,2017-02,89,295,1,2017–2019
Abrar124,https://github.com/Abrar124,26080504,2017-02,39,284,1,2017–2019
IrfanMumtaz,https://github.com/IrfanMumtaz,25830023,2017-02,32,277,1,2017–2019
Shahzadaahmed,https://github.com/Shahzadaahmed,26044050,2017-02,50,275,1,2017–2019
uzairiqbal91,https://github.com/uzairiqbal91,25804523,2017-02,56,261,1,2017–2019
Abdulmoeidkhan,https://github.com/Abdulmoeidkhan,25826032,2017-02,24,256,1,2017–2019
Mak-maak,https://github.com/Mak-maak,25490430,2017-02,62,223,1,2017–2019
muhazzib,https://github.com/muhazzib,25737000,2017-02,62,220,1,2017–2019
mdaniyalaslam,https://github.com/mdaniyalaslam,26045109,2017-02,39,212,1,2017–2019
pardeep-kesnani1234,https://github.com/pardeep-kesnani1234,26037495,2017-02,34,183,1,2017–2019
maqsood1ahmed,https://github.com/maqsood1ahmed,25984170,2017-02,23,182,1,2017–2019
ikishorkumar,https://github.com/ikishorkumar,25897829,2017-02,63,180,1,2017–2019
kamrankb,https://github.com/kamrankb,26010244,2017-02,23,176,1,2017–2019
adnanshaukat425,https://github.com/adnanshaukat425,25641183,2017-02,11,167,1,2017–2019
ammadshakoor,https://github.com/ammadshakoor,26054307,2017-02,51,157,1,2017–2019
UmarAslamNawab,https://github.com/UmarAslamNawab,25748781,2017-02,56,138,1,2017–2019
zohairguru,https://github.com/zohairguru,25764759,2017-02,20,108,1,2017–2019
SyedHaris786,https://github.com/SyedHaris786,26027198,2017-02,23,105,1,2017–2019
UsamaShaikh0,https://github.com/UsamaShaikh0,25561938,2017-02,21,94,1,2017–2019
ubaig54,https://github.com/ubaig54,25501325,2017-02,20,92,1,2017–2019
MGhufranKhalil,https://github.com/MGhufranKhalil,26011483,2017-02,17,90,1,2017–2019
ZaidRaza26,https://github.com/ZaidRaza26,25490300,2017-02,24,84,1,2017–2019
usama28232,https://github.com/usama28232,25510306,2017-02,18,83,1,2017–2019
azadar-hussain,https://github.com/azadar-hussain,25617119,2017-02,9,75,1,2017–2019
bilalkz,https://github.com/bilalkz,25844080,2017-02,11,56,1,2017–2019
AhsanJawaid,https://github.com/AhsanJawaid,25766248,2017-02,10,55,1,2017–2019
ShoaibAhmd,https://github.com/ShoaibAhmd,25678449,2017-02,8,50,1,2017–2019
moizmurad24,https://github.com/moizmurad24,25547922,2017-02,8,45,1,2017–2019
mfarok,https://github.com/mfarok,26069930,2017-02,15,40,1,2017–2019
junaidkhawaja,https://github.com/junaidkhawaja,25624855,2017-02,27,39,1,2017–2019
AmmarAhmed1234,https://github.com/AmmarAhmed1234,25953440,2017-02,11,32,1,2017–2019
MuhammadFayez,https://github.com/MuhammadFayez,26038161,2017-02,19,30,1,2017–2019
muhammadmohsinali,https://github.com/muhammadmohsinali,26055106,2017-02,6,28,1,2017–2019
AmjadSethar,https://github.com/AmjadSethar,26036219,2017-02,7,23,1,2017–2019
EjazAmir,https://github.com/EjazAmir,25684301,2017-02,8,20,1,2017–2019
MAsadKhan12,https://github.com/MAsadKhan12,26041082,2017-02,12,19,1,2017–2019
fhdalikhan,https://github.com/fhdalikhan,26373592,2017-03,33,3675,1,2017–2019
SalmanKarim42,https://github.com/SalmanKarim42,26244932,2017-03,39,1232,1,2017–2019
ahmedkhan1,https://github.com/ahmedkhan1,26416009,2017-03,53,873,1,2017–2019
hafizmuhammadshoaib,https://github.com/hafizmuhammadshoaib,26689197,2017-03,70,752,1,2017–2019
muhammadrafayasif,https://github.com/muhammadrafayasif,26499941,2017-03,25,746,1,2017–2019
anwaar12345,https://github.com/anwaar12345,26675277,2017-03,71,728,1,2017–2019
alihaidernoorani,https://github.com/alihaidernoorani,26521620,2017-03,53,607,1,2017–2019
mohammadobaid1,https://github.com/mohammadobaid1,26554206,2017-03,84,544,1,2017–2019
theterrificm,https://github.com/theterrificm,26655200,2017-03,35,507,1,2017–2019
Thedevelop3r,https://github.com/Thedevelop3r,26500268,2017-03,74,480,1,2017–2019
Saad-Hussain31,https://github.com/Saad-Hussain31,26453844,2017-03,59,435,1,2017–2019
zakk616,https://github.com/zakk616,26119949,2017-03,100,344,1,2017–2019
wasiquehaider,https://github.com/wasiquehaider,26715284,2017-03,83,335,1,2017–2019
Basit-Arif,https://github.com/Basit-Arif,26505810,2017-03,26,327,1,2017–2019
talhanousher,https://github.com/talhanousher,26342112,2017-03,59,324,1,2017–2019
umairkhan1997,https://github.com/umairkhan1997,26188511,2017-03,54,301,1,2017–2019
adilsachwani,https://github.com/adilsachwani,26354389,2017-03,44,296,1,2017–2019
Muhammad-Shahid-Jamal,https://github.com/Muhammad-Shahid-Jamal,26340344,2017-03,63,248,1,2017–2019
muhammad-farhan-bakht,https://github.com/muhammad-farhan-bakht,26104308,2017-03,104,240,1,2017–2019
MahamArif,https://github.com/MahamArif,26187182,2017-03,53,220,1,2017–2019
adilsal33m,https://github.com/adilsal33m,26676035,2017-03,29,214,1,2017–2019
AkashKumarKhatri,https://github.com/AkashKumarKhatri,26659554,2017-03,23,210,1,2017–2019
nomaanhussain,https://github.com/nomaanhussain,26525407,2017-03,40,201,1,2017–2019
AyyanNiazi,https://github.com/AyyanNiazi,26361966,2017-03,64,197,1,2017–2019
ba6ba,https://github.com/ba6ba,26377145,2017-03,39,197,1,2017–2019
mzamaann-dev,https://github.com/mzamaann-dev,26198507,2017-03,47,186,1,2017–2019
anwargul0x,https://github.com/anwargul0x,26444582,2017-03,97,173,1,2017–2019
itzzhammy,https://github.com/itzzhammy,26744498,2017-03,23,171,1,2017–2019
altafhpatel,https://github.com/altafhpatel,26499141,2017-03,15,160,1,2017–2019
Maaz-Mehtab,https://github.com/Maaz-Mehtab,26797142,2017-03,44,155,1,2017–2019
nmnbkhr,https://github.com/nmnbkhr,26723302,2017-03,6,154,1,2017–2019
Nazeerahmad1996,https://github.com/Nazeerahmad1996,26362675,2017-03,67,153,1,2017–2019
Rafi-afridi,https://github.com/Rafi-afridi,26386418,2017-03,37,151,1,2017–2019
areebirshad,https://github.com/areebirshad,26445851,2017-03,18,149,1,2017–2019
BilalAriff,https://github.com/BilalAriff,26197489,2017-03,32,146,1,2017–2019
anitaaziz,https://github.com/anitaaziz,26627004,2017-03,6,123,1,2017–2019
BinMansoor11,https://github.com/BinMansoor11,26310184,2017-03,32,122,1,2017–2019
Sameer18-Dev,https://github.com/Sameer18-Dev,26120399,2017-03,42,119,1,2017–2019
owaisalam12,https://github.com/owaisalam12,26612160,2017-03,126,116,1,2017–2019
komalata005,https://github.com/komalata005,26621253,2017-03,35,116,1,2017–2019
Saud199,https://github.com/Saud199,26280850,2017-03,14,108,1,2017–2019
ismhamza,https://github.com/ismhamza,26357069,2017-03,20,104,1,2017–2019
rameeez110,https://github.com/rameeez110,26195830,2017-03,16,98,1,2017–2019
Affansheikh21,https://github.com/Affansheikh21,26648971,2017-03,15,90,1,2017–2019
TalhaKhalil,https://github.com/TalhaKhalil,26414098,2017-03,15,87,1,2017–2019
plawson3,https://github.com/plawson3,26817793,2017-03,20,86,1,2017–2019
khadijazaki,https://github.com/khadijazaki,26471594,2017-03,13,86,1,2017–2019
Mibrahimwali,https://github.com/Mibrahimwali,26202281,2017-03,29,76,1,2017–2019
abd126,https://github.com/abd126,26705119,2017-03,32,72,1,2017–2019
AbubakarSarwar,https://github.com/AbubakarSarwar,26606700,2017-03,18,68,1,2017–2019
hasanaliiba,https://github.com/hasanaliiba,26685066,2017-03,9,68,1,2017–2019
ibrahimlaiq10,https://github.com/ibrahimlaiq10,26642158,2017-03,10,63,1,2017–2019
shehzadosama,https://github.com/shehzadosama,26197948,2017-03,41,47,1,2017–2019
asad-appdev,https://github.com/asad-appdev,26767149,2017-03,13,47,1,2017–2019
iqraashfaq1,https://github.com/iqraashfaq1,26306079,2017-03,23,46,1,2017–2019
adilumar95,https://github.com/adilumar95,26300542,2017-03,11,43,1,2017–2019
huzaif23,https://github.com/huzaif23,26660948,2017-03,60,41,1,2017–2019
nausif,https://github.com/nausif,26552642,2017-03,14,40,1,2017–2019
Salmaan12,https://github.com/Salmaan12,26716037,2017-03,22,37,1,2017–2019
haniusman,https://github.com/haniusman,26815715,2017-03,13,35,1,2017–2019
MKashir06,https://github.com/MKashir06,26217443,2017-03,22,34,1,2017–2019
hasankazmi,https://github.com/hasankazmi,26321879,2017-03,23,31,1,2017–2019
MuhammadAkmal,https://github.com/MuhammadAkmal,26522811,2017-03,6,27,1,2017–2019
AsharBurney,https://github.com/AsharBurney,26405268,2017-03,12,26,1,2017–2019
saeed-sikandar,https://github.com/saeed-sikandar,26678779,2017-03,28,25,1,2017–2019
MuhammadsajidGIT,https://github.com/MuhammadsajidGIT,26641745,2017-03,9,25,1,2017–2019
laraebmussawir-NED,https://github.com/laraebmussawir-NED,26259086,2017-03,8,23,1,2017–2019
Ehsankhanxyz,https://github.com/Ehsankhanxyz,26205944,2017-03,6,23,1,2017–2019
parhosik,https://github.com/parhosik,26244245,2017-03,9,18,1,2017–2019
ahmed987,https://github.com/ahmed987,26105080,2017-03,14,17,1,2017–2019
spalsher,https://github.com/spalsher,26918084,2017-04,9,8241,1,2017–2019
Kamranbarlas,https://github.com/Kamranbarlas,27199805,2017-04,38,1424,1,2017–2019
AkmalElahi,https://github.com/AkmalElahi,27492025,2017-04,38,417,1,2017–2019
a4m4,https://github.com/a4m4,27766729,2017-04,46,383,1,2017–2019
usmansabir98,https://github.com/usmansabir98,28140807,2017-04,39,373,1,2017–2019
ArbazAhmedKirmani,https://github.com/ArbazAhmedKirmani,27856596,2017-04,18,298,1,2017–2019
Farrukhkhalid,https://github.com/Farrukhkhalid,28204576,2017-04,60,279,1,2017–2019
fahadsubzwari924,https://github.com/fahadsubzwari924,27288325,2017-04,14,265,1,2017–2019
Hamza1122,https://github.com/Hamza1122,27367217,2017-04,39,258,1,2017–2019
saqibarfeen,https://github.com/saqibarfeen,27664866,2017-04,36,254,1,2017–2019
vikashbaria,https://github.com/vikashbaria,26898098,2017-04,24,186,1,2017–2019
daniyalraza88,https://github.com/daniyalraza88,27066557,2017-04,15,161,1,2017–2019
mnaeem22,https://github.com/mnaeem22,27349078,2017-04,52,150,1,2017–2019
aizazshahid,https://github.com/aizazshahid,27553502,2017-04,25,142,1,2017–2019
sumairirshad,https://github.com/sumairirshad,27567473,2017-04,11,136,1,2017–2019
somanbaqai,https://github.com/somanbaqai,27553649,2017-04,18,119,1,2017–2019
UmarBaig2017,https://github.com/UmarBaig2017,27926810,2017-04,34,105,1,2017–2019
aamirshayanshaikh,https://github.com/aamirshayanshaikh,27945695,2017-04,53,94,1,2017–2019
shakzee,https://github.com/shakzee,27564446,2017-04,33,86,1,2017–2019
unaisvayani,https://github.com/unaisvayani,27784746,2017-04,10,75,1,2017–2019
areebhussainsiddiqui,https://github.com/areebhussainsiddiqui,27941496,2017-04,13,71,1,2017–2019
Muhammd-Hamza-Sabir,https://github.com/Muhammd-Hamza-Sabir,27415356,2017-04,9,65,1,2017–2019
MHamzaSaleem,https://github.com/MHamzaSaleem,27612534,2017-04,8,65,1,2017–2019
fatimashereen,https://github.com/fatimashereen,26848261,2017-04,32,62,1,2017–2019
adeelakram696,https://github.com/adeelakram696,27729957,2017-04,12,62,1,2017–2019
talhaarshad96,https://github.com/talhaarshad96,27924226,2017-04,15,61,1,2017–2019
tariqqamar7,https://github.com/tariqqamar7,27764326,2017-04,12,54,1,2017–2019
fawad71,https://github.com/fawad71,28040699,2017-04,10,43,1,2017–2019
shoaibghalib95,https://github.com/shoaibghalib95,27227669,2017-04,12,27,1,2017–2019
SultanAbubakar,https://github.com/SultanAbubakar,27951043,2017-04,8,24,1,2017–2019
ShahzaibButt,https://github.com/ShahzaibButt,28081030,2017-04,6,20,1,2017–2019
farazmurtaza,https://github.com/farazmurtaza,27810253,2017-04,6,18,1,2017–2019
talhaabbasi,https://github.com/talhaabbasi,28659121,2017-05,92,828,1,2017–2019
ahsankhan26,https://github.com/ahsankhan26,28962172,2017-05,31,757,1,2017–2019
muhammadanas759,https://github.com/muhammadanas759,28426858,2017-05,22,461,1,2017–2019
unsama,https://github.com/unsama,28434798,2017-05,33,406,1,2017–2019
AmeerHamzaRiaz,https://github.com/AmeerHamzaRiaz,28997655,2017-05,29,382,1,2017–2019
Saifrazaa,https://github.com/Saifrazaa,28540950,2017-05,42,359,1,2017–2019
awaisakram64,https://github.com/awaisakram64,29049604,2017-05,61,343,1,2017–2019
blueshack112,https://github.com/blueshack112,28514389,2017-05,27,335,1,2017–2019
buildwithuk,https://github.com/buildwithuk,28457926,2017-05,18,268,1,2017–2019
UmerWajih,https://github.com/UmerWajih,28359875,2017-05,6,263,1,2017–2019
shakeib98,https://github.com/shakeib98,28858011,2017-05,71,194,1,2017–2019
owaiskamal,https://github.com/owaiskamal,28658389,2017-05,9,169,1,2017–2019
syedkashifaliquadri,https://github.com/syedkashifaliquadri,28482895,2017-05,44,168,1,2017–2019
asadrao11,https://github.com/asadrao11,29106050,2017-05,42,136,1,2017–2019
mazharaheer,https://github.com/mazharaheer,28632079,2017-05,10,116,1,2017–2019
farrukhfl,https://github.com/farrukhfl,28948923,2017-05,62,113,1,2017–2019
Ibrahimkhawaja,https://github.com/Ibrahimkhawaja,28409496,2017-05,27,107,1,2017–2019
talhamustafa95,https://github.com/talhamustafa95,28426714,2017-05,24,86,1,2017–2019
fahaadsheikh,https://github.com/fahaadsheikh,28987119,2017-05,12,85,1,2017–2019
umarfarooq21,https://github.com/umarfarooq21,29032361,2017-05,29,83,1,2017–2019
humeraaa,https://github.com/humeraaa,28712903,2017-05,18,83,1,2017–2019
majidarif1,https://github.com/majidarif1,28753991,2017-05,14,71,1,2017–2019
MuhammadSaadAli,https://github.com/MuhammadSaadAli,28247453,2017-05,19,68,1,2017–2019
arsalansiddiq,https://github.com/arsalansiddiq,28346588,2017-05,20,63,1,2017–2019
Ahsan-Siddiqui,https://github.com/Ahsan-Siddiqui,28700649,2017-05,23,61,1,2017–2019
hargundas,https://github.com/hargundas,28358785,2017-05,14,51,1,2017–2019
farhanqasimzaur,https://github.com/farhanqasimzaur,29066933,2017-05,8,51,1,2017–2019
nasir15,https://github.com/nasir15,28458846,2017-05,30,48,1,2017–2019
shahidsaifi92,https://github.com/shahidsaifi92,28588652,2017-05,11,47,1,2017–2019
anooplohana,https://github.com/anooplohana,28739532,2017-05,12,41,1,2017–2019
MugeesAhmed,https://github.com/MugeesAhmed,28685920,2017-05,10,41,1,2017–2019
Anasakahmed,https://github.com/Anasakahmed,29005305,2017-05,9,34,1,2017–2019
Maryam-Liaquat,https://github.com/Maryam-Liaquat,28782488,2017-05,6,32,1,2017–2019
mossawir,https://github.com/mossawir,28354381,2017-05,225,25,1,2017–2019
ABDULLAH-RAZA,https://github.com/ABDULLAH-RAZA,28959097,2017-05,20,24,1,2017–2019
MAbdullah007,https://github.com/MAbdullah007,28601430,2017-05,8,23,1,2017–2019
meetzohaibahmed,https://github.com/meetzohaibahmed,28910598,2017-05,6,23,1,2017–2019
Fatehali,https://github.com/Fatehali,28700105,2017-05,12,22,1,2017–2019
owaisulwara,https://github.com/owaisulwara,28351659,2017-05,12,19,1,2017–2019
ZaidTirmizi,https://github.com/ZaidTirmizi,28994805,2017-05,13,18,1,2017–2019
usmanabid09,https://github.com/usmanabid09,28888856,2017-05,7,18,1,2017–2019
inspieneosols,https://github.com/inspieneosols,29562015,2017-06,6,12524,1,2017–2019
mehrankamal,https://github.com/mehrankamal,29648490,2017-06,35,922,1,2017–2019
MannanMalik3998,https://github.com/MannanMalik3998,29385200,2017-06,26,577,1,2017–2019
AliAzlanAziz,https://github.com/AliAzlanAziz,29160661,2017-06,31,524,1,2017–2019
SupremeDeity,https://github.com/SupremeDeity,29257166,2017-06,34,477,1,2017–2019
ubaidhussain-dev,https://github.com/ubaidhussain-dev,29314678,2017-06,9,259,1,2017–2019
rafeyhusain,https://github.com/rafeyhusain,29797352,2017-06,54,224,1,2017–2019
smfasihaly,https://github.com/smfasihaly,29563878,2017-06,11,193,1,2017–2019
theahsanusman,https://github.com/theahsanusman,29313900,2017-06,62,171,1,2017–2019
arsalankh86,https://github.com/arsalankh86,29513048,2017-06,25,160,1,2017–2019
junaid-khurshid,https://github.com/junaid-khurshid,29304633,2017-06,19,140,1,2017–2019
waseemakhtarr,https://github.com/waseemakhtarr,29482520,2017-06,37,99,1,2017–2019
tabanshaukat,https://github.com/tabanshaukat,29158988,2017-06,12,96,1,2017–2019
rahimkhalid,https://github.com/rahimkhalid,29425629,2017-06,30,71,1,2017–2019
oahmadgit,https://github.com/oahmadgit,29486634,2017-06,10,58,1,2017–2019
AhzamGhauriie,https://github.com/AhzamGhauriie,29153838,2017-06,20,49,1,2017–2019
alimuhammed37,https://github.com/alimuhammed37,29192520,2017-06,22,46,1,2017–2019
jawad12345A,https://github.com/jawad12345A,29260467,2017-06,24,35,1,2017–2019
MuhammadIbrahim24,https://github.com/MuhammadIbrahim24,29227017,2017-06,20,34,1,2017–2019
Shahryar27,https://github.com/Shahryar27,29176825,2017-06,18,30,1,2017–2019
SaadAK96,https://github.com/SaadAK96,29240980,2017-06,10,27,1,2017–2019
hussainadil,https://github.com/hussainadil,29118492,2017-06,14,26,1,2017–2019
OsamaKhann,https://github.com/OsamaKhann,29288328,2017-06,11,23,1,2017–2019
anasahmed700,https://github.com/anasahmed700,30202249,2017-07,63,1572,1,2017–2019
AliHaidry,https://github.com/AliHaidry,30366779,2017-07,338,1351,1,2017–2019
Taha-Imtiaz,https://github.com/Taha-Imtiaz,30556003,2017-07,59,905,1,2017–2019
tahirs95,https://github.com/tahirs95,29951703,2017-07,67,556,1,2017–2019
muhammadhamzaanees,https://github.com/muhammadhamzaanees,30153712,2017-07,54,507,1,2017–2019
mustafaali96,https://github.com/mustafaali96,30146616,2017-07,130,420,1,2017–2019
MuhammadTouseeq,https://github.com/MuhammadTouseeq,30018583,2017-07,87,392,1,2017–2019
smshozab,https://github.com/smshozab,29998010,2017-07,46,351,1,2017–2019
ShehzadAnjum,https://github.com/ShehzadAnjum,30261712,2017-07,25,331,1,2017–2019
FarhanDhanani,https://github.com/FarhanDhanani,29945641,2017-07,18,208,1,2017–2019
Mubashir-ali-baig,https://github.com/Mubashir-ali-baig,30391795,2017-07,68,198,1,2017–2019
muzammil17,https://github.com/muzammil17,30322831,2017-07,18,144,1,2017–2019
Obad94,https://github.com/Obad94,29942077,2017-07,62,136,1,2017–2019
HassaanSaleem,https://github.com/HassaanSaleem,30114344,2017-07,18,127,1,2017–2019
MohammadUmer526,https://github.com/MohammadUmer526,29924630,2017-07,48,125,1,2017–2019
bilalmkhalil,https://github.com/bilalmkhalil,30569739,2017-07,11,124,1,2017–2019
shahab0105,https://github.com/shahab0105,30379310,2017-07,30,110,1,2017–2019
basit26374,https://github.com/basit26374,30195365,2017-07,33,108,1,2017–2019
umairali4433,https://github.com/umairali4433,30576997,2017-07,10,107,1,2017–2019
annasshah,https://github.com/annasshah,30356728,2017-07,31,95,1,2017–2019
rajawajahat,https://github.com/rajawajahat,30391367,2017-07,41,94,1,2017–2019
MuhammadUsamaSiddiqui,https://github.com/MuhammadUsamaSiddiqui,30389103,2017-07,57,87,1,2017–2019
WerdaFarooq,https://github.com/WerdaFarooq,30336875,2017-07,10,73,1,2017–2019
HumayyonAhmed,https://github.com/HumayyonAhmed,29993448,2017-07,11,50,1,2017–2019
ahsanlakhani,https://github.com/ahsanlakhani,30596013,2017-07,11,46,1,2017–2019
Farrukhafaq,https://github.com/Farrukhafaq,30435945,2017-07,9,32,1,2017–2019
Ahmed-Sajjad,https://github.com/Ahmed-Sajjad,30384042,2017-07,9,31,1,2017–2019
harisali10,https://github.com/harisali10,30531882,2017-07,14,20,1,2017–2019
Arsalanz007,https://github.com/Arsalanz007,30271635,2017-07,6,20,1,2017–2019
shahidabro93,https://github.com/shahidabro93,31082256,2017-08,18,5160,1,2017–2019
BilalNaseem1,https://github.com/BilalNaseem1,31243659,2017-08,69,1492,1,2017–2019
ahsan-ahmed,https://github.com/ahsan-ahmed,30797577,2017-08,71,1217,1,2017–2019
Ameen-Alam,https://github.com/Ameen-Alam,31050254,2017-08,110,679,1,2017–2019
DanyalNajeeb,https://github.com/DanyalNajeeb,31188763,2017-08,24,580,1,2017–2019
muhammadkashaf,https://github.com/muhammadkashaf,31333918,2017-08,71,498,1,2017–2019
fawadbashir,https://github.com/fawadbashir,31212077,2017-08,23,483,1,2017–2019
ShahirZain,https://github.com/ShahirZain,30791669,2017-08,111,426,1,2017–2019
ngiasim,https://github.com/ngiasim,31400312,2017-08,12,318,1,2017–2019
Ommie1,https://github.com/Ommie1,30703239,2017-08,19,203,1,2017–2019
UmaiZ,https://github.com/UmaiZ,31176904,2017-08,24,164,1,2017–2019
arslanmughal99,https://github.com/arslanmughal99,31240920,2017-08,30,153,1,2017–2019
muhammadaamirqasmani,https://github.com/muhammadaamirqasmani,30751626,2017-08,30,148,1,2017–2019
abrar2008,https://github.com/abrar2008,31079097,2017-08,64,145,1,2017–2019
saqlain11,https://github.com/saqlain11,30926008,2017-08,15,107,1,2017–2019
UsamaTariq-1996,https://github.com/UsamaTariq-1996,30978558,2017-08,7,102,1,2017–2019
yasirkhan130b83fx,https://github.com/yasirkhan130b83fx,31320549,2017-08,16,95,1,2017–2019
mhvirus,https://github.com/mhvirus,31241437,2017-08,28,92,1,2017–2019
razapoonja,https://github.com/razapoonja,31192540,2017-08,23,85,1,2017–2019
MMaazT,https://github.com/MMaazT,31181603,2017-08,15,83,1,2017–2019
Tabish810,https://github.com/Tabish810,30938448,2017-08,28,79,1,2017–2019
tabish615,https://github.com/tabish615,31473673,2017-08,20,73,1,2017–2019
abkmadni,https://github.com/abkmadni,31401444,2017-08,11,73,1,2017–2019
FizzaAbid,https://github.com/FizzaAbid,31180223,2017-08,6,73,1,2017–2019
osamasarfraz,https://github.com/osamasarfraz,31373417,2017-08,10,71,1,2017–2019
danimemon13,https://github.com/danimemon13,30698211,2017-08,17,70,1,2017–2019
hasanabid992,https://github.com/hasanabid992,30974828,2017-08,36,65,1,2017–2019
aatta,https://github.com/aatta,30999736,2017-08,9,63,1,2017–2019
SyedKhalidHussain,https://github.com/SyedKhalidHussain,31196205,2017-08,21,56,1,2017–2019
SaadAhmed96,https://github.com/SaadAhmed96,30757857,2017-08,7,49,1,2017–2019
adeelmemon123,https://github.com/adeelmemon123,30838492,2017-08,7,45,1,2017–2019
Mubashira-Wali,https://github.com/Mubashira-Wali,30776537,2017-08,10,39,1,2017–2019
hamxa001,https://github.com/hamxa001,30971737,2017-08,7,38,1,2017–2019
waahab,https://github.com/waahab,31372061,2017-08,26,36,1,2017–2019
Umernasirr,https://github.com/Umernasirr,31626976,2017-09,54,742,1,2017–2019
mohammad-quanit,https://github.com/mohammad-quanit,32056694,2017-09,83,731,1,2017–2019
SagarMaheshwary,https://github.com/SagarMaheshwary,31599124,2017-09,26,522,1,2017–2019
AliTechGeek52,https://github.com/AliTechGeek52,32015381,2017-09,65,514,1,2017–2019
AreebSiddiqui,https://github.com/AreebSiddiqui,32071191,2017-09,54,480,1,2017–2019
aadilayub,https://github.com/aadilayub,31581044,2017-09,34,396,1,2017–2019
qamarabbas408,https://github.com/qamarabbas408,32230195,2017-09,46,284,1,2017–2019
Aamirali86,https://github.com/Aamirali86,32215829,2017-09,36,239,1,2017–2019
aliabbas101,https://github.com/aliabbas101,31781103,2017-09,45,230,1,2017–2019
msali123,https://github.com/msali123,32276372,2017-09,47,203,1,2017–2019
zainjer,https://github.com/zainjer,32083993,2017-09,56,200,1,2017–2019
Aamir-Khan-Maarofi,https://github.com/Aamir-Khan-Maarofi,32407958,2017-09,48,200,1,2017–2019
hamzaajaved,https://github.com/hamzaajaved,32372663,2017-09,45,196,1,2017–2019
rizwannadeem2017,https://github.com/rizwannadeem2017,32321199,2017-09,21,189,1,2017–2019
ZeeshanZulfiqarAli,https://github.com/ZeeshanZulfiqarAli,32417658,2017-09,34,181,1,2017–2019
jawad3838,https://github.com/jawad3838,31985073,2017-09,14,178,1,2017–2019
skazim,https://github.com/skazim,32383014,2017-09,40,151,1,2017–2019
zeerakawan,https://github.com/zeerakawan,31988902,2017-09,31,147,1,2017–2019
Oxair,https://github.com/Oxair,31743806,2017-09,42,140,1,2017–2019
husnaintahir1,https://github.com/husnaintahir1,31815361,2017-09,37,132,1,2017–2019
Saqlain1999,https://github.com/Saqlain1999,32074101,2017-09,11,105,1,2017–2019
muhammad-subhan-shahid,https://github.com/muhammad-subhan-shahid,31862757,2017-09,14,99,1,2017–2019
talhasiddique,https://github.com/talhasiddique,32177720,2017-09,6,76,1,2017–2019
Muhammad-Arsalan31,https://github.com/Muhammad-Arsalan31,31656210,2017-09,34,73,1,2017–2019
NaveedShahid,https://github.com/NaveedShahid,31701025,2017-09,21,73,1,2017–2019
akbarpunjwani,https://github.com/akbarpunjwani,31765218,2017-09,22,71,1,2017–2019
SarfarazAhmedKhan,https://github.com/SarfarazAhmedKhan,32394486,2017-09,33,63,1,2017–2019
Ahmed97Muhammad,https://github.com/Ahmed97Muhammad,31642387,2017-09,22,58,1,2017–2019
isirajmunir,https://github.com/isirajmunir,32177493,2017-09,10,50,1,2017–2019
faryalzuberi,https://github.com/faryalzuberi,31623560,2017-09,14,49,1,2017–2019
muhammadmuneeb99,https://github.com/muhammadmuneeb99,32203945,2017-09,24,35,1,2017–2019
aktilokchandani,https://github.com/aktilokchandani,31729844,2017-09,7,33,1,2017–2019
khalidw,https://github.com/khalidw,31723666,2017-09,16,32,1,2017–2019
ZubairIrfan,https://github.com/ZubairIrfan,32097417,2017-09,12,32,1,2017–2019
Sheraz97,https://github.com/Sheraz97,32258472,2017-09,9,30,1,2017–2019
hameezuddin11,https://github.com/hameezuddin11,32129686,2017-09,8,20,1,2017–2019
hamza0495,https://github.com/hamza0495,32396195,2017-09,11,19,1,2017–2019
abdulmoizhussain,https://github.com/abdulmoizhussain,33151673,2017-10,48,805,1,2017–2019
sajidbutt09,https://github.com/sajidbutt09,33067981,2017-10,7,603,1,2017–2019
jamil4321,https://github.com/jamil4321,32610079,2017-10,59,472,1,2017–2019
TalhaTZA,https://github.com/TalhaTZA,33027759,2017-10,46,433,1,2017–2019
Huzaifakamran,https://github.com/Huzaifakamran,33007445,2017-10,109,421,1,2017–2019
zafar94,https://github.com/zafar94,32837390,2017-10,9,400,1,2017–2019
xamQrexii,https://github.com/xamQrexii,33018675,2017-10,59,326,1,2017–2019
rizwan199811,https://github.com/rizwan199811,32684795,2017-10,31,295,1,2017–2019
ramsha275,https://github.com/ramsha275,33019590,2017-10,31,252,1,2017–2019
HumayounBaig,https://github.com/HumayounBaig,32910163,2017-10,29,246,1,2017–2019
hameesakhan,https://github.com/hameesakhan,32523517,2017-10,541,227,1,2017–2019
Aneesawan34,https://github.com/Aneesawan34,33159177,2017-10,57,220,1,2017–2019
Taha92,https://github.com/Taha92,32833746,2017-10,19,220,1,2017–2019
asrar21,https://github.com/asrar21,32860582,2017-10,19,218,1,2017–2019
MuFaraz,https://github.com/MuFaraz,32569671,2017-10,44,202,1,2017–2019
compadrejaysee,https://github.com/compadrejaysee,32786030,2017-10,8,193,1,2017–2019
mnavaidd,https://github.com/mnavaidd,33001052,2017-10,24,155,1,2017–2019
Asharulislam,https://github.com/Asharulislam,33170168,2017-10,29,119,1,2017–2019
MH99-prog,https://github.com/MH99-prog,33144659,2017-10,26,106,1,2017–2019
zohaibabbasza,https://github.com/zohaibabbasza,32821400,2017-10,30,103,1,2017–2019
BatBlob,https://github.com/BatBlob,33098896,2017-10,12,97,1,2017–2019
Faizan-Khurshid,https://github.com/Faizan-Khurshid,32761668,2017-10,35,94,1,2017–2019
fahadsaeed57,https://github.com/fahadsaeed57,33047416,2017-10,17,90,1,2017–2019
ferozkhanabbasi,https://github.com/ferozkhanabbasi,32749059,2017-10,45,83,1,2017–2019
alihassamcf059,https://github.com/alihassamcf059,32767653,2017-10,24,82,1,2017–2019
shahzaib62342,https://github.com/shahzaib62342,32793574,2017-10,8,77,1,2017–2019
AliHamzaKhan,https://github.com/AliHamzaKhan,32648602,2017-10,10,70,1,2017–2019
muhammadtouqeer1991,https://github.com/muhammadtouqeer1991,32592744,2017-10,6,56,1,2017–2019
TalhaBinAsif,https://github.com/TalhaBinAsif,32535335,2017-10,7,49,1,2017–2019
ArifNawaz36,https://github.com/ArifNawaz36,32785553,2017-10,15,25,1,2017–2019
harisbutt122,https://github.com/harisbutt122,32791146,2017-10,13,24,1,2017–2019
sumairajavedmalik,https://github.com/sumairajavedmalik,32780896,2017-10,8,23,1,2017–2019
shehzad-lalani,https://github.com/shehzad-lalani,32965158,2017-10,9,22,1,2017–2019
umairsaleem,https://github.com/umairsaleem,32999802,2017-10,9,21,1,2017–2019
hammadparveez,https://github.com/hammadparveez,33895363,2017-11,55,15614,1,2017–2019
asadikhlas,https://github.com/asadikhlas,33983874,2017-11,77,1838,1,2017–2019
MHA535,https://github.com/MHA535,33906223,2017-11,394,1547,1,2017–2019
asifsha,https://github.com/asifsha,33965589,2017-11,85,869,1,2017–2019
zakonweb,https://github.com/zakonweb,33575935,2017-11,16,603,1,2017–2019
Zukqurnain,https://github.com/Zukqurnain,33602118,2017-11,44,432,1,2017–2019
Shahrukh0396,https://github.com/Shahrukh0396,33844214,2017-11,17,425,1,2017–2019
MuhammadAhmed8,https://github.com/MuhammadAhmed8,33652779,2017-11,54,403,1,2017–2019
OwaisIbrahim,https://github.com/OwaisIbrahim,33569662,2017-11,32,365,1,2017–2019
Muzammil98,https://github.com/Muzammil98,33463845,2017-11,78,325,1,2017–2019
Ubaidi5,https://github.com/Ubaidi5,33749621,2017-11,21,325,1,2017–2019
Muhammad1200,https://github.com/Muhammad1200,33632686,2017-11,8,282,1,2017–2019
Debuggex,https://github.com/Debuggex,33650111,2017-11,28,250,1,2017–2019
aftabumer,https://github.com/aftabumer,33935882,2017-11,38,206,1,2017–2019
h4haris,https://github.com/h4haris,33560381,2017-11,60,194,1,2017–2019
rabbanirizwan,https://github.com/rabbanirizwan,33807776,2017-11,79,193,1,2017–2019
MuhammadJamalAshrafi,https://github.com/MuhammadJamalAshrafi,33508875,2017-11,14,174,1,2017–2019
shaffay,https://github.com/shaffay,33603579,2017-11,46,152,1,2017–2019
ibrahimijc,https://github.com/ibrahimijc,33429696,2017-11,33,144,1,2017–2019
alinaqvii,https://github.com/alinaqvii,33763962,2017-11,33,137,1,2017–2019
ArsiKhan,https://github.com/ArsiKhan,33805824,2017-11,11,127,1,2017–2019
aimanahmedmoin1997,https://github.com/aimanahmedmoin1997,34132728,2017-11,23,114,1,2017–2019
RedFC,https://github.com/RedFC,33807729,2017-11,28,102,1,2017–2019
ayazashraf,https://github.com/ayazashraf,33937781,2017-11,17,83,1,2017–2019
sadamumer3,https://github.com/sadamumer3,33831237,2017-11,14,59,1,2017–2019
AfshanRasheed,https://github.com/AfshanRasheed,33459149,2017-11,13,55,1,2017–2019
aliGIThaider,https://github.com/aliGIThaider,33940972,2017-11,44,54,1,2017–2019
hamzarana07,https://github.com/hamzarana07,33406161,2017-11,24,52,1,2017–2019
Ubaidjaffery,https://github.com/Ubaidjaffery,33892624,2017-11,16,51,1,2017–2019
mwaqaass,https://github.com/mwaqaass,33598165,2017-11,13,51,1,2017–2019
irzakamran,https://github.com/irzakamran,33477309,2017-11,20,50,1,2017–2019
hussain0x,https://github.com/hussain0x,33750071,2017-11,16,44,1,2017–2019
sarangsaif,https://github.com/sarangsaif,33570362,2017-11,12,41,1,2017–2019
hkofficial,https://github.com/hkofficial,33599018,2017-11,12,40,1,2017–2019
farhanalee,https://github.com/farhanalee,34103992,2017-11,15,34,1,2017–2019
riyam68,https://github.com/riyam68,33603988,2017-11,7,26,1,2017–2019
hansari0312,https://github.com/hansari0312,34000546,2017-11,13,20,1,2017–2019
MAb540,https://github.com/MAb540,34398018,2017-12,29,1398,1,2017–2019
Sohaib-50,https://github.com/Sohaib-50,34452073,2017-12,58,1019,1,2017–2019
ibrahimjohar,https://github.com/ibrahimjohar,34939623,2017-12,17,988,1,2017–2019
quantumcore,https://github.com/quantumcore,34606382,2017-12,45,962,1,2017–2019
AmmarMasood,https://github.com/AmmarMasood,34777858,2017-12,67,913,1,2017–2019
hxnain619,https://github.com/hxnain619,34330363,2017-12,70,682,1,2017–2019
JunaidSikander,https://github.com/JunaidSikander,34481174,2017-12,60,599,1,2017–2019
iftikharyk,https://github.com/iftikharyk,34522152,2017-12,112,311,1,2017–2019
UmairVarin,https://github.com/UmairVarin,34236799,2017-12,12,311,1,2017–2019
kamranferoz,https://github.com/kamranferoz,34434270,2017-12,54,245,1,2017–2019
UsamaZuberi,https://github.com/UsamaZuberi,34717223,2017-12,25,190,1,2017–2019
abdvc,https://github.com/abdvc,34377465,2017-12,7,188,1,2017–2019
Aoun-Hussain,https://github.com/Aoun-Hussain,34833667,2017-12,46,179,1,2017–2019
aghaadnan,https://github.com/aghaadnan,34819208,2017-12,10,167,1,2017–2019
Xaib026,https://github.com/Xaib026,34938210,2017-12,14,165,1,2017–2019
MariaAhmedChohan,https://github.com/MariaAhmedChohan,34455297,2017-12,10,154,1,2017–2019
arsalan-nasir,https://github.com/arsalan-nasir,34629563,2017-12,24,150,1,2017–2019
mohammadhani110,https://github.com/mohammadhani110,34722336,2017-12,24,137,1,2017–2019
hammadalibarejee,https://github.com/hammadalibarejee,34187587,2017-12,37,128,1,2017–2019
KhurramShehzaad,https://github.com/KhurramShehzaad,34950854,2017-12,13,126,1,2017–2019
ibushraabbasi,https://github.com/ibushraabbasi,34800058,2017-12,28,96,1,2017–2019
nabi-hassan,https://github.com/nabi-hassan,34912904,2017-12,17,95,1,2017–2019
SyedAhmed96,https://github.com/SyedAhmed96,34800320,2017-12,53,91,1,2017–2019
irshadns,https://github.com/irshadns,34713341,2017-12,6,78,1,2017–2019
AghaWaleedHasan,https://github.com/AghaWaleedHasan,34392191,2017-12,12,74,1,2017–2019
CodeOutlet,https://github.com/CodeOutlet,34175024,2017-12,8,70,1,2017–2019
Syed-FaizRaza,https://github.com/Syed-FaizRaza,34200540,2017-12,12,50,1,2017–2019
FarrukhDilawar007,https://github.com/FarrukhDilawar007,34212846,2017-12,13,48,1,2017–2019
MuhammadAmmarSaleem,https://github.com/MuhammadAmmarSaleem,34312061,2017-12,12,39,1,2017–2019
summaiyawasti,https://github.com/summaiyawasti,34793293,2017-12,11,25,1,2017–2019
sheheryar-nadeem,https://github.com/sheheryar-nadeem,34733335,2017-12,10,24,1,2017–2019
yousufk1994,https://github.com/yousufk1994,34688697,2017-12,7,19,1,2017–2019
salamk,https://github.com/salamk,34749883,2017-12,13,18,1,2017–2019
umer2001,https://github.com/umer2001,35496058,2018-01,55,2870,1,2017–2019
mesumbinshaukat,https://github.com/mesumbinshaukat,35807672,2018-01,90,2074,1,2017–2019
ShifaHaider,https://github.com/ShifaHaider,35722751,2018-01,40,1443,1,2017–2019
ashirafzal,https://github.com/ashirafzal,35813537,2018-01,60,922,1,2017–2019
emran-shaikh,https://github.com/emran-shaikh,35254350,2018-01,14,732,1,2017–2019
Saad153,https://github.com/Saad153,35303229,2018-01,18,725,1,2017–2019
anasshamsi97,https://github.com/anasshamsi97,35067260,2018-01,26,545,1,2017–2019
raza-96,https://github.com/raza-96,35537920,2018-01,8,480,1,2017–2019
atifmehmood53,https://github.com/atifmehmood53,35393156,2018-01,20,477,1,2017–2019
muhammad-usman147,https://github.com/muhammad-usman147,35249668,2018-01,91,454,1,2017–2019
imranmajeed473,https://github.com/imranmajeed473,35431238,2018-01,69,452,1,2017–2019
AhsanGhaffar370,https://github.com/AhsanGhaffar370,35622245,2018-01,31,403,1,2017–2019
muhammadSabeelAhmed,https://github.com/muhammadSabeelAhmed,35419653,2018-01,44,349,1,2017–2019
AliAhmed1,https://github.com/AliAhmed1,35358759,2018-01,69,290,1,2017–2019
stahaali,https://github.com/stahaali,35898061,2018-01,21,289,1,2017–2019
farazhashmi21,https://github.com/farazhashmi21,35576980,2018-01,26,285,1,2017–2019
AqibMukhtar,https://github.com/AqibMukhtar,35413181,2018-01,16,233,1,2017–2019
ahsanalidev,https://github.com/ahsanalidev,35564482,2018-01,101,220,1,2017–2019
khawajaosama,https://github.com/khawajaosama,35253536,2018-01,37,217,1,2017–2019
hassan-irshad,https://github.com/hassan-irshad,35537549,2018-01,26,186,1,2017–2019
moosah01,https://github.com/moosah01,35226717,2018-01,20,182,1,2017–2019
malwareoverflow,https://github.com/malwareoverflow,35688767,2018-01,38,176,1,2017–2019
yHussain09,https://github.com/yHussain09,35362824,2018-01,29,159,1,2017–2019
hussain-umair,https://github.com/hussain-umair,35503280,2018-01,50,154,1,2017–2019
sohaib-sharih,https://github.com/sohaib-sharih,35649982,2018-01,40,144,1,2017–2019
pheeca,https://github.com/pheeca,35936556,2018-01,27,144,1,2017–2019
raheelsiddiqi2013,https://github.com/raheelsiddiqi2013,35844771,2018-01,16,144,1,2017–2019
Rameeshatariq,https://github.com/Rameeshatariq,35740845,2018-01,51,124,1,2017–2019
Jawad-H,https://github.com/Jawad-H,35629852,2018-01,27,112,1,2017–2019
Farrukhbala,https://github.com/Farrukhbala,35742633,2018-01,21,107,1,2017–2019
vikashkeswani,https://github.com/vikashkeswani,35408975,2018-01,25,105,1,2017–2019
AamirNakhwa,https://github.com/AamirNakhwa,35491151,2018-01,18,105,1,2017–2019
mustufaqadri,https://github.com/mustufaqadri,35392915,2018-01,30,101,1,2017–2019
Ihtesham1,https://github.com/Ihtesham1,35811620,2018-01,23,97,1,2017–2019
Annonmous,https://github.com/Annonmous,35940055,2018-01,56,89,1,2017–2019
khanhammad896,https://github.com/khanhammad896,35371776,2018-01,12,71,1,2017–2019
osamaafzall,https://github.com/osamaafzall,35875930,2018-01,30,55,1,2017–2019
waqassshah16,https://github.com/waqassshah16,35991182,2018-01,8,54,1,2017–2019
Hina-Hussain,https://github.com/Hina-Hussain,35346468,2018-01,15,51,1,2017–2019
kamrannawaz,https://github.com/kamrannawaz,35919931,2018-01,8,50,1,2017–2019
zubair-artani,https://github.com/zubair-artani,35131968,2018-01,23,49,1,2017–2019
mt02264,https://github.com/mt02264,35393276,2018-01,16,48,1,2017–2019
talalsidd,https://github.com/talalsidd,35397160,2018-01,14,31,1,2017–2019
SiddiquiHassan,https://github.com/SiddiquiHassan,35912546,2018-01,7,31,1,2017–2019
ammadasif,https://github.com/ammadasif,35234574,2018-01,7,31,1,2017–2019
uzairalam15,https://github.com/uzairalam15,35215772,2018-01,15,27,1,2017–2019
RafayImran,https://github.com/RafayImran,35197514,2018-01,8,26,1,2017–2019
ubaidraza,https://github.com/ubaidraza,35205386,2018-01,20,23,1,2017–2019
raahimhussain,https://github.com/raahimhussain,35499256,2018-01,14,23,1,2017–2019
faisalmaqsood786,https://github.com/faisalmaqsood786,35888994,2018-01,33,20,1,2017–2019
erpkhi,https://github.com/erpkhi,35916652,2018-01,7,20,1,2017–2019
lemezohaib,https://github.com/lemezohaib,36156525,2018-02,59,79778,1,2017–2019
shariqahmed525,https://github.com/shariqahmed525,36730621,2018-02,89,851,1,2017–2019
muhammadidrees,https://github.com/muhammadidrees,36603847,2018-02,50,677,1,2017–2019
haseebhassan006,https://github.com/haseebhassan006,36498663,2018-02,101,620,1,2017–2019
MuhammadMoiz200099,https://github.com/MuhammadMoiz200099,36322969,2018-02,85,521,1,2017–2019
Affanamin,https://github.com/Affanamin,36659805,2018-02,56,514,1,2017–2019
tahirrrhassan,https://github.com/tahirrrhassan,36041650,2018-02,11,503,1,2017–2019
Syedmaisam,https://github.com/Syedmaisam,36159445,2018-02,36,478,1,2017–2019
marsalans,https://github.com/marsalans,36761603,2018-02,1268,365,1,2017–2019
h26k2,https://github.com/h26k2,36851570,2018-02,17,341,1,2017–2019
HamzaMohammadKhan,https://github.com/HamzaMohammadKhan,36361756,2018-02,75,317,1,2017–2019
theyasirahmad,https://github.com/theyasirahmad,36290691,2018-02,41,300,1,2017–2019
shehbaz-malik,https://github.com/shehbaz-malik,36599119,2018-02,13,290,1,2017–2019
osamaimran25,https://github.com/osamaimran25,36574363,2018-02,40,245,1,2017–2019
faisalamin12,https://github.com/faisalamin12,36323184,2018-02,68,229,1,2017–2019
omerkhan8,https://github.com/omerkhan8,36782580,2018-02,21,216,1,2017–2019
MzkZeeshan,https://github.com/MzkZeeshan,36148341,2018-02,64,195,1,2017–2019
Hashcodepk,https://github.com/Hashcodepk,36842027,2018-02,33,194,1,2017–2019
AdinaFakih,https://github.com/AdinaFakih,36642804,2018-02,54,175,1,2017–2019
aliasghernooruddin,https://github.com/aliasghernooruddin,36670725,2018-02,23,170,1,2017–2019
Hamzakh3,https://github.com/Hamzakh3,36566967,2018-02,30,151,1,2017–2019
A3shaq,https://github.com/A3shaq,36259081,2018-02,31,150,1,2017–2019
jalalssm88,https://github.com/jalalssm88,36601508,2018-02,27,117,1,2017–2019
saadfrhan,https://github.com/saadfrhan,36201799,2018-02,21,113,1,2017–2019
owaisiqbal16,https://github.com/owaisiqbal16,36597400,2018-02,16,108,1,2017–2019
Ahaseeb98,https://github.com/Ahaseeb98,36041221,2018-02,22,105,1,2017–2019
jawaid-Ahmed,https://github.com/jawaid-Ahmed,36307747,2018-02,39,97,1,2017–2019
huzaifa161,https://github.com/huzaifa161,36340842,2018-02,20,96,1,2017–2019
Syed-Yarooq-Hussain,https://github.com/Syed-Yarooq-Hussain,36655814,2018-02,15,88,1,2017–2019
shafqat1841,https://github.com/shafqat1841,36793814,2018-02,9,86,1,2017–2019
saifbinabdulkarim,https://github.com/saifbinabdulkarim,36261367,2018-02,43,80,1,2017–2019
hameditalha,https://github.com/hameditalha,36043758,2018-02,20,73,1,2017–2019
iwaqaruddin,https://github.com/iwaqaruddin,36033300,2018-02,33,64,1,2017–2019
habibullah420,https://github.com/habibullah420,36103340,2018-02,22,61,1,2017–2019
abdulRehman06,https://github.com/abdulRehman06,36669229,2018-02,21,53,1,2017–2019
jahanzaibiqbal,https://github.com/jahanzaibiqbal,36487992,2018-02,27,50,1,2017–2019
hamzaxiddiqui,https://github.com/hamzaxiddiqui,36047326,2018-02,26,49,1,2017–2019
usmanaliwallara,https://github.com/usmanaliwallara,36070471,2018-02,20,48,1,2017–2019
MuhammadBilal110,https://github.com/MuhammadBilal110,36279640,2018-02,18,47,1,2017–2019
junaid54541,https://github.com/junaid54541,36605958,2018-02,12,43,1,2017–2019
creatbox1,https://github.com/creatbox1,36541939,2018-02,17,28,1,2017–2019
Usamaashraff,https://github.com/Usamaashraff,36763253,2018-02,8,28,1,2017–2019
Suraj-18,https://github.com/Suraj-18,36204162,2018-02,7,27,1,2017–2019
OwaisUsman,https://github.com/OwaisUsman,36053686,2018-02,12,23,1,2017–2019
Arshaq1996,https://github.com/Arshaq1996,36785173,2018-02,12,23,1,2017–2019
AhsanNaushad11,https://github.com/AhsanNaushad11,36572551,2018-02,13,22,1,2017–2019
mohtadajokhio,https://github.com/mohtadajokhio,36068282,2018-02,7,21,1,2017–2019
xassanraza,https://github.com/xassanraza,36153926,2018-02,12,20,1,2017–2019
MuzammilRafay,https://github.com/MuzammilRafay,36181738,2018-02,18,18,1,2017–2019
Suffyan09,https://github.com/Suffyan09,36099592,2018-02,8,17,1,2017–2019
Asadrao125,https://github.com/Asadrao125,37478549,2018-03,85,1015,1,2017–2019
smyaseen,https://github.com/smyaseen,37702376,2018-03,59,636,1,2017–2019
Muradalikhan,https://github.com/Muradalikhan,37217077,2018-03,43,636,1,2017–2019
mildk123,https://github.com/mildk123,37042258,2018-03,54,635,1,2017–2019
YousraMashkoor,https://github.com/YousraMashkoor,37848888,2018-03,70,631,1,2017–2019
Muneebkh2,https://github.com/Muneebkh2,37962613,2018-03,37,628,1,2017–2019
Bill-Klay,https://github.com/Bill-Klay,37112240,2018-03,30,528,1,2017–2019
ZeeshanHabib7,https://github.com/ZeeshanHabib7,37506270,2018-03,23,496,1,2017–2019
hasanimran96,https://github.com/hasanimran96,37798297,2018-03,16,432,1,2017–2019
Iswaqasahmed,https://github.com/Iswaqasahmed,37307194,2018-03,62,395,1,2017–2019
MAfzalKhan1997,https://github.com/MAfzalKhan1997,37745422,2018-03,41,392,1,2017–2019
MuhammadHaris55,https://github.com/MuhammadHaris55,37631417,2018-03,51,337,1,2017–2019
Muhammad-Hammad,https://github.com/Muhammad-Hammad,37264033,2018-03,84,335,1,2017–2019
Syed-Osama-Hussain,https://github.com/Syed-Osama-Hussain,37876153,2018-03,37,293,1,2017–2019
usmanashrafusman,https://github.com/usmanashrafusman,37510976,2018-03,42,278,1,2017–2019
SyedMuhammadMuhsinKarim,https://github.com/SyedMuhammadMuhsinKarim,37833481,2018-03,34,247,1,2017–2019
yesmesalman,https://github.com/yesmesalman,37062860,2018-03,33,247,1,2017–2019
Musaddiq625,https://github.com/Musaddiq625,37911054,2018-03,68,244,1,2017–2019
HMUsama,https://github.com/HMUsama,37137366,2018-03,52,219,1,2017–2019
shahnawazhussain125,https://github.com/shahnawazhussain125,37732557,2018-03,22,216,1,2017–2019
WhiteBookmark,https://github.com/WhiteBookmark,37548818,2018-03,20,212,1,2017–2019
Kashifalirajper,https://github.com/Kashifalirajper,37952523,2018-03,35,193,1,2017–2019
DanialAnsari,https://github.com/DanialAnsari,37415269,2018-03,55,173,1,2017–2019
muhammadhoti,https://github.com/muhammadhoti,37663264,2018-03,17,154,1,2017–2019
SyedShahbazHussain,https://github.com/SyedShahbazHussain,37961345,2018-03,48,152,1,2017–2019
farhanali-developer,https://github.com/farhanali-developer,37214553,2018-03,16,131,1,2017–2019
bahawal32,https://github.com/bahawal32,36995485,2018-03,31,111,1,2017–2019
kumarnareender,https://github.com/kumarnareender,37351435,2018-03,40,110,1,2017–2019
Umair9631,https://github.com/Umair9631,36948533,2018-03,18,96,1,2017–2019
MuhammadSaudFarooq,https://github.com/MuhammadSaudFarooq,37637301,2018-03,17,87,1,2017–2019
najeebjony,https://github.com/najeebjony,37581062,2018-03,11,83,1,2017–2019
faharAbdullahKhan,https://github.com/faharAbdullahKhan,37661039,2018-03,16,79,1,2017–2019
ukhanedian,https://github.com/ukhanedian,37597214,2018-03,17,71,1,2017–2019
mrizwanali,https://github.com/mrizwanali,37344935,2018-03,32,67,1,2017–2019
anwersolangi,https://github.com/anwersolangi,37410529,2018-03,25,67,1,2017–2019
UsamaSohail94,https://github.com/UsamaSohail94,37038343,2018-03,12,66,1,2017–2019
NeerajBatheja,https://github.com/NeerajBatheja,37804256,2018-03,16,61,1,2017–2019
codewithaashir,https://github.com/codewithaashir,37038463,2018-03,22,57,1,2017–2019
Babar404,https://github.com/Babar404,37775042,2018-03,25,48,1,2017–2019
ZeeshanFareed123,https://github.com/ZeeshanFareed123,37938950,2018-03,8,33,1,2017–2019
mohbatrai,https://github.com/mohbatrai,37931543,2018-03,8,33,1,2017–2019
Jetendar,https://github.com/Jetendar,37652612,2018-03,18,31,1,2017–2019
iamsaadjaved,https://github.com/iamsaadjaved,37113402,2018-03,12,28,1,2017–2019
AsiaKhan95,https://github.com/AsiaKhan95,36960325,2018-03,15,27,1,2017–2019
Muhammad-Wasib,https://github.com/Muhammad-Wasib,37422875,2018-03,10,26,1,2017–2019
hiteshkumar20,https://github.com/hiteshkumar20,37731622,2018-03,15,25,1,2017–2019
arslanrisalat,https://github.com/arslanrisalat,37912054,2018-03,15,24,1,2017–2019
aliahmedghazi,https://github.com/aliahmedghazi,37616154,2018-03,7,21,1,2017–2019
RubaAbid,https://github.com/RubaAbid,37417707,2018-03,18,19,1,2017–2019
muhammadtalhasiddiqui,https://github.com/muhammadtalhasiddiqui,37283878,2018-03,12,19,1,2017–2019
AbdulRehman0,https://github.com/AbdulRehman0,37613859,2018-03,7,19,1,2017–2019
jazibaleem,https://github.com/jazibaleem,37636907,2018-03,8,18,1,2017–2019
zainknoman,https://github.com/zainknoman,38238384,2018-04,12,8751,1,2017–2019
fazaltech,https://github.com/fazaltech,38839909,2018-04,25,616,1,2017–2019
Hamza91able,https://github.com/Hamza91able,38669083,2018-04,40,575,1,2017–2019
muzammilkhn,https://github.com/muzammilkhn,38032118,2018-04,20,545,1,2017–2019
SharjeelMoqrabKhan,https://github.com/SharjeelMoqrabKhan,38564835,2018-04,34,475,1,2017–2019
kashifm777,https://github.com/kashifm777,38219322,2018-04,90,418,1,2017–2019
hafiztalhakh,https://github.com/hafiztalhakh,38666963,2018-04,58,382,1,2017–2019
safwanidrees,https://github.com/safwanidrees,38593104,2018-04,51,378,1,2017–2019
SaraHasan224,https://github.com/SaraHasan224,38839068,2018-04,30,326,1,2017–2019
KamranAtta,https://github.com/KamranAtta,38593667,2018-04,13,310,1,2017–2019
uzairkorai,https://github.com/uzairkorai,38845776,2018-04,38,269,1,2017–2019
mubashirjamali101,https://github.com/mubashirjamali101,38682421,2018-04,17,245,1,2017–2019
arkkhanu,https://github.com/arkkhanu,38863970,2018-04,49,217,1,2017–2019
anassalam,https://github.com/anassalam,38077746,2018-04,14,193,1,2017–2019
ashar312,https://github.com/ashar312,38423585,2018-04,29,190,1,2017–2019
shad0w1911,https://github.com/shad0w1911,38272161,2018-04,13,184,1,2017–2019
HAMZAJAVEDKHAN,https://github.com/HAMZAJAVEDKHAN,38666406,2018-04,18,183,1,2017–2019
Maria-Ahmed,https://github.com/Maria-Ahmed,38373765,2018-04,46,166,1,2017–2019
MUmer01,https://github.com/MUmer01,38096900,2018-04,16,148,1,2017–2019
syedasher88,https://github.com/syedasher88,38724826,2018-04,11,133,1,2017–2019
iamzainmunir,https://github.com/iamzainmunir,38706307,2018-04,43,132,1,2017–2019
alihussam,https://github.com/alihussam,38767751,2018-04,29,123,1,2017–2019
muhammadahmer1999,https://github.com/muhammadahmer1999,38369586,2018-04,10,122,1,2017–2019
mohsiniscoding,https://github.com/mohsiniscoding,38476853,2018-04,28,109,1,2017–2019
its-hunain,https://github.com/its-hunain,38600564,2018-04,38,107,1,2017–2019
shahzaib-1997,https://github.com/shahzaib-1997,38488885,2018-04,12,94,1,2017–2019
misbahafzal,https://github.com/misbahafzal,38649139,2018-04,13,90,1,2017–2019
Adeelasd,https://github.com/Adeelasd,38320190,2018-04,7,86,1,2017–2019
ridaSE2016,https://github.com/ridaSE2016,38224258,2018-04,20,85,1,2017–2019
raousamabinsohail,https://github.com/raousamabinsohail,38761601,2018-04,12,65,1,2017–2019
khalidkhan021,https://github.com/khalidkhan021,37975899,2018-04,27,58,1,2017–2019
ZamanMehdi,https://github.com/ZamanMehdi,38732146,2018-04,11,57,1,2017–2019
sheheryar92,https://github.com/sheheryar92,38159839,2018-04,17,52,1,2017–2019
SyedFahadShamim,https://github.com/SyedFahadShamim,38612088,2018-04,16,47,1,2017–2019
SMahnoorJamal,https://github.com/SMahnoorJamal,38293040,2018-04,13,44,1,2017–2019
tak2878,https://github.com/tak2878,38162347,2018-04,16,37,1,2017–2019
Sheryar10,https://github.com/Sheryar10,38486355,2018-04,10,37,1,2017–2019
usama-uk,https://github.com/usama-uk,38431316,2018-04,10,29,1,2017–2019
aimanxyed,https://github.com/aimanxyed,38625930,2018-04,15,28,1,2017–2019
UbaidSarhandi,https://github.com/UbaidSarhandi,38532188,2018-04,8,22,1,2017–2019
isurajparmar85,https://github.com/isurajparmar85,38100347,2018-04,19,20,1,2017–2019
AghaShahriyar,https://github.com/AghaShahriyar,38526436,2018-04,8,19,1,2017–2019
annasshaikh,https://github.com/annasshaikh,39020847,2018-05,29,3219,1,2017–2019
Mudassirraza912,https://github.com/Mudassirraza912,39431881,2018-05,60,949,1,2017–2019
sleepyqadir,https://github.com/sleepyqadir,38910854,2018-05,138,816,1,2017–2019
NomanGul,https://github.com/NomanGul,39244918,2018-05,104,777,1,2017–2019
rameezqazi23,https://github.com/rameezqazi23,38956101,2018-05,117,574,1,2017–2019
kazmiali,https://github.com/kazmiali,39811688,2018-05,42,524,1,2017–2019
omerhabib62,https://github.com/omerhabib62,38879730,2018-05,202,303,1,2017–2019
hassaanih,https://github.com/hassaanih,39552896,2018-05,18,275,1,2017–2019
mhumair,https://github.com/mhumair,39047231,2018-05,30,235,1,2017–2019
nabeel-shakeel,https://github.com/nabeel-shakeel,39087083,2018-05,28,228,1,2017–2019
amnaajmal,https://github.com/amnaajmal,38943088,2018-05,34,214,1,2017–2019
AliAhmedSamoo,https://github.com/AliAhmedSamoo,39314110,2018-05,18,212,1,2017–2019
SohailKhanPAK,https://github.com/SohailKhanPAK,39166458,2018-05,47,193,1,2017–2019
shoaiburrehman,https://github.com/shoaiburrehman,39486938,2018-05,45,180,1,2017–2019
uzairaj,https://github.com/uzairaj,39025103,2018-05,25,172,1,2017–2019
mehtabsaira26,https://github.com/mehtabsaira26,38942888,2018-05,22,156,1,2017–2019
kashifraza01,https://github.com/kashifraza01,39432246,2018-05,16,155,1,2017–2019
Farazahmed90,https://github.com/Farazahmed90,39310459,2018-05,35,153,1,2017–2019
mhsnrafi,https://github.com/mhsnrafi,39403780,2018-05,23,132,1,2017–2019
smusman98,https://github.com/smusman98,39401198,2018-05,15,131,1,2017–2019
Amanullah22,https://github.com/Amanullah22,39756073,2018-05,18,123,1,2017–2019
muhamza,https://github.com/muhamza,39738754,2018-05,14,123,1,2017–2019
FaaridMuhammadEmad,https://github.com/FaaridMuhammadEmad,39637779,2018-05,14,108,1,2017–2019
SalmanKhan13,https://github.com/SalmanKhan13,38916330,2018-05,11,106,1,2017–2019
AghaShayan123,https://github.com/AghaShayan123,39364365,2018-05,37,104,1,2017–2019
Electron123,https://github.com/Electron123,39222939,2018-05,6,82,1,2017–2019
DinMuhammad1994,https://github.com/DinMuhammad1994,39612648,2018-05,42,66,1,2017–2019
mariumjawed,https://github.com/mariumjawed,38984986,2018-05,7,60,1,2017–2019
MalikFareed,https://github.com/MalikFareed,39738345,2018-05,13,59,1,2017–2019
Arbazcrux,https://github.com/Arbazcrux,38942824,2018-05,19,58,1,2017–2019
ziadi21,https://github.com/ziadi21,39302023,2018-05,15,56,1,2017–2019
notbaig,https://github.com/notbaig,39711051,2018-05,8,55,1,2017–2019
EasyLearning97,https://github.com/EasyLearning97,38875771,2018-05,47,48,1,2017–2019
rahim42324,https://github.com/rahim42324,39668575,2018-05,7,36,1,2017–2019
AliNasirDawood,https://github.com/AliNasirDawood,38881949,2018-05,15,34,1,2017–2019
huzaifamaw,https://github.com/huzaifamaw,39128801,2018-05,20,33,1,2017–2019
Saadain-Ali,https://github.com/Saadain-Ali,39658480,2018-05,14,30,1,2017–2019
hanzalajamash,https://github.com/hanzalajamash,39809763,2018-05,16,24,1,2017–2019
areeb95,https://github.com/areeb95,39234601,2018-05,9,19,1,2017–2019
IamAhsanMani,https://github.com/IamAhsanMani,39671392,2018-05,41,18,1,2017–2019
osamarajput,https://github.com/osamarajput,39127124,2018-05,13,17,1,2017–2019
AsadLeo14,https://github.com/AsadLeo14,39796263,2018-05,8,17,1,2017–2019
V3rB0se,https://github.com/V3rB0se,40388232,2018-06,19,705554,1,2017–2019
mauwia,https://github.com/mauwia,40006578,2018-06,65,1692,1,2017–2019
MUHAMMADSiyab,https://github.com/MUHAMMADSiyab,39950367,2018-06,52,636,1,2017–2019
maaznadeem246,https://github.com/maaznadeem246,39926764,2018-06,56,582,1,2017–2019
iamowaisazam,https://github.com/iamowaisazam,40581073,2018-06,38,514,1,2017–2019
sarmedrizvi,https://github.com/sarmedrizvi,40367136,2018-06,56,485,1,2017–2019
masTechDeveloper,https://github.com/masTechDeveloper,40725533,2018-06,55,405,1,2017–2019
soha-moosa,https://github.com/soha-moosa,40213521,2018-06,19,382,1,2017–2019
ShahrozAhmd,https://github.com/ShahrozAhmd,39967136,2018-06,35,323,1,2017–2019
owais4321,https://github.com/owais4321,39921596,2018-06,96,285,1,2017–2019
muhammadanasafzaal,https://github.com/muhammadanasafzaal,40186715,2018-06,33,264,1,2017–2019
muzammilriaz940,https://github.com/muzammilriaz940,40453401,2018-06,6,197,1,2017–2019
preetrathi,https://github.com/preetrathi,40492888,2018-06,55,153,1,2017–2019
bitsplz,https://github.com/bitsplz,39962678,2018-06,30,153,1,2017–2019
DaniyalMalikC,https://github.com/DaniyalMalikC,40606850,2018-06,14,150,1,2017–2019
shahnoor23,https://github.com/shahnoor23,40328732,2018-06,38,132,1,2017–2019
anish-dadlani,https://github.com/anish-dadlani,40547809,2018-06,14,132,1,2017–2019
hamzafaqhi,https://github.com/hamzafaqhi,40600680,2018-06,17,122,1,2017–2019
tayyabaslam19,https://github.com/tayyabaslam19,40676375,2018-06,19,115,1,2017–2019
waaw-meem,https://github.com/waaw-meem,39905929,2018-06,54,114,1,2017–2019
SaimAhmedSheikh,https://github.com/SaimAhmedSheikh,40424655,2018-06,19,96,1,2017–2019
Saqib-ghouri11,https://github.com/Saqib-ghouri11,39990883,2018-06,19,95,1,2017–2019
Fahadahmed23,https://github.com/Fahadahmed23,40246083,2018-06,14,87,1,2017–2019
ahmedgadit,https://github.com/ahmedgadit,40518641,2018-06,21,85,1,2017–2019
Bilawal-2,https://github.com/Bilawal-2,40724156,2018-06,38,75,1,2017–2019
Shell1500,https://github.com/Shell1500,40688468,2018-06,22,73,1,2017–2019
mayubx4,https://github.com/mayubx4,40343374,2018-06,12,72,1,2017–2019
subhashparwani,https://github.com/subhashparwani,39861712,2018-06,33,67,1,2017–2019
abdurehman12,https://github.com/abdurehman12,40402060,2018-06,34,64,1,2017–2019
Muhammad-ismail0346,https://github.com/Muhammad-ismail0346,40703677,2018-06,19,62,1,2017–2019
jhanzaibkhatri1999,https://github.com/jhanzaibkhatri1999,40499113,2018-06,12,59,1,2017–2019
Hamza-Bhai,https://github.com/Hamza-Bhai,39930480,2018-06,15,55,1,2017–2019
waha6,https://github.com/waha6,40691264,2018-06,33,54,1,2017–2019
Sameer889,https://github.com/Sameer889,40677072,2018-06,20,48,1,2017–2019
afamarshad,https://github.com/afamarshad,40440140,2018-06,19,44,1,2017–2019
muhammadwasil97,https://github.com/muhammadwasil97,40041757,2018-06,15,39,1,2017–2019
yasirrajput185,https://github.com/yasirrajput185,40420019,2018-06,6,37,1,2017–2019
Adnan705,https://github.com/Adnan705,39994716,2018-06,14,36,1,2017–2019
matifniaz,https://github.com/matifniaz,40147842,2018-06,9,36,1,2017–2019
MohsinRizvi,https://github.com/MohsinRizvi,40082281,2018-06,24,24,1,2017–2019
umerkhalid12,https://github.com/umerkhalid12,40297394,2018-06,11,23,1,2017–2019
MaroofAshraf,https://github.com/MaroofAshraf,39948912,2018-06,9,22,1,2017–2019
AbdulMoizZahid,https://github.com/AbdulMoizZahid,40694722,2018-06,8,20,1,2017–2019
ikramabbas1,https://github.com/ikramabbas1,40268340,2018-06,13,19,1,2017–2019
ahmedrazabaloch,https://github.com/ahmedrazabaloch,41878215,2018-07,52,770,1,2017–2019
yousufiqbal,https://github.com/yousufiqbal,41191676,2018-07,25,753,1,2017–2019
myselfswk,https://github.com/myselfswk,41314353,2018-07,66,675,1,2017–2019
AmanSultanBaig,https://github.com/AmanSultanBaig,41924807,2018-07,74,624,1,2017–2019
moizsiraj,https://github.com/moizsiraj,41490939,2018-07,54,611,1,2017–2019
MuhammadAliKhan1,https://github.com/MuhammadAliKhan1,41667480,2018-07,42,537,1,2017–2019
qasimmehdi,https://github.com/qasimmehdi,41130000,2018-07,36,536,1,2017–2019
wajahat-dev,https://github.com/wajahat-dev,41397888,2018-07,89,524,1,2017–2019
Mohammad-Bilal-Bhatti,https://github.com/Mohammad-Bilal-Bhatti,41234914,2018-07,38,487,1,2017–2019
sam3690,https://github.com/sam3690,41838423,2018-07,74,469,1,2017–2019
Daniyalzakir321,https://github.com/Daniyalzakir321,41327126,2018-07,97,401,1,2017–2019
ahmedyartanveer,https://github.com/ahmedyartanveer,41370959,2018-07,14,371,1,2017–2019
mfahadtahir,https://github.com/mfahadtahir,40818615,2018-07,44,353,1,2017–2019
syedhamzahussain,https://github.com/syedhamzahussain,40966603,2018-07,9,292,1,2017–2019
Talhaverse,https://github.com/Talhaverse,41064991,2018-07,33,269,1,2017–2019
FarisCode,https://github.com/FarisCode,40757382,2018-07,42,268,1,2017–2019
HAIDER110786,https://github.com/HAIDER110786,41267875,2018-07,54,254,1,2017–2019
Fasih1994,https://github.com/Fasih1994,41539719,2018-07,47,217,1,2017–2019
Moiz-khan,https://github.com/Moiz-khan,41229568,2018-07,37,200,1,2017–2019
HamzaBhatti125,https://github.com/HamzaBhatti125,40958101,2018-07,70,197,1,2017–2019
Asadullah007,https://github.com/Asadullah007,41476975,2018-07,65,188,1,2017–2019
bukshalishah,https://github.com/bukshalishah,41257334,2018-07,23,181,1,2017–2019
kumail11,https://github.com/kumail11,40884947,2018-07,44,175,1,2017–2019
JahangirJadi,https://github.com/JahangirJadi,40955812,2018-07,52,147,1,2017–2019
ashfaqdotes,https://github.com/ashfaqdotes,41798971,2018-07,57,137,1,2017–2019
iamzubairnaseer,https://github.com/iamzubairnaseer,40863362,2018-07,34,135,1,2017–2019
HasanQadir,https://github.com/HasanQadir,41510364,2018-07,8,130,1,2017–2019
areeba-farooq,https://github.com/areeba-farooq,41040479,2018-07,68,127,1,2017–2019
yaskh,https://github.com/yaskh,41568177,2018-07,30,106,1,2017–2019
Shehzad05,https://github.com/Shehzad05,41237363,2018-07,31,103,1,2017–2019
phayzeee,https://github.com/phayzeee,41268271,2018-07,19,102,1,2017–2019
syedumerqadri,https://github.com/syedumerqadri,41392182,2018-07,13,102,1,2017–2019
MuhammadFareed,https://github.com/MuhammadFareed,40928170,2018-07,53,93,1,2017–2019
sohailziahh,https://github.com/sohailziahh,41738373,2018-07,24,87,1,2017–2019
safeerjan,https://github.com/safeerjan,40755689,2018-07,16,85,1,2017–2019
HamzaAleem,https://github.com/HamzaAleem,41679853,2018-07,15,78,1,2017–2019
Wasi-Ayub,https://github.com/Wasi-Ayub,41390357,2018-07,46,75,1,2017–2019
MMukkarram,https://github.com/MMukkarram,40773916,2018-07,18,74,1,2017–2019
MuhammadHaseebAmjad,https://github.com/MuhammadHaseebAmjad,41118449,2018-07,28,72,1,2017–2019
OmerAbdulSamad110,https://github.com/OmerAbdulSamad110,41125159,2018-07,8,70,1,2017–2019
NomanAzmatUllah,https://github.com/NomanAzmatUllah,41420305,2018-07,57,55,1,2017–2019
waqaransari03,https://github.com/waqaransari03,41943952,2018-07,15,51,1,2017–2019
equan4647,https://github.com/equan4647,41044369,2018-07,21,48,1,2017–2019
toobaakram,https://github.com/toobaakram,41504736,2018-07,9,48,1,2017–2019
engrzardari,https://github.com/engrzardari,41242658,2018-07,7,44,1,2017–2019
laiba18,https://github.com/laiba18,41546656,2018-07,14,42,1,2017–2019
mubi7070,https://github.com/mubi7070,41264870,2018-07,10,37,1,2017–2019
anasshahid26,https://github.com/anasshahid26,41374517,2018-07,27,36,1,2017–2019
mhassan24,https://github.com/mhassan24,41486117,2018-07,29,33,1,2017–2019
kiratkumar47,https://github.com/kiratkumar47,41340746,2018-07,13,33,1,2017–2019
AbdulRaufARK,https://github.com/AbdulRaufARK,40770051,2018-07,18,30,1,2017–2019
Hammad-Ishaque,https://github.com/Hammad-Ishaque,40836908,2018-07,20,26,1,2017–2019
maaz-rashid,https://github.com/maaz-rashid,41377354,2018-07,8,24,1,2017–2019
Muhammad-Huzaifa-Siddiqui,https://github.com/Muhammad-Huzaifa-Siddiqui,40765078,2018-07,17,23,1,2017–2019
joinus123,https://github.com/joinus123,41865431,2018-07,6,23,1,2017–2019
rehanashraf97,https://github.com/rehanashraf97,41154481,2018-07,11,20,1,2017–2019
Turtle923,https://github.com/Turtle923,41129005,2018-07,6,18,1,2017–2019
GhousMuhammadkhan28,https://github.com/GhousMuhammadkhan28,41202244,2018-07,6,18,1,2017–2019
arsalanfakhar,https://github.com/arsalanfakhar,42144377,2018-08,54,18555,1,2017–2019
AB290817008,https://github.com/AB290817008,42501497,2018-08,48,3524,1,2017–2019
umershaikh123,https://github.com/umershaikh123,42178214,2018-08,138,1267,1,2017–2019
shahanahmed86,https://github.com/shahanahmed86,42711061,2018-08,76,955,1,2017–2019
taha842,https://github.com/taha842,42276750,2018-08,22,653,1,2017–2019
hamzaalvi1,https://github.com/hamzaalvi1,42583422,2018-08,42,502,1,2017–2019
mwaqarfarooqui,https://github.com/mwaqarfarooqui,42797209,2018-08,9,411,1,2017–2019
wajahat420,https://github.com/wajahat420,42533972,2018-08,58,332,1,2017–2019
ZuraizAhmedShehzad,https://github.com/ZuraizAhmedShehzad,42076770,2018-08,35,312,1,2017–2019
ShahryarAhmed97,https://github.com/ShahryarAhmed97,42492081,2018-08,42,257,1,2017–2019
SMHasnainR,https://github.com/SMHasnainR,42713592,2018-08,20,239,1,2017–2019
DanyalKhawaja,https://github.com/DanyalKhawaja,42298472,2018-08,13,238,1,2017–2019
muzammil123hussain,https://github.com/muzammil123hussain,42210246,2018-08,16,204,1,2017–2019
Karacraft,https://github.com/Karacraft,42495441,2018-08,19,200,1,2017–2019
yahyawasim97,https://github.com/yahyawasim97,42174282,2018-08,35,177,1,2017–2019
SyedmFaisal988,https://github.com/SyedmFaisal988,42417383,2018-08,15,177,1,2017–2019
syedkamal3262,https://github.com/syedkamal3262,42840009,2018-08,42,149,1,2017–2019
hatim523,https://github.com/hatim523,42508780,2018-08,49,144,1,2017–2019
sir-waqas,https://github.com/sir-waqas,42497411,2018-08,38,138,1,2017–2019
MuhammadAnas190,https://github.com/MuhammadAnas190,42142889,2018-08,36,121,1,2017–2019
zainabahmed8907,https://github.com/zainabahmed8907,42474856,2018-08,46,115,1,2017–2019
scyp101,https://github.com/scyp101,42637586,2018-08,9,106,1,2017–2019
BismaJ,https://github.com/BismaJ,42489199,2018-08,18,97,1,2017–2019
shayanahmedk,https://github.com/shayanahmedk,42377211,2018-08,26,92,1,2017–2019
Saad9624,https://github.com/Saad9624,42245770,2018-08,45,88,1,2017–2019
IrfanGhuori,https://github.com/IrfanGhuori,42720620,2018-08,14,88,1,2017–2019
MANIAHMED,https://github.com/MANIAHMED,42448210,2018-08,31,86,1,2017–2019
hamzamurtaza01,https://github.com/hamzamurtaza01,42454490,2018-08,18,86,1,2017–2019
ahmedmst2423,https://github.com/ahmedmst2423,42143840,2018-08,11,85,1,2017–2019
imranali4264,https://github.com/imranali4264,42243539,2018-08,12,71,1,2017–2019
fawwad786,https://github.com/fawwad786,42698563,2018-08,10,71,1,2017–2019
padamcs36,https://github.com/padamcs36,42333043,2018-08,32,62,1,2017–2019
Ainyana,https://github.com/Ainyana,42343783,2018-08,32,61,1,2017–2019
umawani,https://github.com/umawani,42729648,2018-08,9,57,1,2017–2019
shaheryarCS,https://github.com/shaheryarCS,42182191,2018-08,13,48,1,2017–2019
Afzal-Siddiqui001,https://github.com/Afzal-Siddiqui001,42174537,2018-08,25,38,1,2017–2019
fluffyasshole,https://github.com/fluffyasshole,42210249,2018-08,7,36,1,2017–2019
shahfahad194,https://github.com/shahfahad194,42233835,2018-08,10,25,1,2017–2019
aisarali99,https://github.com/aisarali99,42847835,2018-08,19,22,1,2017–2019
Yasoobh1,https://github.com/Yasoobh1,42030392,2018-08,8,19,1,2017–2019
umairx97,https://github.com/umairx97,43206820,2018-09,105,1657,1,2017–2019
heyibad,https://github.com/heyibad,43316535,2018-09,35,606,1,2017–2019
MuhammadTayyab1,https://github.com/MuhammadTayyab1,43279438,2018-09,49,489,1,2017–2019
sufyanarain,https://github.com/sufyanarain,43380961,2018-09,40,424,1,2017–2019
walikhan226,https://github.com/walikhan226,43003169,2018-09,40,424,1,2017–2019
Salehmangrio,https://github.com/Salehmangrio,43506261,2018-09,35,384,1,2017–2019
doodhJalebi,https://github.com/doodhJalebi,43434632,2018-09,14,383,1,2017–2019
BilalMir135,https://github.com/BilalMir135,43586901,2018-09,70,361,1,2017–2019
adnandothussain,https://github.com/adnandothussain,43226545,2018-09,66,350,1,2017–2019
SyedDaniyalAli,https://github.com/SyedDaniyalAli,43445642,2018-09,84,345,1,2017–2019
abdurrehman99,https://github.com/abdurrehman99,43008785,2018-09,48,337,1,2017–2019
NameerWaqas,https://github.com/NameerWaqas,43666780,2018-09,29,325,1,2017–2019
arsalan-irfan,https://github.com/arsalan-irfan,43111371,2018-09,42,306,1,2017–2019
iammor11,https://github.com/iammor11,43314171,2018-09,29,301,1,2017–2019
kishwerjabeen,https://github.com/kishwerjabeen,43556329,2018-09,59,299,1,2017–2019
AbdulSattarSuleman,https://github.com/AbdulSattarSuleman,43110862,2018-09,75,260,1,2017–2019
Rehan41302,https://github.com/Rehan41302,43314251,2018-09,23,255,1,2017–2019
yousuf9292,https://github.com/yousuf9292,43644200,2018-09,38,253,1,2017–2019
MOwais20,https://github.com/MOwais20,43326136,2018-09,30,245,1,2017–2019
Syedovaiss,https://github.com/Syedovaiss,43692178,2018-09,61,206,1,2017–2019
ZainnQureshii,https://github.com/ZainnQureshii,43629888,2018-09,52,206,1,2017–2019
HassanAdnan123,https://github.com/HassanAdnan123,43107637,2018-09,21,164,1,2017–2019
hinjorr,https://github.com/hinjorr,43087925,2018-09,8,164,1,2017–2019
MuhammadBilalQamar,https://github.com/MuhammadBilalQamar,42898923,2018-09,15,154,1,2017–2019
sohaibmughall,https://github.com/sohaibmughall,42918114,2018-09,38,151,1,2017–2019
merchant862,https://github.com/merchant862,43372874,2018-09,27,132,1,2017–2019
yasir9001,https://github.com/yasir9001,43116578,2018-09,28,128,1,2017–2019
SyedUzairAlii,https://github.com/SyedUzairAlii,43721641,2018-09,30,123,1,2017–2019
daniyalhaider11,https://github.com/daniyalhaider11,43630211,2018-09,12,103,1,2017–2019
AuringzaibSabir,https://github.com/AuringzaibSabir,42897240,2018-09,11,102,1,2017–2019
Tanzeel-khan,https://github.com/Tanzeel-khan,43097058,2018-09,47,95,1,2017–2019
MuhammadHashirBinKhalid,https://github.com/MuhammadHashirBinKhalid,42959505,2018-09,34,82,1,2017–2019
khizramk02,https://github.com/khizramk02,43573930,2018-09,31,81,1,2017–2019
Aimohsin,https://github.com/Aimohsin,43362464,2018-09,52,75,1,2017–2019
asadnaeem1,https://github.com/asadnaeem1,43405005,2018-09,35,73,1,2017–2019
Abfkakul,https://github.com/Abfkakul,43090895,2018-09,10,69,1,2017–2019
fahadahmed07,https://github.com/fahadahmed07,43684951,2018-09,34,67,1,2017–2019
OwaisKhan17,https://github.com/OwaisKhan17,43402102,2018-09,6,63,1,2017–2019
razafarishta,https://github.com/razafarishta,43003236,2018-09,21,62,1,2017–2019
nabeelwasi,https://github.com/nabeelwasi,43211424,2018-09,16,61,1,2017–2019
aliahmadmaster,https://github.com/aliahmadmaster,43482722,2018-09,20,53,1,2017–2019
G3niushacker,https://github.com/G3niushacker,43205151,2018-09,36,48,1,2017–2019
Samar-Haider,https://github.com/Samar-Haider,43031711,2018-09,7,44,1,2017–2019
Ahzam-Lathiya,https://github.com/Ahzam-Lathiya,43585579,2018-09,6,44,1,2017–2019
umarwahab,https://github.com/umarwahab,42932860,2018-09,25,41,1,2017–2019
fahamakhan,https://github.com/fahamakhan,43586685,2018-09,14,36,1,2017–2019
mahnoormeraj,https://github.com/mahnoormeraj,43534606,2018-09,9,34,1,2017–2019
Zeeshands,https://github.com/Zeeshands,43209867,2018-09,7,30,1,2017–2019
MubarakAli96,https://github.com/MubarakAli96,43584024,2018-09,15,28,1,2017–2019
atifjamal360,https://github.com/atifjamal360,43585217,2018-09,7,27,1,2017–2019
MuhammadAliSyed,https://github.com/MuhammadAliSyed,43685251,2018-09,8,26,1,2017–2019
shahzaibarif12,https://github.com/shahzaibarif12,43630079,2018-09,11,24,1,2017–2019
AneesHanif,https://github.com/AneesHanif,43600348,2018-09,7,23,1,2017–2019
mohdtalhafarooq,https://github.com/mohdtalhafarooq,43211195,2018-09,7,21,1,2017–2019
dbdaniyal,https://github.com/dbdaniyal,42898044,2018-09,8,20,1,2017–2019
ShizaAbid,https://github.com/ShizaAbid,43236912,2018-09,10,17,1,2017–2019
DeveloperAftab,https://github.com/DeveloperAftab,48756843,2019-03,22,756,1,2017–2019
arsalanazmi,https://github.com/arsalanazmi,49118916,2019-03,69,694,1,2017–2019
xerone9,https://github.com/xerone9,48822352,2019-03,35,359,1,2017–2019
Abdullah881,https://github.com/Abdullah881,48598442,2019-03,13,354,1,2017–2019
MahamSiddiqui,https://github.com/MahamSiddiqui,49103875,2019-03,52,309,1,2017–2019
beingawaisali,https://github.com/beingawaisali,48981710,2019-03,47,277,1,2017–2019
sultandilaram,https://github.com/sultandilaram,48381746,2019-03,10,251,1,2017–2019
sanif8053,https://github.com/sanif8053,48414031,2019-03,24,240,1,2017–2019
ahmedali1902,https://github.com/ahmedali1902,48640271,2019-03,12,231,1,2017–2019
zainahmed0597,https://github.com/zainahmed0597,48980361,2019-03,56,223,1,2017–2019
wahas-mughal,https://github.com/wahas-mughal,48807236,2019-03,33,222,1,2017–2019
Mohammadaffan956,https://github.com/Mohammadaffan956,48760192,2019-03,40,220,1,2017–2019
mjshah13,https://github.com/mjshah13,48734172,2019-03,30,220,1,2017–2019
Shoukat488,https://github.com/Shoukat488,48769991,2019-03,25,209,1,2017–2019
shoaibzain,https://github.com/shoaibzain,48830453,2019-03,18,202,1,2017–2019
mk04366,https://github.com/mk04366,49035936,2019-03,9,190,1,2017–2019
MuhammadAmirVohra,https://github.com/MuhammadAmirVohra,49088487,2019-03,13,179,2,2019–2019
babarfarooq123,https://github.com/babarfarooq123,48159423,2019-03,42,159,2,2019–2019
its-yousuf,https://github.com/its-yousuf,48517502,2019-03,8,145,2,2019–2019
HafizHamza19,https://github.com/HafizHamza19,48727466,2019-03,85,144,2,2019–2019
Uzzikuzzi,https://github.com/Uzzikuzzi,48287844,2019-03,22,142,2,2019–2019
ziaArsalan,https://github.com/ziaArsalan,48754629,2019-03,16,140,2,2019–2019
osamaKhan99,https://github.com/osamaKhan99,48415762,2019-03,34,139,2,2019–2019
Adil-Rangila,https://github.com/Adil-Rangila,48706857,2019-03,27,132,2,2019–2019
anasrasheed03,https://github.com/anasrasheed03,48502064,2019-03,30,131,2,2019–2019
Saad-Arai,https://github.com/Saad-Arai,48756348,2019-03,29,123,2,2019–2019
waseemchanna29,https://github.com/waseemchanna29,48204908,2019-03,8,118,2,2019–2019
assassinback,https://github.com/assassinback,48550220,2019-03,21,115,2,2019–2019
mhamzap10,https://github.com/mhamzap10,48279611,2019-03,18,106,2,2019–2019
Mehwishnaz,https://github.com/Mehwishnaz,48158566,2019-03,31,102,2,2019–2019
mdjahanzaib,https://github.com/mdjahanzaib,48213706,2019-03,17,97,2,2019–2019
zeeshan6,https://github.com/zeeshan6,48161758,2019-03,24,84,2,2019–2019
Shaheermehmood43,https://github.com/Shaheermehmood43,48312959,2019-03,14,75,2,2019–2019
Raheelsaleem126,https://github.com/Raheelsaleem126,49093685,2019-03,13,66,2,2019–2019
webdev51,https://github.com/webdev51,49054601,2019-03,6,53,2,2019–2019
alishafarman1,https://github.com/alishafarman1,48183890,2019-03,12,48,2,2019–2019
Abdullah22safdar,https://github.com/Abdullah22safdar,48974889,2019-03,17,45,2,2019–2019
ZhenoSan,https://github.com/ZhenoSan,48855019,2019-03,15,45,2,2019–2019
saadahmadazad,https://github.com/saadahmadazad,48548867,2019-03,13,41,2,2019–2019
aalimhussain,https://github.com/aalimhussain,48483751,2019-03,17,40,2,2019–2019
mateenshiekh,https://github.com/mateenshiekh,48440670,2019-03,13,34,2,2019–2019
MDaniyal2000,https://github.com/MDaniyal2000,48217279,2019-03,19,31,2,2019–2019
javedabbasi8080,https://github.com/javedabbasi8080,48163526,2019-03,14,30,2,2019–2019
AliakberSaifuddin,https://github.com/AliakberSaifuddin,48749005,2019-03,10,26,2,2019–2019
msaad34,https://github.com/msaad34,48241635,2019-03,22,25,2,2019–2019
HareemZubair,https://github.com/HareemZubair,48437873,2019-03,13,23,2,2019–2019
mohsinalialhussaini,https://github.com/mohsinalialhussaini,49031240,2019-03,16,20,2,2019–2019
sohaib-19,https://github.com/sohaib-19,48962917,2019-03,14,20,2,2019–2019
HamzaAli99,https://github.com/HamzaAli99,48947160,2019-03,7,18,2,2019–2019
Zaeem629,https://github.com/Zaeem629,48173036,2019-03,16,17,2,2019–2019
TAYYAB-BUKC,https://github.com/TAYYAB-BUKC,49941541,2019-04,50,2893,2,2019–2019
rasibn,https://github.com/rasibn,49709116,2019-04,30,1361,2,2019–2019
Abdullah-Jamshed,https://github.com/Abdullah-Jamshed,49308509,2019-04,59,1191,2,2019–2019
saad277,https://github.com/saad277,49332968,2019-04,80,640,2,2019–2019
osamaasifoak,https://github.com/osamaasifoak,49792938,2019-04,72,624,2,2019–2019
HanifaElahi,https://github.com/HanifaElahi,49684080,2019-04,30,618,2,2019–2019
SherazAli-67,https://github.com/SherazAli-67,49620083,2019-04,40,613,2,2019–2019
Samiullah-Kalhoro,https://github.com/Samiullah-Kalhoro,49376886,2019-04,47,535,2,2019–2019
muaazasif,https://github.com/muaazasif,49879814,2019-04,59,508,2,2019–2019
TalhaAhmedAI,https://github.com/TalhaAhmedAI,49815075,2019-04,50,465,2,2019–2019
waqaralisiyal23,https://github.com/waqaralisiyal23,49365563,2019-04,75,412,2,2019–2019
osamayy515,https://github.com/osamayy515,49996223,2019-04,41,372,2,2019–2019
farooq98,https://github.com/farooq98,49204225,2019-04,37,369,2,2019–2019
muhammadfaraz6640,https://github.com/muhammadfaraz6640,49414010,2019-04,64,352,2,2019–2019
Muhd-Mubi,https://github.com/Muhd-Mubi,49670609,2019-04,11,329,2,2019–2019
MuqtadirBillah,https://github.com/MuqtadirBillah,50065073,2019-04,34,307,2,2019–2019
sheikhuzair26,https://github.com/sheikhuzair26,49246378,2019-04,31,255,2,2019–2019
ubaidrmn,https://github.com/ubaidrmn,49795560,2019-04,17,232,2,2019–2019
MuhammadSaadHaleem,https://github.com/MuhammadSaadHaleem,49789953,2019-04,21,228,2,2019–2019
Kashif852,https://github.com/Kashif852,49343689,2019-04,33,226,2,2019–2019
AALAM98mod100,https://github.com/AALAM98mod100,49747268,2019-04,25,208,2,2019–2019
thenabeelhassan,https://github.com/thenabeelhassan,49884022,2019-04,37,191,2,2019–2019
Armia13,https://github.com/Armia13,49521014,2019-04,47,180,2,2019–2019
Daniyal56,https://github.com/Daniyal56,49856315,2019-04,80,179,2,2019–2019
Insha-Siddiquii,https://github.com/Insha-Siddiquii,49707515,2019-04,34,177,2,2019–2019
sahzaleem123,https://github.com/sahzaleem123,49521238,2019-04,32,172,2,2019–2019
MubiIbm,https://github.com/MubiIbm,49161541,2019-04,37,159,2,2019–2019
Jamila-fatima,https://github.com/Jamila-fatima,49222809,2019-04,50,153,2,2019–2019
faizalam1,https://github.com/faizalam1,49988842,2019-04,13,144,2,2019–2019
ordinall,https://github.com/ordinall,49290918,2019-04,14,127,2,2019–2019
Fardeen15,https://github.com/Fardeen15,49866915,2019-04,50,123,2,2019–2019
MohsinIllahi,https://github.com/MohsinIllahi,49728395,2019-04,20,112,2,2019–2019
ShayanHussainSB,https://github.com/ShayanHussainSB,49339225,2019-04,14,112,2,2019–2019
Abidali08,https://github.com/Abidali08,49807758,2019-04,25,104,2,2019–2019
zawahirkashif,https://github.com/zawahirkashif,49830314,2019-04,10,104,2,2019–2019
Farhanahmed50,https://github.com/Farhanahmed50,50151819,2019-04,31,99,2,2019–2019
UmairKhan13,https://github.com/UmairKhan13,49487735,2019-04,29,99,2,2019–2019
Abdulmateenchitrali,https://github.com/Abdulmateenchitrali,50038993,2019-04,32,97,2,2019–2019
MuneebOvais,https://github.com/MuneebOvais,50010818,2019-04,18,97,2,2019–2019
iamsaadatkhan,https://github.com/iamsaadatkhan,50053668,2019-04,17,94,2,2019–2019
Mhassaansi,https://github.com/Mhassaansi,49395905,2019-04,9,88,2,2019–2019
samreenshehzad,https://github.com/samreenshehzad,49517251,2019-04,36,84,2,2019–2019
naziaj,https://github.com/naziaj,49521887,2019-04,26,83,2,2019–2019
zubusoomro,https://github.com/zubusoomro,49810712,2019-04,7,82,2,2019–2019
haziqjaved,https://github.com/haziqjaved,50046457,2019-04,31,81,2,2019–2019
Bilal-Naseem,https://github.com/Bilal-Naseem,49635858,2019-04,23,81,2,2019–2019
MuhammadMiqdadKhan,https://github.com/MuhammadMiqdadKhan,49819879,2019-04,11,81,2,2019–2019
Farheen-Shadani,https://github.com/Farheen-Shadani,49196144,2019-04,21,77,2,2019–2019
ibrahimusman,https://github.com/ibrahimusman,49881520,2019-04,33,76,2,2019–2019
mhsidd997,https://github.com/mhsidd997,50082715,2019-04,17,76,2,2019–2019
mubashir-zulfiqar,https://github.com/mubashir-zulfiqar,49478504,2019-04,37,74,2,2019–2019
arsalan223,https://github.com/arsalan223,49277636,2019-04,25,72,2,2019–2019
NOMANSAEEDSOOMRO,https://github.com/NOMANSAEEDSOOMRO,50099674,2019-04,21,71,2,2019–2019
owaiss22,https://github.com/owaiss22,49903374,2019-04,19,68,2,2019–2019
rajaazam,https://github.com/rajaazam,50084470,2019-04,61,66,2,2019–2019
ammarahmedghani,https://github.com/ammarahmedghani,49919702,2019-04,15,63,2,2019–2019
ridakhann,https://github.com/ridakhann,49796698,2019-04,12,62,2,2019–2019
emniko,https://github.com/emniko,49527089,2019-04,13,58,2,2019–2019
Mykw8080,https://github.com/Mykw8080,49817611,2019-04,8,57,2,2019–2019
batool110,https://github.com/batool110,49957553,2019-04,23,49,2,2019–2019
zoogor95,https://github.com/zoogor95,49183030,2019-04,14,49,2,2019–2019
MuhammadanAhsan,https://github.com/MuhammadanAhsan,50084385,2019-04,18,48,2,2019–2019
adswati15,https://github.com/adswati15,49595779,2019-04,22,44,2,2019–2019
sheeraz786,https://github.com/sheeraz786,49855255,2019-04,12,43,2,2019–2019
adnan-siddiqui1996,https://github.com/adnan-siddiqui1996,49414185,2019-04,24,38,2,2019–2019
fahaddoc,https://github.com/fahaddoc,49402500,2019-04,12,38,2,2019–2019
toanasahmed,https://github.com/toanasahmed,49396146,2019-04,14,36,2,2019–2019
taha9212,https://github.com/taha9212,50102357,2019-04,6,36,2,2019–2019
asimahmed1999,https://github.com/asimahmed1999,49387254,2019-04,7,35,2,2019–2019
Shawn147,https://github.com/Shawn147,49293001,2019-04,18,34,2,2019–2019
AbdulRaoof13,https://github.com/AbdulRaoof13,49991067,2019-04,18,33,2,2019–2019
aqib72751,https://github.com/aqib72751,49571559,2019-04,18,29,2,2019–2019
muk1996,https://github.com/muk1996,49620620,2019-04,6,29,2,2019–2019
syedkhubaib1306,https://github.com/syedkhubaib1306,49844337,2019-04,11,24,2,2019–2019
MehwishAslam07,https://github.com/MehwishAslam07,49558345,2019-04,11,23,2,2019–2019
MehdihayderJaffri,https://github.com/MehdihayderJaffri,49732337,2019-04,12,22,2,2019–2019
SajjadHaider110,https://github.com/SajjadHaider110,50092679,2019-04,8,20,2,2019–2019
WajihaUmar,https://github.com/WajihaUmar,50017342,2019-04,15,19,2,2019–2019
ansersiddiq1,https://github.com/ansersiddiq1,49832539,2019-04,10,19,2,2019–2019
hasnainiqbal,https://github.com/hasnainiqbal,49587132,2019-04,12,17,2,2019–2019
aiwithqasim,https://github.com/aiwithqasim,51156582,2019-05,99,1970,2,2019–2019
HassanAfnan,https://github.com/HassanAfnan,50952934,2019-05,122,1678,2,2019–2019
SameerShiekh77,https://github.com/SameerShiekh77,50289158,2019-05,100,1368,2,2019–2019
arsalanmughal23,https://github.com/arsalanmughal23,50748011,2019-05,45,1274,2,2019–2019
Azhan7,https://github.com/Azhan7,50276587,2019-05,36,955,2,2019–2019
TayyabHussain03,https://github.com/TayyabHussain03,50795716,2019-05,89,856,2,2019–2019
saimshahzad2030,https://github.com/saimshahzad2030,51031970,2019-05,60,805,2,2019–2019
Agha-Muqarib,https://github.com/Agha-Muqarib,51242857,2019-05,51,673,2,2019–2019
imohib168,https://github.com/imohib168,50514728,2019-05,54,671,2,2019–2019
marsalan06,https://github.com/marsalan06,50286252,2019-05,64,520,2,2019–2019
HunbalSiddiqui,https://github.com/HunbalSiddiqui,50215864,2019-05,49,464,2,2019–2019
m-talha-shaikh,https://github.com/m-talha-shaikh,50958029,2019-05,28,445,2,2019–2019
NameerAli,https://github.com/NameerAli,50754699,2019-05,21,419,2,2019–2019
muhamadjawad,https://github.com/muhamadjawad,50518179,2019-05,47,410,2,2019–2019
BasimAhmedKhan,https://github.com/BasimAhmedKhan,50414240,2019-05,42,394,2,2019–2019
javeriatabassum145,https://github.com/javeriatabassum145,50498182,2019-05,38,369,2,2019–2019
SALEH846,https://github.com/SALEH846,50269101,2019-05,49,362,2,2019–2019
Arunp10,https://github.com/Arunp10,50542410,2019-05,16,352,2,2019–2019
hs622,https://github.com/hs622,50552217,2019-05,24,340,2,2019–2019
osama-ameer,https://github.com/osama-ameer,51041844,2019-05,72,339,2,2019–2019
HajraRafiq,https://github.com/HajraRafiq,50363993,2019-05,37,338,2,2019–2019
danish-riaz,https://github.com/danish-riaz,50535832,2019-05,17,332,2,2019–2019
talhakhan1297,https://github.com/talhakhan1297,50271102,2019-05,30,312,2,2019–2019
SabihSK,https://github.com/SabihSK,50989237,2019-05,68,278,2,2019–2019
Ahsan689,https://github.com/Ahsan689,51000360,2019-05,46,273,2,2019–2019
zeeshankeerio,https://github.com/zeeshankeerio,51040406,2019-05,75,266,2,2019–2019
Ali-Aizaz,https://github.com/Ali-Aizaz,50923380,2019-05,17,244,2,2019–2019
akrimahuzaifa,https://github.com/akrimahuzaifa,50286399,2019-05,45,242,2,2019–2019
RaofaizanAPSACS,https://github.com/RaofaizanAPSACS,51090356,2019-05,35,240,2,2019–2019
adnansam110,https://github.com/adnansam110,51002433,2019-05,86,229,2,2019–2019
bilalfarooque,https://github.com/bilalfarooque,50540122,2019-05,37,227,2,2019–2019
Obaidkhan09,https://github.com/Obaidkhan09,50372702,2019-05,35,205,2,2019–2019
khizarsiddiqui,https://github.com/khizarsiddiqui,50682011,2019-05,41,201,2,2019–2019
Waseem6409,https://github.com/Waseem6409,50287765,2019-05,22,198,2,2019–2019
AbdullahSohail-SE,https://github.com/AbdullahSohail-SE,51018513,2019-05,24,179,2,2019–2019
shariqmanzur,https://github.com/shariqmanzur,50570950,2019-05,20,178,2,2019–2019
ibrarahmedsoomro,https://github.com/ibrarahmedsoomro,50750853,2019-05,45,175,2,2019–2019
SaffanBaig,https://github.com/SaffanBaig,50285175,2019-05,35,173,2,2019–2019
phaizi,https://github.com/phaizi,50546066,2019-05,28,172,2,2019–2019
toobamalaika,https://github.com/toobamalaika,50227928,2019-05,46,171,2,2019–2019
Syed-Azam,https://github.com/Syed-Azam,50313473,2019-05,13,169,2,2019–2019
HFhassan,https://github.com/HFhassan,50511629,2019-05,34,167,2,2019–2019
ammar-nousher-ali,https://github.com/ammar-nousher-ali,50176159,2019-05,20,167,2,2019–2019
Rahulprem02,https://github.com/Rahulprem02,50171407,2019-05,19,159,2,2019–2019
alshaikhshariq,https://github.com/alshaikhshariq,50313700,2019-05,31,158,2,2019–2019
daniyalasyed,https://github.com/daniyalasyed,50423149,2019-05,16,145,2,2019–2019
erajKamdar,https://github.com/erajKamdar,50180864,2019-05,29,139,2,2019–2019
AbdullahAhmedSoomro,https://github.com/AbdullahAhmedSoomro,50518325,2019-05,62,137,2,2019–2019
sultanatif344,https://github.com/sultanatif344,50404146,2019-05,38,136,2,2019–2019
DotKhalid,https://github.com/DotKhalid,50384210,2019-05,41,134,2,2019–2019
premsagar788,https://github.com/premsagar788,50700219,2019-05,6,131,2,2019–2019
aleenaadnan15,https://github.com/aleenaadnan15,50289794,2019-05,6,117,2,2019–2019
usman19977,https://github.com/usman19977,50178849,2019-05,26,115,2,2019–2019
mustafaboss,https://github.com/mustafaboss,50313622,2019-05,40,111,2,2019–2019
Ashar77,https://github.com/Ashar77,50556125,2019-05,20,108,2,2019–2019
noreen-akhtar,https://github.com/noreen-akhtar,50478004,2019-05,14,102,2,2019–2019
ibtehaaj,https://github.com/ibtehaaj,51040786,2019-05,19,100,2,2019–2019
saan-47,https://github.com/saan-47,50988134,2019-05,37,95,2,2019–2019
arsalan-khoso,https://github.com/arsalan-khoso,50568734,2019-05,29,94,2,2019–2019
mtalhadev,https://github.com/mtalhadev,50501827,2019-05,15,92,2,2019–2019
nimraahmed,https://github.com/nimraahmed,50912134,2019-05,27,90,2,2019–2019
wania13,https://github.com/wania13,50830238,2019-05,24,89,2,2019–2019
Haseeb03,https://github.com/Haseeb03,50395046,2019-05,19,89,2,2019–2019
saleem-sadiq,https://github.com/saleem-sadiq,50793081,2019-05,15,85,2,2019–2019
Mohibullah-solangi,https://github.com/Mohibullah-solangi,50448713,2019-05,12,84,2,2019–2019
owaistahir3,https://github.com/owaistahir3,50528994,2019-05,13,79,2,2019–2019
waleedshahid006,https://github.com/waleedshahid006,50770413,2019-05,11,79,2,2019–2019
Haris-Nabeel,https://github.com/Haris-Nabeel,50579936,2019-05,23,78,2,2019–2019
Momerhussain,https://github.com/Momerhussain,50249366,2019-05,42,74,2,2019–2019
Mqasim0,https://github.com/Mqasim0,50702562,2019-05,34,74,2,2019–2019
ajasifahmed,https://github.com/ajasifahmed,51042623,2019-05,32,74,2,2019–2019
abdulwahabaslam,https://github.com/abdulwahabaslam,50337190,2019-05,8,69,2,2019–2019
iamaishanoor,https://github.com/iamaishanoor,50526762,2019-05,10,65,2,2019–2019
nomiimam,https://github.com/nomiimam,51222733,2019-05,21,64,2,2019–2019
HM-Anwar,https://github.com/HM-Anwar,50275320,2019-05,20,63,2,2019–2019
zawiyarkhan,https://github.com/zawiyarkhan,51141164,2019-05,26,62,2,2019–2019
Ahmedraza96,https://github.com/Ahmedraza96,50247227,2019-05,26,62,2,2019–2019
beenish-sheikh,https://github.com/beenish-sheikh,50364249,2019-05,20,62,2,2019–2019
hamzafarooq591,https://github.com/hamzafarooq591,50270792,2019-05,12,61,2,2019–2019
hamza-mateen1,https://github.com/hamza-mateen1,50620040,2019-05,37,56,2,2019–2019
Lajwanti20,https://github.com/Lajwanti20,50539873,2019-05,39,54,2,2019–2019
izeryab,https://github.com/izeryab,51020585,2019-05,23,54,2,2019–2019
alakhaliifah,https://github.com/alakhaliifah,50649740,2019-05,19,54,2,2019–2019
1Moiz,https://github.com/1Moiz,50263201,2019-05,17,51,2,2019–2019
FahadYameen,https://github.com/FahadYameen,50251450,2019-05,13,49,2,2019–2019
zohaib-works,https://github.com/zohaib-works,50499627,2019-05,12,48,2,2019–2019
rizwanrajput,https://github.com/rizwanrajput,50185178,2019-05,17,47,2,2019–2019
YasinVighio,https://github.com/YasinVighio,50670937,2019-05,12,47,2,2019–2019
Zeeshan-Saleem,https://github.com/Zeeshan-Saleem,50885499,2019-05,28,43,2,2019–2019
zain76035,https://github.com/zain76035,50367047,2019-05,7,37,2,2019–2019
saadmohsin123,https://github.com/saadmohsin123,51019224,2019-05,13,36,2,2019–2019
Asima-Arshad,https://github.com/Asima-Arshad,50193101,2019-05,13,36,2,2019–2019
KanzaSheikh,https://github.com/KanzaSheikh,50996509,2019-05,17,35,2,2019–2019
Ali-khan0,https://github.com/Ali-khan0,50291589,2019-05,29,34,2,2019–2019
azeemmohsin01,https://github.com/azeemmohsin01,50758734,2019-05,11,33,2,2019–2019
AhsanAkbar,https://github.com/AhsanAkbar,50297814,2019-05,15,32,2,2019–2019
Abdulrehmankha,https://github.com/Abdulrehmankha,50480458,2019-05,10,32,2,2019–2019
shahtylish,https://github.com/shahtylish,51042244,2019-05,16,31,2,2019–2019
owais268,https://github.com/owais268,50533744,2019-05,8,31,2,2019–2019
KASHIF1006,https://github.com/KASHIF1006,50162944,2019-05,18,26,2,2019–2019
sineha,https://github.com/sineha,50475061,2019-05,10,25,2,2019–2019
amaanrajput940,https://github.com/amaanrajput940,50991000,2019-05,9,25,2,2019–2019
hinawaheed,https://github.com/hinawaheed,50296639,2019-05,19,23,2,2019–2019
MuneebHumayun,https://github.com/MuneebHumayun,50415654,2019-05,16,22,2,2019–2019
humdanali,https://github.com/humdanali,50765939,2019-05,13,20,2,2019–2019
mtayyabiba,https://github.com/mtayyabiba,50437513,2019-05,12,18,2,2019–2019
syedMasab,https://github.com/syedMasab,50544638,2019-05,13,17,2,2019–2019
Muhammad-Usama-07,https://github.com/Muhammad-Usama-07,51862131,2019-06,23,3023,2,2019–2019
madilraza,https://github.com/madilraza,51850381,2019-06,342,1917,2,2019–2019
CodeAshing,https://github.com/CodeAshing,51862545,2019-06,69,1913,2,2019–2019
AliZaiN-157,https://github.com/AliZaiN-157,51964332,2019-06,93,1155,2,2019–2019
FaranMustafa,https://github.com/FaranMustafa,51854189,2019-06,21,744,2,2019–2019
sarahmajeed,https://github.com/sarahmajeed,51886388,2019-06,39,510,2,2019–2019
mans00rahmed,https://github.com/mans00rahmed,52007922,2019-06,118,466,2,2019–2019
hassanzhd,https://github.com/hassanzhd,52385322,2019-06,16,452,2,2019–2019
azharthegeek,https://github.com/azharthegeek,51288109,2019-06,30,425,2,2019–2019
AminTahseen,https://github.com/AminTahseen,51921201,2019-06,60,421,2,2019–2019
mrhassansaif,https://github.com/mrhassansaif,52321232,2019-06,48,352,2,2019–2019
Abdullahkiet,https://github.com/Abdullahkiet,51495095,2019-06,32,347,2,2019–2019
hamza091197,https://github.com/hamza091197,51861321,2019-06,20,336,2,2019–2019
Daniyal-Shah,https://github.com/Daniyal-Shah,51289334,2019-06,30,306,2,2019–2019
muqadasurooj17,https://github.com/muqadasurooj17,51860451,2019-06,40,301,2,2019–2019
dayan2222,https://github.com/dayan2222,51928026,2019-06,50,285,2,2019–2019
SumanFarhan,https://github.com/SumanFarhan,51996425,2019-06,34,263,2,2019–2019
umairiqbal78,https://github.com/umairiqbal78,51910760,2019-06,42,260,2,2019–2019
sajjad-yousuf-96,https://github.com/sajjad-yousuf-96,51717713,2019-06,31,257,2,2019–2019
AiEngrHaseeb,https://github.com/AiEngrHaseeb,51885900,2019-06,41,255,2,2019–2019
zeeshanparacha,https://github.com/zeeshanparacha,52330595,2019-06,40,253,2,2019–2019
umairsolangi,https://github.com/umairsolangi,51870556,2019-06,82,251,2,2019–2019
Ammar-Bin-Amir,https://github.com/Ammar-Bin-Amir,51971123,2019-06,23,251,2,2019–2019
jamshedahmed19,https://github.com/jamshedahmed19,51900290,2019-06,45,249,2,2019–2019
themepress360,https://github.com/themepress360,51487135,2019-06,18,249,2,2019–2019
MArsalanAI3,https://github.com/MArsalanAI3,51858229,2019-06,70,245,2,2019–2019
usama1111,https://github.com/usama1111,51973041,2019-06,41,221,2,2019–2019
muhammadqasim3,https://github.com/muhammadqasim3,52120659,2019-06,27,205,2,2019–2019
najiagul,https://github.com/najiagul,51270647,2019-06,22,195,2,2019–2019
mr-mubeen,https://github.com/mr-mubeen,51805517,2019-06,42,174,2,2019–2019
mumerprojects,https://github.com/mumerprojects,51743119,2019-06,7,170,2,2019–2019
ahaseeb99,https://github.com/ahaseeb99,51822751,2019-06,39,154,2,2019–2019
farrukhaleem,https://github.com/farrukhaleem,52344286,2019-06,26,147,2,2019–2019
faateh77,https://github.com/faateh77,52114434,2019-06,37,146,2,2019–2019
minhal-javed,https://github.com/minhal-javed,51741350,2019-06,34,146,2,2019–2019
owaiskhan3142,https://github.com/owaiskhan3142,51928444,2019-06,18,146,2,2019–2019
UzaifAhmed,https://github.com/UzaifAhmed,51610781,2019-06,7,141,2,2019–2019
alisarwarr,https://github.com/alisarwarr,52290319,2019-06,64,135,2,2019–2019
Laiq37,https://github.com/Laiq37,51846274,2019-06,21,127,2,2019–2019
mubashir511,https://github.com/mubashir511,51872713,2019-06,15,126,2,2019–2019
Mubashir-Siddique,https://github.com/Mubashir-Siddique,52376515,2019-06,31,123,2,2019–2019
Muhammadshahzaibsiddiqui,https://github.com/Muhammadshahzaibsiddiqui,51730978,2019-06,17,123,2,2019–2019
rabiahashim,https://github.com/rabiahashim,51508584,2019-06,11,121,2,2019–2019
sadiq-zaidi,https://github.com/sadiq-zaidi,51854604,2019-06,15,114,2,2019–2019
bilal1597,https://github.com/bilal1597,51528436,2019-06,26,112,2,2019–2019
Abidjaweed,https://github.com/Abidjaweed,52130668,2019-06,13,108,2,2019–2019
HabibSabir1998,https://github.com/HabibSabir1998,51887247,2019-06,26,106,2,2019–2019
wajahathussain2000,https://github.com/wajahathussain2000,51999635,2019-06,16,102,2,2019–2019
nassah221,https://github.com/nassah221,52371202,2019-06,61,100,2,2019–2019
OmemaA,https://github.com/OmemaA,51672463,2019-06,14,99,2,2019–2019
Usamauk,https://github.com/Usamauk,51535170,2019-06,27,92,2,2019–2019
halahnasir,https://github.com/halahnasir,52286071,2019-06,11,89,2,2019–2019
affanghazali,https://github.com/affanghazali,51782107,2019-06,18,86,2,2019–2019
iRifshaAshraf,https://github.com/iRifshaAshraf,52024455,2019-06,18,85,2,2019–2019
Huzaifa474,https://github.com/Huzaifa474,51955427,2019-06,30,79,2,2019–2019
Neha-Jafry,https://github.com/Neha-Jafry,51692007,2019-06,9,76,2,2019–2019
syedsaadpk,https://github.com/syedsaadpk,51855490,2019-06,21,72,2,2019–2019
im-malikjaved,https://github.com/im-malikjaved,51919329,2019-06,18,72,2,2019–2019
mohammadabbas3,https://github.com/mohammadabbas3,51262556,2019-06,20,70,2,2019–2019
aqibmurtaza9,https://github.com/aqibmurtaza9,51707040,2019-06,21,68,2,2019–2019
Zain-Ispahani,https://github.com/Zain-Ispahani,51902209,2019-06,7,68,2,2019–2019
asadmohammad,https://github.com/asadmohammad,51488238,2019-06,14,56,2,2019–2019
zareenkhan,https://github.com/zareenkhan,52367154,2019-06,15,55,2,2019–2019
Hasanraza786,https://github.com/Hasanraza786,51920911,2019-06,31,54,2,2019–2019
rehman-453,https://github.com/rehman-453,51873082,2019-06,20,49,2,2019–2019
Tabish1995ahmed,https://github.com/Tabish1995ahmed,51856778,2019-06,46,48,2,2019–2019
RookieKiddo,https://github.com/RookieKiddo,52125033,2019-06,28,46,2,2019–2019
Tabish43,https://github.com/Tabish43,51327364,2019-06,6,44,2,2019–2019
wahajmurtaza,https://github.com/wahajmurtaza,51536041,2019-06,11,42,2,2019–2019
abdulazeem1742,https://github.com/abdulazeem1742,51856112,2019-06,33,38,2,2019–2019
Usaid-Asif,https://github.com/Usaid-Asif,51530137,2019-06,7,35,2,2019–2019
Engr-hmkhan,https://github.com/Engr-hmkhan,51902514,2019-06,7,30,2,2019–2019
NomanSaad3,https://github.com/NomanSaad3,51456697,2019-06,7,29,2,2019–2019
owaisyameen,https://github.com/owaisyameen,51793022,2019-06,16,24,2,2019–2019
UsamaMsaleem,https://github.com/UsamaMsaleem,52112767,2019-06,7,24,2,2019–2019
MR1602,https://github.com/MR1602,51534936,2019-06,8,23,2,2019–2019
areeb1997ahmed,https://github.com/areeb1997ahmed,51714733,2019-06,8,21,2,2019–2019
rawahaimran,https://github.com/rawahaimran,51435502,2019-06,10,19,2,2019–2019
rimrimrim914,https://github.com/rimrimrim914,51864390,2019-06,7,19,2,2019–2019
imok3339,https://github.com/imok3339,51969644,2019-06,8,18,2,2019–2019
kabeer11000,https://github.com/kabeer11000,52799968,2019-07,529,5524,2,2019–2019
Aaqib925,https://github.com/Aaqib925,52782806,2019-07,45,4117,2,2019–2019
bilalfareed83,https://github.com/bilalfareed83,53287592,2019-07,83,1527,2,2019–2019
SyedIzzatUllah,https://github.com/SyedIzzatUllah,53023816,2019-07,82,892,2,2019–2019
ahsansoftengineer,https://github.com/ahsansoftengineer,53137713,2019-07,39,864,2,2019–2019
samipak458,https://github.com/samipak458,52650290,2019-07,93,774,2,2019–2019
HamzaZaidiX,https://github.com/HamzaZaidiX,52501040,2019-07,77,712,2,2019–2019
usama-gh,https://github.com/usama-gh,52624580,2019-07,14,558,2,2019–2019
saadbaigg,https://github.com/saadbaigg,53168221,2019-07,43,525,2,2019–2019
MohammadAyazSheikh,https://github.com/MohammadAyazSheikh,53091683,2019-07,30,495,2,2019–2019
syedarhamali,https://github.com/syedarhamali,53353729,2019-07,75,436,2,2019–2019
asharali95,https://github.com/asharali95,52744991,2019-07,58,436,2,2019–2019
mjhanzaibmemon,https://github.com/mjhanzaibmemon,53127947,2019-07,17,384,2,2019–2019
Ahsan-Ehtesham,https://github.com/Ahsan-Ehtesham,52749230,2019-07,87,326,2,2019–2019
marcsiddiqui,https://github.com/marcsiddiqui,52852129,2019-07,22,323,2,2019–2019
jahanzaibsheikh830,https://github.com/jahanzaibsheikh830,53260475,2019-07,62,282,2,2019–2019
YashuaPervez,https://github.com/YashuaPervez,52782291,2019-07,35,264,2,2019–2019
asadalibest1,https://github.com/asadalibest1,53187861,2019-07,79,250,2,2019–2019
hassanmujtaba22,https://github.com/hassanmujtaba22,52613152,2019-07,56,241,2,2019–2019
maryum820661,https://github.com/maryum820661,52545422,2019-07,32,236,2,2019–2019
AliAbdullah1999,https://github.com/AliAbdullah1999,53481567,2019-07,42,221,2,2019–2019
zains97,https://github.com/zains97,53010235,2019-07,43,218,2,2019–2019
HunainAnis,https://github.com/HunainAnis,53150149,2019-07,22,218,2,2019–2019
alirazamamdani,https://github.com/alirazamamdani,52799482,2019-07,21,196,2,2019–2019
Ashir-zuhaib,https://github.com/Ashir-zuhaib,53405075,2019-07,46,190,2,2019–2019
hase3b,https://github.com/hase3b,52492910,2019-07,10,175,2,2019–2019
Shujaat34,https://github.com/Shujaat34,53301794,2019-07,34,173,2,2019–2019
MMaazQureshi,https://github.com/MMaazQureshi,52560523,2019-07,27,163,2,2019–2019
Sarosh1Faheem,https://github.com/Sarosh1Faheem,52979134,2019-07,41,157,2,2019–2019
syedmuzammilashfaque,https://github.com/syedmuzammilashfaque,53170318,2019-07,56,156,2,2019–2019
amjadali27,https://github.com/amjadali27,53125141,2019-07,15,146,2,2019–2019
Hafsahabib76,https://github.com/Hafsahabib76,53474793,2019-07,25,143,2,2019–2019
alirazaqureshi43,https://github.com/alirazaqureshi43,53400151,2019-07,44,134,2,2019–2019
Hassanweb22,https://github.com/Hassanweb22,52425633,2019-07,56,133,2,2019–2019
Tahiralira,https://github.com/Tahiralira,52594408,2019-07,17,133,2,2019–2019
sajidali22,https://github.com/sajidali22,52592276,2019-07,11,111,2,2019–2019
Maha-Mustafa,https://github.com/Maha-Mustafa,53423388,2019-07,28,110,2,2019–2019
bilalkk9,https://github.com/bilalkk9,52927561,2019-07,34,106,2,2019–2019
owais-star,https://github.com/owais-star,52743217,2019-07,65,105,2,2019–2019
AneebKhan,https://github.com/AneebKhan,52956987,2019-07,8,105,2,2019–2019
bilalarifsiddiqui,https://github.com/bilalarifsiddiqui,53002715,2019-07,24,97,2,2019–2019
zainraj50,https://github.com/zainraj50,52418852,2019-07,26,94,2,2019–2019
CoDemented,https://github.com/CoDemented,52868823,2019-07,10,90,2,2019–2019
Huzaifaahmed01,https://github.com/Huzaifaahmed01,52933549,2019-07,16,88,2,2019–2019
AbfCodes,https://github.com/AbfCodes,53002949,2019-07,23,87,2,2019–2019
HassanAijaz,https://github.com/HassanAijaz,53018236,2019-07,11,79,2,2019–2019
Asad-DataScientist,https://github.com/Asad-DataScientist,53220420,2019-07,22,75,2,2019–2019
ahbilalkhan,https://github.com/ahbilalkhan,52481873,2019-07,19,72,2,2019–2019
Nomanfayyaz0347,https://github.com/Nomanfayyaz0347,53466968,2019-07,7,71,2,2019–2019
ArsalImam,https://github.com/ArsalImam,53432361,2019-07,36,70,2,2019–2019
jaffarimj,https://github.com/jaffarimj,53301907,2019-07,14,70,2,2019–2019
SilentHG,https://github.com/SilentHG,53204836,2019-07,13,68,2,2019–2019
Yousuf7950,https://github.com/Yousuf7950,53352874,2019-07,41,67,2,2019–2019
Aniqa-Masood,https://github.com/Aniqa-Masood,52879714,2019-07,12,65,2,2019–2019
Muzammil00035,https://github.com/Muzammil00035,52603127,2019-07,15,64,2,2019–2019
ahmedhabib315,https://github.com/ahmedhabib315,52622997,2019-07,7,55,2,2019–2019
AlinaS012,https://github.com/AlinaS012,53109815,2019-07,10,54,2,2019–2019
humemah,https://github.com/humemah,53024970,2019-07,14,51,2,2019–2019
adeelsgithub,https://github.com/adeelsgithub,52965417,2019-07,14,47,2,2019–2019
UsamaJawed,https://github.com/UsamaJawed,53422340,2019-07,8,47,2,2019–2019
adil-memon,https://github.com/adil-memon,53405188,2019-07,9,42,2,2019–2019
aqibwasikhan,https://github.com/aqibwasikhan,53187302,2019-07,14,41,2,2019–2019
SinanAshraf,https://github.com/SinanAshraf,52660636,2019-07,15,38,2,2019–2019
hasanali777h,https://github.com/hasanali777h,53380068,2019-07,10,38,2,2019–2019
abdullah883,https://github.com/abdullah883,53337988,2019-07,7,31,2,2019–2019
syedasamreenrabbanii,https://github.com/syedasamreenrabbanii,53084315,2019-07,7,31,2,2019–2019
Usama-hamid,https://github.com/Usama-hamid,52855741,2019-07,11,30,2,2019–2019
smaliraza5,https://github.com/smaliraza5,53118857,2019-07,8,29,2,2019–2019
M-Umar-Hameed,https://github.com/M-Umar-Hameed,52539270,2019-07,6,25,2,2019–2019
riazuddinse,https://github.com/riazuddinse,52594163,2019-07,6,24,2,2019–2019
Ali-Jaffery,https://github.com/Ali-Jaffery,52822564,2019-07,9,23,2,2019–2019
Manav12,https://github.com/Manav12,52710694,2019-07,16,22,2,2019–2019
EbadShahzad480,https://github.com/EbadShahzad480,53173751,2019-07,14,22,2,2019–2019
fatimaasim,https://github.com/fatimaasim,52419682,2019-07,18,21,2,2019–2019
Basit1997-Aziz,https://github.com/Basit1997-Aziz,52636066,2019-07,9,21,2,2019–2019
SADDIQUE786,https://github.com/SADDIQUE786,53313286,2019-07,6,21,2,2019–2019
tahanizami101,https://github.com/tahanizami101,52520628,2019-07,6,20,2,2019–2019
FarooqAbbassi,https://github.com/FarooqAbbassi,53239925,2019-07,14,19,2,2019–2019
farooqalwi,https://github.com/farooqalwi,53696958,2019-08,63,987,2,2019–2019
SohailSal,https://github.com/SohailSal,53633789,2019-08,13,815,2,2019–2019
m-usaid,https://github.com/m-usaid,54721503,2019-08,19,620,2,2019–2019
waqar-ahmed51,https://github.com/waqar-ahmed51,54082156,2019-08,16,507,2,2019–2019
umairmustafa753,https://github.com/umairmustafa753,53702812,2019-08,28,451,2,2019–2019
Arsalan-Habib,https://github.com/Arsalan-Habib,54036702,2019-08,21,395,2,2019–2019
AbdulrehmanTs,https://github.com/AbdulrehmanTs,54545964,2019-08,39,394,2,2019–2019
abeerkhan99,https://github.com/abeerkhan99,54454858,2019-08,14,331,2,2019–2019
Mariam-Naz,https://github.com/Mariam-Naz,54590203,2019-08,40,322,2,2019–2019
themrsrk,https://github.com/themrsrk,54312893,2019-08,54,311,2,2019–2019
arbaaz833,https://github.com/arbaaz833,54501989,2019-08,20,263,2,2019–2019
soban123,https://github.com/soban123,54208513,2019-08,39,200,2,2019–2019
MuhammadHussain-code,https://github.com/MuhammadHussain-code,53647408,2019-08,27,171,2,2019–2019
ShehrazArain,https://github.com/ShehrazArain,53579176,2019-08,25,171,2,2019–2019
Abdul-sid,https://github.com/Abdul-sid,54692311,2019-08,38,164,2,2019–2019
SyedMuhammadHaris,https://github.com/SyedMuhammadHaris,54531180,2019-08,30,153,2,2019–2019
AhmedAli125,https://github.com/AhmedAli125,54624746,2019-08,23,153,2,2019–2019
YarooqH,https://github.com/YarooqH,53708525,2019-08,24,145,2,2019–2019
naveedali8086,https://github.com/naveedali8086,54306177,2019-08,19,143,2,2019–2019
ejaz-ul-haq,https://github.com/ejaz-ul-haq,54179609,2019-08,6,121,2,2019–2019
MaheenAnees,https://github.com/MaheenAnees,54744099,2019-08,16,109,2,2019–2019
ibra360,https://github.com/ibra360,54169784,2019-08,37,108,2,2019–2019
Misbah-Swaleheen,https://github.com/Misbah-Swaleheen,54136143,2019-08,32,103,2,2019–2019
udockerpro,https://github.com/udockerpro,54371927,2019-08,8,94,2,2019–2019
Sharjeel-Siddiqui,https://github.com/Sharjeel-Siddiqui,53859348,2019-08,15,80,2,2019–2019
isrargul00,https://github.com/isrargul00,54214863,2019-08,40,77,2,2019–2019
OmarAhmed8581,https://github.com/OmarAhmed8581,53855546,2019-08,30,76,2,2019–2019
mazhar4437,https://github.com/mazhar4437,53686467,2019-08,9,71,2,2019–2019
MuhammadFaheel,https://github.com/MuhammadFaheel,54512666,2019-08,17,69,2,2019–2019
umeraslam2345,https://github.com/umeraslam2345,53698725,2019-08,26,61,2,2019–2019
nj04707,https://github.com/nj04707,54720435,2019-08,9,61,2,2019–2019
lateefurrahman,https://github.com/lateefurrahman,54572916,2019-08,36,60,2,2019–2019
waleed-taher,https://github.com/waleed-taher,54305285,2019-08,25,60,2,2019–2019
AnasAamir,https://github.com/AnasAamir,53687989,2019-08,30,55,2,2019–2019
abdulhaseeb12,https://github.com/abdulhaseeb12,54122259,2019-08,10,51,2,2019–2019
shahzaib-saleem1997,https://github.com/shahzaib-saleem1997,53622670,2019-08,16,49,2,2019–2019
Affanmir,https://github.com/Affanmir,54717435,2019-08,21,46,2,2019–2019
anumrukhsar,https://github.com/anumrukhsar,53735993,2019-08,16,35,2,2019–2019
ammadnaeem07,https://github.com/ammadnaeem07,53863460,2019-08,15,32,2,2019–2019
zainsiddiqui01,https://github.com/zainsiddiqui01,54374656,2019-08,9,29,2,2019–2019
ZeeRoon,https://github.com/ZeeRoon,54362164,2019-08,11,28,2,2019–2019
hunzainawaz,https://github.com/hunzainawaz,53795551,2019-08,16,26,2,2019–2019
saqibh379,https://github.com/saqibh379,54599062,2019-08,13,26,2,2019–2019
Danyalzia1,https://github.com/Danyalzia1,54212969,2019-08,8,25,2,2019–2019
HasnainQ,https://github.com/HasnainQ,54165543,2019-08,18,23,2,2019–2019
Uzairkhan7,https://github.com/Uzairkhan7,53688303,2019-08,12,23,2,2019–2019
abdul-lateef-abro,https://github.com/abdul-lateef-abro,53870861,2019-08,7,23,2,2019–2019
MMubashir1786,https://github.com/MMubashir1786,53906526,2019-08,8,22,2,2019–2019
farhanmaqsood10,https://github.com/farhanmaqsood10,54138195,2019-08,8,21,2,2019–2019
zeeshannoor11786,https://github.com/zeeshannoor11786,53899931,2019-08,10,18,2,2019–2019
MdRashid62,https://github.com/MdRashid62,55427374,2019-09,82,5059,2,2019–2019
Devleed,https://github.com/Devleed,55242175,2019-09,73,4080,2,2019–2019
ghayas110,https://github.com/ghayas110,55618250,2019-09,64,1395,2,2019–2019
AttaullahSiddiqui,https://github.com/AttaullahSiddiqui,54987737,2019-09,45,1035,2,2019–2019
mrzaid,https://github.com/mrzaid,55809488,2019-09,96,926,2,2019–2019
IrtizaAhmed131198,https://github.com/IrtizaAhmed131198,54776755,2019-09,37,748,2,2019–2019
farazzkhann,https://github.com/farazzkhann,55023812,2019-09,12,629,2,2019–2019
Abubakarshaikh,https://github.com/Abubakarshaikh,55477515,2019-09,115,600,2,2019–2019
ItsSalman99,https://github.com/ItsSalman99,55852619,2019-09,33,576,2,2019–2019
MeIbtihajnaeem,https://github.com/MeIbtihajnaeem,55640263,2019-09,26,565,2,2019–2019
ZainHasan97-Razi,https://github.com/ZainHasan97-Razi,54819492,2019-09,19,522,2,2019–2019
CLB-09,https://github.com/CLB-09,55603039,2019-09,48,467,2,2019–2019
dawood6,https://github.com/dawood6,55499020,2019-09,78,432,2,2019–2019
mohsin-8,https://github.com/mohsin-8,55765160,2019-09,63,411,2,2019–2019
Dzuhaib,https://github.com/Dzuhaib,54768399,2019-09,64,387,2,2019–2019
khuzemayasin,https://github.com/khuzemayasin,55664788,2019-09,55,377,2,2019–2019
Shahzadsk046,https://github.com/Shahzadsk046,55661874,2019-09,44,359,2,2019–2019
qasimgit,https://github.com/qasimgit,55051250,2019-09,79,351,2,2019–2019
IRFANSHAHMARWAT,https://github.com/IRFANSHAHMARWAT,55048890,2019-09,49,351,2,2019–2019
Sammy275,https://github.com/Sammy275,55489271,2019-09,30,340,2,2019–2019
AqibJavaid899,https://github.com/AqibJavaid899,54991882,2019-09,52,332,2,2019–2019
ztalha6,https://github.com/ztalha6,55826410,2019-09,49,326,2,2019–2019
AdibaAbid,https://github.com/AdibaAbid,55280285,2019-09,54,287,2,2019–2019
QaziAhsan,https://github.com/QaziAhsan,55981368,2019-09,20,269,2,2019–2019
Zain1298,https://github.com/Zain1298,55804149,2019-09,50,257,2,2019–2019
Hassan-Farid,https://github.com/Hassan-Farid,55040984,2019-09,25,252,2,2019–2019
saad1931,https://github.com/saad1931,54960609,2019-09,71,245,2,2019–2019
rabeeaatif,https://github.com/rabeeaatif,54802882,2019-09,24,241,2,2019–2019
Owais897,https://github.com/Owais897,55442490,2019-09,34,238,2,2019–2019
Habiba-Naeem,https://github.com/Habiba-Naeem,54814752,2019-09,30,231,2,2019–2019
fahadimaduddin,https://github.com/fahadimaduddin,55135755,2019-09,43,216,2,2019–2019
aliwajahat12,https://github.com/aliwajahat12,55854602,2019-09,26,212,2,2019–2019
asadkhanek,https://github.com/asadkhanek,55347822,2019-09,46,194,2,2019–2019
quratulainshakoor,https://github.com/quratulainshakoor,55014098,2019-09,75,190,2,2019–2019
Arbab529,https://github.com/Arbab529,55987839,2019-09,26,176,2,2019–2019
muhammadrahban,https://github.com/muhammadrahban,55616129,2019-09,17,159,2,2019–2019
Aaqib-kk,https://github.com/Aaqib-kk,55081205,2019-09,54,158,2,2019–2019
SyedIbtahajAhmed,https://github.com/SyedIbtahajAhmed,55795629,2019-09,20,158,2,2019–2019
usmikhan3,https://github.com/usmikhan3,55701988,2019-09,86,150,2,2019–2019
asad-webnet,https://github.com/asad-webnet,55501373,2019-09,38,140,2,2019–2019
HamzaKhan9,https://github.com/HamzaKhan9,55906881,2019-09,15,138,2,2019–2019
SM-Taha-Ali,https://github.com/SM-Taha-Ali,55704214,2019-09,26,132,2,2019–2019
Swaleha-12,https://github.com/Swaleha-12,54802743,2019-09,18,128,2,2019–2019
wasey8,https://github.com/wasey8,55950678,2019-09,39,127,2,2019–2019
SaadAhmed-96,https://github.com/SaadAhmed-96,55001688,2019-09,35,127,2,2019–2019
sidrashakeel19,https://github.com/sidrashakeel19,55503447,2019-09,18,126,2,2019–2019
Basma-Hassan95,https://github.com/Basma-Hassan95,55300213,2019-09,39,119,2,2019–2019
soniaummehabiba,https://github.com/soniaummehabiba,55322005,2019-09,15,118,2,2019–2019
AsadSheikhJ,https://github.com/AsadSheikhJ,55325971,2019-09,17,117,2,2019–2019
Sammak215,https://github.com/Sammak215,55742430,2019-09,75,105,2,2019–2019
abdul-ahad-devs,https://github.com/abdul-ahad-devs,55701320,2019-09,18,104,2,2019–2019
akkhatri99,https://github.com/akkhatri99,55948159,2019-09,9,104,2,2019–2019
areebakhtar,https://github.com/areebakhtar,55751841,2019-09,22,101,2,2019–2019
Hasan-Askari,https://github.com/Hasan-Askari,54855385,2019-09,18,100,2,2019–2019
MAmmarrr,https://github.com/MAmmarrr,55452830,2019-09,17,99,2,2019–2019
sagar-vasu,https://github.com/sagar-vasu,55204464,2019-09,72,97,2,2019–2019
hah1504,https://github.com/hah1504,55000923,2019-09,83,92,2,2019–2019
ahmedafaque805,https://github.com/ahmedafaque805,55660346,2019-09,34,91,2,2019–2019
Ahsaan274,https://github.com/Ahsaan274,55529185,2019-09,45,89,2,2019–2019
hackipy,https://github.com/hackipy,55577954,2019-09,9,89,2,2019–2019
sirajahmed535,https://github.com/sirajahmed535,55069694,2019-09,8,82,2,2019–2019
SydHzf,https://github.com/SydHzf,55928701,2019-09,21,77,2,2019–2019
homiecr7,https://github.com/homiecr7,55183323,2019-09,21,74,2,2019–2019
M-Arsalan-Siddiqui,https://github.com/M-Arsalan-Siddiqui,55347162,2019-09,11,74,2,2019–2019
MuhammadDaniyal32,https://github.com/MuhammadDaniyal32,55941433,2019-09,22,73,2,2019–2019
Zain-Official,https://github.com/Zain-Official,55262090,2019-09,37,70,2,2019–2019
MuhammadAdnanKhalid,https://github.com/MuhammadAdnanKhalid,56003724,2019-09,7,69,2,2019–2019
Adnan913,https://github.com/Adnan913,54793380,2019-09,16,67,2,2019–2019
kazim-glitch,https://github.com/kazim-glitch,55601862,2019-09,24,64,2,2019–2019
SanaAzmatKhan,https://github.com/SanaAzmatKhan,54984536,2019-09,10,60,2,2019–2019
Khizermehmood97,https://github.com/Khizermehmood97,55757524,2019-09,17,57,2,2019–2019
muhammadashabmavia,https://github.com/muhammadashabmavia,55195701,2019-09,20,51,2,2019–2019
ShaheerAliKhan,https://github.com/ShaheerAliKhan,55428000,2019-09,17,50,2,2019–2019
nehalabubakar,https://github.com/nehalabubakar,55404295,2019-09,9,50,2,2019–2019
sarariaz,https://github.com/sarariaz,54833042,2019-09,12,49,2,2019–2019
syedumar18,https://github.com/syedumar18,55833962,2019-09,11,47,2,2019–2019
mumar06,https://github.com/mumar06,55209388,2019-09,9,47,2,2019–2019
FarhanIqbal2003,https://github.com/FarhanIqbal2003,55238562,2019-09,8,47,2,2019–2019
Laraib1993,https://github.com/Laraib1993,55249484,2019-09,13,44,2,2019–2019
Darainn,https://github.com/Darainn,55583949,2019-09,24,41,2,2019–2019
Samiullahmalik17,https://github.com/Samiullahmalik17,55765131,2019-09,20,39,2,2019–2019
nav333d,https://github.com/nav333d,54890256,2019-09,8,39,2,2019–2019
Talha-Hassan,https://github.com/Talha-Hassan,54837917,2019-09,10,38,2,2019–2019
AffanIK,https://github.com/AffanIK,55394965,2019-09,8,38,2,2019–2019
Shaddu413,https://github.com/Shaddu413,55288540,2019-09,6,36,2,2019–2019
farhannajam10,https://github.com/farhannajam10,55998312,2019-09,8,33,2,2019–2019
mashad6,https://github.com/mashad6,55269021,2019-09,21,32,2,2019–2019
Pro-procrastinator,https://github.com/Pro-procrastinator,55623734,2019-09,17,32,2,2019–2019
meerasfand007,https://github.com/meerasfand007,55046293,2019-09,16,31,2,2019–2019
Rana-Shabbir,https://github.com/Rana-Shabbir,55960875,2019-09,9,31,2,2019–2019
HassnainKhan11,https://github.com/HassnainKhan11,55547787,2019-09,16,30,2,2019–2019
baigsapp,https://github.com/baigsapp,55526090,2019-09,15,29,2,2019–2019
FazeelJarrar,https://github.com/FazeelJarrar,54836386,2019-09,10,21,2,2019–2019
waqas-azam-10p,https://github.com/waqas-azam-10p,55528804,2019-09,7,21,2,2019–2019
HamzaHaiderNullFooty,https://github.com/HamzaHaiderNullFooty,54912024,2019-09,10,20,2,2019–2019
urwamaqsood,https://github.com/urwamaqsood,55013777,2019-09,6,20,2,2019–2019
SHAHARYAR1255,https://github.com/SHAHARYAR1255,57074705,2019-10,60,5136,2,2019–2019
mohsinriaz1997,https://github.com/mohsinriaz1997,56700224,2019-10,9,3499,2,2019–2019
H-R-S,https://github.com/H-R-S,56538888,2019-10,39,1380,2,2019–2019
hatifmujahid,https://github.com/hatifmujahid,56687118,2019-10,48,1042,2,2019–2019
rooshanahmed,https://github.com/rooshanahmed,56521759,2019-10,56,1034,2,2019–2019
mahsankhaan,https://github.com/mahsankhaan,56512649,2019-10,27,993,2,2019–2019
ahmadmustafeen,https://github.com/ahmadmustafeen,56668600,2019-10,49,971,2,2019–2019
irfanmuneerofficial,https://github.com/irfanmuneerofficial,56981204,2019-10,7,843,2,2019–2019
Rafayasad,https://github.com/Rafayasad,57002436,2019-10,48,782,2,2019–2019
TabishAliMughal,https://github.com/TabishAliMughal,56387446,2019-10,15,765,2,2019–2019
talha442,https://github.com/talha442,57016608,2019-10,43,715,2,2019–2019
mfarzamalam,https://github.com/mfarzamalam,56687804,2019-10,43,661,2,2019–2019
sami-lab,https://github.com/sami-lab,56019715,2019-10,73,649,2,2019–2019
MuhammadHamzaFarooq,https://github.com/MuhammadHamzaFarooq,56512212,2019-10,190,624,2,2019–2019
faizsarwar,https://github.com/faizsarwar,56604615,2019-10,67,474,2,2019–2019
Hina-softwareEngineer,https://github.com/Hina-softwareEngineer,56507951,2019-10,52,464,2,2019–2019
hussain385,https://github.com/hussain385,56501305,2019-10,35,451,2,2019–2019
developmentWithTariq,https://github.com/developmentWithTariq,56953139,2019-10,56,438,2,2019–2019
saadfarhan124,https://github.com/saadfarhan124,56558687,2019-10,31,430,2,2019–2019
Touseef-haider,https://github.com/Touseef-haider,56496910,2019-10,47,371,2,2019–2019
ayeshank,https://github.com/ayeshank,56737774,2019-10,45,342,2,2019–2019
alinadir44,https://github.com/alinadir44,56518209,2019-10,21,324,2,2019–2019
Asif26,https://github.com/Asif26,56689372,2019-10,80,289,2,2019–2019
MFarooqTahir,https://github.com/MFarooqTahir,57230869,2019-10,12,281,2,2019–2019
mashood100,https://github.com/mashood100,56830558,2019-10,33,278,2,2019–2019
inazarm,https://github.com/inazarm,56226880,2019-10,101,245,2,2019–2019
khatrisuneel96,https://github.com/khatrisuneel96,56672120,2019-10,24,243,2,2019–2019
Qasim-AJ,https://github.com/Qasim-AJ,56936875,2019-10,31,223,2,2019–2019
AkeelMedina22,https://github.com/AkeelMedina22,56905673,2019-10,16,194,2,2019–2019
abdulmufeez,https://github.com/abdulmufeez,56237695,2019-10,42,193,2,2019–2019
ammadkarar786,https://github.com/ammadkarar786,56234762,2019-10,23,191,2,2019–2019
ins099,https://github.com/ins099,57060073,2019-10,49,187,2,2019–2019
bilaliqbal1,https://github.com/bilaliqbal1,56089685,2019-10,60,185,2,2019–2019
mali-28,https://github.com/mali-28,56204012,2019-10,46,177,2,2019–2019
mustafa-mehboob,https://github.com/mustafa-mehboob,57095619,2019-10,51,164,2,2019–2019
raheelrafiq326,https://github.com/raheelrafiq326,57172150,2019-10,14,156,2,2019–2019
MOvi996,https://github.com/MOvi996,57075441,2019-10,26,154,2,2019–2019
shujahaider07,https://github.com/shujahaider07,56230114,2019-10,33,148,2,2019–2019
meeladraza,https://github.com/meeladraza,56252911,2019-10,23,147,2,2019–2019
rehmanshafiq,https://github.com/rehmanshafiq,56028704,2019-10,10,144,2,2019–2019
Sohaghori839,https://github.com/Sohaghori839,56892915,2019-10,58,142,2,2019–2019
aazharnaeem,https://github.com/aazharnaeem,57107074,2019-10,32,141,2,2019–2019
user-zoobi,https://github.com/user-zoobi,56926961,2019-10,6,141,2,2019–2019
SaqibYousuf,https://github.com/SaqibYousuf,56543215,2019-10,40,134,2,2019–2019
hashir2103,https://github.com/hashir2103,56099877,2019-10,23,130,2,2019–2019
MuhammadUsmanMithani,https://github.com/MuhammadUsmanMithani,56304068,2019-10,17,125,2,2019–2019
AbdulSami-Sultan,https://github.com/AbdulSami-Sultan,56970013,2019-10,22,124,2,2019–2019
wajihasiddiqui,https://github.com/wajihasiddiqui,56477014,2019-10,28,122,2,2019–2019
Azmeer02,https://github.com/Azmeer02,57198398,2019-10,21,120,2,2019–2019
JavedAkhtar1220,https://github.com/JavedAkhtar1220,56504492,2019-10,49,119,2,2019–2019
Nabeel-Zafar,https://github.com/Nabeel-Zafar,57005971,2019-10,33,114,2,2019–2019
SAJIDISHAK,https://github.com/SAJIDISHAK,56733893,2019-10,25,109,2,2019–2019
aahj,https://github.com/aahj,56071348,2019-10,25,105,2,2019–2019
Rasheed-ur-Rehman,https://github.com/Rasheed-ur-Rehman,56723562,2019-10,50,104,2,2019–2019
OsterFar,https://github.com/OsterFar,56218868,2019-10,29,102,2,2019–2019
huzaifa903,https://github.com/huzaifa903,57118323,2019-10,9,98,2,2019–2019
madanjumaani,https://github.com/madanjumaani,56993955,2019-10,17,96,2,2019–2019
ssahmed05,https://github.com/ssahmed05,56338918,2019-10,20,95,2,2019–2019
S-Muhammad-Ali,https://github.com/S-Muhammad-Ali,56797936,2019-10,20,95,2,2019–2019
AimanShafaat,https://github.com/AimanShafaat,57188120,2019-10,29,91,2,2019–2019
Sabih0199,https://github.com/Sabih0199,57033548,2019-10,12,91,2,2019–2019
wasimdhamriya,https://github.com/wasimdhamriya,56508640,2019-10,8,88,2,2019–2019
muzzammilfarooq,https://github.com/muzzammilfarooq,57043078,2019-10,10,86,2,2019–2019
m-nabeel-anwar,https://github.com/m-nabeel-anwar,56485202,2019-10,9,84,2,2019–2019
HamadS-IT,https://github.com/HamadS-IT,56887889,2019-10,34,83,2,2019–2019
AhmedAshraf982,https://github.com/AhmedAshraf982,56397528,2019-10,32,82,2,2019–2019
talhajamal197,https://github.com/talhajamal197,56931593,2019-10,23,81,2,2019–2019
warda176,https://github.com/warda176,56975825,2019-10,19,81,2,2019–2019
NazimAli28,https://github.com/NazimAli28,56822834,2019-10,21,75,2,2019–2019
Hina-Sarmad-SQA,https://github.com/Hina-Sarmad-SQA,56060132,2019-10,10,73,2,2019–2019
burhanuddin78,https://github.com/burhanuddin78,56256848,2019-10,23,72,2,2019–2019
SalmanAhmed2,https://github.com/SalmanAhmed2,56513749,2019-10,19,69,2,2019–2019
abmemon,https://github.com/abmemon,56878874,2019-10,28,68,2,2019–2019
AhsanSoomro,https://github.com/AhsanSoomro,56722977,2019-10,13,66,2,2019–2019
DaniyalShafiq205,https://github.com/DaniyalShafiq205,56289441,2019-10,22,65,2,2019–2019
mshaheeralam,https://github.com/mshaheeralam,56303960,2019-10,11,64,2,2019–2019
nomanshaikh17,https://github.com/nomanshaikh17,57127353,2019-10,9,64,2,2019–2019
Rabil786,https://github.com/Rabil786,56951825,2019-10,10,63,2,2019–2019
ImtiazUlHassan,https://github.com/ImtiazUlHassan,56826204,2019-10,14,62,2,2019–2019
razaussamad88,https://github.com/razaussamad88,56147850,2019-10,12,60,2,2019–2019
sehrish-ishaq92,https://github.com/sehrish-ishaq92,56487656,2019-10,36,59,2,2019–2019
ahsanjamil306,https://github.com/ahsanjamil306,57091356,2019-10,17,57,2,2019–2019
Qasimkhan786,https://github.com/Qasimkhan786,56044350,2019-10,11,56,2,2019–2019
mg065,https://github.com/mg065,56393593,2019-10,27,53,2,2019–2019
Tarooba-Faheem-Hussain,https://github.com/Tarooba-Faheem-Hussain,56295971,2019-10,15,49,2,2019–2019
KashanRiaz,https://github.com/KashanRiaz,56436149,2019-10,11,49,2,2019–2019
madlock12,https://github.com/madlock12,56917679,2019-10,12,48,2,2019–2019
AnsarAhmed99,https://github.com/AnsarAhmed99,56139693,2019-10,10,47,2,2019–2019
shahrukh-ansarii,https://github.com/shahrukh-ansarii,56963052,2019-10,18,46,2,2019–2019
syed-create,https://github.com/syed-create,57010792,2019-10,13,45,2,2019–2019
Koke-Zone,https://github.com/Koke-Zone,57229208,2019-10,10,45,2,2019–2019
Tariq-dev,https://github.com/Tariq-dev,57076209,2019-10,16,44,2,2019–2019
Raabel,https://github.com/Raabel,56788442,2019-10,19,43,2,2019–2019
marsalan485,https://github.com/marsalan485,56550550,2019-10,12,42,2,2019–2019
NasirNisar,https://github.com/NasirNisar,56537539,2019-10,7,41,2,2019–2019
shujaatHusn,https://github.com/shujaatHusn,56890718,2019-10,16,38,2,2019–2019
Ikram-ghouri,https://github.com/Ikram-ghouri,56498640,2019-10,15,38,2,2019–2019
mubeengulzar,https://github.com/mubeengulzar,57218626,2019-10,19,36,2,2019–2019
muhammad-aqib,https://github.com/muhammad-aqib,56173495,2019-10,8,35,2,2019–2019
Maryam-Nadeem,https://github.com/Maryam-Nadeem,56643290,2019-10,8,34,2,2019–2019
syedsayyaf,https://github.com/syedsayyaf,56550705,2019-10,13,33,2,2019–2019
RohitGirdharani,https://github.com/RohitGirdharani,56187401,2019-10,22,30,2,2019–2019
Muhammad-Zeeshan71,https://github.com/Muhammad-Zeeshan71,56141189,2019-10,6,30,2,2019–2019
MahnoorJaved98,https://github.com/MahnoorJaved98,57193300,2019-10,7,28,2,2019–2019
saadcasm,https://github.com/saadcasm,57061521,2019-10,6,28,2,2019–2019
maaz29,https://github.com/maaz29,56428217,2019-10,6,27,2,2019–2019
areesha04,https://github.com/areesha04,56914950,2019-10,13,26,2,2019–2019
sundeshkumar,https://github.com/sundeshkumar,56977945,2019-10,8,24,2,2019–2019
Adnan530,https://github.com/Adnan530,56610591,2019-10,6,24,2,2019–2019
Rimsha55,https://github.com/Rimsha55,56505760,2019-10,26,22,2,2019–2019
ENGRBILALKHAN,https://github.com/ENGRBILALKHAN,56471867,2019-10,15,19,2,2019–2019
ahmedhassan2k,https://github.com/ahmedhassan2k,56626613,2019-10,9,17,2,2019–2019
MFY2000,https://github.com/MFY2000,57294684,2019-11,63,8597,2,2019–2019
imad0653,https://github.com/imad0653,57463185,2019-11,6,2003,2,2019–2019
Dilsher10,https://github.com/Dilsher10,57361968,2019-11,58,1340,2,2019–2019
Bilal-19,https://github.com/Bilal-19,57635732,2019-11,70,1338,2,2019–2019
syedfaiqueali,https://github.com/syedfaiqueali,57325249,2019-11,41,1272,2,2019–2019
malaika22,https://github.com/malaika22,57406809,2019-11,34,1150,2,2019–2019
maverickkhan,https://github.com/maverickkhan,57320922,2019-11,72,1136,2,2019–2019
Owaisk23,https://github.com/Owaisk23,57331778,2019-11,56,957,2,2019–2019
fahadkhan917,https://github.com/fahadkhan917,58072941,2019-11,31,935,2,2019–2019
abeeralikhan,https://github.com/abeeralikhan,57541987,2019-11,53,815,2,2019–2019
sssfasih,https://github.com/sssfasih,57562613,2019-11,35,783,2,2019–2019
MishaAkram,https://github.com/MishaAkram,57322196,2019-11,73,754,2,2019–2019
arsalanmubeen,https://github.com/arsalanmubeen,57316452,2019-11,12,748,2,2019–2019
danishulhassan7,https://github.com/danishulhassan7,57491009,2019-11,69,655,2,2019–2019
Engr-Asad-Hussain,https://github.com/Engr-Asad-Hussain,57555839,2019-11,57,624,2,2019–2019
hassanazharkhan,https://github.com/hassanazharkhan,57677979,2019-11,22,621,2,2019–2019
MuhammadBilal848,https://github.com/MuhammadBilal848,57318407,2019-11,53,598,2,2019–2019
AshharImam,https://github.com/AshharImam,57323544,2019-11,35,584,2,2019–2019
FarjadAkbar,https://github.com/FarjadAkbar,57658131,2019-11,42,572,2,2019–2019
SidraaAbdullah,https://github.com/SidraaAbdullah,57295474,2019-11,10,516,2,2019–2019
mehnoorsiddiqui,https://github.com/mehnoorsiddiqui,57288492,2019-11,53,500,2,2019–2019
chanderparkash179,https://github.com/chanderparkash179,57979978,2019-11,21,495,2,2019–2019
sheikhmubashi,https://github.com/sheikhmubashi,57352014,2019-11,67,489,2,2019–2019
Shaiq-ahmed,https://github.com/Shaiq-ahmed,58372457,2019-11,28,477,2,2019–2019
dawoodshahzad07,https://github.com/dawoodshahzad07,57856214,2019-11,85,466,2,2019–2019
haris386,https://github.com/haris386,57570025,2019-11,56,433,2,2019–2019
hamzasiddiqui97,https://github.com/hamzasiddiqui97,57500527,2019-11,48,394,2,2019–2019
suhailthakrani,https://github.com/suhailthakrani,57296007,2019-11,27,391,2,2019–2019
FareenaEhtesham,https://github.com/FareenaEhtesham,57524242,2019-11,50,376,2,2019–2019
ahsan-lumida,https://github.com/ahsan-lumida,58366982,2019-11,26,371,2,2019–2019
usamasadiqus,https://github.com/usamasadiqus,57365488,2019-11,60,355,2,2019–2019
1zhanN,https://github.com/1zhanN,57583461,2019-11,20,342,2,2019–2019
khalid129,https://github.com/khalid129,58352840,2019-11,36,340,2,2019–2019
laibashaikh28,https://github.com/laibashaikh28,57361493,2019-11,16,340,2,2019–2019
Ihsaan-20,https://github.com/Ihsaan-20,57346408,2019-11,72,327,2,2019–2019
syedmomin,https://github.com/syedmomin,57413189,2019-11,46,325,2,2019–2019
Farzan-ul-haq,https://github.com/Farzan-ul-haq,57554503,2019-11,14,319,2,2019–2019
omaisahmed,https://github.com/omaisahmed,58178722,2019-11,62,309,2,2019–2019
milad-raza,https://github.com/milad-raza,57336758,2019-11,51,306,2,2019–2019
ToobaAhmedAlvi,https://github.com/ToobaAhmedAlvi,57292654,2019-11,49,302,2,2019–2019
HamnaSiddiqui,https://github.com/HamnaSiddiqui,57636781,2019-11,40,299,2,2019–2019
binbawany,https://github.com/binbawany,57665312,2019-11,24,281,2,2019–2019
inamsaif0,https://github.com/inamsaif0,58142833,2019-11,32,278,2,2019–2019
mahmed-eng,https://github.com/mahmed-eng,57319953,2019-11,66,272,2,2019–2019
AliRaza192,https://github.com/AliRaza192,58370113,2019-11,71,263,2,2019–2019
NaumanSaleem22,https://github.com/NaumanSaleem22,58274279,2019-11,55,260,2,2019–2019
uroojmajid2000,https://github.com/uroojmajid2000,58281174,2019-11,57,257,2,2019–2019
smuhabdullah,https://github.com/smuhabdullah,58034394,2019-11,44,251,2,2019–2019
Muhammad-Hassan1000,https://github.com/Muhammad-Hassan1000,57257840,2019-11,30,251,2,2019–2019
Sobanhanif4,https://github.com/Sobanhanif4,57403730,2019-11,25,246,2,2019–2019
samraasif834,https://github.com/samraasif834,57324063,2019-11,50,237,2,2019–2019
maazstering,https://github.com/maazstering,58086244,2019-11,28,229,2,2019–2019
mahnoor1999,https://github.com/mahnoor1999,57394804,2019-11,40,228,2,2019–2019
MurtazaAbidi,https://github.com/MurtazaAbidi,57715393,2019-11,44,226,2,2019–2019
bilalned-040,https://github.com/bilalned-040,57318749,2019-11,28,218,2,2019–2019
waqarshaiiikh,https://github.com/waqarshaiiikh,58343997,2019-11,34,217,2,2019–2019
umar-abid06,https://github.com/umar-abid06,57565130,2019-11,28,211,2,2019–2019
syedumaircodes,https://github.com/syedumaircodes,57952190,2019-11,21,211,2,2019–2019
HaseebAliKhan,https://github.com/HaseebAliKhan,57507467,2019-11,54,210,2,2019–2019
uzzii-21,https://github.com/uzzii-21,57315924,2019-11,13,210,2,2019–2019
rizwaniqbalkhan92,https://github.com/rizwaniqbalkhan92,57330653,2019-11,63,209,2,2019–2019
HuzaifaKhan20,https://github.com/HuzaifaKhan20,57367781,2019-11,93,208,2,2019–2019
mtahashahid,https://github.com/mtahashahid,57311675,2019-11,37,208,2,2019–2019
FahadMehboob,https://github.com/FahadMehboob,57399229,2019-11,49,204,2,2019–2019
Junaid20001,https://github.com/Junaid20001,57348907,2019-11,88,201,2,2019–2019
Hassan5022,https://github.com/Hassan5022,57295900,2019-11,37,199,2,2019–2019
huzaifazahoorchohan,https://github.com/huzaifazahoorchohan,57295548,2019-11,34,190,2,2019–2019
TanveerAhmed98,https://github.com/TanveerAhmed98,58117295,2019-11,6,188,2,2019–2019
mannanshafique,https://github.com/mannanshafique,58309881,2019-11,32,185,2,2019–2019
danishAzeemSanghroo,https://github.com/danishAzeemSanghroo,58243917,2019-11,88,180,2,2019–2019
azan-rasheed-khan,https://github.com/azan-rasheed-khan,57807434,2019-11,22,177,2,2019–2019
azam-kamal,https://github.com/azam-kamal,58005128,2019-11,25,171,2,2019–2019
AraibKhan,https://github.com/AraibKhan,58249139,2019-11,26,170,2,2019–2019
MaazShah2060,https://github.com/MaazShah2060,58365477,2019-11,27,169,2,2019–2019
muhammadirshad89,https://github.com/muhammadirshad89,57507302,2019-11,79,168,2,2019–2019
ganwahch,https://github.com/ganwahch,57481850,2019-11,66,167,2,2019–2019
BahadurKhan10,https://github.com/BahadurKhan10,57499169,2019-11,35,161,2,2019–2019
adeelahsan5640,https://github.com/adeelahsan5640,58143352,2019-11,27,157,2,2019–2019
ASAD5401,https://github.com/ASAD5401,57760529,2019-11,60,155,2,2019–2019
jotilohana,https://github.com/jotilohana,58343449,2019-11,27,152,2,2019–2019
sarmedaqua,https://github.com/sarmedaqua,57359364,2019-11,34,150,2,2019–2019
mustufa100,https://github.com/mustufa100,57327694,2019-11,19,150,2,2019–2019
basitaminbhatti,https://github.com/basitaminbhatti,57590453,2019-11,14,148,2,2019–2019
ShayanHasanKhan0,https://github.com/ShayanHasanKhan0,57940287,2019-11,27,146,2,2019–2019
daniyalkhan8,https://github.com/daniyalkhan8,57589031,2019-11,7,144,2,2019–2019
zohaibulhassan,https://github.com/zohaibulhassan,57362849,2019-11,54,141,2,2019–2019
akif171,https://github.com/akif171,57750292,2019-11,43,133,2,2019–2019
Muhammadtayyab596,https://github.com/Muhammadtayyab596,57323746,2019-11,41,132,2,2019–2019
syedasifali548,https://github.com/syedasifali548,57398037,2019-11,59,125,2,2019–2019
AbdulSamad123,https://github.com/AbdulSamad123,57325223,2019-11,41,125,2,2019–2019
MoeenH,https://github.com/MoeenH,57503695,2019-11,22,125,2,2019–2019
rhasnat19,https://github.com/rhasnat19,57846249,2019-11,41,124,2,2019–2019
SidraShaikh-2,https://github.com/SidraShaikh-2,57295469,2019-11,20,124,2,2019–2019
moid-khan,https://github.com/moid-khan,58299657,2019-11,49,114,2,2019–2019
danyal-aslam,https://github.com/danyal-aslam,58301512,2019-11,43,114,2,2019–2019
Muhammad-Usama-lab,https://github.com/Muhammad-Usama-lab,57321157,2019-11,30,114,2,2019–2019
abdulqadeer782,https://github.com/abdulqadeer782,57407025,2019-11,28,113,2,2019–2019
salman898,https://github.com/salman898,57345762,2019-11,23,108,2,2019–2019
Mavia-Ali-11,https://github.com/Mavia-Ali-11,57300627,2019-11,13,104,2,2019–2019
MuhammadAteeb225,https://github.com/MuhammadAteeb225,57613297,2019-11,20,101,2,2019–2019
MT99-JS,https://github.com/MT99-JS,57560331,2019-11,13,100,2,2019–2019
Muhammad-Rizwan-Shafiq,https://github.com/Muhammad-Rizwan-Shafiq,57402647,2019-11,29,99,2,2019–2019
aqasim23,https://github.com/aqasim23,57294858,2019-11,16,99,2,2019–2019
mustafa695,https://github.com/mustafa695,58064621,2019-11,20,93,2,2019–2019
SyedBaqar14,https://github.com/SyedBaqar14,57901182,2019-11,12,87,2,2019–2019
SaifHaiderMalik,https://github.com/SaifHaiderMalik,58230674,2019-11,12,86,2,2019–2019
MuznaWajid,https://github.com/MuznaWajid,57355914,2019-11,32,84,2,2019–2019
MFaizan103,https://github.com/MFaizan103,57411742,2019-11,23,82,2,2019–2019
daniyalsuhail-ds,https://github.com/daniyalsuhail-ds,58301344,2019-11,45,81,2,2019–2019
Faizan299,https://github.com/Faizan299,57499048,2019-11,27,80,2,2019–2019
ZainAli1996,https://github.com/ZainAli1996,57337241,2019-11,19,79,2,2019–2019
Mukesh-SE,https://github.com/Mukesh-SE,57390477,2019-11,19,75,2,2019–2019
khurram-ansari,https://github.com/khurram-ansari,57369216,2019-11,18,74,2,2019–2019
AqeelMurad306,https://github.com/AqeelMurad306,57410277,2019-11,19,72,2,2019–2019
danishiqbal03,https://github.com/danishiqbal03,57410704,2019-11,16,72,2,2019–2019
ubaidxai,https://github.com/ubaidxai,57367277,2019-11,14,72,2,2019–2019
zubairsamo,https://github.com/zubairsamo,57299191,2019-11,23,69,2,2019–2019
HunainImran,https://github.com/HunainImran,58172562,2019-11,8,68,2,2019–2019
JansherMughal,https://github.com/JansherMughal,58034260,2019-11,13,66,2,2019–2019
iamtalha07,https://github.com/iamtalha07,57322606,2019-11,23,64,2,2019–2019
Javeria-Arif,https://github.com/Javeria-Arif,57355046,2019-11,18,64,2,2019–2019
FatimaPaul,https://github.com/FatimaPaul,57317242,2019-11,20,63,2,2019–2019
AffanDahar,https://github.com/AffanDahar,57386846,2019-11,26,61,2,2019–2019
SameerShoukat,https://github.com/SameerShoukat,57309825,2019-11,11,58,2,2019–2019
ghazihassan-eng,https://github.com/ghazihassan-eng,57555836,2019-11,26,57,2,2019–2019
danishahmed219,https://github.com/danishahmed219,58221507,2019-11,9,56,2,2019–2019
KhalidAbdulAziz,https://github.com/KhalidAbdulAziz,57533814,2019-11,26,54,2,2019–2019
smahad09,https://github.com/smahad09,57829765,2019-11,9,54,2,2019–2019
OsamaSr4,https://github.com/OsamaSr4,57774230,2019-11,9,52,2,2019–2019
muhammaduzaer,https://github.com/muhammaduzaer,57661892,2019-11,26,51,2,2019–2019
khansa86,https://github.com/khansa86,57402284,2019-11,10,50,2,2019–2019
SamRaza845,https://github.com/SamRaza845,57381603,2019-11,22,49,2,2019–2019
ibrahim-khalil,https://github.com/ibrahim-khalil,58023402,2019-11,6,49,2,2019–2019
musabhussaink,https://github.com/musabhussaink,57786327,2019-11,15,48,2,2019–2019
ShahzaibMinhaz,https://github.com/ShahzaibMinhaz,57451925,2019-11,13,48,2,2019–2019
muneebrw,https://github.com/muneebrw,57323681,2019-11,37,47,2,2019–2019
fayyazahmed2019,https://github.com/fayyazahmed2019,58217281,2019-11,27,46,2,2019–2019
Mubbashir02,https://github.com/Mubbashir02,57677842,2019-11,40,44,2,2019–2019
mzeeshan19,https://github.com/mzeeshan19,57556136,2019-11,15,44,2,2019–2019
Iam-mustafa,https://github.com/Iam-mustafa,57328672,2019-11,12,44,2,2019–2019
khubaib923,https://github.com/khubaib923,57329388,2019-11,41,43,2,2019–2019
tosiq,https://github.com/tosiq,57296100,2019-11,37,42,2,2019–2019
abeer399,https://github.com/abeer399,57668509,2019-11,17,40,2,2019–2019
shais1997,https://github.com/shais1997,57403746,2019-11,15,40,2,2019–2019
Arshadali16,https://github.com/Arshadali16,57627178,2019-11,37,39,2,2019–2019
itsmemubeenkhan,https://github.com/itsmemubeenkhan,57445302,2019-11,16,39,2,2019–2019
aullah01,https://github.com/aullah01,58071177,2019-11,32,38,2,2019–2019
Shaikh-Zubair,https://github.com/Shaikh-Zubair,57668790,2019-11,6,38,2,2019–2019
Jawad52923,https://github.com/Jawad52923,57292006,2019-11,26,36,2,2019–2019
Syedfaraz1997,https://github.com/Syedfaraz1997,57364687,2019-11,19,35,2,2019–2019
JaishaImran,https://github.com/JaishaImran,57498971,2019-11,8,34,2,2019–2019
mubeenalam5,https://github.com/mubeenalam5,57857826,2019-11,13,32,2,2019–2019
naseer943,https://github.com/naseer943,58130875,2019-11,9,32,2,2019–2019
Filza-Manzoor,https://github.com/Filza-Manzoor,57496128,2019-11,24,31,2,2019–2019
HarisShah082,https://github.com/HarisShah082,57497224,2019-11,16,31,2,2019–2019
naveerakamal28,https://github.com/naveerakamal28,58065570,2019-11,17,29,2,2019–2019
ZainulAbideen03,https://github.com/ZainulAbideen03,58255495,2019-11,25,28,2,2019–2019
ayeshasiddiqa161,https://github.com/ayeshasiddiqa161,58335244,2019-11,18,28,2,2019–2019
Siddique-5506,https://github.com/Siddique-5506,57295531,2019-11,17,28,2,2019–2019
fhdzfr123,https://github.com/fhdzfr123,58144399,2019-11,11,28,2,2019–2019
SheikhBirjeesAli,https://github.com/SheikhBirjeesAli,57536969,2019-11,13,27,2,2019–2019
Syed-ul-Mursaleen,https://github.com/Syed-ul-Mursaleen,57497716,2019-11,17,26,2,2019–2019
umerqureshi94,https://github.com/umerqureshi94,57386070,2019-11,17,26,2,2019–2019
ali3eer,https://github.com/ali3eer,57296726,2019-11,14,26,2,2019–2019
muhammadali005,https://github.com/muhammadali005,57325156,2019-11,13,26,2,2019–2019
mubeenbutt677,https://github.com/mubeenbutt677,57798943,2019-11,14,25,2,2019–2019
rafay-ctrl,https://github.com/rafay-ctrl,57865171,2019-11,13,23,2,2019–2019
mbilalarif789,https://github.com/mbilalarif789,58099797,2019-11,21,22,2,2019–2019
wahajansari08,https://github.com/wahajansari08,57314636,2019-11,11,22,2,2019–2019
Wajid2990,https://github.com/Wajid2990,57360843,2019-11,8,22,2,2019–2019
Areeshakhan20,https://github.com/Areeshakhan20,57264628,2019-11,8,21,2,2019–2019
Junaidkhan1998,https://github.com/Junaidkhan1998,57318339,2019-11,34,20,2,2019–2019
Awaisoop,https://github.com/Awaisoop,57310043,2019-11,29,20,2,2019–2019
AamirHafeez90,https://github.com/AamirHafeez90,58137710,2019-11,13,20,2,2019–2019
ghulamqadir55,https://github.com/ghulamqadir55,57756222,2019-11,9,20,2,2019–2019
Rim000,https://github.com/Rim000,57320702,2019-11,15,19,2,2019–2019
sajjadali54,https://github.com/sajjadali54,58862894,2019-12,27,1242,2,2019–2019
maazulhaq00,https://github.com/maazulhaq00,58605310,2019-12,81,606,2,2019–2019
AbdulMoizAli,https://github.com/AbdulMoizAli,59338587,2019-12,12,599,2,2019–2019
farazkhawaja,https://github.com/farazkhawaja,59088548,2019-12,31,547,2,2019–2019
SaadAliHafiz,https://github.com/SaadAliHafiz,59177839,2019-12,21,465,2,2019–2019
zaryab444,https://github.com/zaryab444,59204616,2019-12,55,431,2,2019–2019
faiz260,https://github.com/faiz260,59044640,2019-12,78,426,2,2019–2019
UsamaIrfan,https://github.com/UsamaIrfan,58513165,2019-12,64,408,2,2019–2019
ashadnadeem,https://github.com/ashadnadeem,58692788,2019-12,37,390,2,2019–2019
Nabeel-Chhipa,https://github.com/Nabeel-Chhipa,58781270,2019-12,62,373,2,2019–2019
smmb98,https://github.com/smmb98,59339648,2019-12,45,372,2,2019–2019
GufranBhatti,https://github.com/GufranBhatti,58569042,2019-12,26,352,2,2019–2019
KaranKumarr,https://github.com/KaranKumarr,59010694,2019-12,19,345,2,2019–2019
LakhaniSinan,https://github.com/LakhaniSinan,59124743,2019-12,47,334,2,2019–2019
muhammadazhariqbal,https://github.com/muhammadazhariqbal,59361475,2019-12,35,329,2,2019–2019
thebinsohail,https://github.com/thebinsohail,59366780,2019-12,56,322,2,2019–2019
JoushwaS,https://github.com/JoushwaS,59010789,2019-12,33,320,2,2019–2019
ShahzadUmarBaig,https://github.com/ShahzadUmarBaig,59028228,2019-12,24,301,2,2019–2019
UroojFatima1,https://github.com/UroojFatima1,59086333,2019-12,35,269,2,2019–2019
Hammad-Khan-aka-AMBee,https://github.com/Hammad-Khan-aka-AMBee,59333482,2019-12,9,263,2,2019–2019
UmairKhankhail,https://github.com/UmairKhankhail,59060383,2019-12,46,259,2,2019–2019
Farhan5217,https://github.com/Farhan5217,59056447,2019-12,27,248,2,2019–2019
muhammadowaismushtaq,https://github.com/muhammadowaismushtaq,58966330,2019-12,13,240,2,2019–2019
ali-shoaib,https://github.com/ali-shoaib,59365805,2019-12,31,232,2,2019–2019
saif-byte,https://github.com/saif-byte,58662790,2019-12,33,227,2,2019–2019
Azkarehman,https://github.com/Azkarehman,59202830,2019-12,31,209,2,2019–2019
monis8khan,https://github.com/monis8khan,59013221,2019-12,22,192,2,2019–2019
Faizanealiqazi,https://github.com/Faizanealiqazi,59193821,2019-12,19,192,2,2019–2019
mohsin324,https://github.com/mohsin324,58881622,2019-12,44,189,2,2019–2019
hamza-0987,https://github.com/hamza-0987,59221443,2019-12,56,187,2,2019–2019
vickyrajput5,https://github.com/vickyrajput5,58720926,2019-12,80,171,2,2019–2019
adeelbaig625,https://github.com/adeelbaig625,59149356,2019-12,17,161,2,2019–2019
sudoahmed,https://github.com/sudoahmed,58669002,2019-12,23,159,2,2019–2019
imahmed18,https://github.com/imahmed18,58484385,2019-12,35,120,2,2019–2019
Programmer-4-life,https://github.com/Programmer-4-life,58579548,2019-12,27,120,2,2019–2019
alighaffari14,https://github.com/alighaffari14,58587753,2019-12,19,115,2,2019–2019
mukhan1833,https://github.com/mukhan1833,58435443,2019-12,27,110,2,2019–2019
fazal-coder,https://github.com/fazal-coder,58806141,2019-12,29,109,2,2019–2019
zubairkorai,https://github.com/zubairkorai,59169211,2019-12,24,109,2,2019–2019
SajjadAliKhojaye,https://github.com/SajjadAliKhojaye,59386007,2019-12,19,108,2,2019–2019
ashhadahmd,https://github.com/ashhadahmd,58696726,2019-12,7,108,2,2019–2019
shafiqraza,https://github.com/shafiqraza,58416026,2019-12,32,105,2,2019–2019
JawwadHaider-11,https://github.com/JawwadHaider-11,59335083,2019-12,27,104,2,2019–2019
MaazKhan01,https://github.com/MaazKhan01,59374050,2019-12,23,104,2,2019–2019
khhoremuzairkhan,https://github.com/khhoremuzairkhan,58903170,2019-12,12,104,2,2019–2019
harisahmedz,https://github.com/harisahmedz,58903241,2019-12,41,100,2,2019–2019
SamK23,https://github.com/SamK23,58573443,2019-12,31,93,2,2019–2019
danishlaeeq,https://github.com/danishlaeeq,58961999,2019-12,23,92,2,2019–2019
syeda-khadeeja,https://github.com/syeda-khadeeja,59028362,2019-12,12,92,2,2019–2019
muhammadfarooq5454,https://github.com/muhammadfarooq5454,58515614,2019-12,10,90,2,2019–2019
osamaejz,https://github.com/osamaejz,59282708,2019-12,18,88,2,2019–2019
Abdul-Moiz03,https://github.com/Abdul-Moiz03,59081993,2019-12,23,85,2,2019–2019
hassanAlihafiz,https://github.com/hassanAlihafiz,58429214,2019-12,29,84,2,2019–2019
kunallalwani2020,https://github.com/kunallalwani2020,58693660,2019-12,63,82,2,2019–2019
RafeyIqbalRahman,https://github.com/RafeyIqbalRahman,59226057,2019-12,15,80,2,2019–2019
Yaminah22,https://github.com/Yaminah22,59056513,2019-12,12,78,2,2019–2019
MUmerZia,https://github.com/MUmerZia,58917315,2019-12,25,77,2,2019–2019
sumayyakhalid,https://github.com/sumayyakhalid,59338764,2019-12,23,76,2,2019–2019
ahmedjogiyat,https://github.com/ahmedjogiyat,59114890,2019-12,19,75,2,2019–2019
ahabalikhan,https://github.com/ahabalikhan,58568549,2019-12,8,73,2,2019–2019
alimuhammad-creator,https://github.com/alimuhammad-creator,58667505,2019-12,13,72,2,2019–2019
AminHussaini,https://github.com/AminHussaini,59252100,2019-12,12,72,2,2019–2019
SyedRouhanAli,https://github.com/SyedRouhanAli,59330813,2019-12,28,71,2,2019–2019
FanilaAliAgha,https://github.com/FanilaAliAgha,58599275,2019-12,39,69,2,2019–2019
zeeshaniftikhar,https://github.com/zeeshaniftikhar,58649594,2019-12,9,69,2,2019–2019
sarfaraz-jamal,https://github.com/sarfaraz-jamal,58684649,2019-12,19,64,2,2019–2019
faryalzehra,https://github.com/faryalzehra,58398152,2019-12,17,64,2,2019–2019
zahidkhan-xen,https://github.com/zahidkhan-xen,59179580,2019-12,25,63,2,2019–2019
zaeemed,https://github.com/zaeemed,59163054,2019-12,14,62,2,2019–2019
Muhammad-Osama31,https://github.com/Muhammad-Osama31,58704459,2019-12,26,61,2,2019–2019
devghayuradil,https://github.com/devghayuradil,59247431,2019-12,14,61,2,2019–2019
zohaibscorpion167,https://github.com/zohaibscorpion167,59016251,2019-12,12,60,2,2019–2019
Alidilawar,https://github.com/Alidilawar,59058098,2019-12,30,56,2,2019–2019
hexspidey,https://github.com/hexspidey,59094748,2019-12,18,54,2,2019–2019
Muhammad123-oss,https://github.com/Muhammad123-oss,58491516,2019-12,10,53,2,2019–2019
publicfunctionsufiyan,https://github.com/publicfunctionsufiyan,58731980,2019-12,18,50,2,2019–2019
dawoodhameed,https://github.com/dawoodhameed,58595132,2019-12,11,50,2,2019–2019
SyedAliJawwad,https://github.com/SyedAliJawwad,59028900,2019-12,13,47,2,2019–2019
EshaalZehra,https://github.com/EshaalZehra,59133185,2019-12,8,45,2,2019–2019
ahmedkhan42000,https://github.com/ahmedkhan42000,59029010,2019-12,19,42,2,2019–2019
Hassan-Memon,https://github.com/Hassan-Memon,58885416,2019-12,13,40,2,2019–2019
rafayhasankhan,https://github.com/rafayhasankhan,59375938,2019-12,19,38,2,2019–2019
Alixysmt12,https://github.com/Alixysmt12,58512997,2019-12,13,37,2,2019–2019
Abdullah796,https://github.com/Abdullah796,58621097,2019-12,7,36,2,2019–2019
imranali14,https://github.com/imranali14,59235749,2019-12,15,33,2,2019–2019
syedhannan89,https://github.com/syedhannan89,59366771,2019-12,7,33,2,2019–2019
TahaMHaider,https://github.com/TahaMHaider,59398869,2019-12,17,31,2,2019–2019
mumtaz-alam-cs,https://github.com/mumtaz-alam-cs,58544674,2019-12,11,30,2,2019–2019
aneelk6,https://github.com/aneelk6,58981557,2019-12,16,29,2,2019–2019
dev-faizankhan,https://github.com/dev-faizankhan,58930737,2019-12,6,28,2,2019–2019
shujaatzameer,https://github.com/shujaatzameer,58903364,2019-12,14,26,2,2019–2019
BasitAli1414,https://github.com/BasitAli1414,58871577,2019-12,12,25,2,2019–2019
GulFarazKhan,https://github.com/GulFarazKhan,58907029,2019-12,7,24,2,2019–2019
roohanaashraf,https://github.com/roohanaashraf,58702237,2019-12,11,23,2,2019–2019
4liR4Z4,https://github.com/4liR4Z4,59154892,2019-12,10,22,2,2019–2019
MuhammadArif7,https://github.com/MuhammadArif7,58838385,2019-12,7,22,2,2019–2019
MAH621596,https://github.com/MAH621596,58853982,2019-12,11,20,3,2019–2020
tubamahmood123,https://github.com/tubamahmood123,58802717,2019-12,7,19,3,2019–2020
imran-rasheed-dev,https://github.com/imran-rasheed-dev,59016366,2019-12,6,18,3,2019–2020
DevAhsaNOp,https://github.com/DevAhsaNOp,59480396,2020-01,64,689,3,2019–2020
LavizaFalakNaz,https://github.com/LavizaFalakNaz,60230431,2020-01,45,665,3,2019–2020
nabeel-khanjee,https://github.com/nabeel-khanjee,59483644,2020-01,86,449,3,2019–2020
musab123bs,https://github.com/musab123bs,60442216,2020-01,63,397,3,2019–2020
rukhsar624,https://github.com/rukhsar624,59741016,2020-01,47,388,3,2019–2020
ejazurrehman,https://github.com/ejazurrehman,59535931,2020-01,16,375,3,2019–2020
ShariqAteeq,https://github.com/ShariqAteeq,60320877,2020-01,40,369,3,2019–2020
ayesha-ghani098,https://github.com/ayesha-ghani098,60398800,2020-01,47,348,3,2019–2020
musabbihanoor,https://github.com/musabbihanoor,60219422,2020-01,25,334,3,2019–2020
wasifaleem2,https://github.com/wasifaleem2,60383635,2020-01,35,320,3,2019–2020
mustafatahirhussein,https://github.com/mustafatahirhussein,60258980,2020-01,66,319,3,2019–2020
asifkasi,https://github.com/asifkasi,60402339,2020-01,28,313,3,2019–2020
Naba-cloud,https://github.com/Naba-cloud,59452017,2020-01,79,307,3,2019–2020
MehdiRazaNaqvi,https://github.com/MehdiRazaNaqvi,60016135,2020-01,62,307,3,2019–2020
ReactAppDeveloper,https://github.com/ReactAppDeveloper,60002702,2020-01,36,305,3,2019–2020
Sabeer-Junaid,https://github.com/Sabeer-Junaid,59570904,2020-01,11,301,3,2019–2020
MuhammadZohaibAwan,https://github.com/MuhammadZohaibAwan,59654046,2020-01,81,287,3,2019–2020
mbilalsardar,https://github.com/mbilalsardar,60500089,2020-01,17,276,3,2019–2020
ashiqaliaslam,https://github.com/ashiqaliaslam,60208343,2020-01,53,267,3,2019–2020
ezekielnizamani,https://github.com/ezekielnizamani,60517669,2020-01,49,266,3,2019–2020
Asad-Tariq,https://github.com/Asad-Tariq,59995319,2020-01,21,260,3,2019–2020
syed-hussain-imam,https://github.com/syed-hussain-imam,59689177,2020-01,20,244,3,2019–2020
Sahilnenwani,https://github.com/Sahilnenwani,59645201,2020-01,52,240,3,2019–2020
YUMNAWARIS,https://github.com/YUMNAWARIS,59744630,2020-01,41,230,3,2019–2020
Faheem-maker,https://github.com/Faheem-maker,59430847,2020-01,24,229,3,2019–2020
shayanshariff,https://github.com/shayanshariff,60033950,2020-01,8,217,3,2019–2020
SiddiquiMonis401,https://github.com/SiddiquiMonis401,59486291,2020-01,35,215,3,2019–2020
Abrar408,https://github.com/Abrar408,60261040,2020-01,29,213,3,2019–2020
AltafShk,https://github.com/AltafShk,59421469,2020-01,25,212,3,2019–2020
SirajKarim,https://github.com/SirajKarim,60263762,2020-01,36,196,3,2019–2020
haseeb0300,https://github.com/haseeb0300,59559805,2020-01,8,196,3,2019–2020
syedhussainabbaszaidi,https://github.com/syedhussainabbaszaidi,60025851,2020-01,10,188,3,2019–2020
daniyal8,https://github.com/daniyal8,60059819,2020-01,56,187,3,2019–2020
gulzar-hussainn,https://github.com/gulzar-hussainn,59946500,2020-01,11,163,3,2019–2020
Syed-dev209,https://github.com/Syed-dev209,60479224,2020-01,23,160,3,2019–2020
hassanraza-dev,https://github.com/hassanraza-dev,59540695,2020-01,31,149,3,2019–2020
ahsan7162,https://github.com/ahsan7162,60193296,2020-01,28,146,3,2019–2020
tooba29,https://github.com/tooba29,60000613,2020-01,23,133,3,2019–2020
muzammil17sp,https://github.com/muzammil17sp,60405801,2020-01,38,130,3,2019–2020
syedzaingilani1,https://github.com/syedzaingilani1,59807786,2020-01,43,122,3,2019–2020
Saood-Ahmed,https://github.com/Saood-Ahmed,59747007,2020-01,24,122,3,2019–2020
mjahanzaib29,https://github.com/mjahanzaib29,60258338,2020-01,9,114,3,2019–2020
TheEyeOfCyber,https://github.com/TheEyeOfCyber,60510663,2020-01,15,92,3,2019–2020
hebaqaisar,https://github.com/hebaqaisar,60255676,2020-01,23,84,3,2019–2020
Iyman-Ahmed,https://github.com/Iyman-Ahmed,60182127,2020-01,25,83,3,2019–2020
saadzafar,https://github.com/saadzafar,60088561,2020-01,12,82,3,2019–2020
SharushanAsokan,https://github.com/SharushanAsokan,59719496,2020-01,22,72,3,2019–2020
MuhammadFaizan1122,https://github.com/MuhammadFaizan1122,59656222,2020-01,34,70,3,2019–2020
batool-ahmed,https://github.com/batool-ahmed,60252455,2020-01,27,69,3,2019–2020
alphacodingpro,https://github.com/alphacodingpro,60474781,2020-01,18,69,3,2019–2020
Waqas721,https://github.com/Waqas721,60378403,2020-01,15,69,3,2019–2020
rzaheer,https://github.com/rzaheer,60362099,2020-01,8,69,3,2019–2020
UmairShah90,https://github.com/UmairShah90,60342967,2020-01,37,68,3,2019–2020
randhawa2001,https://github.com/randhawa2001,59907999,2020-01,21,65,3,2019–2020
poonamkhatri,https://github.com/poonamkhatri,59562098,2020-01,10,63,3,2019–2020
sameer550,https://github.com/sameer550,60113690,2020-01,11,59,3,2019–2020
bilalrashid300,https://github.com/bilalrashid300,60001564,2020-01,14,58,3,2019–2020
SheikhMMuneer,https://github.com/SheikhMMuneer,59688319,2020-01,19,57,3,2019–2020
WasiqMemon,https://github.com/WasiqMemon,59935364,2020-01,7,57,3,2019–2020
musmankkr,https://github.com/musmankkr,60472586,2020-01,13,48,3,2019–2020
KanwalSaeed,https://github.com/KanwalSaeed,59776866,2020-01,24,47,3,2019–2020
Bisharat62,https://github.com/Bisharat62,59650727,2020-01,19,46,3,2019–2020
naveed-ms,https://github.com/naveed-ms,60423124,2020-01,8,39,3,2019–2020
zainhashmi18,https://github.com/zainhashmi18,59541021,2020-01,15,35,3,2019–2020
khadijamehmood,https://github.com/khadijamehmood,59833558,2020-01,12,35,3,2019–2020
ShayanProgrammer,https://github.com/ShayanProgrammer,60218877,2020-01,12,33,3,2019–2020
uzairmalani,https://github.com/uzairmalani,59413203,2020-01,10,32,3,2019–2020
mehranafridii,https://github.com/mehranafridii,60032751,2020-01,10,31,3,2019–2020
raheel915,https://github.com/raheel915,59578174,2020-01,19,28,3,2019–2020
sufyan-siddiq,https://github.com/sufyan-siddiq,60486936,2020-01,16,28,3,2019–2020
Javeria-Hassan,https://github.com/Javeria-Hassan,60519573,2020-01,10,28,3,2019–2020
nidaramzan,https://github.com/nidaramzan,59580897,2020-01,22,26,3,2019–2020
staimoorulhassan,https://github.com/staimoorulhassan,60020024,2020-01,11,24,3,2019–2020
HammadRafi008,https://github.com/HammadRafi008,60111971,2020-01,18,23,3,2019–2020
mowais28,https://github.com/mowais28,59700860,2020-01,12,23,3,2019–2020
Sawera-A14,https://github.com/Sawera-A14,60184904,2020-01,9,23,3,2019–2020
faizantanol1,https://github.com/faizantanol1,60311979,2020-01,19,19,3,2019–2020
MuhammadAzhar123,https://github.com/MuhammadAzhar123,60251725,2020-01,11,18,3,2019–2020
Sheraz0009,https://github.com/Sheraz0009,60098785,2020-01,10,18,3,2019–2020
farehabeig,https://github.com/farehabeig,59409420,2020-01,7,18,3,2019–2020
mwasif2019,https://github.com/mwasif2019,59933513,2020-01,9,17,3,2019–2020
fahadsidd107,https://github.com/fahadsidd107,61376412,2020-02,143,2885,3,2019–2020
batoolfatima2135,https://github.com/batoolfatima2135,61277612,2020-02,44,1722,3,2019–2020
rashidwassan,https://github.com/rashidwassan,60597290,2020-02,74,1653,3,2019–2020
Alihaider0315,https://github.com/Alihaider0315,61613551,2020-02,74,989,3,2019–2020
hamidkhans651,https://github.com/hamidkhans651,61172566,2020-02,60,607,3,2019–2020
Mehfooz201,https://github.com/Mehfooz201,61369686,2020-02,61,475,3,2019–2020
jaweria332,https://github.com/jaweria332,61407664,2020-02,32,455,3,2019–2020
talha828,https://github.com/talha828,61588132,2020-02,53,410,3,2019–2020
saoud-ahmed-khan,https://github.com/saoud-ahmed-khan,60979682,2020-02,34,410,3,2019–2020
MuhammadMooazam,https://github.com/MuhammadMooazam,61558718,2020-02,64,396,3,2019–2020
Noor-Ahmed-12,https://github.com/Noor-Ahmed-12,60597502,2020-02,43,371,3,2019–2020
Hunaid-Memon,https://github.com/Hunaid-Memon,61511895,2020-02,58,312,3,2019–2020
Taimoor13003,https://github.com/Taimoor13003,60657283,2020-02,21,289,3,2019–2020
JafferAbbas-codes,https://github.com/JafferAbbas-codes,60713786,2020-02,42,246,3,2019–2020
Dawood-Shahid,https://github.com/Dawood-Shahid,61606523,2020-02,27,246,3,2019–2020
sakhiimam3,https://github.com/sakhiimam3,61518186,2020-02,73,240,3,2019–2020
mshaheeruddin,https://github.com/mshaheeruddin,61250463,2020-02,62,232,3,2019–2020
ahmedcurious,https://github.com/ahmedcurious,61628925,2020-02,14,215,3,2019–2020
PardeepKumar816,https://github.com/PardeepKumar816,60597428,2020-02,55,208,3,2019–2020
MuhammadHuzaifaSheikh,https://github.com/MuhammadHuzaifaSheikh,61273535,2020-02,47,186,3,2019–2020
Md-Faizan-Siddiqui,https://github.com/Md-Faizan-Siddiqui,61408389,2020-02,44,180,3,2019–2020
yousuf550,https://github.com/yousuf550,60569307,2020-02,21,169,3,2019–2020
muneebamanzoor,https://github.com/muneebamanzoor,61382726,2020-02,29,163,3,2019–2020
rizzahmed,https://github.com/rizzahmed,60732807,2020-02,13,161,3,2019–2020
anas6925,https://github.com/anas6925,61484043,2020-02,17,149,3,2019–2020
uzairsuleman786,https://github.com/uzairsuleman786,61055837,2020-02,15,149,3,2019–2020
codealive-fs,https://github.com/codealive-fs,61307003,2020-02,41,148,3,2019–2020
hammad177,https://github.com/hammad177,61146372,2020-02,50,147,3,2019–2020
kingzing89,https://github.com/kingzing89,60828069,2020-02,40,127,3,2019–2020
sameer-saleem,https://github.com/sameer-saleem,61308007,2020-02,6,124,3,2019–2020
farahaiman,https://github.com/farahaiman,61261616,2020-02,21,122,3,2019–2020
nomanali630,https://github.com/nomanali630,61146280,2020-02,66,121,3,2019–2020
rafiyamateen,https://github.com/rafiyamateen,60562742,2020-02,20,120,3,2019–2020
FAIZALI1212,https://github.com/FAIZALI1212,61585753,2020-02,59,116,3,2019–2020
mudassir089,https://github.com/mudassir089,61446880,2020-02,39,101,3,2019–2020
Arif-Malik-N,https://github.com/Arif-Malik-N,61403687,2020-02,15,101,3,2019–2020
syedabareehaali,https://github.com/syedabareehaali,61383929,2020-02,33,99,3,2019–2020
Safiullah-97,https://github.com/Safiullah-97,60542944,2020-02,15,98,3,2019–2020
Muhammd-Ayoob,https://github.com/Muhammd-Ayoob,60815972,2020-02,50,96,3,2019–2020
ahmed-develops,https://github.com/ahmed-develops,60579788,2020-02,16,92,3,2019–2020
UsmanBashir9090,https://github.com/UsmanBashir9090,61317216,2020-02,16,84,3,2019–2020
nomanghazi,https://github.com/nomanghazi,61065563,2020-02,9,83,3,2019–2020
raffay2000,https://github.com/raffay2000,60923368,2020-02,32,82,3,2019–2020
Mirza57,https://github.com/Mirza57,60809539,2020-02,14,79,3,2019–2020
khawar11,https://github.com/khawar11,61457157,2020-02,8,79,3,2019–2020
smuhammadtaha,https://github.com/smuhammadtaha,60589832,2020-02,21,70,3,2019–2020
areebamunir,https://github.com/areebamunir,61505964,2020-02,14,70,3,2019–2020
iirfanalikhan,https://github.com/iirfanalikhan,61539042,2020-02,7,67,3,2019–2020
Hassankhand10,https://github.com/Hassankhand10,61631195,2020-02,10,62,3,2019–2020
Talha-Awan,https://github.com/Talha-Awan,61550399,2020-02,31,56,3,2019–2020
Kainat-Fatima,https://github.com/Kainat-Fatima,61264596,2020-02,26,53,3,2019–2020
rkoad55,https://github.com/rkoad55,61147194,2020-02,18,53,3,2019–2020
sajid-junejo,https://github.com/sajid-junejo,60852303,2020-02,17,52,3,2019–2020
usman-devs,https://github.com/usman-devs,61010493,2020-02,26,50,3,2019–2020
Ahtishamsaleem,https://github.com/Ahtishamsaleem,60910891,2020-02,6,50,3,2019–2020
sidhantloungani1,https://github.com/sidhantloungani1,61375911,2020-02,9,48,3,2019–2020
Ahad133,https://github.com/Ahad133,61111325,2020-02,7,48,3,2019–2020
Hassan-97j,https://github.com/Hassan-97j,60536158,2020-02,26,47,3,2019–2020
Wasi-Mahmood,https://github.com/Wasi-Mahmood,61563690,2020-02,23,44,3,2019–2020
saqlain110,https://github.com/saqlain110,61619701,2020-02,12,44,3,2019–2020
umar-Qi,https://github.com/umar-Qi,61501085,2020-02,11,42,3,2019–2020
neha-ahmed,https://github.com/neha-ahmed,61065291,2020-02,7,41,3,2019–2020
mujtaba3001,https://github.com/mujtaba3001,60928659,2020-02,17,40,3,2019–2020
mussaibsanai,https://github.com/mussaibsanai,60599012,2020-02,10,40,3,2019–2020
junaidkhan8,https://github.com/junaidkhan8,61243364,2020-02,11,37,3,2019–2020
HarisAtiq2762,https://github.com/HarisAtiq2762,60715056,2020-02,11,35,3,2019–2020
yaqoob-patel,https://github.com/yaqoob-patel,61625523,2020-02,12,32,3,2019–2020
hafsaqamar87,https://github.com/hafsaqamar87,60553705,2020-02,10,31,3,2019–2020
Ammarplays,https://github.com/Ammarplays,61501947,2020-02,6,31,3,2019–2020
khurram110,https://github.com/khurram110,61512820,2020-02,19,29,3,2019–2020
furqanirfan,https://github.com/furqanirfan,60548023,2020-02,10,29,3,2019–2020
Saqib-Rehman-GitH,https://github.com/Saqib-Rehman-GitH,61260459,2020-02,21,28,3,2019–2020
faarihakhan,https://github.com/faarihakhan,60797362,2020-02,9,28,3,2019–2020
ebad49,https://github.com/ebad49,60574786,2020-02,15,27,3,2019–2020
HamzaAyaz95,https://github.com/HamzaAyaz95,61518709,2020-02,13,24,3,2019–2020
jawwadsiddiqui16,https://github.com/jawwadsiddiqui16,61407917,2020-02,15,23,3,2019–2020
syedmujtabali765,https://github.com/syedmujtabali765,61447095,2020-02,19,21,3,2019–2020
Asfandtariq90,https://github.com/Asfandtariq90,61360260,2020-02,18,21,3,2019–2020
umeranis,https://github.com/umeranis,61447062,2020-02,11,20,3,2019–2020
Muneebahmed1997,https://github.com/Muneebahmed1997,61536319,2020-02,11,20,3,2019–2020
ebadahmed20,https://github.com/ebadahmed20,61613096,2020-02,10,20,3,2019–2020
emharim27,https://github.com/emharim27,61593378,2020-02,9,20,3,2019–2020
Haroon-Zafar,https://github.com/Haroon-Zafar,62334575,2020-03,52,1470,3,2019–2020
burair-ahmed,https://github.com/burair-ahmed,62212433,2020-03,44,1181,3,2019–2020
Qazalbash,https://github.com/Qazalbash,62182585,2020-03,33,762,3,2019–2020
GitGudCode440,https://github.com/GitGudCode440,62549763,2020-03,14,566,3,2019–2020
Shees-Ali,https://github.com/Shees-Ali,62197522,2020-03,62,565,3,2019–2020
umer-wahiid,https://github.com/umer-wahiid,62333978,2020-03,19,563,3,2019–2020
ali-shiekh16,https://github.com/ali-shiekh16,62708627,2020-03,47,478,3,2019–2020
jibranabduljabbar,https://github.com/jibranabduljabbar,62215537,2020-03,107,390,3,2019–2020
UsamaHussain000111,https://github.com/UsamaHussain000111,62289213,2020-03,7,370,3,2019–2020
anushaasaad,https://github.com/anushaasaad,62885127,2020-03,27,348,3,2019–2020
aqibaltaf,https://github.com/aqibaltaf,61707240,2020-03,13,316,3,2019–2020
muhammad-ahmed02,https://github.com/muhammad-ahmed02,62604251,2020-03,21,313,3,2019–2020
JalalAmeerzai,https://github.com/JalalAmeerzai,62506079,2020-03,19,310,3,2019–2020
yasir-a,https://github.com/yasir-a,62054130,2020-03,51,299,3,2019–2020
osama355,https://github.com/osama355,62401172,2020-03,49,286,3,2019–2020
majakwani,https://github.com/majakwani,61716699,2020-03,28,261,3,2019–2020
beingfaisalmalik,https://github.com/beingfaisalmalik,61775133,2020-03,84,247,3,2019–2020
HunterTravis,https://github.com/HunterTravis,62638943,2020-03,13,242,3,2019–2020
SaqeefShabbir,https://github.com/SaqeefShabbir,62050152,2020-03,19,230,3,2019–2020
zeeshan3534,https://github.com/zeeshan3534,61948628,2020-03,44,225,3,2019–2020
arshiacerd,https://github.com/arshiacerd,62174601,2020-03,82,218,3,2019–2020
ahsrafiq,https://github.com/ahsrafiq,62430260,2020-03,53,218,3,2019–2020
dabeerAhmed,https://github.com/dabeerAhmed,62330278,2020-03,20,216,3,2019–2020
usmandevops123,https://github.com/usmandevops123,61974138,2020-03,90,208,3,2019–2020
qasim070,https://github.com/qasim070,62395180,2020-03,34,204,3,2019–2020
KanjiZain,https://github.com/KanjiZain,62419942,2020-03,49,188,3,2019–2020
kashifazeemi7,https://github.com/kashifazeemi7,61817392,2020-03,32,188,3,2019–2020
MuhammadHamzaChippa,https://github.com/MuhammadHamzaChippa,61921990,2020-03,22,168,3,2019–2020
Hira-Saher,https://github.com/Hira-Saher,62778203,2020-03,12,163,3,2019–2020
shiraz768,https://github.com/shiraz768,61889634,2020-03,19,159,3,2019–2020
asheersaeed720,https://github.com/asheersaeed720,62210191,2020-03,14,143,3,2019–2020
minahilsiddiqui5,https://github.com/minahilsiddiqui5,62806701,2020-03,50,142,3,2019–2020
muneebuddinahmed97,https://github.com/muneebuddinahmed97,62151860,2020-03,21,135,3,2019–2020
Alisha-bashir,https://github.com/Alisha-bashir,61724596,2020-03,14,134,3,2019–2020
waleed52531,https://github.com/waleed52531,62474768,2020-03,11,123,3,2019–2020
HaziqueIqbal,https://github.com/HaziqueIqbal,61785674,2020-03,21,122,3,2019–2020
jarvis123457,https://github.com/jarvis123457,62640976,2020-03,13,111,3,2019–2020
areebshakeel,https://github.com/areebshakeel,62074473,2020-03,21,109,3,2019–2020
shariq-hub,https://github.com/shariq-hub,62669036,2020-03,30,103,3,2019–2020
hassan2942,https://github.com/hassan2942,61950681,2020-03,8,102,3,2019–2020
HamzaBurney,https://github.com/HamzaBurney,62449587,2020-03,16,96,3,2019–2020
HammadQaimkhani,https://github.com/HammadQaimkhani,62787660,2020-03,22,93,3,2019–2020
Mahnoor-Anwar,https://github.com/Mahnoor-Anwar,61990116,2020-03,69,91,3,2019–2020
jvad,https://github.com/jvad,62533514,2020-03,12,90,3,2019–2020
iamtouqeer,https://github.com/iamtouqeer,61740682,2020-03,26,85,3,2019–2020
aa05420,https://github.com/aa05420,62726090,2020-03,13,85,3,2019–2020
AmnaMunawar461,https://github.com/AmnaMunawar461,62392686,2020-03,33,84,3,2019–2020
Azizkhan-ak,https://github.com/Azizkhan-ak,62621502,2020-03,9,84,3,2019–2020
Bilalkhan19b,https://github.com/Bilalkhan19b,62544923,2020-03,21,83,3,2019–2020
muzamil098,https://github.com/muzamil098,61863048,2020-03,27,82,3,2019–2020
Jawwad011,https://github.com/Jawwad011,62591062,2020-03,32,79,3,2019–2020
muhammadmoiz269,https://github.com/muhammadmoiz269,62539926,2020-03,25,76,3,2019–2020
Tabish-binaryvibes,https://github.com/Tabish-binaryvibes,61677892,2020-03,11,76,3,2019–2020
syedafatimah,https://github.com/syedafatimah,61664053,2020-03,32,74,3,2019–2020
sumbuljakhura,https://github.com/sumbuljakhura,62174359,2020-03,48,72,3,2019–2020
Sheikh566,https://github.com/Sheikh566,62289744,2020-03,12,68,3,2019–2020
sufianjaved,https://github.com/sufianjaved,62514722,2020-03,8,65,3,2019–2020
H-Ali27,https://github.com/H-Ali27,62468758,2020-03,20,62,3,2019–2020
m-waqas88,https://github.com/m-waqas88,62002637,2020-03,19,61,3,2019–2020
RaziAhmed22,https://github.com/RaziAhmed22,62597108,2020-03,15,61,3,2019–2020
Afham-Siddiqui,https://github.com/Afham-Siddiqui,62937387,2020-03,16,53,3,2019–2020
daynial132,https://github.com/daynial132,61754297,2020-03,9,45,3,2019–2020
MrWhacker15,https://github.com/MrWhacker15,62633678,2020-03,8,45,3,2019–2020
hamza282001,https://github.com/hamza282001,62275298,2020-03,12,44,3,2019–2020
khuloodmuzaffar,https://github.com/khuloodmuzaffar,62191802,2020-03,7,44,3,2019–2020
saddamlakho,https://github.com/saddamlakho,62154427,2020-03,11,43,3,2019–2020
GitreefAkram,https://github.com/GitreefAkram,62668431,2020-03,12,41,3,2019–2020
Mansoob,https://github.com/Mansoob,62698302,2020-03,123,37,3,2019–2020
abdulwahidmalik,https://github.com/abdulwahidmalik,61783135,2020-03,14,37,3,2019–2020
AnandKumar-AK,https://github.com/AnandKumar-AK,62596146,2020-03,24,36,3,2019–2020
amnaamirr,https://github.com/amnaamirr,62886237,2020-03,6,25,3,2019–2020
UrwaaMaqsood,https://github.com/UrwaaMaqsood,62419636,2020-03,8,24,3,2019–2020
alishanamin,https://github.com/alishanamin,61986083,2020-03,7,23,3,2019–2020
Ahsan-86,https://github.com/Ahsan-86,62171771,2020-03,7,23,3,2019–2020
Stack-Developer22,https://github.com/Stack-Developer22,62215066,2020-03,38,22,3,2019–2020
maryumraza,https://github.com/maryumraza,61803753,2020-03,13,22,3,2019–2020
RazaShabbir03,https://github.com/RazaShabbir03,62902576,2020-03,6,21,3,2019–2020
SyedMuhammadKashan,https://github.com/SyedMuhammadKashan,62851158,2020-03,13,20,3,2019–2020
faraasat,https://github.com/faraasat,63093876,2020-04,116,2863,3,2019–2020
muhammadhuzaifa023,https://github.com/muhammadhuzaifa023,64376908,2020-04,46,2833,3,2019–2020
samadakram,https://github.com/samadakram,64439944,2020-04,67,1697,3,2019–2020
mahadbaig,https://github.com/mahadbaig,64356514,2020-04,43,1541,3,2019–2020
MustafaHashmani,https://github.com/MustafaHashmani,63756923,2020-04,13,1215,3,2019–2020
bilalkhalidshaikh,https://github.com/bilalkhalidshaikh,64368766,2020-04,69,1179,3,2019–2020
umar-anzar,https://github.com/umar-anzar,63141196,2020-04,18,1047,3,2019–2020
attaullahshafiq10,https://github.com/attaullahshafiq10,64312455,2020-04,100,991,3,2019–2020
AmmarSAA,https://github.com/AmmarSAA,63854344,2020-04,56,931,3,2019–2020
hmtalha786,https://github.com/hmtalha786,63364406,2020-04,52,852,3,2019–2020
Abdeali5253,https://github.com/Abdeali5253,63538119,2020-04,18,658,3,2019–2020
creativesar,https://github.com/creativesar,63747466,2020-04,52,605,3,2019–2020
uzair110,https://github.com/uzair110,63595947,2020-04,30,579,3,2019–2020
ibrahimrehman1,https://github.com/ibrahimrehman1,63722045,2020-04,56,576,3,2019–2020
SyedMustafaImam,https://github.com/SyedMustafaImam,64550133,2020-04,54,573,3,2019–2020
Tanish-04,https://github.com/Tanish-04,63210891,2020-04,27,556,3,2019–2020
Fawad-Javed-Fateh,https://github.com/Fawad-Javed-Fateh,64371800,2020-04,19,552,3,2019–2020
Arham98,https://github.com/Arham98,63223397,2020-04,22,546,3,2019–2020
Ali-Rizvi-1,https://github.com/Ali-Rizvi-1,63605517,2020-04,36,542,3,2019–2020
ammansoomro,https://github.com/ammansoomro,63865428,2020-04,20,503,3,2019–2020
Muhammad-Abid11,https://github.com/Muhammad-Abid11,63147718,2020-04,66,496,3,2019–2020
Muhammad-ameen356,https://github.com/Muhammad-ameen356,64413253,2020-04,79,441,3,2019–2020
sheroze2017,https://github.com/sheroze2017,64411315,2020-04,43,439,3,2019–2020
waqarg2001,https://github.com/waqarg2001,64270021,2020-04,32,391,3,2019–2020
waqarkhan09099,https://github.com/waqarkhan09099,63258252,2020-04,43,371,3,2019–2020
BasilKhan07,https://github.com/BasilKhan07,63046413,2020-04,21,368,3,2019–2020
Umairulislam,https://github.com/Umairulislam,64442665,2020-04,44,363,3,2019–2020
faizan1487,https://github.com/faizan1487,63850734,2020-04,23,338,3,2019–2020
hussain7006,https://github.com/hussain7006,63336285,2020-04,50,328,3,2019–2020
Yasirkhana,https://github.com/Yasirkhana,63367929,2020-04,54,324,3,2019–2020
ShahzaibKhalidx,https://github.com/ShahzaibKhalidx,64368602,2020-04,82,320,3,2019–2020
usman23499,https://github.com/usman23499,64378519,2020-04,75,314,3,2019–2020
Mrbadmash,https://github.com/Mrbadmash,63794512,2020-04,53,293,3,2019–2020
muhammadhasnainsaeed,https://github.com/muhammadhasnainsaeed,63339889,2020-04,30,291,3,2019–2020
shayanali4,https://github.com/shayanali4,64377310,2020-04,57,282,3,2019–2020
hussain-usama,https://github.com/hussain-usama,63313004,2020-04,35,273,3,2019–2020
nabeeltalib,https://github.com/nabeeltalib,62993597,2020-04,15,268,3,2019–2020
Maria702,https://github.com/Maria702,64528320,2020-04,75,261,3,2019–2020
QaiserEjaz,https://github.com/QaiserEjaz,63975906,2020-04,18,252,3,2019–2020
mubeen1020,https://github.com/mubeen1020,64169417,2020-04,47,245,3,2019–2020
zeystiv,https://github.com/zeystiv,63847147,2020-04,6,244,3,2019–2020
Zohaib-Alii,https://github.com/Zohaib-Alii,64296427,2020-04,52,236,3,2019–2020
ziaalikhan,https://github.com/ziaalikhan,64406037,2020-04,81,235,3,2019–2020
AliRafay,https://github.com/AliRafay,64028495,2020-04,21,231,3,2019–2020
Muhammad-Nouman-690,https://github.com/Muhammad-Nouman-690,64378569,2020-04,39,228,3,2019–2020
Mubashir-19,https://github.com/Mubashir-19,64585653,2020-04,49,226,3,2019–2020
mujtababaluch,https://github.com/mujtababaluch,63633774,2020-04,85,225,3,2019–2020
naqvi29,https://github.com/naqvi29,63480455,2020-04,60,223,3,2019–2020
muhammdfayyazansari,https://github.com/muhammdfayyazansari,64375581,2020-04,71,221,3,2019–2020
khizerkamal,https://github.com/khizerkamal,64361892,2020-04,51,212,3,2019–2020
Mukthayar1,https://github.com/Mukthayar1,64356624,2020-04,52,198,3,2019–2020
kainat555,https://github.com/kainat555,64368440,2020-04,51,190,3,2019–2020
AsifAhmed786,https://github.com/AsifAhmed786,64367845,2020-04,22,190,3,2019–2020
Umer-siddique,https://github.com/Umer-siddique,64374829,2020-04,29,184,3,2019–2020
Wasiullah1,https://github.com/Wasiullah1,64031326,2020-04,36,182,3,2019–2020
muhammaduxair,https://github.com/muhammaduxair,64395440,2020-04,65,179,3,2019–2020
Jaffar17,https://github.com/Jaffar17,63652832,2020-04,20,173,3,2019–2020
shahzaib-raza,https://github.com/shahzaib-raza,64272560,2020-04,12,167,3,2019–2020
Babar-Hans,https://github.com/Babar-Hans,64520337,2020-04,33,164,3,2019–2020
Anum79,https://github.com/Anum79,64100778,2020-04,47,163,3,2019–2020
israa-junaid,https://github.com/israa-junaid,63905901,2020-04,29,163,3,2019–2020
m4lf0rm3d,https://github.com/m4lf0rm3d,64397746,2020-04,12,151,3,2019–2020
sohailkbr6,https://github.com/sohailkbr6,64123270,2020-04,37,144,3,2019–2020
sheheryarwaseem6,https://github.com/sheheryarwaseem6,64356574,2020-04,49,133,3,2019–2020
Abdulrasheed313,https://github.com/Abdulrasheed313,64446184,2020-04,76,132,3,2019–2020
MuhammmadMuneerZameer,https://github.com/MuhammmadMuneerZameer,63720028,2020-04,24,131,3,2019–2020
MuhammadSajid404,https://github.com/MuhammadSajid404,64068354,2020-04,24,131,3,2019–2020
nadirdeveloper,https://github.com/nadirdeveloper,63139854,2020-04,45,127,3,2019–2020
KhuzaimaNawab,https://github.com/KhuzaimaNawab,63063076,2020-04,26,126,3,2019–2020
abdurrehmansami,https://github.com/abdurrehmansami,64192943,2020-04,33,122,3,2019–2020
HamnaHameedKhan,https://github.com/HamnaHameedKhan,64436771,2020-04,38,120,3,2019–2020
Saad982,https://github.com/Saad982,63163711,2020-04,14,117,3,2019–2020
shaghil65,https://github.com/shaghil65,64488880,2020-04,31,116,3,2019–2020
Afifa-Dar,https://github.com/Afifa-Dar,64024395,2020-04,25,115,3,2019–2020
SuneetaDevi,https://github.com/SuneetaDevi,64021031,2020-04,28,114,3,2019–2020
AbdulMoizChishti,https://github.com/AbdulMoizChishti,63562865,2020-04,84,112,3,2019–2020
Ali-Haider91,https://github.com/Ali-Haider91,64097260,2020-04,25,111,3,2019–2020
moazzammmaqsood,https://github.com/moazzammmaqsood,64276690,2020-04,17,103,3,2019–2020
LAIBAKANWAL,https://github.com/LAIBAKANWAL,64412275,2020-04,35,102,3,2019–2020
Hiba-Iqbal,https://github.com/Hiba-Iqbal,63193623,2020-04,23,102,3,2019–2020
tahasami86,https://github.com/tahasami86,63142877,2020-04,16,101,3,2019–2020
Faseehiftikhar,https://github.com/Faseehiftikhar,64552592,2020-04,11,101,3,2019–2020
onaisali4952,https://github.com/onaisali4952,63703013,2020-04,9,101,3,2019–2020
usmanwadood,https://github.com/usmanwadood,63977274,2020-04,18,97,3,2019–2020
WahajUlHaq,https://github.com/WahajUlHaq,64356149,2020-04,25,92,3,2019–2020
zainab2001-zain,https://github.com/zainab2001-zain,63280336,2020-04,34,91,3,2019–2020
Amannaeem123,https://github.com/Amannaeem123,63961704,2020-04,6,91,3,2019–2020
qalbay,https://github.com/qalbay,63950173,2020-04,15,90,3,2019–2020
Haris-moin,https://github.com/Haris-moin,63463761,2020-04,35,86,3,2019–2020
AQSAMOHSIN,https://github.com/AQSAMOHSIN,63914023,2020-04,18,86,3,2019–2020
M-Umair4290,https://github.com/M-Umair4290,64465232,2020-04,16,86,3,2019–2020
sameerkhan00,https://github.com/sameerkhan00,63584585,2020-04,40,85,3,2019–2020
ammar4216,https://github.com/ammar4216,63167248,2020-04,29,84,3,2019–2020
Shaheershaikh79,https://github.com/Shaheershaikh79,64367422,2020-04,30,81,3,2019–2020
AhsanTipu,https://github.com/AhsanTipu,64499233,2020-04,58,80,3,2019–2020
junaidali1,https://github.com/junaidali1,64123692,2020-04,6,80,3,2019–2020
Hsnmughal,https://github.com/Hsnmughal,64375835,2020-04,27,79,3,2019–2020
hatafmuhammad0,https://github.com/hatafmuhammad0,63244244,2020-04,14,79,3,2019–2020
MuhammadFayyazq125,https://github.com/MuhammadFayyazq125,64433392,2020-04,41,76,3,2019–2020
ishmahafeez,https://github.com/ishmahafeez,64444146,2020-04,15,72,3,2019–2020
ArAhmedRaza,https://github.com/ArAhmedRaza,64549717,2020-04,14,69,3,2019–2020
tanzeelajaved,https://github.com/tanzeelajaved,64067654,2020-04,8,69,3,2019–2020
asghar512,https://github.com/asghar512,63851590,2020-04,47,68,3,2019–2020
Anishasamad,https://github.com/Anishasamad,64379544,2020-04,17,68,3,2019–2020
bilalahmed72,https://github.com/bilalahmed72,63450941,2020-04,35,67,3,2019–2020
syedfarhanashraf,https://github.com/syedfarhanashraf,64580672,2020-04,25,66,3,2019–2020
imranali51201,https://github.com/imranali51201,64361356,2020-04,20,66,3,2019–2020
Rao-Adi,https://github.com/Rao-Adi,64082788,2020-04,6,62,3,2019–2020
hamzasaleem2397,https://github.com/hamzasaleem2397,64617903,2020-04,19,60,3,2019–2020
Awais-Bin-Riaz,https://github.com/Awais-Bin-Riaz,64472314,2020-04,39,56,3,2019–2020
tubaather,https://github.com/tubaather,63172432,2020-04,28,53,3,2019–2020
BilalTurabi-786,https://github.com/BilalTurabi-786,63514327,2020-04,25,52,3,2019–2020
atiyasarwar,https://github.com/atiyasarwar,64415989,2020-04,10,52,3,2019–2020
safoora-fahad,https://github.com/safoora-fahad,64247317,2020-04,19,51,3,2019–2020
Suneela-Siddiqui,https://github.com/Suneela-Siddiqui,63017488,2020-04,10,50,3,2019–2020
MuhammadUsama-hub,https://github.com/MuhammadUsama-hub,64538880,2020-04,9,49,3,2019–2020
dilipchem25,https://github.com/dilipchem25,63206359,2020-04,15,47,3,2019–2020
krishintharani1,https://github.com/krishintharani1,64163227,2020-04,11,46,3,2019–2020
ughingoro,https://github.com/ughingoro,64012766,2020-04,44,42,3,2019–2020
nazpanjwani,https://github.com/nazpanjwani,63541070,2020-04,13,42,3,2019–2020
Hammad1176,https://github.com/Hammad1176,63358643,2020-04,8,42,3,2019–2020
arbeenasara,https://github.com/arbeenasara,64468074,2020-04,13,41,3,2019–2020
muteebm,https://github.com/muteebm,63216334,2020-04,9,40,3,2019–2020
hammadjaved47,https://github.com/hammadjaved47,64550541,2020-04,7,39,3,2019–2020
HassamMughal3211,https://github.com/HassamMughal3211,63207632,2020-04,16,37,3,2019–2020
ibadullah-shaikh,https://github.com/ibadullah-shaikh,63345736,2020-04,11,37,3,2019–2020
razarehman120,https://github.com/razarehman120,63110844,2020-04,10,37,3,2019–2020
umairaziz112221,https://github.com/umairaziz112221,63067048,2020-04,68,36,3,2019–2020
mariya347,https://github.com/mariya347,63120749,2020-04,19,35,3,2019–2020
ntouheed,https://github.com/ntouheed,64299816,2020-04,26,34,3,2019–2020
hammadali2000,https://github.com/hammadali2000,63351184,2020-04,16,32,3,2019–2020
Asif98209,https://github.com/Asif98209,63419273,2020-04,22,31,3,2019–2020
yousiif123,https://github.com/yousiif123,64554272,2020-04,12,31,3,2019–2020
Junaid-byte,https://github.com/Junaid-byte,63901898,2020-04,17,30,3,2019–2020
shahrya,https://github.com/shahrya,64373780,2020-04,30,29,3,2019–2020
hunainahmedj,https://github.com/hunainahmedj,63851840,2020-04,17,29,3,2019–2020
SohaibCr7,https://github.com/SohaibCr7,64433180,2020-04,9,29,3,2019–2020
SAnnasJawed,https://github.com/SAnnasJawed,64356895,2020-04,16,28,3,2019–2020
HassanAhmedKhan321,https://github.com/HassanAhmedKhan321,64544215,2020-04,20,25,3,2019–2020
Hammad6420,https://github.com/Hammad6420,63324261,2020-04,16,24,3,2019–2020
ahmedyaqoob99,https://github.com/ahmedyaqoob99,64608975,2020-04,15,24,3,2019–2020
Mubashir-ahmed,https://github.com/Mubashir-ahmed,63905636,2020-04,13,24,3,2019–2020
MuhammadNaimSiddique,https://github.com/MuhammadNaimSiddique,64432417,2020-04,6,24,3,2019–2020
aadilnakhoda,https://github.com/aadilnakhoda,64260929,2020-04,13,23,3,2019–2020
SadiaSaleem12,https://github.com/SadiaSaleem12,64151837,2020-04,7,23,3,2019–2020
yasirxubair,https://github.com/yasirxubair,64227456,2020-04,6,22,3,2019–2020
farheen-78,https://github.com/farheen-78,64458378,2020-04,18,19,3,2019–2020
Ramsha512,https://github.com/Ramsha512,63342579,2020-04,16,19,3,2019–2020
Muhammadbilalraja,https://github.com/Muhammadbilalraja,64396931,2020-04,16,18,3,2019–2020
MuzammilAsghar,https://github.com/MuzammilAsghar,64458967,2020-04,15,18,3,2019–2020
usama-ali74,https://github.com/usama-ali74,64841400,2020-05,31,24643,3,2019–2020
SyedZawwarAhmed,https://github.com/SyedZawwarAhmed,64926760,2020-05,85,2462,3,2019–2020
MuhammadUmerKhan,https://github.com/MuhammadUmerKhan,64976856,2020-05,29,2363,3,2019–2020
javaidislam,https://github.com/javaidislam,65258484,2020-05,17,2003,3,2019–2020
saadmemon1,https://github.com/saadmemon1,64856471,2020-05,13,1908,3,2019–2020
khusamayasir,https://github.com/khusamayasir,66178232,2020-05,80,1715,3,2019–2020
Shaukat456,https://github.com/Shaukat456,65353819,2020-05,95,1170,3,2019–2020
nawfal4756,https://github.com/nawfal4756,65656702,2020-05,48,798,3,2019–2020
Muh-Hasan,https://github.com/Muh-Hasan,64987203,2020-05,57,766,3,2019–2020
GhulamQadir,https://github.com/GhulamQadir,64985747,2020-05,58,697,3,2019–2020
1shabbirhussain,https://github.com/1shabbirhussain,64964197,2020-05,73,679,3,2019–2020
Mudasir1406,https://github.com/Mudasir1406,65568013,2020-05,10,674,3,2019–2020
wicky85,https://github.com/wicky85,65589464,2020-05,17,650,3,2019–2020
BilalSsiddique,https://github.com/BilalSsiddique,64930024,2020-05,60,644,3,2019–2020
Mustafasohail7,https://github.com/Mustafasohail7,66203849,2020-05,40,547,3,2019–2020
nomansd1,https://github.com/nomansd1,66224759,2020-05,38,540,3,2019–2020
najafali14,https://github.com/najafali14,65591681,2020-05,28,519,3,2019–2020
Irtiza1,https://github.com/Irtiza1,65397723,2020-05,45,494,3,2019–2020
faizanraza09,https://github.com/faizanraza09,65659234,2020-05,32,482,3,2019–2020
syedahmedusman2,https://github.com/syedahmedusman2,66121118,2020-05,81,472,3,2019–2020
zubair-shah,https://github.com/zubair-shah,65024163,2020-05,89,454,3,2019–2020
Ahsan-Ah-med,https://github.com/Ahsan-Ah-med,66218657,2020-05,28,428,3,2019–2020
Rafia-Shaikh-eng,https://github.com/Rafia-Shaikh-eng,64796657,2020-05,33,382,3,2019–2020
haseebjanhamraz,https://github.com/haseebjanhamraz,64940162,2020-05,35,374,3,2019–2020
Ahmed-Salim,https://github.com/Ahmed-Salim,65686246,2020-05,11,367,3,2019–2020
rizwanullah313,https://github.com/rizwanullah313,64663873,2020-05,59,349,3,2019–2020
HassanNadeemWebD,https://github.com/HassanNadeemWebD,64688959,2020-05,58,326,3,2019–2020
imarifluqman,https://github.com/imarifluqman,64982848,2020-05,51,314,3,2019–2020
Abdullah-Official,https://github.com/Abdullah-Official,64693406,2020-05,71,305,3,2019–2020
YounusHussain9,https://github.com/YounusHussain9,64804658,2020-05,82,287,3,2019–2020
erassmirza,https://github.com/erassmirza,65013832,2020-05,44,281,3,2019–2020
NehaKhann,https://github.com/NehaKhann,65183230,2020-05,72,274,3,2019–2020
Shair1020,https://github.com/Shair1020,65556662,2020-05,57,260,3,2019–2020
anas-zafar,https://github.com/anas-zafar,65417556,2020-05,86,253,3,2019–2020
sfa129,https://github.com/sfa129,64730518,2020-05,37,253,3,2019–2020
muhammedmuaz,https://github.com/muhammedmuaz,66190437,2020-05,38,250,3,2019–2020
tariqmaster,https://github.com/tariqmaster,65386910,2020-05,49,245,3,2019–2020
Abdullah-Majeed,https://github.com/Abdullah-Majeed,65571509,2020-05,67,244,3,2019–2020
alirasheedmd,https://github.com/alirasheedmd,66157531,2020-05,22,239,3,2019–2020
BurairAbbas,https://github.com/BurairAbbas,65166629,2020-05,12,239,3,2019–2020
engrrtariq,https://github.com/engrrtariq,65600488,2020-05,46,232,3,2019–2020
MuhammadIbrahimAlvi,https://github.com/MuhammadIbrahimAlvi,65025980,2020-05,47,229,3,2019–2020
Al-Faiz-Ahmed,https://github.com/Al-Faiz-Ahmed,64990040,2020-05,45,228,3,2019–2020
arham2003,https://github.com/arham2003,64985538,2020-05,40,228,3,2019–2020
burhan333,https://github.com/burhan333,65041476,2020-05,23,224,3,2019–2020
ShaikhAbdulSami,https://github.com/ShaikhAbdulSami,65606480,2020-05,46,217,3,2019–2020
PrinceSajjadHussain,https://github.com/PrinceSajjadHussain,66195602,2020-05,109,209,3,2019–2020
SMAmmadAli,https://github.com/SMAmmadAli,65030609,2020-05,71,209,3,2019–2020
hamzailyas237,https://github.com/hamzailyas237,65035919,2020-05,71,208,3,2019–2020
iamarsalahmed,https://github.com/iamarsalahmed,65033558,2020-05,19,207,3,2019–2020
zahirakhan,https://github.com/zahirakhan,66169164,2020-05,53,191,3,2019–2020
FarooqueMalik71,https://github.com/FarooqueMalik71,64806753,2020-05,33,187,3,2019–2020
Salmanghouri,https://github.com/Salmanghouri,64996174,2020-05,57,186,3,2019–2020
muhammad-tahir0312,https://github.com/muhammad-tahir0312,64803945,2020-05,34,181,3,2019–2020
mfsrajput,https://github.com/mfsrajput,64696267,2020-05,37,178,3,2019–2020
MubeenKodvavi,https://github.com/MubeenKodvavi,64799500,2020-05,27,177,3,2019–2020
Mahnoor-13,https://github.com/Mahnoor-13,66012026,2020-05,53,173,3,2019–2020
aahmedimran,https://github.com/aahmedimran,65072152,2020-05,22,170,3,2019–2020
muhammadmustafa-cloud,https://github.com/muhammadmustafa-cloud,66161972,2020-05,20,167,3,2019–2020
neerajparkashsharma,https://github.com/neerajparkashsharma,66152536,2020-05,29,165,3,2019–2020
hr280,https://github.com/hr280,64700946,2020-05,41,164,3,2019–2020
noorfatima15,https://github.com/noorfatima15,65018327,2020-05,33,160,3,2019–2020
Muhammadyasir7,https://github.com/Muhammadyasir7,65035530,2020-05,23,160,3,2019–2020
zar373,https://github.com/zar373,66025419,2020-05,21,160,3,2019–2020
malcolmchanna,https://github.com/malcolmchanna,64685110,2020-05,42,159,3,2019–2020
GHUFRAN-HYDER,https://github.com/GHUFRAN-HYDER,65118907,2020-05,12,159,3,2019–2020
adil2190,https://github.com/adil2190,65116343,2020-05,16,157,3,2019–2020
ArsalanAhmedKhatyan2000,https://github.com/ArsalanAhmedKhatyan2000,65245905,2020-05,15,155,3,2019–2020
shaikhusama109,https://github.com/shaikhusama109,64686505,2020-05,11,152,3,2019–2020
abdullahalvi22,https://github.com/abdullahalvi22,65097896,2020-05,49,151,3,2019–2020
ZarmeenLakhani,https://github.com/ZarmeenLakhani,65889246,2020-05,21,147,3,2019–2020
safwan6395,https://github.com/safwan6395,65184192,2020-05,18,143,3,2019–2020
M-Sufyan22,https://github.com/M-Sufyan22,64953164,2020-05,36,138,3,2019–2020
ABDURRAFAY360,https://github.com/ABDURRAFAY360,65510050,2020-05,10,133,3,2019–2020
adeelali137,https://github.com/adeelali137,64972500,2020-05,34,129,3,2019–2020
AniqAli,https://github.com/AniqAli,65026957,2020-05,20,129,3,2019–2020
SalmanAli09,https://github.com/SalmanAli09,64953911,2020-05,68,124,3,2019–2020
muhammadasad1998,https://github.com/muhammadasad1998,64747744,2020-05,33,123,3,2019–2020
abrahamshepher,https://github.com/abrahamshepher,64714471,2020-05,30,122,3,2019–2020
AbdulAzizAhmed320292,https://github.com/AbdulAzizAhmed320292,64688550,2020-05,12,120,3,2019–2020
HineshKumar1,https://github.com/HineshKumar1,65116491,2020-05,10,120,3,2019–2020
muhammadahmedazizi,https://github.com/muhammadahmedazizi,66180122,2020-05,42,117,3,2019–2020
Yahiya166,https://github.com/Yahiya166,64965102,2020-05,64,114,3,2019–2020
safeer-shaikh,https://github.com/safeer-shaikh,64704877,2020-05,20,114,3,2019–2020
jamalshah5111996,https://github.com/jamalshah5111996,64644606,2020-05,26,111,3,2019–2020
1155JamalAhmed,https://github.com/1155JamalAhmed,64723095,2020-05,39,110,3,2019–2020
muzammil-01,https://github.com/muzammil-01,65038682,2020-05,28,107,3,2019–2020
tanzeel-abdulWahid,https://github.com/tanzeel-abdulWahid,65041070,2020-05,43,106,3,2019–2020
zohanzafar,https://github.com/zohanzafar,65338531,2020-05,25,106,3,2019–2020
salman-nadeem22,https://github.com/salman-nadeem22,65226911,2020-05,25,105,3,2019–2020
SherMohammadGorar,https://github.com/SherMohammadGorar,65350974,2020-05,77,104,3,2019–2020
Jaideep11,https://github.com/Jaideep11,65217417,2020-05,28,104,3,2019–2020
Marium39hani,https://github.com/Marium39hani,66160969,2020-05,29,99,3,2019–2020
AahilHalani,https://github.com/AahilHalani,64778570,2020-05,20,99,3,2019–2020
TehreemSultan,https://github.com/TehreemSultan,65020421,2020-05,22,98,3,2019–2020
kamra-n,https://github.com/kamra-n,64922477,2020-05,25,96,3,2019–2020
RudabaRashid,https://github.com/RudabaRashid,64989490,2020-05,18,96,3,2019–2020
SyedHussain-01,https://github.com/SyedHussain-01,64698030,2020-05,17,96,3,2019–2020
Mehwishh,https://github.com/Mehwishh,65733875,2020-05,33,92,3,2019–2020
Muhammad-Moin,https://github.com/Muhammad-Moin,65380592,2020-05,18,92,3,2019–2020
MustafaAliBangash,https://github.com/MustafaAliBangash,66179174,2020-05,19,90,3,2019–2020
junaidnasir1999,https://github.com/junaidnasir1999,64674118,2020-05,20,88,3,2019–2020
mamoonatahir,https://github.com/mamoonatahir,65287422,2020-05,13,88,3,2019–2020
hhaassnnaaiinn,https://github.com/hhaassnnaaiinn,65426785,2020-05,13,88,3,2019–2020
mudassirwaseem,https://github.com/mudassirwaseem,64986026,2020-05,41,87,3,2019–2020
Erum-Rehman,https://github.com/Erum-Rehman,64963316,2020-05,29,84,3,2019–2020
osamamateen,https://github.com/osamamateen,64731931,2020-05,11,82,3,2019–2020
Sakib543,https://github.com/Sakib543,65086348,2020-05,8,82,3,2019–2020
ali123456-hawk,https://github.com/ali123456-hawk,66177173,2020-05,22,80,3,2019–2020
Sagarsamrangwani,https://github.com/Sagarsamrangwani,66158718,2020-05,27,77,3,2019–2020
sughramehdi,https://github.com/sughramehdi,64753241,2020-05,14,77,3,2019–2020
SyedHassaanAli880,https://github.com/SyedHassaanAli880,65040329,2020-05,18,76,3,2019–2020
waqas-121,https://github.com/waqas-121,65041024,2020-05,11,72,3,2019–2020
MaazAbdulWahab,https://github.com/MaazAbdulWahab,66197022,2020-05,20,71,3,2019–2020
anasuddinpk,https://github.com/anasuddinpk,66224978,2020-05,23,70,3,2019–2020
Ad-mob-dev,https://github.com/Ad-mob-dev,64756109,2020-05,34,66,3,2019–2020
asadimtiazmalik,https://github.com/asadimtiazmalik,65748116,2020-05,28,65,3,2019–2020
AhmedKhurshid,https://github.com/AhmedKhurshid,66179031,2020-05,11,65,3,2019–2020
Maazbinsohail,https://github.com/Maazbinsohail,65018894,2020-05,28,63,3,2019–2020
MuhammadShahzaibKhan,https://github.com/MuhammadShahzaibKhan,64978653,2020-05,41,62,3,2019–2020
rmwaqasn,https://github.com/rmwaqasn,65468638,2020-05,11,61,3,2019–2020
Bilal-E,https://github.com/Bilal-E,65731047,2020-05,7,60,3,2019–2020
ukkasha2000,https://github.com/ukkasha2000,65025527,2020-05,28,56,3,2019–2020
toobariaz97,https://github.com/toobariaz97,65142828,2020-05,15,53,3,2019–2020
Zayan-Zakir,https://github.com/Zayan-Zakir,64923451,2020-05,48,51,3,2019–2020
hassan947,https://github.com/hassan947,65030823,2020-05,28,51,3,2019–2020
hurairashaid,https://github.com/hurairashaid,64872340,2020-05,15,48,3,2019–2020
ahmadkhan0041,https://github.com/ahmadkhan0041,64691255,2020-05,38,44,3,2019–2020
BushraAyub,https://github.com/BushraAyub,65611395,2020-05,26,43,3,2019–2020
usamathakur87,https://github.com/usamathakur87,66174467,2020-05,14,40,3,2019–2020
razeenbari,https://github.com/razeenbari,64928256,2020-05,15,39,3,2019–2020
saadziasoomro97,https://github.com/saadziasoomro97,64930661,2020-05,8,38,3,2019–2020
moosaraza8877,https://github.com/moosaraza8877,64985737,2020-05,33,36,3,2019–2020
ibadakbar,https://github.com/ibadakbar,66198638,2020-05,22,36,3,2019–2020
shiza-zahid,https://github.com/shiza-zahid,64867973,2020-05,17,36,3,2019–2020
naufalsalahuddin,https://github.com/naufalsalahuddin,65411098,2020-05,8,36,3,2019–2020
muddi2412,https://github.com/muddi2412,64653368,2020-05,21,34,3,2019–2020
noorulaink00,https://github.com/noorulaink00,65324193,2020-05,24,33,3,2019–2020
MhdAzamMustafa,https://github.com/MhdAzamMustafa,64996861,2020-05,17,33,3,2019–2020
AbdulNaveed951,https://github.com/AbdulNaveed951,64982365,2020-05,28,32,3,2019–2020
AhmedTaneesAdil96,https://github.com/AhmedTaneesAdil96,65072497,2020-05,7,32,3,2019–2020
MuhammadHasanWM5801,https://github.com/MuhammadHasanWM5801,65033835,2020-05,29,31,3,2019–2020
sadiashahx,https://github.com/sadiashahx,64930105,2020-05,6,31,3,2019–2020
Sultan757,https://github.com/Sultan757,65137459,2020-05,14,30,3,2019–2020
nomanahmedna,https://github.com/nomanahmedna,64908635,2020-05,18,29,3,2019–2020
muhammadhasnain7262,https://github.com/muhammadhasnain7262,64936924,2020-05,16,29,3,2019–2020
Fidakingbaloch,https://github.com/Fidakingbaloch,66148974,2020-05,11,29,3,2019–2020
RamizRafiq,https://github.com/RamizRafiq,64639749,2020-05,17,28,3,2019–2020
sana12393,https://github.com/sana12393,64658406,2020-05,8,28,3,2019–2020
fazeelarain,https://github.com/fazeelarain,65022644,2020-05,12,27,3,2019–2020
baigdev,https://github.com/baigdev,65586433,2020-05,9,27,3,2019–2020
Nadeem-dotcom,https://github.com/Nadeem-dotcom,65498441,2020-05,7,27,3,2019–2020
MSMohsin,https://github.com/MSMohsin,65024144,2020-05,17,26,3,2019–2020
ahmedraza-123,https://github.com/ahmedraza-123,65189945,2020-05,26,25,3,2019–2020
syed2323,https://github.com/syed2323,64858578,2020-05,16,25,3,2019–2020
Muhammed-Imran,https://github.com/Muhammed-Imran,64835927,2020-05,49,24,3,2019–2020
shahidengineer,https://github.com/shahidengineer,65961855,2020-05,11,23,3,2019–2020
nihal078,https://github.com/nihal078,65040107,2020-05,9,23,3,2019–2020
HarisAnwer,https://github.com/HarisAnwer,65243316,2020-05,17,19,3,2019–2020
Osama472,https://github.com/Osama472,64706771,2020-05,15,19,3,2019–2020
madiha1993,https://github.com/madiha1993,65459842,2020-05,13,19,3,2019–2020
Najeebbrohi,https://github.com/Najeebbrohi,64858668,2020-05,13,18,3,2019–2020
AhsanPak,https://github.com/AhsanPak,64833773,2020-05,9,18,3,2019–2020
HypertextAssassin0273,https://github.com/HypertextAssassin0273,66676402,2020-06,47,2140,3,2019–2020
maheenrao,https://github.com/maheenrao,66237832,2020-06,27,764,3,2019–2020
Asfand-Khan,https://github.com/Asfand-Khan,66724448,2020-06,36,729,3,2019–2020
zohaibdodo,https://github.com/zohaibdodo,66690633,2020-06,13,656,3,2019–2020
MehwishSameer,https://github.com/MehwishSameer,67097151,2020-06,37,622,3,2019–2020
Arham-12336,https://github.com/Arham-12336,67412607,2020-06,50,490,3,2019–2020
Ubaid-Ali,https://github.com/Ubaid-Ali,66728367,2020-06,37,490,3,2019–2020
Usaid-Dev,https://github.com/Usaid-Dev,67046451,2020-06,47,391,3,2019–2020
adnanaheer,https://github.com/adnanaheer,66543231,2020-06,93,369,3,2019–2020
FarisET,https://github.com/FarisET,67478278,2020-06,25,339,3,2019–2020
Syed-Abdullah-Dev,https://github.com/Syed-Abdullah-Dev,66404408,2020-06,48,333,3,2019–2020
MuhammadMudassirRaza12345,https://github.com/MuhammadMudassirRaza12345,67601644,2020-06,120,294,3,2019–2020
ahsanfurqan,https://github.com/ahsanfurqan,66699069,2020-06,10,270,3,2019–2020
taha293,https://github.com/taha293,66967640,2020-06,27,250,3,2019–2020
mraheel075,https://github.com/mraheel075,66860806,2020-06,27,247,3,2019–2020
AhsanKhan47,https://github.com/AhsanKhan47,66243319,2020-06,40,236,3,2019–2020
Najaam,https://github.com/Najaam,67186639,2020-06,26,236,3,2019–2020
uzairkath,https://github.com/uzairkath,66515624,2020-06,43,224,3,2019–2020
laiba166-shaikh,https://github.com/laiba166-shaikh,66720747,2020-06,21,217,3,2019–2020
muhammadrizwan82,https://github.com/muhammadrizwan82,67633348,2020-06,24,214,3,2019–2020
AbsarDotDev,https://github.com/AbsarDotDev,66637546,2020-06,45,211,3,2019–2020
ShaheryarRaza34,https://github.com/ShaheryarRaza34,67155159,2020-06,24,196,3,2019–2020
MuhammadAhsanAliKhan,https://github.com/MuhammadAhsanAliKhan,66951691,2020-06,15,178,3,2019–2020
anasir321,https://github.com/anasir321,66740890,2020-06,24,177,3,2019–2020
hasan-zahid-code,https://github.com/hasan-zahid-code,67003358,2020-06,13,171,3,2019–2020
HamzaAnjum15,https://github.com/HamzaAnjum15,66873696,2020-06,33,167,3,2019–2020
Mohassan521,https://github.com/Mohassan521,67472699,2020-06,17,147,3,2019–2020
muhammadammar42000,https://github.com/muhammadammar42000,66728134,2020-06,54,146,3,2019–2020
nlzza,https://github.com/nlzza,67101821,2020-06,34,132,3,2019–2020
Ramsha63014,https://github.com/Ramsha63014,66664787,2020-06,6,116,3,2019–2020
thisIsAskari,https://github.com/thisIsAskari,66917165,2020-06,6,94,3,2019–2020
satishtilwani123,https://github.com/satishtilwani123,67251821,2020-06,32,93,3,2019–2020
Soharwardi,https://github.com/Soharwardi,67107877,2020-06,9,84,3,2019–2020
Shoaib2545,https://github.com/Shoaib2545,66320156,2020-06,21,79,3,2019–2020
mudassirNaqvi,https://github.com/mudassirNaqvi,66870845,2020-06,8,79,3,2019–2020
umair-log,https://github.com/umair-log,66944650,2020-06,18,76,3,2019–2020
huzaifakarbalai,https://github.com/huzaifakarbalai,67476956,2020-06,16,74,3,2019–2020
HammadKhatri0,https://github.com/HammadKhatri0,66974564,2020-06,22,73,3,2019–2020
SEhsanNadeem,https://github.com/SEhsanNadeem,66420443,2020-06,12,68,3,2019–2020
irtiza-khan,https://github.com/irtiza-khan,66550798,2020-06,19,61,3,2019–2020
adnanchohan,https://github.com/adnanchohan,67076584,2020-06,17,61,3,2019–2020
saadk-92,https://github.com/saadk-92,66990157,2020-06,6,61,3,2019–2020
Nimra28,https://github.com/Nimra28,67235612,2020-06,19,56,3,2019–2020
wasif162,https://github.com/wasif162,67202906,2020-06,14,56,3,2019–2020
rafiqurrehman,https://github.com/rafiqurrehman,66937007,2020-06,10,54,3,2019–2020
asadkhan-786-gb,https://github.com/asadkhan-786-gb,67151784,2020-06,18,51,3,2019–2020
muhammadanas1112,https://github.com/muhammadanas1112,67032188,2020-06,47,46,3,2019–2020
aadeee1,https://github.com/aadeee1,66588573,2020-06,24,43,3,2019–2020
abbas1001,https://github.com/abbas1001,67289993,2020-06,11,43,3,2019–2020
Shorjail,https://github.com/Shorjail,67561991,2020-06,6,41,3,2019–2020
Sanoj-Khatri,https://github.com/Sanoj-Khatri,66988896,2020-06,11,40,3,2019–2020
Shahab-Ghouri,https://github.com/Shahab-Ghouri,66494848,2020-06,14,38,3,2019–2020
syedMohtashim,https://github.com/syedMohtashim,66561089,2020-06,41,37,3,2019–2020
hareemsoomro,https://github.com/hareemsoomro,67511197,2020-06,10,36,3,2019–2020
shahmirerror,https://github.com/shahmirerror,66474122,2020-06,10,35,3,2019–2020
Sameed1998,https://github.com/Sameed1998,66565401,2020-06,19,33,3,2019–2020
Shazam-khan,https://github.com/Shazam-khan,67322348,2020-06,6,33,3,2019–2020
Abbasrana,https://github.com/Abbasrana,66720948,2020-06,7,31,3,2019–2020
SMAnas-00,https://github.com/SMAnas-00,66302320,2020-06,7,31,3,2019–2020
Wasay-Shaikh,https://github.com/Wasay-Shaikh,67521768,2020-06,13,30,3,2019–2020
jibraanahmed,https://github.com/jibraanahmed,67121199,2020-06,12,29,3,2019–2020
Inflextechnologies,https://github.com/Inflextechnologies,66250912,2020-06,11,29,3,2019–2020
SannanOfficial,https://github.com/SannanOfficial,67487579,2020-06,6,29,3,2019–2020
ubaid123-eng,https://github.com/ubaid123-eng,67347184,2020-06,10,24,3,2019–2020
ahmedashfaq,https://github.com/ahmedashfaq,66669792,2020-06,8,24,3,2019–2020
nehashahejaz,https://github.com/nehashahejaz,66621555,2020-06,14,21,3,2019–2020
AnasAhmed27,https://github.com/AnasAhmed27,66534398,2020-06,7,20,3,2019–2020
Arsalan1234-ui,https://github.com/Arsalan1234-ui,66830299,2020-06,10,19,3,2019–2020
Daniyal-Irshad,https://github.com/Daniyal-Irshad,67189687,2020-06,8,19,3,2019–2020
anaspakistani,https://github.com/anaspakistani,66442679,2020-06,8,19,3,2019–2020
Moonis67,https://github.com/Moonis67,67545064,2020-06,12,18,3,2019–2020
ZainShahKhan,https://github.com/ZainShahKhan,66396702,2020-06,6,18,3,2019–2020
hassanrazzaqshaikh,https://github.com/hassanrazzaqshaikh,66869196,2020-06,17,17,3,2019–2020
Arsalan-arain637,https://github.com/Arsalan-arain637,66515717,2020-06,9,17,3,2019–2020
erdum,https://github.com/erdum,68533953,2020-07,76,3258,3,2019–2020
Musfirah-Ansari,https://github.com/Musfirah-Ansari,68461097,2020-07,41,943,3,2019–2020
hassan-31x,https://github.com/hassan-31x,67674134,2020-07,101,929,3,2019–2020
Syedusaama,https://github.com/Syedusaama,68234611,2020-07,18,752,3,2019–2020
muH187,https://github.com/muH187,68023597,2020-07,53,747,3,2019–2020
abidali671,https://github.com/abidali671,67877662,2020-07,28,745,3,2019–2020
Rameeshakhan,https://github.com/Rameeshakhan,68157570,2020-07,44,546,3,2019–2020
Shery2k3,https://github.com/Shery2k3,68807832,2020-07,22,539,3,2019–2020
AfaqJaved,https://github.com/AfaqJaved,68289832,2020-07,49,498,3,2019–2020
SagheerHussain,https://github.com/SagheerHussain,68946945,2020-07,14,487,3,2019–2020
sajjadlaghari,https://github.com/sajjadlaghari,68752819,2020-07,61,484,3,2019–2020
AniqueKhan,https://github.com/AniqueKhan,68085660,2020-07,34,451,3,2019–2020
rehankapaya,https://github.com/rehankapaya,67968249,2020-07,81,414,3,2019–2020
mallickhiba,https://github.com/mallickhiba,67808218,2020-07,21,411,3,2019–2020
aatifali10,https://github.com/aatifali10,67818133,2020-07,68,390,3,2019–2020
DanishBaloch010,https://github.com/DanishBaloch010,68731898,2020-07,38,367,3,2019–2020
feroz315,https://github.com/feroz315,68691152,2020-07,27,339,3,2019–2020
huzaifa392001,https://github.com/huzaifa392001,68505249,2020-07,21,322,3,2019–2020
jawadsiddiqui,https://github.com/jawadsiddiqui,68392308,2020-07,39,295,3,2019–2020
umair-shah,https://github.com/umair-shah,68564337,2020-07,22,289,3,2019–2020
hamzahashmi556,https://github.com/hamzahashmi556,68464273,2020-07,23,227,3,2019–2020
areebkhan11,https://github.com/areebkhan11,68937904,2020-07,35,223,3,2019–2020
Khalid-Uris,https://github.com/Khalid-Uris,68448181,2020-07,93,221,3,2019–2020
safwanistic,https://github.com/safwanistic,68480488,2020-07,29,209,3,2019–2020
AbdulRehman2236,https://github.com/AbdulRehman2236,68271927,2020-07,8,171,3,2019–2020
mahnoork18,https://github.com/mahnoork18,68016846,2020-07,46,136,3,2019–2020
Malik-Ameer-Hamza,https://github.com/Malik-Ameer-Hamza,68260227,2020-07,19,135,3,2019–2020
MuhammadAmeen01,https://github.com/MuhammadAmeen01,68742018,2020-07,25,124,3,2019–2020
ramsha-jat,https://github.com/ramsha-jat,68041815,2020-07,23,121,3,2019–2020
zauraizrao,https://github.com/zauraizrao,68230648,2020-07,34,116,3,2019–2020
moatas19m,https://github.com/moatas19m,68468872,2020-07,22,103,3,2019–2020
muhammad-basit1,https://github.com/muhammad-basit1,69053217,2020-07,6,97,3,2019–2020
moizkhan122,https://github.com/moizkhan122,68587163,2020-07,29,87,3,2019–2020
abdulbasitkhan95,https://github.com/abdulbasitkhan95,68127978,2020-07,19,82,3,2019–2020
AsadRasheed-AR,https://github.com/AsadRasheed-AR,68403761,2020-07,25,81,3,2019–2020
Shaharyar417,https://github.com/Shaharyar417,68748309,2020-07,15,81,3,2019–2020
WahabKazmi,https://github.com/WahabKazmi,67858199,2020-07,14,77,3,2019–2020
hammad-profile,https://github.com/hammad-profile,68168928,2020-07,9,77,3,2019–2020
sammar-syed,https://github.com/sammar-syed,68801948,2020-07,27,76,3,2019–2020
Zizo-debug,https://github.com/Zizo-debug,68952192,2020-07,13,70,3,2019–2020
SagarAlii,https://github.com/SagarAlii,68329315,2020-07,26,68,3,2019–2020
tasmeer-naeem,https://github.com/tasmeer-naeem,69039256,2020-07,40,67,3,2019–2020
areeb2001,https://github.com/areeb2001,68121921,2020-07,29,63,3,2019–2020
BasitRaza228,https://github.com/BasitRaza228,68505380,2020-07,6,60,3,2019–2020
hasannjan,https://github.com/hasannjan,68379287,2020-07,13,58,3,2019–2020
mFarooqCh,https://github.com/mFarooqCh,67992666,2020-07,22,57,3,2019–2020
wasiq921,https://github.com/wasiq921,68747530,2020-07,24,56,3,2019–2020
hasnainjafri15,https://github.com/hasnainjafri15,68164874,2020-07,10,53,3,2019–2020
Pojashri,https://github.com/Pojashri,69043614,2020-07,9,48,3,2019–2020
alixhiekh2002,https://github.com/alixhiekh2002,68594874,2020-07,31,44,3,2019–2020
MakhshafHaider,https://github.com/MakhshafHaider,68024438,2020-07,29,43,3,2019–2020
rumaisamansoor,https://github.com/rumaisamansoor,68226422,2020-07,6,42,3,2019–2020
Touseeff,https://github.com/Touseeff,67691740,2020-07,25,41,3,2019–2020
wasiqanwar,https://github.com/wasiqanwar,67710121,2020-07,20,41,3,2019–2020
SyedMuhammadHaider,https://github.com/SyedMuhammadHaider,68493428,2020-07,7,40,3,2019–2020
KirshanParmar,https://github.com/KirshanParmar,68461335,2020-07,15,37,3,2019–2020
ahmedhussain47,https://github.com/ahmedhussain47,68425053,2020-07,23,36,3,2019–2020
03173207141Ahsan,https://github.com/03173207141Ahsan,68662043,2020-07,12,36,3,2019–2020
Uzair786110,https://github.com/Uzair786110,68583206,2020-07,11,36,3,2019–2020
arhamfurqan77,https://github.com/arhamfurqan77,68441881,2020-07,7,36,3,2019–2020
syedrayyanhussain,https://github.com/syedrayyanhussain,68961815,2020-07,7,27,3,2019–2020
Shaharyar1997,https://github.com/Shaharyar1997,68228067,2020-07,12,22,3,2019–2020
hassanah-dev,https://github.com/hassanah-dev,68467746,2020-07,7,22,3,2019–2020
Mhamzaarif,https://github.com/Mhamzaarif,67866632,2020-07,10,20,3,2019–2020
hirafs,https://github.com/hirafs,68616232,2020-07,9,20,3,2019–2020
OsamaJaved78,https://github.com/OsamaJaved78,67872448,2020-07,9,19,3,2019–2020
mansoor876,https://github.com/mansoor876,69988975,2020-08,11,3580,3,2019–2020
sarimhasan,https://github.com/sarimhasan,70505943,2020-08,18,1166,3,2019–2020
aliasgharchakera,https://github.com/aliasgharchakera,70292482,2020-08,66,1123,3,2019–2020
sameem786-blip,https://github.com/sameem786-blip,70144568,2020-08,51,780,3,2019–2020
saadhzubairi,https://github.com/saadhzubairi,69084203,2020-08,64,603,3,2019–2020
yasirghouri,https://github.com/yasirghouri,70125975,2020-08,62,535,3,2019–2020
Muazzy,https://github.com/Muazzy,69142783,2020-08,46,465,3,2019–2020
Zubair-12,https://github.com/Zubair-12,70325002,2020-08,51,370,3,2019–2020
zShan98,https://github.com/zShan98,70436876,2020-08,21,358,3,2019–2020
Shahdurran,https://github.com/Shahdurran,69463090,2020-08,15,312,3,2019–2020
mahmerkhan,https://github.com/mahmerkhan,70189037,2020-08,18,287,3,2019–2020
Tanveer-Ali110,https://github.com/Tanveer-Ali110,69384161,2020-08,11,275,3,2019–2020
Atifba86,https://github.com/Atifba86,70482315,2020-08,13,258,3,2019–2020
shahwali-web,https://github.com/shahwali-web,69451223,2020-08,34,242,3,2019–2020
Huzaifa309,https://github.com/Huzaifa309,69090491,2020-08,11,199,3,2019–2020
tahakhan-dev,https://github.com/tahakhan-dev,69430639,2020-08,28,187,3,2019–2020
Rameezkhan-11,https://github.com/Rameezkhan-11,69345919,2020-08,21,171,3,2019–2020
MansoorAhmedk,https://github.com/MansoorAhmedk,69378309,2020-08,45,163,3,2019–2020
Faisal-kalwar,https://github.com/Faisal-kalwar,69188987,2020-08,21,161,3,2019–2020
MuhammadWaqar7,https://github.com/MuhammadWaqar7,69160096,2020-08,30,157,3,2019–2020
ahmedfaheemmalick,https://github.com/ahmedfaheemmalick,69646212,2020-08,21,152,3,2019–2020
maazrehman99,https://github.com/maazrehman99,70088759,2020-08,30,149,3,2019–2020
kirrat975,https://github.com/kirrat975,69623504,2020-08,17,147,3,2019–2020
usamadae,https://github.com/usamadae,69691249,2020-08,12,140,3,2019–2020
hussainhabib2,https://github.com/hussainhabib2,70210323,2020-08,19,123,3,2019–2020
MAKMoiz23,https://github.com/MAKMoiz23,69483202,2020-08,25,120,3,2019–2020
UmemaAhmed009,https://github.com/UmemaAhmed009,70269576,2020-08,14,109,3,2019–2020
imansarwar,https://github.com/imansarwar,69895631,2020-08,65,104,3,2019–2020
shoaib-azamkhan,https://github.com/shoaib-azamkhan,69983752,2020-08,15,95,3,2019–2020
KPmeghwar,https://github.com/KPmeghwar,70049846,2020-08,76,86,3,2019–2020
osama4-dev,https://github.com/osama4-dev,69903191,2020-08,18,79,3,2019–2020
SyedAakif,https://github.com/SyedAakif,69403829,2020-08,10,78,3,2019–2020
Positive-Ahsan,https://github.com/Positive-Ahsan,70451311,2020-08,16,77,3,2019–2020
MuhammadEimanIqrar,https://github.com/MuhammadEimanIqrar,70460539,2020-08,22,76,3,2019–2020
Hamza-Jamil121,https://github.com/Hamza-Jamil121,70171169,2020-08,22,74,3,2019–2020
saifmhr,https://github.com/saifmhr,69516276,2020-08,29,68,3,2019–2020
hashiralwahidsyedd,https://github.com/hashiralwahidsyedd,69955532,2020-08,6,65,3,2019–2020
muhib-giki,https://github.com/muhib-giki,69804775,2020-08,18,63,3,2019–2020
malaikakhalid,https://github.com/malaikakhalid,70518776,2020-08,32,60,3,2019–2020
Hasnain-raza12,https://github.com/Hasnain-raza12,70515736,2020-08,25,57,3,2019–2020
mudassir666,https://github.com/mudassir666,70005227,2020-08,22,57,3,2019–2020
SyedNoorullahShah,https://github.com/SyedNoorullahShah,70072437,2020-08,14,57,3,2019–2020
MuhammadYousuf813,https://github.com/MuhammadYousuf813,69145213,2020-08,7,57,3,2019–2020
DaniyalShaikh-0,https://github.com/DaniyalShaikh-0,69436702,2020-08,25,55,3,2019–2020
iZnoGouD33,https://github.com/iZnoGouD33,70020426,2020-08,16,55,3,2019–2020
Junaid-Shabir,https://github.com/Junaid-Shabir,69730628,2020-08,15,53,3,2019–2020
codeies,https://github.com/codeies,69535487,2020-08,20,48,3,2019–2020
mubasshir-lhg,https://github.com/mubasshir-lhg,69624475,2020-08,12,48,3,2019–2020
HuzaifaAyub,https://github.com/HuzaifaAyub,69161439,2020-08,17,46,3,2019–2020
UsamaAmanat,https://github.com/UsamaAmanat,69718021,2020-08,9,46,3,2019–2020
Khurramaligit,https://github.com/Khurramaligit,70051421,2020-08,8,43,3,2019–2020
mrohail-dev,https://github.com/mrohail-dev,69760472,2020-08,24,42,3,2019–2020
Muhammad-Jammash,https://github.com/Muhammad-Jammash,69853819,2020-08,12,41,3,2019–2020
talhaaaa,https://github.com/talhaaaa,69597421,2020-08,15,40,3,2019–2020
Khawelad,https://github.com/Khawelad,70460152,2020-08,8,35,3,2019–2020
areebahmedsqa,https://github.com/areebahmedsqa,70444367,2020-08,7,33,3,2019–2020
SyedaRidaSalam,https://github.com/SyedaRidaSalam,69374305,2020-08,7,32,3,2019–2020
InamAbbas786,https://github.com/InamAbbas786,70099741,2020-08,11,27,3,2019–2020
Kashifks9,https://github.com/Kashifks9,69260932,2020-08,8,26,3,2019–2020
MairajMehsood,https://github.com/MairajMehsood,69578113,2020-08,22,20,3,2019–2020
zaranashraf,https://github.com/zaranashraf,69414484,2020-08,8,18,3,2019–2020
saeedahmedmughal,https://github.com/saeedahmedmughal,69991454,2020-08,17,17,3,2019–2020
Shabeeh-Abbas,https://github.com/Shabeeh-Abbas,69413308,2020-08,10,17,3,2019–2020
rrizwan98,https://github.com/rrizwan98,71555669,2020-09,89,664,3,2019–2020
Abled-Taha,https://github.com/Abled-Taha,72144424,2020-09,21,595,3,2019–2020
zafarali56,https://github.com/zafarali56,70595036,2020-09,20,545,3,2019–2020
qureshikaif,https://github.com/qureshikaif,70806622,2020-09,22,528,3,2019–2020
farihafari,https://github.com/farihafari,71484468,2020-09,93,509,3,2019–2020
saadkhan3977,https://github.com/saadkhan3977,72136044,2020-09,50,493,3,2019–2020
Raza2468,https://github.com/Raza2468,71090111,2020-09,64,454,3,2019–2020
Sufiyan-Khanzada,https://github.com/Sufiyan-Khanzada,71394250,2020-09,43,406,3,2019–2020
abdullah19191,https://github.com/abdullah19191,71758955,2020-09,38,403,3,2019–2020
mrblack520,https://github.com/mrblack520,70857551,2020-09,13,400,3,2019–2020
Rizwan-Sarwar,https://github.com/Rizwan-Sarwar,71431169,2020-09,79,342,3,2019–2020
aasifshahzad,https://github.com/aasifshahzad,71362700,2020-09,99,319,3,2019–2020
Hammad-Aslam,https://github.com/Hammad-Aslam,71564810,2020-09,43,301,3,2019–2020
AsaadNA,https://github.com/AsaadNA,70785015,2020-09,18,300,3,2019–2020
tariqjamil-bwp,https://github.com/tariqjamil-bwp,72103319,2020-09,20,264,3,2019–2020
ShayanUllahSiddiqui,https://github.com/ShayanUllahSiddiqui,71758954,2020-09,17,249,3,2019–2020
SamarFatimaJaffri,https://github.com/SamarFatimaJaffri,71835559,2020-09,16,222,3,2019–2020
FS-G,https://github.com/FS-G,71540465,2020-09,18,221,3,2019–2020
rafatfatima-qa,https://github.com/rafatfatima-qa,71443046,2020-09,32,200,3,2019–2020
tabishadnan,https://github.com/tabishadnan,71731233,2020-09,55,192,3,2019–2020
SharjeelAhmed2,https://github.com/SharjeelAhmed2,71289420,2020-09,12,181,3,2019–2020
AyaanMerchant,https://github.com/AyaanMerchant,70717456,2020-09,16,169,3,2019–2020
Imran-younas-dev,https://github.com/Imran-younas-dev,71545721,2020-09,30,146,3,2019–2020
0xhammadghazi,https://github.com/0xhammadghazi,70704103,2020-09,28,131,3,2019–2020
sajakhan,https://github.com/sajakhan,71625732,2020-09,22,127,3,2019–2020
SyedShahriyarAli,https://github.com/SyedShahriyarAli,70702829,2020-09,15,122,3,2019–2020
shahSpider,https://github.com/shahSpider,72148769,2020-09,39,114,3,2019–2020
AhsanMansoori,https://github.com/AhsanMansoori,72138346,2020-09,30,114,3,2019–2020
Mehdi-Abbas,https://github.com/Mehdi-Abbas,71221048,2020-09,23,105,3,2019–2020
Immii-Ahmed,https://github.com/Immii-Ahmed,71580620,2020-09,9,96,3,2019–2020
diyarammb,https://github.com/diyarammb,71496827,2020-09,54,87,3,2019–2020
IbadDotCom,https://github.com/IbadDotCom,72140583,2020-09,38,86,3,2019–2020
sarahsyed786,https://github.com/sarahsyed786,70759626,2020-09,20,85,3,2019–2020
AzazUlHaq97,https://github.com/AzazUlHaq97,70627147,2020-09,14,81,3,2019–2020
Mudassir506,https://github.com/Mudassir506,71308178,2020-09,52,79,3,2019–2020
Saddamhussainveeghio,https://github.com/Saddamhussainveeghio,71175864,2020-09,17,78,3,2019–2020
macbook-2015,https://github.com/macbook-2015,71689052,2020-09,20,74,3,2019–2020
afnan-yousuf,https://github.com/afnan-yousuf,70633730,2020-09,24,72,3,2019–2020
sarmadH97,https://github.com/sarmadH97,72148322,2020-09,14,66,3,2019–2020
Bhooralsh,https://github.com/Bhooralsh,71462405,2020-09,17,57,3,2019–2020
Hamza-cmd107,https://github.com/Hamza-cmd107,70920524,2020-09,6,54,3,2019–2020
anaszaheer,https://github.com/anaszaheer,70840866,2020-09,9,51,3,2019–2020
UzairAftab45735,https://github.com/UzairAftab45735,71899510,2020-09,6,49,3,2019–2020
Faheem-123,https://github.com/Faheem-123,71593974,2020-09,27,48,3,2019–2020
muneeb162,https://github.com/muneeb162,72163397,2020-09,11,48,3,2019–2020
AhzamSalik786,https://github.com/AhzamSalik786,70754671,2020-09,10,45,3,2019–2020
connectsaad,https://github.com/connectsaad,70885724,2020-09,6,43,3,2019–2020
mirzawaseembaig,https://github.com/mirzawaseembaig,71275171,2020-09,8,40,3,2019–2020
BilalAhmerCS,https://github.com/BilalAhmerCS,71269282,2020-09,20,34,3,2019–2020
MS-hussain,https://github.com/MS-hussain,70911636,2020-09,12,34,3,2019–2020
MuhammadHaseebShaikh,https://github.com/MuhammadHaseebShaikh,72097119,2020-09,18,32,3,2019–2020
Ab462,https://github.com/Ab462,70587726,2020-09,8,30,3,2019–2020
Bisal-Bhatti,https://github.com/Bisal-Bhatti,71686193,2020-09,14,28,3,2019–2020
Israr-Ahmed80,https://github.com/Israr-Ahmed80,70806087,2020-09,10,20,3,2019–2020
saad-malik48,https://github.com/saad-malik48,71172955,2020-09,6,20,3,2019–2020
UsmanRais12,https://github.com/UsmanRais12,70904467,2020-09,6,18,3,2019–2020
muhammadosama984,https://github.com/muhammadosama984,72892044,2020-10,31,837,3,2019–2020
AxibAli,https://github.com/AxibAli,73606158,2020-10,34,443,3,2019–2020
nomanbaig98,https://github.com/nomanbaig98,72733206,2020-10,41,420,3,2019–2020
M-Hamza-Aslam,https://github.com/M-Hamza-Aslam,73195115,2020-10,22,407,3,2019–2020
TahirAli32,https://github.com/TahirAli32,73287150,2020-10,26,399,3,2019–2020
sualeh-farooq,https://github.com/sualeh-farooq,72302978,2020-10,42,390,3,2019–2020
mohmmad-owais,https://github.com/mohmmad-owais,72313527,2020-10,48,314,3,2019–2020
Ammar-Abid92,https://github.com/Ammar-Abid92,72232879,2020-10,51,307,3,2019–2020
muddassiralirana,https://github.com/muddassiralirana,73613641,2020-10,77,306,3,2019–2020
Ahmed-Shakeel-798,https://github.com/Ahmed-Shakeel-798,72567856,2020-10,52,286,3,2019–2020
Muzammilzia,https://github.com/Muzammilzia,72354198,2020-10,34,271,3,2019–2020
AhmedKamran1,https://github.com/AhmedKamran1,73246016,2020-10,22,267,3,2019–2020
ArifAmeer001,https://github.com/ArifAmeer001,73752909,2020-10,16,265,3,2019–2020
raofida75,https://github.com/raofida75,72309536,2020-10,12,238,3,2019–2020
maksof-sarwar,https://github.com/maksof-sarwar,73334558,2020-10,38,221,3,2019–2020
Muhammad-Ahmed-Qazi,https://github.com/Muhammad-Ahmed-Qazi,73005271,2020-10,21,220,3,2019–2020
iAnas19,https://github.com/iAnas19,72197636,2020-10,25,205,3,2019–2020
techymualim,https://github.com/techymualim,72762677,2020-10,52,192,3,2019–2020
Linkitsoft,https://github.com/Linkitsoft,73120628,2020-10,6,187,3,2019–2020
SyedShamail1,https://github.com/SyedShamail1,72499162,2020-10,23,175,3,2019–2020
soohaib01,https://github.com/soohaib01,72293894,2020-10,38,161,3,2019–2020
shahzaib332,https://github.com/shahzaib332,72549705,2020-10,11,135,3,2019–2020
akbar98-7,https://github.com/akbar98-7,72264565,2020-10,24,131,3,2019–2020
HamadAbdulRazzaq,https://github.com/HamadAbdulRazzaq,73271838,2020-10,8,109,3,2019–2020
anasaliw,https://github.com/anasaliw,72687368,2020-10,36,108,3,2019–2020
shahuxama5,https://github.com/shahuxama5,73705609,2020-10,66,107,3,2019–2020
hassanasrf,https://github.com/hassanasrf,72672897,2020-10,65,106,3,2019–2020
shahzain110,https://github.com/shahzain110,72924167,2020-10,21,105,3,2019–2020
farrukh191,https://github.com/farrukh191,72807071,2020-10,28,103,3,2019–2020
muhammadwajeeharif,https://github.com/muhammadwajeeharif,72565549,2020-10,40,99,3,2019–2020
arshikhan229,https://github.com/arshikhan229,72272236,2020-10,32,96,3,2019–2020
STRealTech,https://github.com/STRealTech,73631530,2020-10,8,95,3,2019–2020
thrashtechinfo,https://github.com/thrashtechinfo,72252901,2020-10,10,90,3,2019–2020
SajjadHussainGitHub,https://github.com/SajjadHussainGitHub,73493923,2020-10,34,88,3,2019–2020
Rafaquatmalik,https://github.com/Rafaquatmalik,73021439,2020-10,36,87,3,2019–2020
faraz0842,https://github.com/faraz0842,72732599,2020-10,8,87,3,2019–2020
Cpt-Umi,https://github.com/Cpt-Umi,73285828,2020-10,25,85,3,2019–2020
jawwadmateen,https://github.com/jawwadmateen,72332780,2020-10,14,85,3,2019–2020
AbdulQadirHussain,https://github.com/AbdulQadirHussain,73645175,2020-10,15,84,3,2019–2020
MAmmarKhan,https://github.com/MAmmarKhan,73057016,2020-10,28,81,3,2019–2020
shayan909,https://github.com/shayan909,72990474,2020-10,18,80,3,2019–2020
MARN121,https://github.com/MARN121,73634139,2020-10,11,75,3,2019–2020
mdawar-cs,https://github.com/mdawar-cs,72949307,2020-10,8,75,3,2019–2020
Usman-Badar,https://github.com/Usman-Badar,73211430,2020-10,30,71,3,2019–2020
Adeelshaikh01,https://github.com/Adeelshaikh01,73187683,2020-10,36,65,3,2019–2020
Saifa233,https://github.com/Saifa233,73617235,2020-10,11,60,3,2019–2020
Muhammad-Awn,https://github.com/Muhammad-Awn,72496809,2020-10,11,56,3,2019–2020
JaweriaHussain,https://github.com/JaweriaHussain,72693357,2020-10,23,52,3,2019–2020
adeenalikhan,https://github.com/adeenalikhan,72297071,2020-10,9,49,3,2019–2020
Hajra269,https://github.com/Hajra269,73758738,2020-10,17,47,3,2019–2020
Saadullahkhan42,https://github.com/Saadullahkhan42,72731155,2020-10,20,45,3,2019–2020
jawad224,https://github.com/jawad224,73174368,2020-10,13,43,3,2019–2020
ajawadmirza,https://github.com/ajawadmirza,73054822,2020-10,6,43,3,2019–2020
umerr-farooq,https://github.com/umerr-farooq,72683902,2020-10,33,42,3,2019–2020
abdullahleo20,https://github.com/abdullahleo20,72629700,2020-10,14,39,3,2019–2020
faisal0606,https://github.com/faisal0606,72186675,2020-10,11,39,3,2019–2020
MohitMaheshwarri,https://github.com/MohitMaheshwarri,73600705,2020-10,9,37,3,2019–2020
asifaslamibu,https://github.com/asifaslamibu,73749383,2020-10,16,33,3,2019–2020
Raza1631,https://github.com/Raza1631,72338748,2020-10,15,31,3,2019–2020
syedhamidhussain,https://github.com/syedhamidhussain,72816327,2020-10,9,30,3,2019–2020
SafeeImran,https://github.com/SafeeImran,73311785,2020-10,13,28,3,2019–2020
FayazKhan01,https://github.com/FayazKhan01,73527621,2020-10,10,27,3,2019–2020
Hacking-OS,https://github.com/Hacking-OS,73576396,2020-10,6,27,3,2019–2020
Syed-Hassaan,https://github.com/Syed-Hassaan,72248211,2020-10,14,26,3,2019–2020
ammarsoomro,https://github.com/ammarsoomro,73072882,2020-10,9,26,3,2019–2020
M-Maaz-H,https://github.com/M-Maaz-H,73396344,2020-10,6,26,3,2019–2020
AnasAliAbbasi,https://github.com/AnasAliAbbasi,72650878,2020-10,20,23,3,2019–2020
ShahBrohi,https://github.com/ShahBrohi,73582615,2020-10,8,23,3,2019–2020
SyedSaad01,https://github.com/SyedSaad01,73635493,2020-10,6,23,3,2019–2020
AsimAwan878,https://github.com/AsimAwan878,73526027,2020-10,10,22,3,2019–2020
zaid-ahmed-shark,https://github.com/zaid-ahmed-shark,72867253,2020-10,11,21,3,2019–2020
Sanjana2244,https://github.com/Sanjana2244,72740039,2020-10,8,21,3,2019–2020
MuhammadAnuspro,https://github.com/MuhammadAnuspro,72655669,2020-10,13,19,3,2019–2020
rashidchachar,https://github.com/rashidchachar,73116745,2020-10,7,19,3,2019–2020
TalhaBhutto,https://github.com/TalhaBhutto,74734659,2020-11,31,1866,3,2019–2020
sidramwaseem,https://github.com/sidramwaseem,75033278,2020-11,70,1357,3,2019–2020
mustan-ali,https://github.com/mustan-ali,74346675,2020-11,58,1242,3,2019–2020
aliasar1,https://github.com/aliasar1,74453775,2020-11,51,1177,3,2019–2020
12920,https://github.com/12920,75166238,2020-11,28,931,3,2019–2020
itsmasad,https://github.com/itsmasad,73838383,2020-11,23,814,3,2019–2020
chandiosamad07,https://github.com/chandiosamad07,74186805,2020-11,63,812,3,2019–2020
al-Jurjani,https://github.com/al-Jurjani,74672461,2020-11,18,610,3,2019–2020
MuhammadMaazFaisal,https://github.com/MuhammadMaazFaisal,73815553,2020-11,33,542,3,2019–2020
Hammad-Yousuf,https://github.com/Hammad-Yousuf,74192966,2020-11,43,537,3,2019–2020
Kinza-Khan,https://github.com/Kinza-Khan,74036470,2020-11,71,532,3,2019–2020
ishaqibrahimbot,https://github.com/ishaqibrahimbot,74908398,2020-11,36,401,3,2019–2020
devistic-asim,https://github.com/devistic-asim,73778163,2020-11,32,375,3,2019–2020
AebadUQ,https://github.com/AebadUQ,74757539,2020-11,49,334,3,2019–2020
MMurtazaKhan,https://github.com/MMurtazaKhan,75169459,2020-11,58,330,3,2019–2020
Hammad335,https://github.com/Hammad335,75270014,2020-11,37,298,3,2019–2020
ArtiDoltani,https://github.com/ArtiDoltani,74849722,2020-11,30,293,3,2019–2020
AbdulDD,https://github.com/AbdulDD,73823824,2020-11,17,275,3,2019–2020
saimmoin,https://github.com/saimmoin,73789776,2020-11,46,247,3,2019–2020
wajeeez,https://github.com/wajeeez,75086200,2020-11,20,243,4,2020–2022
AkramMubeen,https://github.com/AkramMubeen,74373153,2020-11,39,227,4,2020–2022
saadabdulhakimqureshi,https://github.com/saadabdulhakimqureshi,74615956,2020-11,21,226,4,2020–2022
aimal-dev,https://github.com/aimal-dev,73801751,2020-11,39,225,4,2020–2022
HUNZALAMUSHTAQ,https://github.com/HUNZALAMUSHTAQ,75185145,2020-11,54,195,4,2020–2022
ahmedashar,https://github.com/ahmedashar,74323785,2020-11,45,189,4,2020–2022
Osama-14,https://github.com/Osama-14,74132465,2020-11,62,182,4,2020–2022
anastobe,https://github.com/anastobe,75096143,2020-11,42,156,4,2020–2022
Asghar-Raza,https://github.com/Asghar-Raza,74490337,2020-11,30,156,4,2020–2022
afrazhaq,https://github.com/afrazhaq,74556335,2020-11,8,144,4,2020–2022
SyedFaraz-hub,https://github.com/SyedFaraz-hub,74416299,2020-11,65,142,4,2020–2022
Muhammad-Bilal-Rizvi,https://github.com/Muhammad-Bilal-Rizvi,73776975,2020-11,42,141,4,2020–2022
radhikakhatrii,https://github.com/radhikakhatrii,74490667,2020-11,11,131,4,2020–2022
thehamzajunaid,https://github.com/thehamzajunaid,74147991,2020-11,18,128,4,2020–2022
MSaadHussain,https://github.com/MSaadHussain,75268226,2020-11,26,127,4,2020–2022
AhmedAli006,https://github.com/AhmedAli006,74205298,2020-11,52,126,4,2020–2022
Bilalsaeed78,https://github.com/Bilalsaeed78,74153930,2020-11,8,122,4,2020–2022
Uzair-ahmed2920,https://github.com/Uzair-ahmed2920,74593224,2020-11,13,117,4,2020–2022
sefaamash,https://github.com/sefaamash,75009862,2020-11,41,116,4,2020–2022
geragt280,https://github.com/geragt280,74433672,2020-11,28,113,4,2020–2022
Ayyadaslam,https://github.com/Ayyadaslam,75205604,2020-11,35,101,4,2020–2022
muhammad-azhar-nagori,https://github.com/muhammad-azhar-nagori,75028988,2020-11,7,93,4,2020–2022
mashine01,https://github.com/mashine01,75136136,2020-11,6,90,4,2020–2022
SaadMalik171999,https://github.com/SaadMalik171999,74017136,2020-11,25,85,4,2020–2022
Rafamatic,https://github.com/Rafamatic,74252203,2020-11,13,79,4,2020–2022
codewithayaz,https://github.com/codewithayaz,75019563,2020-11,9,78,4,2020–2022
TheTechDev414,https://github.com/TheTechDev414,73892992,2020-11,15,76,4,2020–2022
Syed-AbdulWahab,https://github.com/Syed-AbdulWahab,74236000,2020-11,11,76,4,2020–2022
Adil-Ahmed-1,https://github.com/Adil-Ahmed-1,74623158,2020-11,29,70,4,2020–2022
nawalirfan,https://github.com/nawalirfan,74706635,2020-11,11,70,4,2020–2022
hafsaabbasi81,https://github.com/hafsaabbasi81,74056206,2020-11,6,61,4,2020–2022
Zawwar786,https://github.com/Zawwar786,75034546,2020-11,8,60,4,2020–2022
ismailfsd2,https://github.com/ismailfsd2,74148689,2020-11,8,60,4,2020–2022
JaweriyaArif2002,https://github.com/JaweriyaArif2002,74524557,2020-11,25,55,4,2020–2022
imuhammadumerfarooq,https://github.com/imuhammadumerfarooq,74851560,2020-11,14,52,4,2020–2022
tayyab089,https://github.com/tayyab089,75243177,2020-11,12,51,4,2020–2022
mhsn1,https://github.com/mhsn1,73763550,2020-11,10,45,4,2020–2022
arham123-hub,https://github.com/arham123-hub,74860277,2020-11,8,45,4,2020–2022
Mazhar910,https://github.com/Mazhar910,74597360,2020-11,12,44,4,2020–2022
AdeelArshad123,https://github.com/AdeelArshad123,75168643,2020-11,10,44,4,2020–2022
Naveedussain,https://github.com/Naveedussain,75238699,2020-11,37,42,4,2020–2022
muhammad-atif-keerio,https://github.com/muhammad-atif-keerio,75122379,2020-11,8,38,4,2020–2022
rehmanmemon12,https://github.com/rehmanmemon12,74776764,2020-11,13,36,4,2020–2022
AliRiaz-cs,https://github.com/AliRiaz-cs,74507730,2020-11,10,35,4,2020–2022
ammark486,https://github.com/ammark486,74138421,2020-11,7,35,4,2020–2022
skrasib,https://github.com/skrasib,73830846,2020-11,7,31,4,2020–2022
Taha-tech-2003,https://github.com/Taha-tech-2003,73897935,2020-11,7,27,4,2020–2022
Ismailrehman9,https://github.com/Ismailrehman9,75415362,2020-12,9,9115,4,2020–2022
SyedAman10,https://github.com/SyedAman10,76704798,2020-12,69,987,4,2020–2022
abdulmanafsahito,https://github.com/abdulmanafsahito,75582860,2020-12,70,984,4,2020–2022
s1lent18,https://github.com/s1lent18,76154840,2020-12,37,976,4,2020–2022
aaqibali1,https://github.com/aaqibali1,75785706,2020-12,38,767,4,2020–2022
huzaifamk,https://github.com/huzaifamk,76698805,2020-12,28,763,4,2020–2022
MuhammadZohaib28,https://github.com/MuhammadZohaib28,76484677,2020-12,89,741,4,2020–2022
tahaaslam1,https://github.com/tahaaslam1,76480940,2020-12,27,619,4,2020–2022
raffay2001,https://github.com/raffay2001,75914302,2020-12,75,592,4,2020–2022
mhg007,https://github.com/mhg007,76736494,2020-12,49,512,4,2020–2022
faizan542,https://github.com/faizan542,75995684,2020-12,45,496,4,2020–2022
AliWayne101,https://github.com/AliWayne101,76619564,2020-12,12,479,4,2020–2022
aligauhar,https://github.com/aligauhar,75557536,2020-12,44,476,4,2020–2022
Abdullah-MotiWala,https://github.com/Abdullah-MotiWala,76522589,2020-12,89,468,4,2020–2022
DanialHaseeb,https://github.com/DanialHaseeb,76565771,2020-12,15,466,4,2020–2022
mohsinziaa,https://github.com/mohsinziaa,75737591,2020-12,48,462,4,2020–2022
Patlu475,https://github.com/Patlu475,76214749,2020-12,17,434,4,2020–2022
ameerhamzadiv,https://github.com/ameerhamzadiv,76493021,2020-12,90,430,4,2020–2022
usman-amj4d,https://github.com/usman-amj4d,75874034,2020-12,92,403,4,2020–2022
AneeqMalik,https://github.com/AneeqMalik,75877245,2020-12,66,332,4,2020–2022
Huzaifa1910,https://github.com/Huzaifa1910,75994967,2020-12,69,314,4,2020–2022
maazmlr,https://github.com/maazmlr,75994722,2020-12,51,291,4,2020–2022
AbdulHadi404,https://github.com/AbdulHadi404,75629345,2020-12,41,290,4,2020–2022
cocomo29,https://github.com/cocomo29,76623181,2020-12,38,290,4,2020–2022
RealHaris,https://github.com/RealHaris,76766092,2020-12,116,268,4,2020–2022
ahmed-dev-tech,https://github.com/ahmed-dev-tech,76089213,2020-12,48,250,4,2020–2022
MuhammadRehanRasool,https://github.com/MuhammadRehanRasool,75864401,2020-12,22,244,4,2020–2022
HUXAIFAZAKI,https://github.com/HUXAIFAZAKI,75996416,2020-12,36,235,4,2020–2022
umais2005,https://github.com/umais2005,76399448,2020-12,29,225,4,2020–2022
bilalkhattak55,https://github.com/bilalkhattak55,76492345,2020-12,74,210,4,2020–2022
Sameer747,https://github.com/Sameer747,76156960,2020-12,22,207,4,2020–2022
syed-saad-ali-046,https://github.com/syed-saad-ali-046,76819782,2020-12,47,202,4,2020–2022
rajanisar288,https://github.com/rajanisar288,76786765,2020-12,41,187,4,2020–2022
Shayan562,https://github.com/Shayan562,75545038,2020-12,13,174,4,2020–2022
abuubaida01,https://github.com/abuubaida01,76595939,2020-12,19,173,4,2020–2022
hemrajmalhi,https://github.com/hemrajmalhi,75927308,2020-12,39,163,4,2020–2022
phonerebelx,https://github.com/phonerebelx,76224062,2020-12,50,158,4,2020–2022
mshahbazali,https://github.com/mshahbazali,75558726,2020-12,34,156,4,2020–2022
Mfahadk99,https://github.com/Mfahadk99,75995004,2020-12,46,146,4,2020–2022
SundeshBatheja,https://github.com/SundeshBatheja,76198109,2020-12,22,145,4,2020–2022
Hasham-Ali,https://github.com/Hasham-Ali,76108230,2020-12,21,137,4,2020–2022
maaz-khan8,https://github.com/maaz-khan8,75781832,2020-12,45,136,4,2020–2022
SyedaZainabMukhtar,https://github.com/SyedaZainabMukhtar,76723949,2020-12,21,132,4,2020–2022
syedabis,https://github.com/syedabis,75880387,2020-12,43,128,4,2020–2022
hadihasan91,https://github.com/hadihasan91,75946327,2020-12,7,127,4,2020–2022
waleedshaikh-code,https://github.com/waleedshaikh-code,75603116,2020-12,53,117,4,2020–2022
abbasamirza,https://github.com/abbasamirza,76699564,2020-12,9,110,4,2020–2022
Nofil-Ansari,https://github.com/Nofil-Ansari,76415406,2020-12,12,108,4,2020–2022
hshahir-nisum-com,https://github.com/hshahir-nisum-com,76037550,2020-12,20,107,4,2020–2022
rabees,https://github.com/rabees,76224278,2020-12,14,102,4,2020–2022
sannanumer2003,https://github.com/sannanumer2003,75867692,2020-12,28,96,4,2020–2022
muhammadasad149,https://github.com/muhammadasad149,76041378,2020-12,31,95,4,2020–2022
MohidSheikh,https://github.com/MohidSheikh,76613152,2020-12,22,94,4,2020–2022
AwaisQazii,https://github.com/AwaisQazii,76389104,2020-12,12,93,4,2020–2022
Ammar-Siddique,https://github.com/Ammar-Siddique,76509151,2020-12,18,86,4,2020–2022
MuhammadbinSalman,https://github.com/MuhammadbinSalman,75879012,2020-12,33,83,4,2020–2022
malaikagohar,https://github.com/malaikagohar,75691736,2020-12,19,80,4,2020–2022
chandni117,https://github.com/chandni117,75410919,2020-12,22,76,4,2020–2022
Ritika1153,https://github.com/Ritika1153,76571451,2020-12,7,76,4,2020–2022
aaliyan786,https://github.com/aaliyan786,75433293,2020-12,11,73,4,2020–2022
ZunairUddin,https://github.com/ZunairUddin,76055090,2020-12,27,67,4,2020–2022
smSafiHaider,https://github.com/smSafiHaider,75332082,2020-12,12,67,4,2020–2022
AminFarjad,https://github.com/AminFarjad,75416635,2020-12,23,66,4,2020–2022
Adilmp,https://github.com/Adilmp,76257781,2020-12,16,66,4,2020–2022
hammad-fazal,https://github.com/hammad-fazal,75949304,2020-12,14,62,4,2020–2022
sha10-bit,https://github.com/sha10-bit,76515785,2020-12,18,61,4,2020–2022
saqibhussaincg,https://github.com/saqibhussaincg,76390683,2020-12,12,51,4,2020–2022
osamatariq2k,https://github.com/osamatariq2k,75468896,2020-12,16,46,4,2020–2022
Raza478,https://github.com/Raza478,76120459,2020-12,8,46,4,2020–2022
AbbasFaisalSsuet,https://github.com/AbbasFaisalSsuet,75627888,2020-12,11,43,4,2020–2022
junaidyounus,https://github.com/junaidyounus,75748178,2020-12,12,42,4,2020–2022
TouqeerH,https://github.com/TouqeerH,75297641,2020-12,8,41,4,2020–2022
HuzaifaaNaveed,https://github.com/HuzaifaaNaveed,75797752,2020-12,7,40,4,2020–2022
harisKhalid22,https://github.com/harisKhalid22,75978577,2020-12,15,39,4,2020–2022
ashan333,https://github.com/ashan333,76444906,2020-12,12,39,4,2020–2022
SyedJunaidNisar,https://github.com/SyedJunaidNisar,76102993,2020-12,12,37,4,2020–2022
AbdulshakoorAli,https://github.com/AbdulshakoorAli,75739337,2020-12,13,36,4,2020–2022
Toobabintemoin,https://github.com/Toobabintemoin,75779137,2020-12,6,32,4,2020–2022
MusaibShahid,https://github.com/MusaibShahid,75300665,2020-12,9,28,4,2020–2022
hammadbinkhalid,https://github.com/hammadbinkhalid,75932260,2020-12,7,28,4,2020–2022
abdulsamad516,https://github.com/abdulsamad516,75996134,2020-12,22,26,4,2020–2022
Syed-Ahmas-Nayyer,https://github.com/Syed-Ahmas-Nayyer,76254204,2020-12,19,24,4,2020–2022
JunaidAS07,https://github.com/JunaidAS07,76055423,2020-12,21,20,4,2020–2022
ahmed303-piaic,https://github.com/ahmed303-piaic,76629504,2020-12,20,17,4,2020–2022
MoizAjaz12,https://github.com/MoizAjaz12,75536281,2020-12,10,17,4,2020–2022
usama-khalied,https://github.com/usama-khalied,77499086,2021-01,64,1508,4,2020–2022
musamairshad,https://github.com/musamairshad,77895050,2021-01,51,1070,4,2020–2022
waleedarain08,https://github.com/waleedarain08,77847857,2021-01,27,574,4,2020–2022
muhammadsaad91,https://github.com/muhammadsaad91,78014984,2021-01,93,557,4,2020–2022
mwzkhalil,https://github.com/mwzkhalil,77918472,2021-01,55,451,4,2020–2022
ars26,https://github.com/ars26,77321871,2021-01,7,445,4,2020–2022
adilafsar99,https://github.com/adilafsar99,77662376,2021-01,54,439,4,2020–2022
tabishismail,https://github.com/tabishismail,77768021,2021-01,42,351,4,2020–2022
ramizqazi,https://github.com/ramizqazi,77078731,2021-01,76,325,4,2020–2022
sunny080,https://github.com/sunny080,77973332,2021-01,74,290,4,2020–2022
Malhar-Soomro,https://github.com/Malhar-Soomro,77386938,2021-01,54,288,4,2020–2022
farrukh-ahmed-khan,https://github.com/farrukh-ahmed-khan,77009721,2021-01,47,285,4,2020–2022
Muhammad-Raees-Ahmed,https://github.com/Muhammad-Raees-Ahmed,77225688,2021-01,21,284,4,2020–2022
m-a-r-i-b,https://github.com/m-a-r-i-b,77619505,2021-01,18,272,4,2020–2022
MuhammadMaaz2001,https://github.com/MuhammadMaaz2001,77742322,2021-01,36,261,4,2020–2022
rizwanriaz-se,https://github.com/rizwanriaz-se,77151292,2021-01,43,246,4,2020–2022
Nabia-Sheikh,https://github.com/Nabia-Sheikh,78126275,2021-01,62,241,4,2020–2022
Estphu,https://github.com/Estphu,77625791,2021-01,39,238,4,2020–2022
ahsan3219,https://github.com/ahsan3219,76880965,2021-01,122,236,4,2020–2022
mubashir72,https://github.com/mubashir72,78098578,2021-01,39,232,4,2020–2022
essaubaid,https://github.com/essaubaid,77759336,2021-01,13,229,4,2020–2022
sharjeel0288,https://github.com/sharjeel0288,77569769,2021-01,56,226,4,2020–2022
Syedmoiz7,https://github.com/Syedmoiz7,78312847,2021-01,41,205,4,2020–2022
mmuzammil196,https://github.com/mmuzammil196,77389040,2021-01,49,176,4,2020–2022
Owais-Sonija,https://github.com/Owais-Sonija,77641479,2021-01,37,176,4,2020–2022
ehtisham-Fazal,https://github.com/ehtisham-Fazal,77021763,2021-01,23,172,4,2020–2022
fareed-shah,https://github.com/fareed-shah,77167320,2021-01,13,170,4,2020–2022
iSohaibKhan,https://github.com/iSohaibKhan,78027690,2021-01,25,167,4,2020–2022
tahamansoor,https://github.com/tahamansoor,77840815,2021-01,30,162,4,2020–2022
xomaaz,https://github.com/xomaaz,77611374,2021-01,8,162,4,2020–2022
mahausmani,https://github.com/mahausmani,77719985,2021-01,26,161,4,2020–2022
MuhammadHaris77,https://github.com/MuhammadHaris77,77584106,2021-01,66,160,4,2020–2022
shaizpunjwani,https://github.com/shaizpunjwani,77119829,2021-01,35,153,4,2020–2022
mj06879,https://github.com/mj06879,78081958,2021-01,18,153,4,2020–2022
Adnanakhter321,https://github.com/Adnanakhter321,77693222,2021-01,9,139,4,2020–2022
Ashar88,https://github.com/Ashar88,76897278,2021-01,36,138,4,2020–2022
mtalhahussain,https://github.com/mtalhahussain,77243381,2021-01,13,132,4,2020–2022
bilalalirizvi,https://github.com/bilalalirizvi,77563337,2021-01,22,127,4,2020–2022
hashirbhatti,https://github.com/hashirbhatti,77647802,2021-01,23,117,4,2020–2022
syed-hassan-hussain,https://github.com/syed-hassan-hussain,78210497,2021-01,61,115,4,2020–2022
rb-hussain,https://github.com/rb-hussain,78280966,2021-01,35,109,4,2020–2022
owaisali246,https://github.com/owaisali246,77604475,2021-01,38,108,4,2020–2022
SajjadAli9470,https://github.com/SajjadAli9470,78296469,2021-01,41,106,4,2020–2022
laibabatool,https://github.com/laibabatool,77329900,2021-01,34,104,4,2020–2022
Alt-a-mash,https://github.com/Alt-a-mash,77245316,2021-01,13,102,4,2020–2022
hammadfaheem,https://github.com/hammadfaheem,77813277,2021-01,20,96,4,2020–2022
Wajidmlk,https://github.com/Wajidmlk,77168413,2021-01,17,95,4,2020–2022
muneem50,https://github.com/muneem50,77629001,2021-01,12,95,4,2020–2022
UBAIDSAILANI,https://github.com/UBAIDSAILANI,77199751,2021-01,7,95,4,2020–2022
the-farazz,https://github.com/the-farazz,78174199,2021-01,37,94,4,2020–2022
fa06396,https://github.com/fa06396,77886072,2021-01,7,94,4,2020–2022
alifaisal987,https://github.com/alifaisal987,76985335,2021-01,35,88,4,2020–2022
SyedArsalan798,https://github.com/SyedArsalan798,77661356,2021-01,11,88,4,2020–2022
abdulqadirdev,https://github.com/abdulqadirdev,77245152,2021-01,16,85,4,2020–2022
Dua-Jan-Muhammad,https://github.com/Dua-Jan-Muhammad,77016031,2021-01,26,82,4,2020–2022
Huzitive,https://github.com/Huzitive,76874914,2021-01,30,80,4,2020–2022
Nimra-Mughal,https://github.com/Nimra-Mughal,77911988,2021-01,41,78,4,2020–2022
Basit-123,https://github.com/Basit-123,77007189,2021-01,21,76,4,2020–2022
bilalaurangzebkhan,https://github.com/bilalaurangzebkhan,78090865,2021-01,20,76,4,2020–2022
Safeer-06,https://github.com/Safeer-06,76946212,2021-01,20,75,4,2020–2022
MirzaHasanBaig,https://github.com/MirzaHasanBaig,78020004,2021-01,16,75,4,2020–2022
huzaifarehan,https://github.com/huzaifarehan,78312042,2021-01,25,71,4,2020–2022
asifnawazcharan,https://github.com/asifnawazcharan,77173995,2021-01,12,68,4,2020–2022
bilalwsr,https://github.com/bilalwsr,77124691,2021-01,6,65,4,2020–2022
farhan-shafi,https://github.com/farhan-shafi,78081457,2021-01,15,63,4,2020–2022
syeddawood25,https://github.com/syeddawood25,77017397,2021-01,23,58,4,2020–2022
kazizain,https://github.com/kazizain,77150713,2021-01,13,56,4,2020–2022
werkd,https://github.com/werkd,77416530,2021-01,16,55,4,2020–2022
MuneebSiddiqui07,https://github.com/MuneebSiddiqui07,77151090,2021-01,6,55,4,2020–2022
datguyzaid,https://github.com/datguyzaid,76894516,2021-01,11,52,4,2020–2022
SHAKHHANNANZAHID,https://github.com/SHAKHHANNANZAHID,78029005,2021-01,29,46,4,2020–2022
lq06668,https://github.com/lq06668,77631580,2021-01,9,45,4,2020–2022
ammar-pro,https://github.com/ammar-pro,77192285,2021-01,24,44,4,2020–2022
AbdullahBinImran,https://github.com/AbdullahBinImran,77171784,2021-01,14,41,4,2020–2022
turab5,https://github.com/turab5,77633330,2021-01,6,41,4,2020–2022
ranaharisiqbal,https://github.com/ranaharisiqbal,77732697,2021-01,14,37,4,2020–2022
Ahsan964,https://github.com/Ahsan964,77588086,2021-01,18,35,4,2020–2022
HasnainAshraf,https://github.com/HasnainAshraf,76938671,2021-01,17,34,4,2020–2022
REHMAN994,https://github.com/REHMAN994,76944224,2021-01,7,34,4,2020–2022
Osyed02,https://github.com/Osyed02,77350433,2021-01,6,33,4,2020–2022
Neetesh-Kumar,https://github.com/Neetesh-Kumar,77567585,2021-01,21,32,4,2020–2022
Simrashafqat14,https://github.com/Simrashafqat14,77532507,2021-01,12,30,4,2020–2022
Wasifnazeer11,https://github.com/Wasifnazeer11,76860478,2021-01,23,29,4,2020–2022
sabeen-sab,https://github.com/sabeen-sab,77873236,2021-01,9,29,4,2020–2022
pendragon0,https://github.com/pendragon0,76903600,2021-01,8,28,4,2020–2022
alisharana,https://github.com/alisharana,76911612,2021-01,15,26,4,2020–2022
madniraza23,https://github.com/madniraza23,77567956,2021-01,14,22,4,2020–2022
yolomon9994,https://github.com/yolomon9994,77800720,2021-01,7,22,4,2020–2022
SufiyanArain7,https://github.com/SufiyanArain7,77731824,2021-01,8,21,4,2020–2022
danishsaleem0,https://github.com/danishsaleem0,77717027,2021-01,8,19,4,2020–2022
Mujtaba-Siddiqui,https://github.com/Mujtaba-Siddiqui,77353075,2021-01,14,17,4,2020–2022
saadkhi,https://github.com/saadkhi,79059375,2021-02,25,1141,4,2020–2022
RealSaleem,https://github.com/RealSaleem,78738043,2021-02,14,1008,4,2020–2022
huzaifa620,https://github.com/huzaifa620,79418234,2021-02,78,996,4,2020–2022
Tanv33,https://github.com/Tanv33,79161723,2021-02,72,892,4,2020–2022
engumairahmed,https://github.com/engumairahmed,79714031,2021-02,16,570,4,2020–2022
Smkhizar7,https://github.com/Smkhizar7,78459617,2021-02,50,536,4,2020–2022
MuhammadTabish10,https://github.com/MuhammadTabish10,79395369,2021-02,26,533,4,2020–2022
anzal-ahmed,https://github.com/anzal-ahmed,79568880,2021-02,11,501,4,2020–2022
fayyazcode,https://github.com/fayyazcode,79139962,2021-02,64,415,4,2020–2022
hamzakamelen,https://github.com/hamzakamelen,78796144,2021-02,89,378,4,2020–2022
nabilazahraa,https://github.com/nabilazahraa,78802762,2021-02,19,349,4,2020–2022
Aahil78,https://github.com/Aahil78,79686887,2021-02,45,324,4,2020–2022
muhammadsajid3674,https://github.com/muhammadsajid3674,79515742,2021-02,46,316,4,2020–2022
AnasRRaza,https://github.com/AnasRRaza,79412884,2021-02,32,302,4,2020–2022
oobaidhashmi089,https://github.com/oobaidhashmi089,79754399,2021-02,58,291,4,2020–2022
sscodez,https://github.com/sscodez,78991984,2021-02,64,265,4,2020–2022
KashifSadiq11,https://github.com/KashifSadiq11,79781629,2021-02,62,233,4,2020–2022
Abrar-00,https://github.com/Abrar-00,78867861,2021-02,14,217,4,2020–2022
jazilkalim,https://github.com/jazilkalim,79743994,2021-02,22,212,4,2020–2022
Junaid-Shoaib,https://github.com/Junaid-Shoaib,79077628,2021-02,25,202,4,2020–2022
asadsheikh1,https://github.com/asadsheikh1,79190719,2021-02,38,200,4,2020–2022
junaid184,https://github.com/junaid184,79161332,2021-02,58,187,4,2020–2022
asifaliattari,https://github.com/asifaliattari,78964346,2021-02,31,187,4,2020–2022
Abdul-rehman-rgb,https://github.com/Abdul-rehman-rgb,78441146,2021-02,19,182,4,2020–2022
delepover56,https://github.com/delepover56,79577646,2021-02,20,172,4,2020–2022
shahzaib-123,https://github.com/shahzaib-123,79242717,2021-02,27,170,4,2020–2022
meetrafay,https://github.com/meetrafay,79212746,2021-02,34,168,4,2020–2022
KaranKumar-55,https://github.com/KaranKumar-55,78812510,2021-02,19,168,4,2020–2022
sajjad425,https://github.com/sajjad425,79807748,2021-02,15,162,4,2020–2022
siddiki002,https://github.com/siddiki002,78559233,2021-02,14,158,4,2020–2022
Arsalan692,https://github.com/Arsalan692,78713848,2021-02,17,145,4,2020–2022
AshfaqAliZardariOfficial,https://github.com/AshfaqAliZardariOfficial,78950598,2021-02,15,143,4,2020–2022
18713,https://github.com/18713,78613232,2021-02,58,142,4,2020–2022
Abdul-Moez,https://github.com/Abdul-Moez,79795726,2021-02,21,142,4,2020–2022
Aliyanishere,https://github.com/Aliyanishere,78415099,2021-02,53,136,4,2020–2022
areeba-junaid,https://github.com/areeba-junaid,79707470,2021-02,19,133,4,2020–2022
Muhammad-Bilal-Taghi,https://github.com/Muhammad-Bilal-Taghi,78375305,2021-02,48,126,4,2020–2022
FahadFarrukh,https://github.com/FahadFarrukh,78733332,2021-02,19,124,4,2020–2022
arehmanaziz,https://github.com/arehmanaziz,78584456,2021-02,10,117,4,2020–2022
touseef75,https://github.com/touseef75,78860895,2021-02,24,116,4,2020–2022
muhammadhamzaali077,https://github.com/muhammadhamzaali077,78797743,2021-02,24,111,4,2020–2022
shaharyar809,https://github.com/shaharyar809,79625012,2021-02,11,109,4,2020–2022
faiqyaseen,https://github.com/faiqyaseen,78502062,2021-02,46,107,4,2020–2022
umerprogramm,https://github.com/umerprogramm,78730094,2021-02,24,107,4,2020–2022
Abdurrahman-Hassan,https://github.com/Abdurrahman-Hassan,78861900,2021-02,33,106,4,2020–2022
therealhaseeb,https://github.com/therealhaseeb,79151459,2021-02,31,104,4,2020–2022
AnjleeDuseja,https://github.com/AnjleeDuseja,79810822,2021-02,21,103,4,2020–2022
Huzmaan,https://github.com/Huzmaan,79227340,2021-02,22,101,4,2020–2022
hasnainadam7,https://github.com/hasnainadam7,79312974,2021-02,34,100,4,2020–2022
hassanwaheedali,https://github.com/hassanwaheedali,79045594,2021-02,13,100,4,2020–2022
BilalHashmi94,https://github.com/BilalHashmi94,79624321,2021-02,10,97,4,2020–2022
MuhammadHammadRaza,https://github.com/MuhammadHammadRaza,79788124,2021-02,14,96,4,2020–2022
Ahsan-khan41,https://github.com/Ahsan-khan41,79780732,2021-02,18,82,4,2020–2022
AbdulSaboor16,https://github.com/AbdulSaboor16,79809633,2021-02,47,81,4,2020–2022
sharjeel125,https://github.com/sharjeel125,79161846,2021-02,41,81,4,2020–2022
muzammil7912,https://github.com/muzammil7912,79418859,2021-02,10,79,4,2020–2022
haris-musa,https://github.com/haris-musa,79357181,2021-02,12,78,4,2020–2022
MuhammadYasirSiraj,https://github.com/MuhammadYasirSiraj,79154960,2021-02,12,70,4,2020–2022
Muzzammil-007,https://github.com/Muzzammil-007,79014630,2021-02,10,68,4,2020–2022
HuzaiFa3030,https://github.com/HuzaiFa3030,78421415,2021-02,32,66,4,2020–2022
Jaweria-kamran22,https://github.com/Jaweria-kamran22,78906611,2021-02,22,65,4,2020–2022
MusabAlam,https://github.com/MusabAlam,79744404,2021-02,19,63,4,2020–2022
ibrhm42,https://github.com/ibrhm42,78839403,2021-02,6,62,4,2020–2022
sobiamustafa95,https://github.com/sobiamustafa95,79412131,2021-02,13,61,4,2020–2022
farhan20002526,https://github.com/farhan20002526,79635252,2021-02,18,59,4,2020–2022
OwaisBukhari,https://github.com/OwaisBukhari,79443127,2021-02,30,58,4,2020–2022
lakshjiwani,https://github.com/lakshjiwani,79021591,2021-02,7,56,4,2020–2022
Kamran-hyder,https://github.com/Kamran-hyder,78355572,2021-02,33,54,4,2020–2022
kabeeryounus,https://github.com/kabeeryounus,78809606,2021-02,9,54,4,2020–2022
tameerhussain388,https://github.com/tameerhussain388,79627989,2021-02,9,50,4,2020–2022
AllahBuxSoomro,https://github.com/AllahBuxSoomro,78809560,2021-02,11,49,4,2020–2022
dr-mahnooriqbal,https://github.com/dr-mahnooriqbal,78813254,2021-02,15,47,4,2020–2022
3AbdulRehman,https://github.com/3AbdulRehman,79721795,2021-02,13,45,4,2020–2022
HASAN-MN,https://github.com/HASAN-MN,79108869,2021-02,17,43,4,2020–2022
saqib1230,https://github.com/saqib1230,79361266,2021-02,9,42,4,2020–2022
HussainAhmed2,https://github.com/HussainAhmed2,78853134,2021-02,6,42,4,2020–2022
razakhan83,https://github.com/razakhan83,79481751,2021-02,20,39,4,2020–2022
Naveenkumar841,https://github.com/Naveenkumar841,79311506,2021-02,10,39,4,2020–2022
HussainRafi232,https://github.com/HussainRafi232,78901286,2021-02,9,38,4,2020–2022
zeeshanwdev,https://github.com/zeeshanwdev,79662704,2021-02,13,36,4,2020–2022
ali123-abbas,https://github.com/ali123-abbas,78821584,2021-02,28,32,4,2020–2022
HamzaSaleem001,https://github.com/HamzaSaleem001,78853996,2021-02,13,32,4,2020–2022
Muteebulhassan,https://github.com/Muteebulhassan,79796871,2021-02,12,32,4,2020–2022
FaizanMS,https://github.com/FaizanMS,79311662,2021-02,36,28,4,2020–2022
makdawoodi1,https://github.com/makdawoodi1,79212999,2021-02,16,27,4,2020–2022
5muttahir,https://github.com/5muttahir,78846398,2021-02,12,25,4,2020–2022
izhar-ali226,https://github.com/izhar-ali226,79115191,2021-02,11,23,4,2020–2022
H4-720,https://github.com/H4-720,79258327,2021-02,6,23,4,2020–2022
computevo,https://github.com/computevo,78817303,2021-02,6,22,4,2020–2022
Yasirkhan01,https://github.com/Yasirkhan01,78487913,2021-02,10,19,4,2020–2022
aliameen786,https://github.com/aliameen786,78598746,2021-02,7,19,4,2020–2022
mabdulmannan782,https://github.com/mabdulmannan782,78979189,2021-02,16,18,4,2020–2022
umairali81,https://github.com/umairali81,78932608,2021-02,11,18,4,2020–2022
noman1231,https://github.com/noman1231,79275961,2021-02,11,18,4,2020–2022
RAQEEB212,https://github.com/RAQEEB212,81391615,2021-03,55,895,4,2020–2022
tselane2110,https://github.com/tselane2110,80777626,2021-03,22,602,4,2020–2022
akapexion,https://github.com/akapexion,79875958,2021-03,91,588,4,2020–2022
hamzapro305,https://github.com/hamzapro305,80615079,2021-03,41,553,4,2020–2022
naveedrahid,https://github.com/naveedrahid,80178478,2021-03,36,525,4,2020–2022
MaimoonaQasmi,https://github.com/MaimoonaQasmi,80841820,2021-03,8,504,4,2020–2022
Hassanulhaq52,https://github.com/Hassanulhaq52,81625175,2021-03,56,493,4,2020–2022
mustafazuberi,https://github.com/mustafazuberi,81509953,2021-03,57,460,4,2020–2022
AsadUllahShaikh123,https://github.com/AsadUllahShaikh123,81636678,2021-03,37,460,4,2020–2022
Abbas2003,https://github.com/Abbas2003,81461989,2021-03,83,409,4,2020–2022
owais-io,https://github.com/owais-io,81351747,2021-03,16,390,4,2020–2022
farazahmed12,https://github.com/farazahmed12,79910338,2021-03,56,386,4,2020–2022
Zajjaj-Khan,https://github.com/Zajjaj-Khan,81627562,2021-03,73,376,4,2020–2022
engrjunaidali,https://github.com/engrjunaidali,80405587,2021-03,91,334,4,2020–2022
YahyaNaq,https://github.com/YahyaNaq,81474635,2021-03,38,334,4,2020–2022
moaaz12-web,https://github.com/moaaz12-web,80547044,2021-03,84,330,4,2020–2022
MansoorAkhter,https://github.com/MansoorAkhter,79827179,2021-03,49,326,4,2020–2022
walidbadar,https://github.com/walidbadar,81442784,2021-03,21,324,4,2020–2022
nadeemhussain4462,https://github.com/nadeemhussain4462,81299514,2021-03,100,319,4,2020–2022
MudasirHussain72,https://github.com/MudasirHussain72,81384345,2021-03,53,318,4,2020–2022
Majid-Razzaq,https://github.com/Majid-Razzaq,80920360,2021-03,43,289,4,2020–2022
ausaf-liaquat,https://github.com/ausaf-liaquat,80255280,2021-03,19,282,4,2020–2022
madanlal1,https://github.com/madanlal1,81483460,2021-03,33,277,4,2020–2022
ahmedbilal-2711,https://github.com/ahmedbilal-2711,81642482,2021-03,16,263,4,2020–2022
syeduzairdev,https://github.com/syeduzairdev,81091877,2021-03,69,248,4,2020–2022
Riyaancode,https://github.com/Riyaancode,80451963,2021-03,33,222,4,2020–2022
mharis-sqa,https://github.com/mharis-sqa,81009036,2021-03,37,211,4,2020–2022
IsrarAnsari01,https://github.com/IsrarAnsari01,80673419,2021-03,22,193,4,2020–2022
fariyakhan11,https://github.com/fariyakhan11,80447609,2021-03,14,193,4,2020–2022
almasansari16,https://github.com/almasansari16,81069710,2021-03,75,192,4,2020–2022
mmaarig,https://github.com/mmaarig,81269436,2021-03,48,191,4,2020–2022
mmaaaaz,https://github.com/mmaaaaz,80816622,2021-03,35,191,4,2020–2022
Arsal-Naeem,https://github.com/Arsal-Naeem,81381427,2021-03,7,191,4,2020–2022
maaz-ahmed-2001,https://github.com/maaz-ahmed-2001,81667140,2021-03,29,190,4,2020–2022
Souhaib-789,https://github.com/Souhaib-789,80969087,2021-03,34,189,4,2020–2022
sizaan5,https://github.com/sizaan5,81538945,2021-03,32,173,4,2020–2022
MuhammadAnasAlvi18,https://github.com/MuhammadAnasAlvi18,81664171,2021-03,22,173,4,2020–2022
wajiyashoaib,https://github.com/wajiyashoaib,81462958,2021-03,15,166,4,2020–2022
Hamza-Mujahid,https://github.com/Hamza-Mujahid,80825408,2021-03,63,157,4,2020–2022
mustafa-masood,https://github.com/mustafa-masood,81612415,2021-03,11,145,4,2020–2022
hamzar98980,https://github.com/hamzar98980,81473665,2021-03,41,134,4,2020–2022
Abdullah7-bit,https://github.com/Abdullah7-bit,81189903,2021-03,22,134,4,2020–2022
Daniyal-Aslam,https://github.com/Daniyal-Aslam,80858661,2021-03,28,123,4,2020–2022
rameeztariq96,https://github.com/rameeztariq96,81100042,2021-03,6,114,4,2020–2022
rashidkalwar,https://github.com/rashidkalwar,80094039,2021-03,16,108,4,2020–2022
huzaifali835,https://github.com/huzaifali835,80360413,2021-03,26,107,4,2020–2022
HammadChohan65,https://github.com/HammadChohan65,81513951,2021-03,35,102,4,2020–2022
syedarafia13,https://github.com/syedarafia13,81455748,2021-03,20,101,4,2020–2022
SanjayKumarKhatri,https://github.com/SanjayKumarKhatri,81243506,2021-03,31,91,4,2020–2022
Anasbinazim90,https://github.com/Anasbinazim90,81100500,2021-03,18,89,4,2020–2022
HassanRazaFudda,https://github.com/HassanRazaFudda,81510958,2021-03,29,79,4,2020–2022
Ramsha626,https://github.com/Ramsha626,80584980,2021-03,18,77,4,2020–2022
nytrotechdev,https://github.com/nytrotechdev,81350652,2021-03,12,67,4,2020–2022
LogicAddict,https://github.com/LogicAddict,80568552,2021-03,10,63,4,2020–2022
umme-ammarah,https://github.com/umme-ammarah,80594404,2021-03,15,57,4,2020–2022
minhasraza,https://github.com/minhasraza,80245250,2021-03,12,56,4,2020–2022
Eesha723,https://github.com/Eesha723,81686688,2021-03,12,47,4,2020–2022
shariqiqbal571,https://github.com/shariqiqbal571,79857883,2021-03,20,33,4,2020–2022
alikhan0279,https://github.com/alikhan0279,81644965,2021-03,10,33,4,2020–2022
fasih-ansari,https://github.com/fasih-ansari,81248565,2021-03,19,31,4,2020–2022
moobiikhan,https://github.com/moobiikhan,81070304,2021-03,7,31,4,2020–2022
fahadsidd590,https://github.com/fahadsidd590,81682517,2021-03,16,30,4,2020–2022
Umaid-coder,https://github.com/Umaid-coder,81355970,2021-03,10,26,4,2020–2022
Samad-Qureshi,https://github.com/Samad-Qureshi,79843362,2021-03,7,26,4,2020–2022
shary998,https://github.com/shary998,79845597,2021-03,6,24,4,2020–2022
afaqsa,https://github.com/afaqsa,80637550,2021-03,12,23,4,2020–2022
awaisdev5765,https://github.com/awaisdev5765,81323680,2021-03,16,22,4,2020–2022
Muzammil-Ali-Khan,https://github.com/Muzammil-Ali-Khan,81347490,2021-03,14,22,4,2020–2022
Ibrahim-shahani,https://github.com/Ibrahim-shahani,80566696,2021-03,10,21,4,2020–2022
Kamil-Raza,https://github.com/Kamil-Raza,79825395,2021-03,6,18,4,2020–2022
abhaseeb200,https://github.com/abhaseeb200,87806195,2021-07,26,582,4,2020–2022
SyedBurhan555,https://github.com/SyedBurhan555,87640916,2021-07,17,154,4,2020–2022
Usman-Khan11,https://github.com/Usman-Khan11,88190727,2021-07,8,143,4,2020–2022
FarzamYousuf,https://github.com/FarzamYousuf,87366375,2021-07,6,130,4,2020–2022
Hassaan-07,https://github.com/Hassaan-07,87994023,2021-07,28,108,4,2020–2022
yasraa,https://github.com/yasraa,88244025,2021-07,11,97,4,2020–2022
isyeddani,https://github.com/isyeddani,87464397,2021-07,13,90,4,2020–2022
Shareyar801,https://github.com/Shareyar801,87834019,2021-07,7,86,4,2020–2022
Coder-Sami,https://github.com/Coder-Sami,87982164,2021-07,13,49,4,2020–2022
EngrMisbahFatima,https://github.com/EngrMisbahFatima,87415514,2021-07,9,21,4,2020–2022
Rumankhan01,https://github.com/Rumankhan01,87278550,2021-07,22,20,4,2020–2022
syedqaxim110,https://github.com/syedqaxim110,87519159,2021-07,13,17,4,2020–2022
Saaim-K,https://github.com/Saaim-K,89778620,2021-08,70,2644,4,2020–2022
muneebhashone,https://github.com/muneebhashone,88892379,2021-08,59,2121,4,2020–2022
moazamdev,https://github.com/moazamdev,89134865,2021-08,35,1279,4,2020–2022
HareemSaad,https://github.com/HareemSaad,88980688,2021-08,40,934,4,2020–2022
Jabir-web,https://github.com/Jabir-web,89572534,2021-08,11,631,4,2020–2022
ZaryabAlam,https://github.com/ZaryabAlam,88553537,2021-08,61,495,4,2020–2022
rabeahmed2002,https://github.com/rabeahmed2002,89692415,2021-08,55,480,4,2020–2022
WajihaHA61198,https://github.com/WajihaHA61198,88322471,2021-08,75,458,4,2020–2022
syedmharis,https://github.com/syedmharis,89534087,2021-08,32,441,4,2020–2022
alik95997,https://github.com/alik95997,88495045,2021-08,58,428,4,2020–2022
shahzainshafique,https://github.com/shahzainshafique,88544736,2021-08,30,413,4,2020–2022
zaryabkhan864,https://github.com/zaryabkhan864,88337527,2021-08,31,380,4,2020–2022
lodhikhubaib,https://github.com/lodhikhubaib,88384068,2021-08,41,373,4,2020–2022
haseeb196,https://github.com/haseeb196,89570924,2021-08,21,343,4,2020–2022
dastageerb,https://github.com/dastageerb,88302927,2021-08,22,273,4,2020–2022
muhammadmairajj,https://github.com/muhammadmairajj,89729024,2021-08,84,269,4,2020–2022
FarzeenZainab,https://github.com/FarzeenZainab,88474478,2021-08,20,245,4,2020–2022
hammadalimughal,https://github.com/hammadalimughal,88910649,2021-08,37,221,4,2020–2022
Asghar267,https://github.com/Asghar267,89415406,2021-08,28,205,4,2020–2022
dilzaibofficial,https://github.com/dilzaibofficial,89600414,2021-08,63,195,4,2020–2022
hunxjunedo,https://github.com/hunxjunedo,89797440,2021-08,55,195,4,2020–2022
KhizerWHussain,https://github.com/KhizerWHussain,89591899,2021-08,27,190,4,2020–2022
ZainabbHaider,https://github.com/ZainabbHaider,89449023,2021-08,15,186,4,2020–2022
summandee,https://github.com/summandee,89731453,2021-08,75,178,4,2020–2022
nisarsyed,https://github.com/nisarsyed,89469004,2021-08,15,174,4,2020–2022
hacker1649,https://github.com/hacker1649,88313681,2021-08,55,173,4,2020–2022
muhammad-ammar1999,https://github.com/muhammad-ammar1999,88649307,2021-08,27,171,4,2020–2022
Studiomazia,https://github.com/Studiomazia,89402245,2021-08,19,170,4,2020–2022
Matanza00,https://github.com/Matanza00,88729594,2021-08,33,168,4,2020–2022
UmerImranUI,https://github.com/UmerImranUI,89452424,2021-08,21,158,4,2020–2022
salman-khan1,https://github.com/salman-khan1,88853014,2021-08,53,157,4,2020–2022
Mairajaved,https://github.com/Mairajaved,89129372,2021-08,48,155,4,2020–2022
HaseebWar,https://github.com/HaseebWar,89457668,2021-08,37,154,4,2020–2022
NADIRHUSSAIN11,https://github.com/NADIRHUSSAIN11,89727973,2021-08,33,144,4,2020–2022
zaynnqureshi17,https://github.com/zaynnqureshi17,88737188,2021-08,20,136,4,2020–2022
HafizMutahirAhmed,https://github.com/HafizMutahirAhmed,89331797,2021-08,20,134,4,2020–2022
Maaz48,https://github.com/Maaz48,89415688,2021-08,40,125,4,2020–2022
musman2k,https://github.com/musman2k,89705011,2021-08,19,120,4,2020–2022
oa07610,https://github.com/oa07610,89447479,2021-08,21,116,4,2020–2022
Nomir-01,https://github.com/Nomir-01,89730796,2021-08,36,112,4,2020–2022
thedevlad,https://github.com/thedevlad,88522625,2021-08,19,112,4,2020–2022
Musavir-Ali,https://github.com/Musavir-Ali,88766824,2021-08,22,107,4,2020–2022
RajalNaqvi,https://github.com/RajalNaqvi,89477808,2021-08,7,105,4,2020–2022
mustafanagori,https://github.com/mustafanagori,89071010,2021-08,48,104,4,2020–2022
anasali1671,https://github.com/anasali1671,89740466,2021-08,12,98,4,2020–2022
ZaeemShakir,https://github.com/ZaeemShakir,88281382,2021-08,10,94,4,2020–2022
Fatima-Malikk,https://github.com/Fatima-Malikk,89594815,2021-08,22,90,4,2020–2022
SumnaImran-20,https://github.com/SumnaImran-20,88527179,2021-08,17,88,4,2020–2022
wth-amna,https://github.com/wth-amna,88288760,2021-08,23,83,4,2020–2022
AmaanLaghari1,https://github.com/AmaanLaghari1,89661480,2021-08,31,81,4,2020–2022
halikhan,https://github.com/halikhan,89552626,2021-08,22,75,4,2020–2022
mohsinkahn,https://github.com/mohsinkahn,89522512,2021-08,15,74,4,2020–2022
IamMoosa,https://github.com/IamMoosa,88385254,2021-08,14,74,4,2020–2022
talhaiqbalti,https://github.com/talhaiqbalti,89392639,2021-08,36,73,4,2020–2022
asjalrashidi01,https://github.com/asjalrashidi01,88508322,2021-08,7,70,4,2020–2022
shaheer-eminent,https://github.com/shaheer-eminent,89388625,2021-08,20,69,4,2020–2022
Bilal903,https://github.com/Bilal903,88387745,2021-08,11,66,4,2020–2022
Daneeshkhani,https://github.com/Daneeshkhani,89290282,2021-08,31,65,4,2020–2022
QaziWaqasAhmad,https://github.com/QaziWaqasAhmad,88557951,2021-08,11,64,4,2020–2022
Arafayyy,https://github.com/Arafayyy,88268344,2021-08,19,47,4,2020–2022
ahmedmustafa250,https://github.com/ahmedmustafa250,89400174,2021-08,18,46,4,2020–2022
Naveed-Nazar,https://github.com/Naveed-Nazar,88511546,2021-08,15,43,4,2020–2022
AbdulRauf23,https://github.com/AbdulRauf23,88359807,2021-08,11,41,4,2020–2022
AbdulRehman-araw,https://github.com/AbdulRehman-araw,88908973,2021-08,12,40,4,2020–2022
yasherali,https://github.com/yasherali,88930702,2021-08,11,39,4,2020–2022
mariyam627,https://github.com/mariyam627,88830386,2021-08,32,36,4,2020–2022
Mudassir-jamal,https://github.com/Mudassir-jamal,89638249,2021-08,22,36,4,2020–2022
M-Mudasir,https://github.com/M-Mudasir,88882694,2021-08,13,36,4,2020–2022
Hanzala18,https://github.com/Hanzala18,89445496,2021-08,29,34,4,2020–2022
naqchoalimehdi,https://github.com/naqchoalimehdi,88571499,2021-08,15,33,4,2020–2022
TAT-HEER,https://github.com/TAT-HEER,88401243,2021-08,7,32,4,2020–2022
AmmarBinAbrar,https://github.com/AmmarBinAbrar,89859337,2021-08,6,32,4,2020–2022
samiternity,https://github.com/samiternity,89246695,2021-08,7,30,4,2020–2022
azain-adam,https://github.com/azain-adam,88386606,2021-08,20,29,4,2020–2022
MuhammadHaiderSharif,https://github.com/MuhammadHaiderSharif,89728042,2021-08,19,29,4,2020–2022
MEERYASEEN,https://github.com/MEERYASEEN,88558161,2021-08,22,27,4,2020–2022
SalehaShujaat1,https://github.com/SalehaShujaat1,88882780,2021-08,21,26,4,2020–2022
Hermain-Qadir,https://github.com/Hermain-Qadir,88931190,2021-08,7,25,4,2020–2022
MahrukhNisar,https://github.com/MahrukhNisar,89138390,2021-08,11,23,4,2020–2022
hassanahmedkhann,https://github.com/hassanahmedkhann,88967582,2021-08,11,22,4,2020–2022
Altamash38,https://github.com/Altamash38,89542145,2021-08,7,19,4,2020–2022
Alizaimran-446,https://github.com/Alizaimran-446,89584462,2021-08,13,18,4,2020–2022
msgillani34,https://github.com/msgillani34,88490248,2021-08,8,18,4,2020–2022
MaazAhmed44,https://github.com/MaazAhmed44,90131486,2021-09,15,29863,4,2020–2022
huzidev,https://github.com/huzidev,91528244,2021-09,42,13262,4,2020–2022
Abdullah098765,https://github.com/Abdullah098765,91600498,2021-09,43,862,4,2020–2022
minahilakhtar,https://github.com/minahilakhtar,89981760,2021-09,33,798,4,2020–2022
KiranAminPanjwani,https://github.com/KiranAminPanjwani,90326051,2021-09,64,772,4,2020–2022
FadTheChad,https://github.com/FadTheChad,90547391,2021-09,22,556,4,2020–2022
Abdulla-Khan,https://github.com/Abdulla-Khan,90141031,2021-09,175,548,4,2020–2022
noorali180,https://github.com/noorali180,91412416,2021-09,32,545,4,2020–2022
Naveed-kaimkhani,https://github.com/Naveed-kaimkhani,91529905,2021-09,65,486,4,2020–2022
UmairAhmed29,https://github.com/UmairAhmed29,91034129,2021-09,21,458,4,2020–2022
SyedaAnshrahGillani,https://github.com/SyedaAnshrahGillani,90501474,2021-09,114,422,4,2020–2022
AhmerRaza12,https://github.com/AhmerRaza12,90547195,2021-09,39,402,4,2020–2022
Anas-KhanWP,https://github.com/Anas-KhanWP,91193057,2021-09,49,397,4,2020–2022
ShahrozS,https://github.com/ShahrozS,90262892,2021-09,13,377,4,2020–2022
HassanMunir,https://github.com/HassanMunir,91518406,2021-09,29,374,4,2020–2022
AkhlaqShaikh1,https://github.com/AkhlaqShaikh1,90452054,2021-09,66,364,4,2020–2022
sohaib1083,https://github.com/sohaib1083,90607515,2021-09,69,349,4,2020–2022
saadmomand6,https://github.com/saadmomand6,90141060,2021-09,46,342,4,2020–2022
SabaaN,https://github.com/SabaaN,91379786,2021-09,25,318,4,2020–2022
ifrahshahid,https://github.com/ifrahshahid,90761257,2021-09,18,315,4,2020–2022
aahilalwani25,https://github.com/aahilalwani25,90289035,2021-09,28,301,4,2020–2022
chintaman2004,https://github.com/chintaman2004,91548438,2021-09,23,287,4,2020–2022
abdurrd,https://github.com/abdurrd,91492331,2021-09,17,270,4,2020–2022
Muhammadsamo,https://github.com/Muhammadsamo,90363824,2021-09,19,254,4,2020–2022
atharsajid,https://github.com/atharsajid,90137896,2021-09,59,245,4,2020–2022
SRAABIA,https://github.com/SRAABIA,91334836,2021-09,44,236,4,2020–2022
RidaSalman,https://github.com/RidaSalman,91198729,2021-09,61,218,4,2020–2022
emadadnan000,https://github.com/emadadnan000,90501616,2021-09,13,192,4,2020–2022
HasanDEV4,https://github.com/HasanDEV4,91012251,2021-09,16,184,4,2020–2022
Yasir-dev-Ali,https://github.com/Yasir-dev-Ali,91179875,2021-09,64,175,4,2020–2022
usmansiddiqui12321,https://github.com/usmansiddiqui12321,90137766,2021-09,42,175,4,2020–2022
Izhar-Nabi,https://github.com/Izhar-Nabi,90437474,2021-09,79,170,4,2020–2022
kashan283,https://github.com/kashan283,90670581,2021-09,24,169,4,2020–2022
zamil-tech,https://github.com/zamil-tech,90958923,2021-09,23,168,4,2020–2022
Rashidhussain547,https://github.com/Rashidhussain547,89989802,2021-09,56,166,4,2020–2022
ANSABUDDIN,https://github.com/ANSABUDDIN,91285543,2021-09,32,165,4,2020–2022
Usama-warsi,https://github.com/Usama-warsi,91027475,2021-09,31,161,4,2020–2022
RohaidAliKhan,https://github.com/RohaidAliKhan,91697225,2021-09,18,161,4,2020–2022
muhammadhamzagova666,https://github.com/muhammadhamzagova666,91342516,2021-09,32,160,4,2020–2022
HBGaya,https://github.com/HBGaya,91366517,2021-09,19,148,4,2020–2022
virani1997,https://github.com/virani1997,90786278,2021-09,42,136,4,2020–2022
MuhammadUsman1706,https://github.com/MuhammadUsman1706,90875192,2021-09,33,136,4,2020–2022
irtizahussain221,https://github.com/irtizahussain221,91479638,2021-09,26,133,4,2020–2022
AbdulRehmanMarfani,https://github.com/AbdulRehmanMarfani,91469961,2021-09,31,125,4,2020–2022
zayansheikh,https://github.com/zayansheikh,91141743,2021-09,30,124,4,2020–2022
IzaanSohail1999,https://github.com/IzaanSohail1999,90548150,2021-09,29,123,4,2020–2022
ShamSuther,https://github.com/ShamSuther,90835995,2021-09,25,117,4,2020–2022
JiaNoor,https://github.com/JiaNoor,90166738,2021-09,29,114,4,2020–2022
umaima-khilji,https://github.com/umaima-khilji,91422673,2021-09,27,109,4,2020–2022
DaniyalIAhmed,https://github.com/DaniyalIAhmed,91361745,2021-09,40,105,4,2020–2022
Shahmeer-Nasir,https://github.com/Shahmeer-Nasir,90603986,2021-09,20,94,4,2020–2022
wahidahmedhabib,https://github.com/wahidahmedhabib,90455715,2021-09,60,87,4,2020–2022
Sohaibkhan100,https://github.com/Sohaibkhan100,90148088,2021-09,49,87,4,2020–2022
saadaslamdev,https://github.com/saadaslamdev,90821362,2021-09,8,83,4,2020–2022
Habiburrehman10,https://github.com/Habiburrehman10,91464285,2021-09,17,80,4,2020–2022
Muhammad1293,https://github.com/Muhammad1293,91629931,2021-09,7,78,4,2020–2022
tahirjamali,https://github.com/tahirjamali,91004276,2021-09,8,75,4,2020–2022
MTalha20,https://github.com/MTalha20,90752986,2021-09,26,66,4,2020–2022
Syedhamza12334,https://github.com/Syedhamza12334,91632358,2021-09,42,63,4,2020–2022
mnumairqureshi,https://github.com/mnumairqureshi,90131645,2021-09,34,63,4,2020–2022
saifuddinsalman,https://github.com/saifuddinsalman,90111667,2021-09,8,57,4,2020–2022
Imabdulsamad,https://github.com/Imabdulsamad,89974053,2021-09,13,56,4,2020–2022
hassan-yousuf,https://github.com/hassan-yousuf,91012378,2021-09,22,52,4,2020–2022
RayyanZain,https://github.com/RayyanZain,90254702,2021-09,15,50,4,2020–2022
AlamMuhamad,https://github.com/AlamMuhamad,91347183,2021-09,31,45,4,2020–2022
HaiderGamerz,https://github.com/HaiderGamerz,91683909,2021-09,21,40,4,2020–2022
ibadahmed26,https://github.com/ibadahmed26,91391052,2021-09,10,38,4,2020–2022
alifawadhassan,https://github.com/alifawadhassan,90863461,2021-09,8,38,4,2020–2022
MuhammadAnaskhan27,https://github.com/MuhammadAnaskhan27,90131661,2021-09,15,37,4,2020–2022
Usamayousuf85,https://github.com/Usamayousuf85,91689845,2021-09,18,33,4,2020–2022
ArsalanMehar,https://github.com/ArsalanMehar,90284384,2021-09,17,33,4,2020–2022
Ateeqaslam,https://github.com/Ateeqaslam,89943081,2021-09,7,31,4,2020–2022
syedhuzaifa2001,https://github.com/syedhuzaifa2001,91559917,2021-09,11,28,4,2020–2022
junaidirfan1,https://github.com/junaidirfan1,91193611,2021-09,10,28,4,2020–2022
BasilSaeedBari,https://github.com/BasilSaeedBari,90744134,2021-09,8,28,4,2020–2022
KhalidAhmed-Hub,https://github.com/KhalidAhmed-Hub,91387732,2021-09,12,27,4,2020–2022
daniyalkhan94,https://github.com/daniyalkhan94,91218154,2021-09,10,25,4,2020–2022
MuhammadAliyan777,https://github.com/MuhammadAliyan777,91342482,2021-09,14,24,4,2020–2022
talharao12,https://github.com/talharao12,91386037,2021-09,10,23,4,2020–2022
VishalDas11,https://github.com/VishalDas11,90254387,2021-09,18,21,4,2020–2022
NAUMANHUSSAINI,https://github.com/NAUMANHUSSAINI,91155072,2021-09,10,20,4,2020–2022
AreebFaisal,https://github.com/AreebFaisal,91316659,2021-09,6,19,4,2020–2022
CodeWithUmair,https://github.com/CodeWithUmair,91899494,2021-10,46,2256,4,2020–2022
Irtiza751,https://github.com/Irtiza751,91867702,2021-10,32,1574,4,2020–2022
ah2k-dev,https://github.com/ah2k-dev,93134479,2021-10,53,1068,4,2020–2022
mdhasnainhanif,https://github.com/mdhasnainhanif,92424021,2021-10,37,788,4,2020–2022
Rabeet8,https://github.com/Rabeet8,92630941,2021-10,65,673,4,2020–2022
salamjillani,https://github.com/salamjillani,92994347,2021-10,38,634,4,2020–2022
adeenazara2002,https://github.com/adeenazara2002,92504513,2021-10,66,609,4,2020–2022
Zohaib-Sathio,https://github.com/Zohaib-Sathio,92998504,2021-10,59,568,4,2020–2022
mubashirsidiki,https://github.com/mubashirsidiki,93453057,2021-10,58,477,4,2020–2022
Zayn365,https://github.com/Zayn365,92281212,2021-10,39,466,4,2020–2022
KhanRayyan3622,https://github.com/KhanRayyan3622,92469975,2021-10,62,465,4,2020–2022
wajahatah,https://github.com/wajahatah,92439306,2021-10,22,454,4,2020–2022
AbdulRehmanAtcha,https://github.com/AbdulRehmanAtcha,92687624,2021-10,88,453,4,2020–2022
Hamza-A-Ansari,https://github.com/Hamza-A-Ansari,93026830,2021-10,63,417,4,2020–2022
iMuhammadAnas,https://github.com/iMuhammadAnas,93304879,2021-10,30,398,4,2020–2022
AbdullahAnsariGit,https://github.com/AbdullahAnsariGit,92114680,2021-10,121,368,4,2020–2022
MuhammadHabibKhan,https://github.com/MuhammadHabibKhan,92048010,2021-10,34,352,4,2020–2022
kishore1477,https://github.com/kishore1477,92790475,2021-10,61,343,4,2020–2022
HammadxSaj,https://github.com/HammadxSaj,92040487,2021-10,27,323,4,2020–2022
osamayounus786,https://github.com/osamayounus786,93437185,2021-10,34,322,4,2020–2022
Hamzanaeem00,https://github.com/Hamzanaeem00,92143959,2021-10,38,321,4,2020–2022
sadaqatmustafa123,https://github.com/sadaqatmustafa123,93083212,2021-10,30,297,4,2020–2022
Muhammad-Taha07,https://github.com/Muhammad-Taha07,91743463,2021-10,10,288,4,2020–2022
msncoder,https://github.com/msncoder,92052088,2021-10,42,285,4,2020–2022
screamEagles,https://github.com/screamEagles,91723589,2021-10,64,271,4,2020–2022
meesum-abbas,https://github.com/meesum-abbas,93475768,2021-10,10,270,4,2020–2022
UmerSethi,https://github.com/UmerSethi,93343351,2021-10,7,269,4,2020–2022
AliRehman1279,https://github.com/AliRehman1279,93335626,2021-10,20,246,4,2020–2022
UmarShaikh27,https://github.com/UmarShaikh27,92930178,2021-10,40,239,4,2020–2022
ameerhamza3463,https://github.com/ameerhamza3463,93346483,2021-10,24,226,4,2020–2022
vvspower,https://github.com/vvspower,93432189,2021-10,34,216,4,2020–2022
manalimran-12,https://github.com/manalimran-12,93196097,2021-10,24,210,4,2020–2022
FarjazKashif,https://github.com/FarjazKashif,92172779,2021-10,21,206,4,2020–2022
MaazKhan3,https://github.com/MaazKhan3,93304495,2021-10,26,205,4,2020–2022
Umer-Khan-00000,https://github.com/Umer-Khan-00000,91822670,2021-10,16,195,4,2020–2022
the-bilal-ahsan,https://github.com/the-bilal-ahsan,92410796,2021-10,17,191,4,2020–2022
SameerAteeq,https://github.com/SameerAteeq,91722912,2021-10,39,188,4,2020–2022
MuhammadKomail,https://github.com/MuhammadKomail,92737744,2021-10,45,181,4,2020–2022
ahurara,https://github.com/ahurara,92803457,2021-10,33,175,4,2020–2022
safia-faiz02,https://github.com/safia-faiz02,92080507,2021-10,26,171,4,2020–2022
MoizArshad10,https://github.com/MoizArshad10,93007647,2021-10,73,169,4,2020–2022
ifrasaleemcsengineer,https://github.com/ifrasaleemcsengineer,92687547,2021-10,26,168,4,2020–2022
Khaany7,https://github.com/Khaany7,93050852,2021-10,28,159,4,2020–2022
Farrukh-Ahmed1,https://github.com/Farrukh-Ahmed1,92082052,2021-10,16,152,4,2020–2022
nomansiddiquiofficial,https://github.com/nomansiddiquiofficial,92144508,2021-10,33,148,4,2020–2022
azizlaghari,https://github.com/azizlaghari,93073230,2021-10,17,148,4,2020–2022
MuhammadAsadAnsari,https://github.com/MuhammadAsadAnsari,93114618,2021-10,15,146,4,2020–2022
Aneshlohana,https://github.com/Aneshlohana,91781521,2021-10,37,144,4,2020–2022
abdullahjawaid30,https://github.com/abdullahjawaid30,91978361,2021-10,45,143,4,2020–2022
Sameed-75210,https://github.com/Sameed-75210,92264901,2021-10,8,140,4,2020–2022
AhadMKhan,https://github.com/AhadMKhan,92453462,2021-10,13,138,4,2020–2022
WaqarShahidd,https://github.com/WaqarShahidd,92682577,2021-10,6,138,4,2020–2022
AbdurRahmanasim,https://github.com/AbdurRahmanasim,92375077,2021-10,66,135,4,2020–2022
UbaidMaalik,https://github.com/UbaidMaalik,92994342,2021-10,16,135,4,2020–2022
TuahaR1,https://github.com/TuahaR1,92690142,2021-10,15,131,4,2020–2022
bilalhanifkhatri,https://github.com/bilalhanifkhatri,92048125,2021-10,15,129,4,2020–2022
shahsaif99,https://github.com/shahsaif99,92218381,2021-10,14,126,4,2020–2022
SyedMehrab,https://github.com/SyedMehrab,93329172,2021-10,15,123,4,2020–2022
qadirlatif,https://github.com/qadirlatif,92687658,2021-10,19,118,4,2020–2022
Elisha-George,https://github.com/Elisha-George,93224994,2021-10,27,115,4,2020–2022
ahmedraza13,https://github.com/ahmedraza13,93287268,2021-10,46,111,4,2020–2022
NaghmanShafique,https://github.com/NaghmanShafique,93078643,2021-10,16,111,4,2020–2022
uzairabid1001,https://github.com/uzairabid1001,92589829,2021-10,88,106,4,2020–2022
kyumna,https://github.com/kyumna,92595566,2021-10,22,103,4,2020–2022
Jalal-op,https://github.com/Jalal-op,92783969,2021-10,12,102,4,2020–2022
Muhammad-Arsalan35,https://github.com/Muhammad-Arsalan35,92810866,2021-10,17,101,4,2020–2022
huzaifa-1502,https://github.com/huzaifa-1502,92090976,2021-10,75,98,4,2020–2022
usaidyf,https://github.com/usaidyf,91723520,2021-10,14,97,4,2020–2022
Umerkhokhar29,https://github.com/Umerkhokhar29,92316533,2021-10,11,95,4,2020–2022
HM-Talha,https://github.com/HM-Talha,92864820,2021-10,52,89,4,2020–2022
mughalahsanali77,https://github.com/mughalahsanali77,92226133,2021-10,19,89,4,2020–2022
rehman671,https://github.com/rehman671,92158651,2021-10,13,89,4,2020–2022
EnggTalha,https://github.com/EnggTalha,93043945,2021-10,15,88,4,2020–2022
shahzadmari,https://github.com/shahzadmari,92587193,2021-10,21,87,4,2020–2022
AhsanQadri04,https://github.com/AhsanQadri04,92331054,2021-10,11,87,4,2020–2022
mahmoodrasheedabbasi,https://github.com/mahmoodrasheedabbasi,93369788,2021-10,12,80,4,2020–2022
rizwanchanna,https://github.com/rizwanchanna,92065370,2021-10,8,79,4,2020–2022
Nedengineer,https://github.com/Nedengineer,93034609,2021-10,29,78,4,2020–2022
harisiqbal8,https://github.com/harisiqbal8,92398888,2021-10,17,78,4,2020–2022
Ahmed1912171,https://github.com/Ahmed1912171,92374336,2021-10,23,73,4,2020–2022
CheckMateFZ,https://github.com/CheckMateFZ,92569038,2021-10,9,73,4,2020–2022
neerajotwani23,https://github.com/neerajotwani23,92164286,2021-10,8,73,4,2020–2022
osama09876,https://github.com/osama09876,92752304,2021-10,12,70,4,2020–2022
Junaiddali,https://github.com/Junaiddali,92755723,2021-10,19,67,4,2020–2022
khansashakeel,https://github.com/khansashakeel,93080923,2021-10,15,66,4,2020–2022
IHarisImran,https://github.com/IHarisImran,92968966,2021-10,13,65,4,2020–2022
nabeelzubair-123,https://github.com/nabeelzubair-123,92153714,2021-10,48,63,4,2020–2022
HamzaAhmed425,https://github.com/HamzaAhmed425,92154605,2021-10,25,62,4,2020–2022
yaseenali-dev,https://github.com/yaseenali-dev,92854617,2021-10,7,61,4,2020–2022
Shahrukh0327,https://github.com/Shahrukh0327,92518538,2021-10,12,60,4,2020–2022
abdulbasitbintory,https://github.com/abdulbasitbintory,93333031,2021-10,20,59,4,2020–2022
Sanaullah23,https://github.com/Sanaullah23,92956172,2021-10,18,57,4,2020–2022
Mudassirkhan17,https://github.com/Mudassirkhan17,92767082,2021-10,17,55,4,2020–2022
Suzefa,https://github.com/Suzefa,92567854,2021-10,14,54,4,2020–2022
msafeerhussain,https://github.com/msafeerhussain,92220252,2021-10,21,53,4,2020–2022
Al-Basit,https://github.com/Al-Basit,92625639,2021-10,11,53,4,2020–2022
Azhar-Siddiq,https://github.com/Azhar-Siddiq,93040217,2021-10,48,52,4,2020–2022
HAMMAD-RESTUP,https://github.com/HAMMAD-RESTUP,91790477,2021-10,28,50,4,2020–2022
AshhalAhmed,https://github.com/AshhalAhmed,92667762,2021-10,28,47,4,2020–2022
Muhammad-Asad-45,https://github.com/Muhammad-Asad-45,91932549,2021-10,10,47,4,2020–2022
ba064251,https://github.com/ba064251,92623752,2021-10,18,40,4,2020–2022
muhammadanus312,https://github.com/muhammadanus312,92998468,2021-10,23,36,4,2020–2022
fizabatool,https://github.com/fizabatool,91733134,2021-10,8,36,4,2020–2022
saadahmed1996,https://github.com/saadahmed1996,92970963,2021-10,14,35,4,2020–2022
Eshanaaz,https://github.com/Eshanaaz,93055225,2021-10,32,33,4,2020–2022
sheikhsubhantalal,https://github.com/sheikhsubhantalal,91852025,2021-10,6,30,4,2020–2022
Najam-Waseem,https://github.com/Najam-Waseem,93077484,2021-10,13,29,4,2020–2022
sirjunaidalam,https://github.com/sirjunaidalam,93241395,2021-10,8,27,4,2020–2022
Hasnainahmed590,https://github.com/Hasnainahmed590,93081058,2021-10,16,26,4,2020–2022
Sufyan-Irfan,https://github.com/Sufyan-Irfan,93321587,2021-10,18,23,4,2020–2022
greshkumar1,https://github.com/greshkumar1,92296615,2021-10,9,23,4,2020–2022
Muhammadhasnainn,https://github.com/Muhammadhasnainn,93374520,2021-10,7,23,4,2020–2022
abdulrehman212,https://github.com/abdulrehman212,92443793,2021-10,13,21,4,2020–2022
mh031351,https://github.com/mh031351,92905000,2021-10,22,20,4,2020–2022
Aliyan03,https://github.com/Aliyan03,93050992,2021-10,15,20,4,2020–2022
MohammadSirajshams,https://github.com/MohammadSirajshams,93082927,2021-10,12,18,4,2020–2022
sufiyanjamil,https://github.com/sufiyanjamil,92028476,2021-10,10,17,4,2020–2022
MuhammadBabarWaseem,https://github.com/MuhammadBabarWaseem,93987919,2021-11,35,1626,4,2020–2022
Ashad001,https://github.com/Ashad001,93534298,2021-11,95,1623,4,2020–2022
hamidraza04321,https://github.com/hamidraza04321,95277000,2021-11,14,1606,4,2020–2022
Shakir-Hussain12,https://github.com/Shakir-Hussain12,94363151,2021-11,50,1124,4,2020–2022
AliMuhammadAsad,https://github.com/AliMuhammadAsad,93670153,2021-11,51,853,4,2020–2022
samaha-rizvi-4578,https://github.com/samaha-rizvi-4578,94197721,2021-11,57,667,4,2020–2022
SuhAilMAnzoor,https://github.com/SuhAilMAnzoor,93788026,2021-11,46,570,4,2020–2022
MasabBinZia,https://github.com/MasabBinZia,94193065,2021-11,52,569,4,2020–2022
maaznizam290,https://github.com/maaznizam290,94466009,2021-11,52,512,4,2020–2022
ZainabBibii,https://github.com/ZainabBibii,94752016,2021-11,12,417,4,2020–2022
ShaheerLuqman,https://github.com/ShaheerLuqman,94440745,2021-11,19,416,4,2020–2022
mynameishaheer,https://github.com/mynameishaheer,94866222,2021-11,17,415,4,2020–2022
IshaqJunejo,https://github.com/IshaqJunejo,93811456,2021-11,16,403,4,2020–2022
naumanaarif,https://github.com/naumanaarif,95040793,2021-11,14,386,4,2020–2022
umermaher,https://github.com/umermaher,93570267,2021-11,45,367,4,2020–2022
ZehraArshad,https://github.com/ZehraArshad,94461396,2021-11,36,351,4,2020–2022
sufyan-web,https://github.com/sufyan-web,94273741,2021-11,28,348,4,2020–2022
osamayousuf90,https://github.com/osamayousuf90,94833503,2021-11,44,325,4,2020–2022
DanishPatel3014,https://github.com/DanishPatel3014,93546025,2021-11,23,319,4,2020–2022
waqarhussain786,https://github.com/waqarhussain786,94596486,2021-11,21,287,4,2020–2022
Hassan01SE,https://github.com/Hassan01SE,94864329,2021-11,18,286,4,2020–2022
Afsah-Hyder,https://github.com/Afsah-Hyder,94605943,2021-11,41,250,4,2020–2022
roohankhan8,https://github.com/roohankhan8,93538028,2021-11,38,248,4,2020–2022
MuzammilRaxa,https://github.com/MuzammilRaxa,93780665,2021-11,70,247,4,2020–2022
sumsam-ali-sac,https://github.com/sumsam-ali-sac,93638623,2021-11,24,245,4,2020–2022
haiderabbas110,https://github.com/haiderabbas110,94956683,2021-11,19,224,4,2020–2022
Auonali,https://github.com/Auonali,94281481,2021-11,12,210,4,2020–2022
waqasqasid,https://github.com/waqasqasid,95194300,2021-11,9,200,4,2020–2022
omar94khan,https://github.com/omar94khan,95233527,2021-11,11,190,4,2020–2022
faizmshah,https://github.com/faizmshah,95033665,2021-11,26,188,4,2020–2022
aleerajai,https://github.com/aleerajai,93499883,2021-11,21,186,4,2020–2022
humayunisrar,https://github.com/humayunisrar,94983653,2021-11,11,180,4,2020–2022
HurairTaqvi,https://github.com/HurairTaqvi,94100531,2021-11,31,162,4,2020–2022
iwaai,https://github.com/iwaai,95141253,2021-11,35,161,4,2020–2022
shaeel45,https://github.com/shaeel45,93979118,2021-11,45,138,4,2020–2022
farhxn,https://github.com/farhxn,94041396,2021-11,37,138,4,2020–2022
Danish-Jumma,https://github.com/Danish-Jumma,94712571,2021-11,71,132,4,2020–2022
UsamaAbdulJabbar,https://github.com/UsamaAbdulJabbar,94742276,2021-11,54,129,4,2020–2022
Taimoor47,https://github.com/Taimoor47,93792632,2021-11,28,126,4,2020–2022
mohsinraza-fdev,https://github.com/mohsinraza-fdev,95017090,2021-11,26,120,4,2020–2022
aimanim,https://github.com/aimanim,94145510,2021-11,14,111,4,2020–2022
IqrarAli33,https://github.com/IqrarAli33,93674375,2021-11,17,109,4,2020–2022
ImadAbbasi,https://github.com/ImadAbbasi,93730557,2021-11,17,101,4,2020–2022
lycan-ll,https://github.com/lycan-ll,95302578,2021-11,34,95,4,2020–2022
GulRehman16,https://github.com/GulRehman16,94841285,2021-11,6,88,4,2020–2022
ahsenrz,https://github.com/ahsenrz,93762515,2021-11,12,87,4,2020–2022
AbdullahAkhlaq,https://github.com/AbdullahAkhlaq,93942419,2021-11,22,86,4,2020–2022
usmanshamsi,https://github.com/usmanshamsi,94300320,2021-11,19,83,4,2020–2022
WaseySaeed,https://github.com/WaseySaeed,94783648,2021-11,8,80,4,2020–2022
shaheer-farooqui-758,https://github.com/shaheer-farooqui-758,93513738,2021-11,19,76,4,2020–2022
WardaaNajamm,https://github.com/WardaaNajamm,94441757,2021-11,13,74,4,2020–2022
essaehaan,https://github.com/essaehaan,94886958,2021-11,17,73,4,2020–2022
LaibaMeer,https://github.com/LaibaMeer,94126878,2021-11,17,68,4,2020–2022
HamzaMinhaj1998,https://github.com/HamzaMinhaj1998,94170048,2021-11,7,67,4,2020–2022
Mujtabaa-Hassan,https://github.com/Mujtabaa-Hassan,94236969,2021-11,34,61,4,2020–2022
hafizhamzaali99,https://github.com/hafizhamzaali99,94824895,2021-11,22,61,4,2020–2022
Unsa4,https://github.com/Unsa4,94924307,2021-11,20,61,4,2020–2022
afsah234,https://github.com/afsah234,94360660,2021-11,13,60,4,2020–2022
uzaairrajput,https://github.com/uzaairrajput,94378485,2021-11,7,60,4,2020–2022
Afaque-Ahmed,https://github.com/Afaque-Ahmed,94464020,2021-11,20,59,4,2020–2022
meh-alam,https://github.com/meh-alam,94353131,2021-11,7,59,4,2020–2022
shoaibkaleem,https://github.com/shoaibkaleem,93904269,2021-11,7,57,4,2020–2022
Sameer-Bozdar,https://github.com/Sameer-Bozdar,95120035,2021-11,17,51,4,2020–2022
abdulmoizlogiciel,https://github.com/abdulmoizlogiciel,93972474,2021-11,8,51,4,2020–2022
MuhammadNofil,https://github.com/MuhammadNofil,94739002,2021-11,18,50,4,2020–2022
Rao-Muhammad-Bilal-Khan,https://github.com/Rao-Muhammad-Bilal-Khan,94099645,2021-11,8,49,4,2020–2022
muhammadhamza34,https://github.com/muhammadhamza34,94598048,2021-11,37,46,4,2020–2022
idreesVenD,https://github.com/idreesVenD,94344417,2021-11,6,46,4,2020–2022
HamzaSalmann9,https://github.com/HamzaSalmann9,94233332,2021-11,7,39,4,2020–2022
MuhammadKaleemRaza,https://github.com/MuhammadKaleemRaza,93877333,2021-11,19,37,4,2020–2022
faisalrafiquee,https://github.com/faisalrafiquee,94933097,2021-11,17,37,4,2020–2022
Usama-Akhtar,https://github.com/Usama-Akhtar,94844570,2021-11,14,34,4,2020–2022
MuhammadZainJaved,https://github.com/MuhammadZainJaved,94720177,2021-11,9,34,4,2020–2022
zuhair9911,https://github.com/zuhair9911,94902480,2021-11,13,33,4,2020–2022
mehadiyaJabbar,https://github.com/mehadiyaJabbar,94978713,2021-11,6,33,4,2020–2022
FarjadSuhail1,https://github.com/FarjadSuhail1,93755617,2021-11,15,29,4,2020–2022
MudassirAqeelAhmed,https://github.com/MudassirAqeelAhmed,94457015,2021-11,12,27,4,2020–2022
Laveshkhatri,https://github.com/Laveshkhatri,94523498,2021-11,15,26,4,2020–2022
ShayanShamsi,https://github.com/ShayanShamsi,94790483,2021-11,7,26,4,2020–2022
Lacaysse,https://github.com/Lacaysse,94693009,2021-11,6,25,4,2020–2022
sandeelashameen,https://github.com/sandeelashameen,95028805,2021-11,13,23,4,2020–2022
saifullahkoondhar,https://github.com/saifullahkoondhar,94432336,2021-11,6,23,4,2020–2022
safeerinnovative,https://github.com/safeerinnovative,93552118,2021-11,6,20,4,2020–2022
AaliyanIqbal,https://github.com/AaliyanIqbal,94125794,2021-11,17,19,4,2020–2022
khizrvd,https://github.com/khizrvd,95079497,2021-11,8,18,4,2020–2022
Ayeshaarshad8765,https://github.com/Ayeshaarshad8765,94776865,2021-11,20,17,4,2020–2022
devsyed,https://github.com/devsyed,96927414,2021-12,13,4744,4,2020–2022
jamalhussainshah,https://github.com/jamalhussainshah,95676591,2021-12,24,954,4,2020–2022
umairansariii,https://github.com/umairansariii,96532851,2021-12,26,702,4,2020–2022
HamzaVillage,https://github.com/HamzaVillage,96618778,2021-12,27,510,4,2020–2022
SyedSumaimaly,https://github.com/SyedSumaimaly,96646046,2021-12,79,486,4,2020–2022
Saad575757,https://github.com/Saad575757,95703661,2021-12,46,468,4,2020–2022
AbRehmansaif,https://github.com/AbRehmansaif,96259326,2021-12,31,411,4,2020–2022
Rizwan-Crystallite,https://github.com/Rizwan-Crystallite,96620814,2021-12,13,404,4,2020–2022
ahmedashrafbmj,https://github.com/ahmedashrafbmj,96784082,2021-12,67,394,4,2020–2022
Abdullah-Mubeen,https://github.com/Abdullah-Mubeen,96488616,2021-12,31,368,4,2020–2022
shehryaraijaz,https://github.com/shehryaraijaz,96201115,2021-12,15,361,4,2020–2022
phyziyx,https://github.com/phyziyx,96657278,2021-12,39,352,4,2020–2022
hafizakbar19,https://github.com/hafizakbar19,96139030,2021-12,76,346,4,2020–2022
owais9061,https://github.com/owais9061,96241170,2021-12,8,330,4,2020–2022
Mehdi-Zafar,https://github.com/Mehdi-Zafar,96488568,2021-12,61,264,4,2020–2022
Aayan-Ali-Hashim,https://github.com/Aayan-Ali-Hashim,96035366,2021-12,74,246,4,2020–2022
Hassan9khan,https://github.com/Hassan9khan,95634405,2021-12,56,232,4,2020–2022
AhmedEdhii,https://github.com/AhmedEdhii,95505641,2021-12,9,230,4,2020–2022
mohsinalimughal,https://github.com/mohsinalimughal,95424257,2021-12,53,213,4,2020–2022
TFKOrig,https://github.com/TFKOrig,96606224,2021-12,10,194,4,2020–2022
Nasir236,https://github.com/Nasir236,96633950,2021-12,50,178,4,2020–2022
MuhammedUsmanKhan,https://github.com/MuhammedUsmanKhan,96344030,2021-12,55,156,4,2020–2022
MShoaibNasir,https://github.com/MShoaibNasir,95880880,2021-12,51,146,4,2020–2022
muhammadhassan04,https://github.com/muhammadhassan04,96203554,2021-12,7,146,4,2020–2022
rijahasan,https://github.com/rijahasan,95442492,2021-12,10,144,4,2020–2022
shomaielkhan,https://github.com/shomaielkhan,95743737,2021-12,24,125,4,2020–2022
zaidsyed12,https://github.com/zaidsyed12,95569344,2021-12,30,119,4,2020–2022
MuhammadAbdullahMushtaq,https://github.com/MuhammadAbdullahMushtaq,95935348,2021-12,20,114,4,2020–2022
AbdulSamadOffical,https://github.com/AbdulSamadOffical,96175494,2021-12,13,113,4,2020–2022
19khadij,https://github.com/19khadij,96606326,2021-12,27,99,4,2020–2022
LaibaRazi,https://github.com/LaibaRazi,95611241,2021-12,16,99,4,2020–2022
furqan-hassan110,https://github.com/furqan-hassan110,96732523,2021-12,38,97,4,2020–2022
usamakhan09,https://github.com/usamakhan09,96444294,2021-12,22,96,4,2020–2022
SyedZayan,https://github.com/SyedZayan,96523088,2021-12,19,94,4,2020–2022
Abdul-Aziz-dal,https://github.com/Abdul-Aziz-dal,95477937,2021-12,12,93,4,2020–2022
ZohaiAli,https://github.com/ZohaiAli,95756200,2021-12,34,88,4,2020–2022
farukhemeriosoft,https://github.com/farukhemeriosoft,96915142,2021-12,11,77,4,2020–2022
umarM7788,https://github.com/umarM7788,95843437,2021-12,47,75,4,2020–2022
Furqan220,https://github.com/Furqan220,96830775,2021-12,29,73,4,2020–2022
digitcreators,https://github.com/digitcreators,95739211,2021-12,15,73,4,2020–2022
as-hsm53,https://github.com/as-hsm53,96287369,2021-12,19,72,4,2020–2022
Raza-Naqvi,https://github.com/Raza-Naqvi,95486984,2021-12,18,71,4,2020–2022
amberasif,https://github.com/amberasif,96037103,2021-12,23,70,4,2020–2022
JimmiJan,https://github.com/JimmiJan,96634490,2021-12,56,67,4,2020–2022
HasnainRaza2004,https://github.com/HasnainRaza2004,95847069,2021-12,30,67,4,2020–2022
Muhammed-Hamzaa,https://github.com/Muhammed-Hamzaa,95828450,2021-12,7,65,4,2020–2022
AsraAijaz17,https://github.com/AsraAijaz17,95568695,2021-12,23,60,4,2020–2022
ibtihajjutt,https://github.com/ibtihajjutt,96866353,2021-12,15,56,4,2020–2022
Etbarullah,https://github.com/Etbarullah,96568184,2021-12,7,51,4,2020–2022
usaidahmed6,https://github.com/usaidahmed6,96471076,2021-12,35,50,4,2020–2022
SyedTajuddinIrfani,https://github.com/SyedTajuddinIrfani,96831810,2021-12,14,50,4,2020–2022
fardan511,https://github.com/fardan511,95400391,2021-12,10,50,4,2020–2022
JinsarAli,https://github.com/JinsarAli,96349078,2021-12,22,48,4,2020–2022
arsalalam21,https://github.com/arsalalam21,96037052,2021-12,6,47,4,2020–2022
AbdulRafay-bit,https://github.com/AbdulRafay-bit,96682031,2021-12,42,42,4,2020–2022
Muzamil02,https://github.com/Muzamil02,96439773,2021-12,6,41,4,2020–2022
LalParmar261,https://github.com/LalParmar261,96543704,2021-12,15,39,4,2020–2022
aqiawan01,https://github.com/aqiawan01,96482794,2021-12,21,37,4,2020–2022
proanus,https://github.com/proanus,96665688,2021-12,16,37,4,2020–2022
taimoor-abid,https://github.com/taimoor-abid,96036503,2021-12,16,37,4,2020–2022
Owaisali25,https://github.com/Owaisali25,96883219,2021-12,24,35,4,2020–2022
bilal-aslam,https://github.com/bilal-aslam,96526245,2021-12,9,34,4,2020–2022
Nisahoorain,https://github.com/Nisahoorain,96840674,2021-12,18,33,4,2020–2022
RameezAzhar,https://github.com/RameezAzhar,95407421,2021-12,9,29,4,2020–2022
AfreenZehraCipher,https://github.com/AfreenZehraCipher,95914282,2021-12,9,29,4,2020–2022
MaazBinTahir,https://github.com/MaazBinTahir,96207722,2021-12,8,29,4,2020–2022
saleemsolangi,https://github.com/saleemsolangi,96227603,2021-12,28,28,4,2020–2022
muhammadosama-dev,https://github.com/muhammadosama-dev,95427601,2021-12,8,24,4,2020–2022
Umair-5,https://github.com/Umair-5,95486827,2021-12,15,23,4,2020–2022
mateenjameel,https://github.com/mateenjameel,96107669,2021-12,6,22,4,2020–2022
jotishkumar,https://github.com/jotishkumar,95983012,2021-12,11,20,4,2020–2022
UzmaFatima,https://github.com/UzmaFatima,96037026,2021-12,17,19,4,2020–2022
sumrakhan1990,https://github.com/sumrakhan1990,95775822,2021-12,13,17,4,2020–2022
devmdanish,https://github.com/devmdanish,96261591,2021-12,12,17,4,2020–2022
DataJinipk,https://github.com/DataJinipk,98328236,2022-01,15,5767,4,2020–2022
ZainAsif767,https://github.com/ZainAsif767,98703238,2022-01,45,1267,4,2020–2022
Abdulhaseebimran,https://github.com/Abdulhaseebimran,98330141,2022-01,110,862,4,2020–2022
JazebJaved468,https://github.com/JazebJaved468,98709989,2022-01,39,854,4,2020–2022
Ashrib,https://github.com/Ashrib,96954816,2022-01,110,802,4,2020–2022
sameer52718,https://github.com/sameer52718,97797606,2022-01,31,787,4,2020–2022
AlphaAnas,https://github.com/AlphaAnas,96944434,2022-01,67,756,4,2020–2022
AbdullahJaffrey,https://github.com/AbdullahJaffrey,96979542,2022-01,39,693,4,2020–2022
sameerarshad786,https://github.com/sameerarshad786,97501352,2022-01,25,641,4,2020–2022
SaadiDK-003,https://github.com/SaadiDK-003,98222299,2022-01,21,618,4,2020–2022
ummeabiha,https://github.com/ummeabiha,98107411,2022-01,33,598,4,2020–2022
tayyaba-ali,https://github.com/tayyaba-ali,98578632,2022-01,101,563,4,2020–2022
Mustafa-Hassan2001,https://github.com/Mustafa-Hassan2001,98483655,2022-01,241,532,4,2020–2022
mdhamzakabeer,https://github.com/mdhamzakabeer,98486587,2022-01,47,498,4,2020–2022
Muazzamkhan03,https://github.com/Muazzamkhan03,96993942,2022-01,34,493,4,2020–2022
Fozan3060,https://github.com/Fozan3060,98460987,2022-01,24,491,4,2020–2022
RizanKhan837,https://github.com/RizanKhan837,97829429,2022-01,42,476,4,2020–2022
muhammadazeemhaider,https://github.com/muhammadazeemhaider,97507694,2022-01,37,470,4,2020–2022
raniasiddiqui,https://github.com/raniasiddiqui,98390882,2022-01,30,433,4,2020–2022
Muhammad-Jawwad,https://github.com/Muhammad-Jawwad,98478303,2022-01,40,402,4,2020–2022
ZaidAhmed2003,https://github.com/ZaidAhmed2003,97093037,2022-01,46,389,4,2020–2022
hammad38,https://github.com/hammad38,96943053,2022-01,31,388,4,2020–2022
Aribasiddiqui44,https://github.com/Aribasiddiqui44,98045536,2022-01,42,386,4,2020–2022
bilalsohailmirza,https://github.com/bilalsohailmirza,98271850,2022-01,32,357,4,2020–2022
AliJawadSubhan,https://github.com/AliJawadSubhan,97254328,2022-01,122,352,4,2020–2022
atifsalam78,https://github.com/atifsalam78,98662990,2022-01,25,320,4,2020–2022
HarisJavedskipq2022,https://github.com/HarisJavedskipq2022,98093240,2022-01,21,313,4,2020–2022
syedhaashir,https://github.com/syedhaashir,98033127,2022-01,68,310,4,2020–2022
ghulamyaseen778,https://github.com/ghulamyaseen778,97789223,2022-01,60,309,4,2020–2022
Muzammillcoste,https://github.com/Muzammillcoste,98225625,2022-01,49,299,4,2020–2022
Shahmeerhussain1,https://github.com/Shahmeerhussain1,97156017,2022-01,64,266,4,2020–2022
LaibaKhan1,https://github.com/LaibaKhan1,98444317,2022-01,25,265,4,2020–2022
muhammadrehab1245,https://github.com/muhammadrehab1245,96949799,2022-01,25,255,4,2020–2022
hamna4503,https://github.com/hamna4503,97177481,2022-01,20,252,4,2020–2022
fayazashraf98,https://github.com/fayazashraf98,97346744,2022-01,27,247,4,2020–2022
maryamirfan18,https://github.com/maryamirfan18,98476593,2022-01,18,245,4,2020–2022
Mudasserahmed,https://github.com/Mudasserahmed,98097744,2022-01,44,236,4,2020–2022
Mahanoor123,https://github.com/Mahanoor123,96951051,2022-01,43,232,4,2020–2022
TalhahAsif,https://github.com/TalhahAsif,98359013,2022-01,45,227,4,2020–2022
hamxamehboob,https://github.com/hamxamehboob,97390895,2022-01,20,227,4,2020–2022
Zakawat-Abbas,https://github.com/Zakawat-Abbas,97514280,2022-01,43,224,4,2020–2022
neeraj-kumarr,https://github.com/neeraj-kumarr,98312905,2022-01,24,220,4,2020–2022
Ultrafay,https://github.com/Ultrafay,98752978,2022-01,14,218,4,2020–2022
AreebaKhan44,https://github.com/AreebaKhan44,98646330,2022-01,101,217,4,2020–2022
MRizwan1057,https://github.com/MRizwan1057,96943208,2022-01,46,212,4,2020–2022
Muzammil-Arain,https://github.com/Muzammil-Arain,97776950,2022-01,9,211,4,2020–2022
ukasha36,https://github.com/ukasha36,98378169,2022-01,49,207,4,2020–2022
mah-jabeen,https://github.com/mah-jabeen,98571839,2022-01,32,206,4,2020–2022
ghourigeeks,https://github.com/ghourigeeks,97091625,2022-01,21,194,4,2020–2022
farizali10,https://github.com/farizali10,98698599,2022-01,23,181,4,2020–2022
abdulwahid5605,https://github.com/abdulwahid5605,97913655,2022-01,40,176,4,2020–2022
shozabhussain,https://github.com/shozabhussain,98157991,2022-01,20,173,4,2020–2022
HABIB-UBIT,https://github.com/HABIB-UBIT,98110046,2022-01,55,168,4,2020–2022
abrar0349,https://github.com/abrar0349,97117153,2022-01,47,165,4,2020–2022
muniba-rahman,https://github.com/muniba-rahman,97779987,2022-01,28,165,4,2020–2022
shabbir0000,https://github.com/shabbir0000,97220285,2022-01,32,162,4,2020–2022
felixarash,https://github.com/felixarash,97429277,2022-01,37,146,4,2020–2022
arafayr,https://github.com/arafayr,98162001,2022-01,36,145,4,2020–2022
afzalabdullah,https://github.com/afzalabdullah,98462344,2022-01,18,143,4,2020–2022
lamansheikh,https://github.com/lamansheikh,97945337,2022-01,41,139,4,2020–2022
Shamama-Bin-Shakil,https://github.com/Shamama-Bin-Shakil,97785829,2022-01,29,139,4,2020–2022
as07313,https://github.com/as07313,98278381,2022-01,16,139,4,2020–2022
HajraKamran,https://github.com/HajraKamran,98352459,2022-01,10,129,4,2020–2022
syed92809,https://github.com/syed92809,98455313,2022-01,23,115,4,2020–2022
Azeen-Shah,https://github.com/Azeen-Shah,96942430,2022-01,15,114,4,2020–2022
Kunal637,https://github.com/Kunal637,96952841,2022-01,52,112,4,2020–2022
Hafeez-nabeel,https://github.com/Hafeez-nabeel,97380730,2022-01,44,110,4,2020–2022
A-Mannan,https://github.com/A-Mannan,98552658,2022-01,34,108,4,2020–2022
Sahil-khnn,https://github.com/Sahil-khnn,98509929,2022-01,18,106,5,2022–2022
MehmoodAlam632,https://github.com/MehmoodAlam632,97983039,2022-01,40,103,5,2022–2022
Muhammad-Rayyan1,https://github.com/Muhammad-Rayyan1,98231737,2022-01,29,99,5,2022–2022
ikhlasafzaal,https://github.com/ikhlasafzaal,98226842,2022-01,45,95,5,2022–2022
Aamirrkhan,https://github.com/Aamirrkhan,98508446,2022-01,7,95,5,2022–2022
Syeda-Rida-Fatima,https://github.com/Syeda-Rida-Fatima,97686525,2022-01,15,94,5,2022–2022
thedistortedwajdan,https://github.com/thedistortedwajdan,97748102,2022-01,12,92,5,2022–2022
shahbaz-tariq,https://github.com/shahbaz-tariq,98009140,2022-01,26,90,5,2022–2022
IbrahimZarkoon,https://github.com/IbrahimZarkoon,98490293,2022-01,10,88,5,2022–2022
smaaliyan,https://github.com/smaaliyan,96939737,2022-01,16,87,5,2022–2022
HaseebMalik22,https://github.com/HaseebMalik22,97584342,2022-01,34,84,5,2022–2022
FarzamAliKhan,https://github.com/FarzamAliKhan,97279209,2022-01,16,83,5,2022–2022
iamsabby,https://github.com/iamsabby,98713880,2022-01,43,79,5,2022–2022
SheikhHarisUddinAnsari,https://github.com/SheikhHarisUddinAnsari,97302435,2022-01,33,78,5,2022–2022
Umamanasir123,https://github.com/Umamanasir123,97913647,2022-01,23,78,5,2022–2022
ShafiqUsman,https://github.com/ShafiqUsman,98705902,2022-01,10,77,5,2022–2022
016HaiderAli,https://github.com/016HaiderAli,96936954,2022-01,16,76,5,2022–2022
Fawad98,https://github.com/Fawad98,98509587,2022-01,12,75,5,2022–2022
yousufansari-dev,https://github.com/yousufansari-dev,98307680,2022-01,24,72,5,2022–2022
daniyal-alam,https://github.com/daniyal-alam,98082124,2022-01,33,67,5,2022–2022
Nehadsys,https://github.com/Nehadsys,98046541,2022-01,27,66,5,2022–2022
SoftwareEngineerr,https://github.com/SoftwareEngineerr,97836222,2022-01,22,66,5,2022–2022
HuzaifaInshal,https://github.com/HuzaifaInshal,98702038,2022-01,11,65,5,2022–2022
rafayabbas10,https://github.com/rafayabbas10,98651003,2022-01,22,64,5,2022–2022
msaeeddesai,https://github.com/msaeeddesai,98637824,2022-01,14,63,5,2022–2022
farmanali11,https://github.com/farmanali11,97803274,2022-01,7,61,5,2022–2022
MohidAbdulRehman,https://github.com/MohidAbdulRehman,96944019,2022-01,12,60,5,2022–2022
UmairAbbas78,https://github.com/UmairAbbas78,98217730,2022-01,8,60,5,2022–2022
BilalAhmed9898,https://github.com/BilalAhmed9898,97969718,2022-01,19,58,5,2022–2022
MuqtasidBhatti,https://github.com/MuqtasidBhatti,97016938,2022-01,6,54,5,2022–2022
kashifrashee,https://github.com/kashifrashee,97441516,2022-01,23,53,5,2022–2022
HamdanSidz,https://github.com/HamdanSidz,97533856,2022-01,21,52,5,2022–2022
Munawar080,https://github.com/Munawar080,98495040,2022-01,7,52,5,2022–2022
iadeel,https://github.com/iadeel,97623601,2022-01,19,51,5,2022–2022
anashamsi,https://github.com/anashamsi,98109997,2022-01,13,51,5,2022–2022
smmubashirr,https://github.com/smmubashirr,96954726,2022-01,13,46,5,2022–2022
umairiqbal2003,https://github.com/umairiqbal2003,98414015,2022-01,28,45,5,2022–2022
muhammadtalhanizam,https://github.com/muhammadtalhanizam,96940886,2022-01,19,44,5,2022–2022
romesakhan90,https://github.com/romesakhan90,98734435,2022-01,11,42,5,2022–2022
xHarry26,https://github.com/xHarry26,98465995,2022-01,10,42,5,2022–2022
WaliMuhammadSoftwareEngineer,https://github.com/WaliMuhammadSoftwareEngineer,98151195,2022-01,10,41,5,2022–2022
ammad877,https://github.com/ammad877,98234395,2022-01,30,40,5,2022–2022
okashaghaffar,https://github.com/okashaghaffar,98543644,2022-01,13,37,5,2022–2022
MIRZA-HAMZA341,https://github.com/MIRZA-HAMZA341,98513834,2022-01,7,35,5,2022–2022
TheAbdulWahid,https://github.com/TheAbdulWahid,98387360,2022-01,7,34,5,2022–2022
Naeem47,https://github.com/Naeem47,97514027,2022-01,19,33,5,2022–2022
rajahammadkhan,https://github.com/rajahammadkhan,96950548,2022-01,20,31,5,2022–2022
taimooraly,https://github.com/taimooraly,96955117,2022-01,15,30,5,2022–2022
Usama-Rafiq1,https://github.com/Usama-Rafiq1,97546538,2022-01,11,30,5,2022–2022
Raja-Farhan,https://github.com/Raja-Farhan,97741366,2022-01,11,29,5,2022–2022
githudjibran2,https://github.com/githudjibran2,98670919,2022-01,14,28,5,2022–2022
AkhtarAltamash,https://github.com/AkhtarAltamash,97874805,2022-01,14,28,5,2022–2022
suhail57,https://github.com/suhail57,96945729,2022-01,9,28,5,2022–2022
SyedBilalFahim,https://github.com/SyedBilalFahim,97227443,2022-01,8,28,5,2022–2022
ArunMandhan,https://github.com/ArunMandhan,98730508,2022-01,8,27,5,2022–2022
Flam-Arhum,https://github.com/Flam-Arhum,98056810,2022-01,7,26,5,2022–2022
Wikky92,https://github.com/Wikky92,98664875,2022-01,8,25,5,2022–2022
wajiha-work,https://github.com/wajiha-work,98300526,2022-01,6,25,5,2022–2022
muhammadosama2001,https://github.com/muhammadosama2001,98270089,2022-01,14,22,5,2022–2022
HammadKang,https://github.com/HammadKang,98317863,2022-01,10,22,5,2022–2022
InsharaIqbal,https://github.com/InsharaIqbal,98034304,2022-01,10,22,5,2022–2022
syedhasan01,https://github.com/syedhasan01,98736291,2022-01,6,22,5,2022–2022
furqan9ahmed,https://github.com/furqan9ahmed,96954220,2022-01,7,21,5,2022–2022
MuhammadAdnan18,https://github.com/MuhammadAdnan18,97541713,2022-01,6,21,5,2022–2022
dilawar-saeed,https://github.com/dilawar-saeed,97390724,2022-01,16,20,5,2022–2022
muhammadrafaywaqar123,https://github.com/muhammadrafaywaqar123,96958458,2022-01,14,20,5,2022–2022
lovesharma1516,https://github.com/lovesharma1516,97010087,2022-01,8,20,5,2022–2022
anashssn,https://github.com/anashssn,98776138,2022-01,9,17,5,2022–2022
waapsdeveloper,https://github.com/waapsdeveloper,99804964,2022-02,29,29851,5,2022–2022
aliarslangit,https://github.com/aliarslangit,100302855,2022-02,22,796,5,2022–2022
zainahmed768,https://github.com/zainahmed768,99401499,2022-02,37,665,5,2022–2022
zaid617,https://github.com/zaid617,100027179,2022-02,92,624,5,2022–2022
osamanoor17,https://github.com/osamanoor17,100303780,2022-02,62,548,5,2022–2022
MuhammadSarimWaseem,https://github.com/MuhammadSarimWaseem,99094444,2022-02,44,539,5,2022–2022
subhanrizwan,https://github.com/subhanrizwan,99755580,2022-02,49,538,5,2022–2022
hasham25525,https://github.com/hasham25525,99072327,2022-02,36,515,5,2022–2022
ShoaibMuhammad786,https://github.com/ShoaibMuhammad786,99640699,2022-02,80,506,5,2022–2022
ZunainAliAzam,https://github.com/ZunainAliAzam,99075874,2022-02,35,489,5,2022–2022
AfzalAliSolangi,https://github.com/AfzalAliSolangi,100179604,2022-02,6,482,5,2022–2022
Mubin987,https://github.com/Mubin987,99292441,2022-02,30,474,5,2022–2022
i-saudahmed,https://github.com/i-saudahmed,99158430,2022-02,21,458,5,2022–2022
MuhammadSaad25,https://github.com/MuhammadSaad25,99634425,2022-02,50,454,5,2022–2022
shoaibulhaque,https://github.com/shoaibulhaque,100478548,2022-02,55,440,5,2022–2022
IfhamAhmedKhan,https://github.com/IfhamAhmedKhan,100079416,2022-02,31,400,5,2022–2022
0xumarfarooq,https://github.com/0xumarfarooq,98796369,2022-02,80,381,5,2022–2022
hamzaahmedshaikh,https://github.com/hamzaahmedshaikh,99156466,2022-02,63,345,5,2022–2022
Mairajk,https://github.com/Mairajk,99828797,2022-02,89,327,5,2022–2022
najam3,https://github.com/najam3,100590374,2022-02,22,327,5,2022–2022
Aliyan669,https://github.com/Aliyan669,100078535,2022-02,43,303,5,2022–2022
Muneebq1,https://github.com/Muneebq1,99771526,2022-02,47,288,5,2022–2022
Asad-devv,https://github.com/Asad-devv,100482908,2022-02,55,284,5,2022–2022
AbdulAhadilyas,https://github.com/AbdulAhadilyas,99830052,2022-02,82,272,5,2022–2022
HasnainHSA,https://github.com/HasnainHSA,99191648,2022-02,84,262,5,2022–2022
Ammar-Asim-23,https://github.com/Ammar-Asim-23,99124351,2022-02,36,258,5,2022–2022
MuhammadDaniyal,https://github.com/MuhammadDaniyal,100442123,2022-02,44,249,5,2022–2022
MuneerKhalid,https://github.com/MuneerKhalid,99136405,2022-02,14,247,5,2022–2022
AhmerAli1813,https://github.com/AhmerAli1813,98941104,2022-02,35,225,5,2022–2022
HafizMuhammadRayyan,https://github.com/HafizMuhammadRayyan,99716542,2022-02,50,224,5,2022–2022
AneeqMuneer,https://github.com/AneeqMuneer,99459815,2022-02,11,222,5,2022–2022
saadahmed0147,https://github.com/saadahmed0147,99617062,2022-02,39,218,5,2022–2022
minahilirfan26,https://github.com/minahilirfan26,99713184,2022-02,44,217,5,2022–2022
Salmanshamsi,https://github.com/Salmanshamsi,99350382,2022-02,55,208,5,2022–2022
abzaidi,https://github.com/abzaidi,98954631,2022-02,22,203,5,2022–2022
AhmedRazaSidd,https://github.com/AhmedRazaSidd,99049555,2022-02,35,202,5,2022–2022
siddiquimaaz,https://github.com/siddiquimaaz,100340103,2022-02,13,201,5,2022–2022
ayesha-muttalib123,https://github.com/ayesha-muttalib123,100518024,2022-02,46,178,5,2022–2022
ikram5426,https://github.com/ikram5426,100511504,2022-02,28,168,5,2022–2022
Faizanansari222,https://github.com/Faizanansari222,100279140,2022-02,35,167,5,2022–2022
ShaziaAhmed2744,https://github.com/ShaziaAhmed2744,99113667,2022-02,56,166,5,2022–2022
mubashir-mehran,https://github.com/mubashir-mehran,100224510,2022-02,24,166,5,2022–2022
UsaidAqeel,https://github.com/UsaidAqeel,100064695,2022-02,31,155,5,2022–2022
adeelshah41,https://github.com/adeelshah41,99463969,2022-02,26,154,5,2022–2022
Majeed0077,https://github.com/Majeed0077,100520839,2022-02,11,153,5,2022–2022
Jehanzeb11,https://github.com/Jehanzeb11,100095101,2022-02,63,152,5,2022–2022
WAQAR1205,https://github.com/WAQAR1205,99873601,2022-02,17,151,5,2022–2022
AneeqUllahKhan,https://github.com/AneeqUllahKhan,100312518,2022-02,44,143,5,2022–2022
fahadsiddiqui337,https://github.com/fahadsiddiqui337,99320085,2022-02,26,141,5,2022–2022
ZiaUrRehmanDev,https://github.com/ZiaUrRehmanDev,98837119,2022-02,83,140,5,2022–2022
Fahad77-create,https://github.com/Fahad77-create,100090805,2022-02,13,134,5,2022–2022
MuhammadEjaz11,https://github.com/MuhammadEjaz11,98952856,2022-02,20,130,5,2022–2022
omerkhan7210,https://github.com/omerkhan7210,98934274,2022-02,42,128,5,2022–2022
SaroshAhmed,https://github.com/SaroshAhmed,100199208,2022-02,37,128,5,2022–2022
Abdul-Rafay-2002,https://github.com/Abdul-Rafay-2002,99833769,2022-02,15,126,5,2022–2022
MuhammadWamiq003,https://github.com/MuhammadWamiq003,99263882,2022-02,14,124,5,2022–2022
Za-heer,https://github.com/Za-heer,99532881,2022-02,29,119,5,2022–2022
Ayemafx,https://github.com/Ayemafx,99185666,2022-02,29,111,5,2022–2022
zain-2002,https://github.com/zain-2002,100013909,2022-02,24,106,5,2022–2022
abm1119,https://github.com/abm1119,100442201,2022-02,21,104,5,2022–2022
MohammadRizwan007,https://github.com/MohammadRizwan007,99329989,2022-02,13,101,5,2022–2022
Ahmed12ibad,https://github.com/Ahmed12ibad,99754515,2022-02,51,92,5,2022–2022
AamirMir1,https://github.com/AamirMir1,98844827,2022-02,36,88,5,2022–2022
partabparmar,https://github.com/partabparmar,100027196,2022-02,20,88,5,2022–2022
naeemahmedpnl,https://github.com/naeemahmedpnl,100503509,2022-02,29,86,5,2022–2022
devwaqarahmed,https://github.com/devwaqarahmed,99397858,2022-02,24,85,5,2022–2022
SM-Zeerak,https://github.com/SM-Zeerak,100509895,2022-02,26,79,5,2022–2022
KomalRai18,https://github.com/KomalRai18,99144267,2022-02,21,79,5,2022–2022
Wajid-Ali124,https://github.com/Wajid-Ali124,99598560,2022-02,26,77,5,2022–2022
SyedAreebHussain1,https://github.com/SyedAreebHussain1,99928033,2022-02,21,69,5,2022–2022
uzzi-36,https://github.com/uzzi-36,99821524,2022-02,29,68,5,2022–2022
Manzar-Abbas98,https://github.com/Manzar-Abbas98,100190110,2022-02,27,67,5,2022–2022
Kashafuddujaa,https://github.com/Kashafuddujaa,99113718,2022-02,16,62,5,2022–2022
itzztahahere,https://github.com/itzztahahere,99526410,2022-02,9,62,5,2022–2022
HAFSA342,https://github.com/HAFSA342,99113724,2022-02,18,60,5,2022–2022
saadali12345,https://github.com/saadali12345,99753898,2022-02,41,59,5,2022–2022
Syed-Mubeen-Hussain,https://github.com/Syed-Mubeen-Hussain,99957718,2022-02,29,55,5,2022–2022
Simrah-Saleem,https://github.com/Simrah-Saleem,100465483,2022-02,18,55,5,2022–2022
KabirBhatti,https://github.com/KabirBhatti,100557432,2022-02,11,55,5,2022–2022
osamabinshan,https://github.com/osamabinshan,99711751,2022-02,47,54,5,2022–2022
AbdullahAsad2002,https://github.com/AbdullahAsad2002,99525018,2022-02,20,52,5,2022–2022
Muhammad-Bilal-Khan,https://github.com/Muhammad-Bilal-Khan,99203363,2022-02,10,52,5,2022–2022
anisduaa,https://github.com/anisduaa,100033020,2022-02,28,51,5,2022–2022
syedMujeebUlHasan,https://github.com/syedMujeebUlHasan,100028559,2022-02,16,51,5,2022–2022
javairyah,https://github.com/javairyah,100527328,2022-02,12,50,5,2022–2022
Muhammad-Arham-6886,https://github.com/Muhammad-Arham-6886,99357883,2022-02,11,50,5,2022–2022
Aun-Ali-43334,https://github.com/Aun-Ali-43334,100233659,2022-02,15,49,5,2022–2022
EngineerIbad,https://github.com/EngineerIbad,100094661,2022-02,7,47,5,2022–2022
SyedMuhammadOsama,https://github.com/SyedMuhammadOsama,100578839,2022-02,16,46,5,2022–2022
Muneet786,https://github.com/Muneet786,99534910,2022-02,24,45,5,2022–2022
yusrashahid205,https://github.com/yusrashahid205,99241818,2022-02,6,44,5,2022–2022
hassan-abbas-arain,https://github.com/hassan-abbas-arain,100480539,2022-02,18,43,5,2022–2022
SyedAmmadHussain29,https://github.com/SyedAmmadHussain29,99591066,2022-02,22,42,5,2022–2022
mzr2k,https://github.com/mzr2k,100401684,2022-02,13,42,5,2022–2022
alias40,https://github.com/alias40,99580498,2022-02,8,42,5,2022–2022
kashandev,https://github.com/kashandev,99481677,2022-02,9,39,5,2022–2022
laibaRehan,https://github.com/laibaRehan,99158391,2022-02,11,37,5,2022–2022
AounUllahKhan,https://github.com/AounUllahKhan,98881916,2022-02,13,35,5,2022–2022
Abdul-Sammad,https://github.com/Abdul-Sammad,100076834,2022-02,25,34,5,2022–2022
Shahzaib666999,https://github.com/Shahzaib666999,99123620,2022-02,9,34,5,2022–2022
nabeelahmed021,https://github.com/nabeelahmed021,99543718,2022-02,7,33,5,2022–2022
umerpirwani,https://github.com/umerpirwani,99413198,2022-02,19,32,5,2022–2022
hassanamir951,https://github.com/hassanamir951,99806829,2022-02,16,32,5,2022–2022
TheUnparalleledDragon,https://github.com/TheUnparalleledDragon,98899739,2022-02,10,32,5,2022–2022
muhammadTanzeelmahtab,https://github.com/muhammadTanzeelmahtab,100139930,2022-02,45,31,5,2022–2022
harisnabeel,https://github.com/harisnabeel,99736227,2022-02,8,31,5,2022–2022
muhammadunair,https://github.com/muhammadunair,100183513,2022-02,27,30,5,2022–2022
Amber-Riaz,https://github.com/Amber-Riaz,99248139,2022-02,12,30,5,2022–2022
Fahadchandio123,https://github.com/Fahadchandio123,99160452,2022-02,9,29,5,2022–2022
MuhammadKashif338,https://github.com/MuhammadKashif338,100155090,2022-02,7,28,5,2022–2022
SyedaAeliya2,https://github.com/SyedaAeliya2,99283722,2022-02,13,27,5,2022–2022
MuhammadWaqar909,https://github.com/MuhammadWaqar909,98878652,2022-02,6,27,5,2022–2022
MirzaViraadBaig,https://github.com/MirzaViraadBaig,99425354,2022-02,9,25,5,2022–2022
alisiraj1020,https://github.com/alisiraj1020,100638679,2022-02,17,23,5,2022–2022
Shehryarlakhany,https://github.com/Shehryarlakhany,100312179,2022-02,6,21,5,2022–2022
MohsinAliHussaini,https://github.com/MohsinAliHussaini,99354030,2022-02,6,19,5,2022–2022
asfandilyas,https://github.com/asfandilyas,100092008,2022-02,15,18,5,2022–2022
ayesh56,https://github.com/ayesh56,98839588,2022-02,13,18,5,2022–2022
Areeba512,https://github.com/Areeba512,100315653,2022-02,6,18,5,2022–2022
bilalsheikh780,https://github.com/bilalsheikh780,98823187,2022-02,12,17,5,2022–2022
shahmeersensei,https://github.com/shahmeersensei,101212857,2022-03,61,4595,5,2022–2022
FahadAbdulQayyum,https://github.com/FahadAbdulQayyum,100997736,2022-03,161,4228,5,2022–2022
ahmedhamzaarif,https://github.com/ahmedhamzaarif,100868506,2022-03,45,1461,5,2022–2022
DanyalAbbas,https://github.com/DanyalAbbas,101060788,2022-03,19,716,5,2022–2022
areebahmed575,https://github.com/areebahmed575,102381641,2022-03,52,702,5,2022–2022
hamz-aa,https://github.com/hamz-aa,101825866,2022-03,43,692,5,2022–2022
KhubaibJamal,https://github.com/KhubaibJamal,101318795,2022-03,65,576,5,2022–2022
BasitKhan03,https://github.com/BasitKhan03,101899595,2022-03,22,470,5,2022–2022
UzairHumble,https://github.com/UzairHumble,101450276,2022-03,55,446,5,2022–2022
gavanwp,https://github.com/gavanwp,101090289,2022-03,21,363,5,2022–2022
syed-ateeb-naveed,https://github.com/syed-ateeb-naveed,101939797,2022-03,26,360,5,2022–2022
shaiiikh,https://github.com/shaiiikh,101398958,2022-03,28,350,5,2022–2022
Awais881,https://github.com/Awais881,102538169,2022-03,55,340,5,2022–2022
Sabooralt,https://github.com/Sabooralt,102673350,2022-03,29,300,5,2022–2022
Abbas-Razaa,https://github.com/Abbas-Razaa,101017727,2022-03,34,294,5,2022–2022
TahaHussain0911,https://github.com/TahaHussain0911,100864222,2022-03,30,288,5,2022–2022
saradotdev,https://github.com/saradotdev,101709484,2022-03,16,287,5,2022–2022
mishal-aslam,https://github.com/mishal-aslam,101046955,2022-03,60,261,5,2022–2022
saad0510,https://github.com/saad0510,102467366,2022-03,23,258,5,2022–2022
yasir13001,https://github.com/yasir13001,101388448,2022-03,11,252,5,2022–2022
theshahzism,https://github.com/theshahzism,101571568,2022-03,29,251,5,2022–2022
HassanKhan8264,https://github.com/HassanKhan8264,101219296,2022-03,7,251,5,2022–2022
abdulhaseeb-dharwa,https://github.com/abdulhaseeb-dharwa,102406410,2022-03,24,246,5,2022–2022
MahEUrooj,https://github.com/MahEUrooj,102211657,2022-03,91,243,5,2022–2022
Hamza65523,https://github.com/Hamza65523,102131334,2022-03,75,241,5,2022–2022
faha-d,https://github.com/faha-d,101364101,2022-03,34,241,5,2022–2022
asadullah696,https://github.com/asadullah696,101427051,2022-03,34,239,5,2022–2022
QamarDeenSoomro,https://github.com/QamarDeenSoomro,102368809,2022-03,22,235,5,2022–2022
irfansultan2588,https://github.com/irfansultan2588,102041024,2022-03,52,234,5,2022–2022
Dev-Amjad,https://github.com/Dev-Amjad,101336898,2022-03,55,233,5,2022–2022
Arham07,https://github.com/Arham07,101502781,2022-03,23,223,5,2022–2022
TechMindsWithAhsan,https://github.com/TechMindsWithAhsan,102415260,2022-03,19,222,5,2022–2022
Syed-Moazzam,https://github.com/Syed-Moazzam,101992129,2022-03,15,213,5,2022–2022
SaqibAkhter99,https://github.com/SaqibAkhter99,101819831,2022-03,26,205,5,2022–2022
FaizanQureshi12,https://github.com/FaizanQureshi12,102538693,2022-03,44,202,5,2022–2022
MoizAli3,https://github.com/MoizAli3,102537980,2022-03,44,193,5,2022–2022
sana666-art,https://github.com/sana666-art,102246653,2022-03,17,191,5,2022–2022
taha4khan,https://github.com/taha4khan,102149347,2022-03,36,190,5,2022–2022
humayoun11,https://github.com/humayoun11,102020942,2022-03,18,180,5,2022–2022
A-Haseeb-Dev,https://github.com/A-Haseeb-Dev,101590284,2022-03,33,163,5,2022–2022
aryan8784,https://github.com/aryan8784,101933660,2022-03,111,156,5,2022–2022
Abdullah-Zzz,https://github.com/Abdullah-Zzz,101456054,2022-03,13,153,5,2022–2022
hamza-prof,https://github.com/hamza-prof,101503999,2022-03,38,141,5,2022–2022
AnasIsmail8996,https://github.com/AnasIsmail8996,100934197,2022-03,81,138,5,2022–2022
MustafaKumbhar,https://github.com/MustafaKumbhar,100838769,2022-03,8,136,5,2022–2022
AhmadAbdullah2007,https://github.com/AhmadAbdullah2007,102367417,2022-03,18,132,5,2022–2022
Mustajab01,https://github.com/Mustajab01,101339350,2022-03,17,129,5,2022–2022
sameerisnothere,https://github.com/sameerisnothere,100947851,2022-03,23,128,5,2022–2022
alihere92,https://github.com/alihere92,101495422,2022-03,14,127,5,2022–2022
M-Ahsan-Arain,https://github.com/M-Ahsan-Arain,101518516,2022-03,14,126,5,2022–2022
nimrahSohail,https://github.com/nimrahSohail,102296918,2022-03,59,123,5,2022–2022
Hassaanmk,https://github.com/Hassaanmk,101425515,2022-03,10,121,5,2022–2022
Muneeb-Abbasi,https://github.com/Muneeb-Abbasi,101345400,2022-03,6,120,5,2022–2022
muhammadarif2,https://github.com/muhammadarif2,100958359,2022-03,33,116,5,2022–2022
HuzaifaNaseer02,https://github.com/HuzaifaNaseer02,101976255,2022-03,22,116,5,2022–2022
kamiokz123,https://github.com/kamiokz123,101663585,2022-03,35,115,5,2022–2022
Amannadeem19,https://github.com/Amannadeem19,102462757,2022-03,45,113,5,2022–2022
Muzamil-Sikander,https://github.com/Muzamil-Sikander,102538533,2022-03,60,111,5,2022–2022
FUZAIL-GIT,https://github.com/FUZAIL-GIT,102297329,2022-03,18,109,5,2022–2022
espark-alim,https://github.com/espark-alim,101394251,2022-03,37,107,5,2022–2022
MuneebUllahKhan222,https://github.com/MuneebUllahKhan222,100969065,2022-03,16,99,5,2022–2022
Mohsin-Imran,https://github.com/Mohsin-Imran,102326447,2022-03,22,97,5,2022–2022
hamzadeewan01,https://github.com/hamzadeewan01,102538357,2022-03,41,96,5,2022–2022
shehbazkhanani,https://github.com/shehbazkhanani,102150629,2022-03,42,94,5,2022–2022
imovais,https://github.com/imovais,101089335,2022-03,26,94,5,2022–2022
abubakar267,https://github.com/abubakar267,102623146,2022-03,15,93,5,2022–2022
sonu-sharma-dev,https://github.com/sonu-sharma-dev,101277559,2022-03,32,92,5,2022–2022
shani710,https://github.com/shani710,102281059,2022-03,12,87,5,2022–2022
HassanNaeemm,https://github.com/HassanNaeemm,101089529,2022-03,53,85,5,2022–2022
Mirza014,https://github.com/Mirza014,100833503,2022-03,27,85,5,2022–2022
LaibaSh01,https://github.com/LaibaSh01,101839437,2022-03,23,79,5,2022–2022
muhammadtahashoaib,https://github.com/muhammadtahashoaib,101240411,2022-03,8,79,5,2022–2022
MuhammadIdrees1,https://github.com/MuhammadIdrees1,101429454,2022-03,12,76,5,2022–2022
tariqchandioTR,https://github.com/tariqchandioTR,100910101,2022-03,17,74,5,2022–2022
sajjadaziz,https://github.com/sajjadaziz,102252599,2022-03,18,70,5,2022–2022
theUsamasaleem,https://github.com/theUsamasaleem,101455773,2022-03,38,69,5,2022–2022
alizamemon,https://github.com/alizamemon,100826629,2022-03,27,65,5,2022–2022
SyedUmerShah,https://github.com/SyedUmerShah,101082333,2022-03,11,62,5,2022–2022
HaseebullahMemon,https://github.com/HaseebullahMemon,100662722,2022-03,28,60,5,2022–2022
WasiqP,https://github.com/WasiqP,100785747,2022-03,7,58,5,2022–2022
syedadils,https://github.com/syedadils,101401945,2022-03,43,55,5,2022–2022
IzhanArif,https://github.com/IzhanArif,100849660,2022-03,38,55,5,2022–2022
codewithvire,https://github.com/codewithvire,100737906,2022-03,13,51,5,2022–2022
maaz202,https://github.com/maaz202,100690906,2022-03,10,49,5,2022–2022
MARIUMAFTABKHAN,https://github.com/MARIUMAFTABKHAN,102308609,2022-03,13,46,5,2022–2022
Gulfam1525,https://github.com/Gulfam1525,102038290,2022-03,6,46,5,2022–2022
FaizHabibKhan,https://github.com/FaizHabibKhan,101991541,2022-03,23,45,5,2022–2022
umairmalik14,https://github.com/umairmalik14,102575644,2022-03,17,44,5,2022–2022
osaidalikhan,https://github.com/osaidalikhan,102618104,2022-03,8,41,5,2022–2022
AbdulRehman125,https://github.com/AbdulRehman125,101082442,2022-03,27,40,5,2022–2022
Arham-Ahmed-Ansari,https://github.com/Arham-Ahmed-Ansari,100854797,2022-03,16,39,5,2022–2022
MBilalQamar786,https://github.com/MBilalQamar786,101457400,2022-03,24,38,5,2022–2022
Irfan-Rasheed,https://github.com/Irfan-Rasheed,102538017,2022-03,32,36,5,2022–2022
khubaibhanif1,https://github.com/khubaibhanif1,101629784,2022-03,19,36,5,2022–2022
Shaheerrkk,https://github.com/Shaheerrkk,102688671,2022-03,9,35,5,2022–2022
TechTalha,https://github.com/TechTalha,101164152,2022-03,11,34,5,2022–2022
zubiabaig,https://github.com/zubiabaig,101090381,2022-03,19,29,5,2022–2022
SyedFaizanHussainAbidi,https://github.com/SyedFaizanHussainAbidi,101643627,2022-03,8,28,5,2022–2022
tehreemekram,https://github.com/tehreemekram,102046490,2022-03,13,27,5,2022–2022
irfanmuzamil,https://github.com/irfanmuzamil,102759836,2022-03,23,25,5,2022–2022
muzohaib3,https://github.com/muzohaib3,100754727,2022-03,10,25,5,2022–2022
ArqamKhursheed,https://github.com/ArqamKhursheed,101088427,2022-03,16,23,5,2022–2022
salmanjawed7,https://github.com/salmanjawed7,101255973,2022-03,6,22,5,2022–2022
lachhmandas377,https://github.com/lachhmandas377,101698396,2022-03,9,19,5,2022–2022
Maaz-24503,https://github.com/Maaz-24503,103533417,2022-04,37,2586,5,2022–2022
zaryabnaqvi,https://github.com/zaryabnaqvi,103928492,2022-04,27,1682,5,2022–2022
muzammilmunir,https://github.com/muzammilmunir,104071391,2022-04,78,1476,5,2022–2022
AyeshaIrshad1337,https://github.com/AyeshaIrshad1337,104616632,2022-04,73,1320,5,2022–2022
DevAttaulNoor,https://github.com/DevAttaulNoor,103195496,2022-04,14,1018,5,2022–2022
engineershoaibakhter,https://github.com/engineershoaibakhter,103727878,2022-04,73,940,5,2022–2022
mostlyali07,https://github.com/mostlyali07,104094853,2022-04,46,815,5,2022–2022
UzairHussain193,https://github.com/UzairHussain193,104429187,2022-04,61,784,5,2022–2022
abdulhadii777,https://github.com/abdulhadii777,102801061,2022-04,6,739,5,2022–2022
alihuzaifa,https://github.com/alihuzaifa,104046450,2022-04,106,647,5,2022–2022
MirzaMuhammadBaig,https://github.com/MirzaMuhammadBaig,104078606,2022-04,47,613,5,2022–2022
Abdul-Basit-Ansari,https://github.com/Abdul-Basit-Ansari,104101929,2022-04,72,514,5,2022–2022
Khalid-Siddiqi,https://github.com/Khalid-Siddiqi,104347670,2022-04,51,513,5,2022–2022
ZafferAbbas,https://github.com/ZafferAbbas,104623896,2022-04,21,450,5,2022–2022
maryamshk,https://github.com/maryamshk,102860664,2022-04,73,417,5,2022–2022
hassan7865,https://github.com/hassan7865,103386392,2022-04,31,374,5,2022–2022
kashifali999,https://github.com/kashifali999,104266609,2022-04,10,353,5,2022–2022
umarhasnain,https://github.com/umarhasnain,103918550,2022-04,93,349,5,2022–2022
muaz-shahzad,https://github.com/muaz-shahzad,102997267,2022-04,32,345,5,2022–2022
Talhaaly,https://github.com/Talhaaly,103591934,2022-04,41,311,5,2022–2022
MurtazaFlutter,https://github.com/MurtazaFlutter,102819833,2022-04,37,267,5,2022–2022
SarvechRehmani,https://github.com/SarvechRehmani,104658538,2022-04,28,261,5,2022–2022
shaheerzk01,https://github.com/shaheerzk01,103843506,2022-04,66,247,5,2022–2022
ChouhdryRizwan,https://github.com/ChouhdryRizwan,103589890,2022-04,53,247,5,2022–2022
immadsidd,https://github.com/immadsidd,104530004,2022-04,34,241,5,2022–2022
mohammadraza123,https://github.com/mohammadraza123,103913857,2022-04,33,230,5,2022–2022
mohammadali83123,https://github.com/mohammadali83123,103055952,2022-04,16,229,5,2022–2022
hammadkhan2930029,https://github.com/hammadkhan2930029,104036712,2022-04,36,225,5,2022–2022
MuhammadAffan-06,https://github.com/MuhammadAffan-06,104292310,2022-04,20,212,5,2022–2022
Auzek2002,https://github.com/Auzek2002,102954802,2022-04,45,211,5,2022–2022
Shahzaman22,https://github.com/Shahzaman22,103217036,2022-04,19,209,5,2022–2022
HassamAli2174,https://github.com/HassamAli2174,104668970,2022-04,43,205,5,2022–2022
mwasifraza,https://github.com/mwasifraza,104027312,2022-04,12,194,5,2022–2022
kehan321,https://github.com/kehan321,104593003,2022-04,79,180,5,2022–2022
ZubairArif234,https://github.com/ZubairArif234,104222183,2022-04,39,171,5,2022–2022
owaissahmed,https://github.com/owaissahmed,104171912,2022-04,23,171,5,2022–2022
ali-arifin,https://github.com/ali-arifin,103297661,2022-04,11,165,5,2022–2022
Wahaj-Raza,https://github.com/Wahaj-Raza,103155321,2022-04,39,164,5,2022–2022
FahadFarooq40,https://github.com/FahadFarooq40,104043766,2022-04,38,163,5,2022–2022
daaaanish17,https://github.com/daaaanish17,102923975,2022-04,18,155,5,2022–2022
ihashirjadoon,https://github.com/ihashirjadoon,104188368,2022-04,21,143,5,2022–2022
Darpankhatri,https://github.com/Darpankhatri,103587452,2022-04,20,143,5,2022–2022
burhan63,https://github.com/burhan63,104188993,2022-04,70,132,5,2022–2022
muddasirbutt3,https://github.com/muddasirbutt3,102987034,2022-04,28,131,5,2022–2022
taimoorxd,https://github.com/taimoorxd,104517097,2022-04,19,122,5,2022–2022
AliLodhi896,https://github.com/AliLodhi896,103258113,2022-04,11,119,5,2022–2022
Bilal-Aslam-Dev,https://github.com/Bilal-Aslam-Dev,103093008,2022-04,16,113,5,2022–2022
YasirAliSmit,https://github.com/YasirAliSmit,103916303,2022-04,47,110,5,2022–2022
Usman-Malikk,https://github.com/Usman-Malikk,103499820,2022-04,39,108,5,2022–2022
fairywsr,https://github.com/fairywsr,103330851,2022-04,12,105,5,2022–2022
B-the1,https://github.com/B-the1,103455262,2022-04,19,100,5,2022–2022
jawad-mohsin,https://github.com/jawad-mohsin,102823405,2022-04,22,91,5,2022–2022
AsmaGhafoor,https://github.com/AsmaGhafoor,104085731,2022-04,17,89,5,2022–2022
muhammadayaan2001,https://github.com/muhammadayaan2001,103214449,2022-04,15,88,5,2022–2022
saddamkhoso203,https://github.com/saddamkhoso203,103123774,2022-04,30,84,5,2022–2022
NayabNathani,https://github.com/NayabNathani,103720385,2022-04,20,84,5,2022–2022
Preetam9kumar,https://github.com/Preetam9kumar,103277784,2022-04,22,82,5,2022–2022
HK-Ibrahim92,https://github.com/HK-Ibrahim92,104125081,2022-04,20,77,5,2022–2022
Bilal-05,https://github.com/Bilal-05,103063899,2022-04,15,73,5,2022–2022
tahaabbas853,https://github.com/tahaabbas853,104464416,2022-04,21,68,5,2022–2022
samadkhan1387,https://github.com/samadkhan1387,104279302,2022-04,15,68,5,2022–2022
farazali110,https://github.com/farazali110,104282870,2022-04,14,61,5,2022–2022
Shanzae124,https://github.com/Shanzae124,103313732,2022-04,17,54,5,2022–2022
AWAIS-UX1694,https://github.com/AWAIS-UX1694,103721760,2022-04,18,53,5,2022–2022
hammadkhan29,https://github.com/hammadkhan29,104035985,2022-04,12,53,5,2022–2022
Ubaidullahqureshi,https://github.com/Ubaidullahqureshi,103785835,2022-04,9,52,5,2022–2022
Nasrullah-balghari,https://github.com/Nasrullah-balghari,103913957,2022-04,48,51,5,2022–2022
DanishKamal15,https://github.com/DanishKamal15,103850714,2022-04,12,51,5,2022–2022
Hashir2022,https://github.com/Hashir2022,102787466,2022-04,18,50,5,2022–2022
MuahmamdAliShaikh,https://github.com/MuahmamdAliShaikh,103390115,2022-04,18,43,5,2022–2022
mirbhutto12,https://github.com/mirbhutto12,102960064,2022-04,15,43,5,2022–2022
OttomanUK,https://github.com/OttomanUK,102918034,2022-04,21,42,5,2022–2022
yashalnawaid,https://github.com/yashalnawaid,103623117,2022-04,7,41,5,2022–2022
HudaR112,https://github.com/HudaR112,104123014,2022-04,12,36,5,2022–2022
owaisfdev,https://github.com/owaisfdev,102947381,2022-04,11,36,5,2022–2022
HaMzAKhAn573,https://github.com/HaMzAKhAn573,103732786,2022-04,10,35,5,2022–2022
muskanDev2,https://github.com/muskanDev2,104330516,2022-04,10,35,5,2022–2022
HammadAlamSiddique,https://github.com/HammadAlamSiddique,103429834,2022-04,11,32,5,2022–2022
AsfaBatoolAnsari,https://github.com/AsfaBatoolAnsari,103379835,2022-04,15,30,5,2022–2022
msarimk,https://github.com/msarimk,103831408,2022-04,13,28,5,2022–2022
Hanzzalaaa,https://github.com/Hanzzalaaa,103019081,2022-04,14,27,5,2022–2022
mfahadfaizi,https://github.com/mfahadfaizi,104067451,2022-04,11,23,5,2022–2022
SanjaiMaheshwari,https://github.com/SanjaiMaheshwari,104030471,2022-04,13,22,5,2022–2022
ArsalanAhmed92,https://github.com/ArsalanAhmed92,103914524,2022-04,17,21,5,2022–2022
WaqasIshaque1,https://github.com/WaqasIshaque1,106007113,2022-05,30,4025,5,2022–2022
AMALIK8989,https://github.com/AMALIK8989,105522520,2022-05,37,914,5,2022–2022
muhammadhananbaloch,https://github.com/muhammadhananbaloch,106446229,2022-05,35,846,5,2022–2022
aliakbr-gh,https://github.com/aliakbr-gh,106576398,2022-05,105,651,5,2022–2022
HadiRaza04,https://github.com/HadiRaza04,105811811,2022-05,150,545,5,2022–2022
adnanrahim110,https://github.com/adnanrahim110,105264719,2022-05,49,516,5,2022–2022
jamalimubashirali,https://github.com/jamalimubashirali,106487759,2022-05,43,486,5,2022–2022
saad-imran-dev,https://github.com/saad-imran-dev,106260977,2022-05,26,448,5,2022–2022
pluuto19,https://github.com/pluuto19,105051085,2022-05,42,362,5,2022–2022
hafzamaria,https://github.com/hafzamaria,105881817,2022-05,75,312,5,2022–2022
Muhammad-Rameez-Ahmed,https://github.com/Muhammad-Rameez-Ahmed,106067599,2022-05,40,289,5,2022–2022
Abdul-Hadi-Waseem,https://github.com/Abdul-Hadi-Waseem,106449444,2022-05,41,286,5,2022–2022
MuhammadUmar969,https://github.com/MuhammadUmar969,105535313,2022-05,102,277,5,2022–2022
aqsafaisal34,https://github.com/aqsafaisal34,105920708,2022-05,82,265,5,2022–2022
Bilal-Siddiqe,https://github.com/Bilal-Siddiqe,105948890,2022-05,73,264,5,2022–2022
Abdullah-Jalal,https://github.com/Abdullah-Jalal,105108600,2022-05,17,261,5,2022–2022
MuhammadMudabbirMunaf,https://github.com/MuhammadMudabbirMunaf,106159197,2022-05,73,247,5,2022–2022
MohsinAliSolangi,https://github.com/MohsinAliSolangi,105822463,2022-05,42,240,5,2022–2022
hamza-ahmed1,https://github.com/hamza-ahmed1,106343759,2022-05,83,237,5,2022–2022
insh-samnani,https://github.com/insh-samnani,105040253,2022-05,26,228,5,2022–2022
ZubairAhmed90,https://github.com/ZubairAhmed90,106171902,2022-05,52,225,5,2022–2022
Shery-1508,https://github.com/Shery-1508,105873687,2022-05,14,209,5,2022–2022
sam12-4,https://github.com/sam12-4,105971029,2022-05,34,208,5,2022–2022
MirzaZain110,https://github.com/MirzaZain110,106539591,2022-05,26,206,5,2022–2022
huzaifa-aziz,https://github.com/huzaifa-aziz,106053543,2022-05,73,189,5,2022–2022
RashidYousufZai,https://github.com/RashidYousufZai,106462341,2022-05,41,187,5,2022–2022
Rafay0508,https://github.com/Rafay0508,106449952,2022-05,45,186,5,2022–2022
AhmedRaza-Attari,https://github.com/AhmedRaza-Attari,106157217,2022-05,28,156,5,2022–2022
sameerhussain3211,https://github.com/sameerhussain3211,105131285,2022-05,20,150,5,2022–2022
Ali-Panjwani,https://github.com/Ali-Panjwani,106570904,2022-05,6,148,5,2022–2022
Lajwantiharani,https://github.com/Lajwantiharani,106485355,2022-05,47,143,5,2022–2022
MFahad11,https://github.com/MFahad11,106611736,2022-05,18,140,5,2022–2022
AmanNasir1,https://github.com/AmanNasir1,105493661,2022-05,33,137,5,2022–2022
Abdul1302,https://github.com/Abdul1302,106179686,2022-05,12,129,5,2022–2022
MohammadAbdullah1214,https://github.com/MohammadAbdullah1214,104887614,2022-05,7,127,5,2022–2022
MuhammadMillwala,https://github.com/MuhammadMillwala,106543900,2022-05,23,126,5,2022–2022
huzaifasattar,https://github.com/huzaifasattar,105582021,2022-05,8,126,5,2022–2022
axijethwa74,https://github.com/axijethwa74,105840649,2022-05,30,120,5,2022–2022
codewithjawad,https://github.com/codewithjawad,106463219,2022-05,34,119,5,2022–2022
Kashifmujeeb17,https://github.com/Kashifmujeeb17,105265631,2022-05,28,116,5,2022–2022
Talha-Shahid12,https://github.com/Talha-Shahid12,105672464,2022-05,32,112,5,2022–2022
Warisalikhan786,https://github.com/Warisalikhan786,105722623,2022-05,19,109,5,2022–2022
muhammadawais20,https://github.com/muhammadawais20,105949662,2022-05,21,106,5,2022–2022
jamshed-ali-oip,https://github.com/jamshed-ali-oip,105854101,2022-05,13,98,5,2022–2022
moinchanna,https://github.com/moinchanna,106139952,2022-05,34,97,5,2022–2022
Parmanand441,https://github.com/Parmanand441,106175480,2022-05,49,95,5,2022–2022
tahafast,https://github.com/tahafast,106310992,2022-05,12,95,5,2022–2022
engr-junaid-qazi,https://github.com/engr-junaid-qazi,105767882,2022-05,42,94,5,2022–2022
ShahmeerAftab,https://github.com/ShahmeerAftab,106464084,2022-05,51,93,5,2022–2022
callmesheebygithub,https://github.com/callmesheebygithub,104738355,2022-05,23,92,5,2022–2022
tariqkhan129,https://github.com/tariqkhan129,105963183,2022-05,42,81,5,2022–2022
MUHAMMADSHEESQURESHI,https://github.com/MUHAMMADSHEESQURESHI,106022451,2022-05,19,77,5,2022–2022
yahyamughalofficialyin,https://github.com/yahyamughalofficialyin,105967156,2022-05,38,75,5,2022–2022
Muhammad-Junaid95,https://github.com/Muhammad-Junaid95,106451888,2022-05,16,75,5,2022–2022
yusuf-raza,https://github.com/yusuf-raza,106205118,2022-05,21,73,5,2022–2022
Anwar-Khann,https://github.com/Anwar-Khann,106601317,2022-05,15,73,5,2022–2022
saadirfan370,https://github.com/saadirfan370,105337416,2022-05,20,72,5,2022–2022
javeriam911,https://github.com/javeriam911,106276792,2022-05,52,69,5,2022–2022
Bilal-Ahmed-Developer,https://github.com/Bilal-Ahmed-Developer,105882416,2022-05,32,68,5,2022–2022
kareemzahoor,https://github.com/kareemzahoor,105228991,2022-05,19,59,5,2022–2022
Aylaimran-02,https://github.com/Aylaimran-02,104843244,2022-05,24,52,5,2022–2022
Hamza1506,https://github.com/Hamza1506,105803091,2022-05,25,49,5,2022–2022
hiratahir3,https://github.com/hiratahir3,105916497,2022-05,18,47,5,2022–2022
syed-muhammad-umar,https://github.com/syed-muhammad-umar,105524946,2022-05,10,45,5,2022–2022
SyedNawaz41,https://github.com/SyedNawaz41,106061589,2022-05,8,43,5,2022–2022
MuzafarIbrahim,https://github.com/MuzafarIbrahim,105603280,2022-05,12,42,5,2022–2022
Rayyanhussain1,https://github.com/Rayyanhussain1,105587025,2022-05,21,41,5,2022–2022
salmanahmed47,https://github.com/salmanahmed47,106471789,2022-05,15,40,5,2022–2022
dani4299,https://github.com/dani4299,105288840,2022-05,13,37,5,2022–2022
ahsananwar102,https://github.com/ahsananwar102,105124249,2022-05,8,37,5,2022–2022
Syed-Roohan,https://github.com/Syed-Roohan,106452805,2022-05,19,36,5,2022–2022
Huzaifaniaz,https://github.com/Huzaifaniaz,106322031,2022-05,12,34,5,2022–2022
muhammadaabid,https://github.com/muhammadaabid,106533643,2022-05,7,34,5,2022–2022
AliAyoubPaya,https://github.com/AliAyoubPaya,106031843,2022-05,6,31,5,2022–2022
nehalyasir,https://github.com/nehalyasir,105906235,2022-05,16,30,5,2022–2022
Fxdesigner321,https://github.com/Fxdesigner321,106547546,2022-05,19,29,5,2022–2022
Dev-AbdulHaseeb,https://github.com/Dev-AbdulHaseeb,106545308,2022-05,6,29,5,2022–2022
was-saf,https://github.com/was-saf,106085602,2022-05,9,28,5,2022–2022
SupremacY33,https://github.com/SupremacY33,105642127,2022-05,9,28,5,2022–2022
0xKaifAhmed,https://github.com/0xKaifAhmed,105775900,2022-05,9,26,5,2022–2022
qamarabbas007,https://github.com/qamarabbas007,106456740,2022-05,10,23,5,2022–2022
aliamdani06,https://github.com/aliamdani06,105886058,2022-05,6,23,5,2022–2022
Hamzashafiq69,https://github.com/Hamzashafiq69,105392136,2022-05,14,21,5,2022–2022
vizabdullah,https://github.com/vizabdullah,105693919,2022-05,10,20,5,2022–2022
Afaque22,https://github.com/Afaque22,105604620,2022-05,11,18,5,2022–2022
khansaad58,https://github.com/khansaad58,106403487,2022-05,10,18,5,2022–2022
MuhammadAmmad7575,https://github.com/MuhammadAmmad7575,104751584,2022-05,8,18,5,2022–2022
Jaun-Raza,https://github.com/Jaun-Raza,106108668,2022-05,7,18,5,2022–2022
usamayousuf10,https://github.com/usamayousuf10,106390837,2022-05,10,17,5,2022–2022
irfanmuhammadkhan08,https://github.com/irfanmuhammadkhan08,106492420,2022-05,9,17,5,2022–2022
WARDAH-MANZOOR,https://github.com/WARDAH-MANZOOR,108453189,2022-06,26,2641,5,2022–2022
owaisnadeem18,https://github.com/owaisnadeem18,108211200,2022-06,128,1911,5,2022–2022
MateenAhmed737,https://github.com/MateenAhmed737,107365785,2022-06,10,1793,5,2022–2022
MahamTahir31,https://github.com/MahamTahir31,106860878,2022-06,91,910,5,2022–2022
ahmedmujtaba1,https://github.com/ahmedmujtaba1,107427098,2022-06,60,832,5,2022–2022
990Huzaifa,https://github.com/990Huzaifa,106827131,2022-06,13,826,5,2022–2022
sharjeel-siddiqui12,https://github.com/sharjeel-siddiqui12,106733377,2022-06,85,820,5,2022–2022
0xasimraza,https://github.com/0xasimraza,106655578,2022-06,65,793,5,2022–2022
ZeeshanKhan2000,https://github.com/ZeeshanKhan2000,107643990,2022-06,39,675,5,2022–2022
abuzarthanvi25,https://github.com/abuzarthanvi25,107580489,2022-06,53,491,5,2022–2022
Shahzain333,https://github.com/Shahzain333,108424969,2022-06,37,412,5,2022–2022
taqimuhammad,https://github.com/taqimuhammad,108066436,2022-06,10,401,5,2022–2022
haseebk06,https://github.com/haseebk06,106727343,2022-06,38,399,5,2022–2022
Kelash-kumar,https://github.com/Kelash-kumar,107359281,2022-06,32,386,5,2022–2022
DevByShahzaib,https://github.com/DevByShahzaib,108393358,2022-06,35,367,5,2022–2022
RaoSahab14127,https://github.com/RaoSahab14127,108279711,2022-06,78,346,5,2022–2022
Sharjeelcode,https://github.com/Sharjeelcode,107884305,2022-06,35,343,5,2022–2022
Shahdev32,https://github.com/Shahdev32,107373034,2022-06,76,325,5,2022–2022
yameenaliabro,https://github.com/yameenaliabro,106884997,2022-06,61,325,5,2022–2022
D1abol1cal,https://github.com/D1abol1cal,107621921,2022-06,34,320,5,2022–2022
MuhammadRizwan051,https://github.com/MuhammadRizwan051,107870949,2022-06,50,298,5,2022–2022
thetalhamirza,https://github.com/thetalhamirza,107436355,2022-06,45,284,5,2022–2022
muhammadSaad63,https://github.com/muhammadSaad63,107983983,2022-06,12,278,5,2022–2022
zubair12341,https://github.com/zubair12341,107697758,2022-06,11,272,5,2022–2022
saddarudin,https://github.com/saddarudin,108076528,2022-06,19,249,5,2022–2022
waqar606,https://github.com/waqar606,108385561,2022-06,36,239,5,2022–2022
Fahd-Bin-Ashfaq,https://github.com/Fahd-Bin-Ashfaq,108400515,2022-06,25,238,5,2022–2022
m-ahmed009,https://github.com/m-ahmed009,107507996,2022-06,38,231,5,2022–2022
Sajid-Abbas110,https://github.com/Sajid-Abbas110,108468479,2022-06,20,227,5,2022–2022
hassanaly1,https://github.com/hassanaly1,108219917,2022-06,21,225,5,2022–2022
AbrarulHassan-hub,https://github.com/AbrarulHassan-hub,107148226,2022-06,121,217,5,2022–2022
HabibUllah61103,https://github.com/HabibUllah61103,108462050,2022-06,12,216,5,2022–2022
Ayan-Zeeshan,https://github.com/Ayan-Zeeshan,108216356,2022-06,11,213,5,2022–2022
fatimashahzad00,https://github.com/fatimashahzad00,107702644,2022-06,63,212,5,2022–2022
M-Abdullah-Baig,https://github.com/M-Abdullah-Baig,107646347,2022-06,22,211,5,2022–2022
aliyanwhiz,https://github.com/aliyanwhiz,106724469,2022-06,22,209,5,2022–2022
huzaifa654,https://github.com/huzaifa654,108292736,2022-06,28,183,5,2022–2022
Ahmedraza56,https://github.com/Ahmedraza56,107940979,2022-06,25,167,5,2022–2022
usamanadeemdeveloper,https://github.com/usamanadeemdeveloper,106808399,2022-06,17,166,5,2022–2022
JunaidSahar,https://github.com/JunaidSahar,108116074,2022-06,22,165,5,2022–2022
jamaliumair,https://github.com/jamaliumair,107789919,2022-06,34,153,5,2022–2022
razazain,https://github.com/razazain,107460057,2022-06,15,151,5,2022–2022
CIS-Abbas-Raza,https://github.com/CIS-Abbas-Raza,107710169,2022-06,11,150,5,2022–2022
ShahmirAliQureshii,https://github.com/ShahmirAliQureshii,107180830,2022-06,43,144,5,2022–2022
Ali88646,https://github.com/Ali88646,108412060,2022-06,15,144,5,2022–2022
s-m-saqlain,https://github.com/s-m-saqlain,107604970,2022-06,41,142,5,2022–2022
mesheryar,https://github.com/mesheryar,107488631,2022-06,128,130,5,2022–2022
smohiuddinh,https://github.com/smohiuddinh,107639142,2022-06,24,130,5,2022–2022
tariq7R1X,https://github.com/tariq7R1X,107761006,2022-06,6,130,5,2022–2022
Ali0712,https://github.com/Ali0712,107314188,2022-06,17,129,5,2022–2022
hirafatimaa,https://github.com/hirafatimaa,107710789,2022-06,16,126,5,2022–2022
MuneerRaza,https://github.com/MuneerRaza,107882873,2022-06,18,105,5,2022–2022
muhammadfarhandeveloper,https://github.com/muhammadfarhandeveloper,107119176,2022-06,21,104,5,2022–2022
AliAbbasAsif,https://github.com/AliAbbasAsif,107867139,2022-06,35,102,5,2022–2022
Kabirxe,https://github.com/Kabirxe,108409491,2022-06,9,101,5,2022–2022
Flutter-Queen,https://github.com/Flutter-Queen,107878396,2022-06,30,99,5,2022–2022
azam-amir,https://github.com/azam-amir,107695431,2022-06,14,99,5,2022–2022
IbrahimAliAsghar10,https://github.com/IbrahimAliAsghar10,108273341,2022-06,14,97,5,2022–2022
Abdullahmazhar7,https://github.com/Abdullahmazhar7,107640362,2022-06,22,95,5,2022–2022
Aiman-002,https://github.com/Aiman-002,106879666,2022-06,14,95,5,2022–2022
TabaSualeh,https://github.com/TabaSualeh,107749753,2022-06,24,93,5,2022–2022
masoodalamdev,https://github.com/masoodalamdev,107204700,2022-06,28,91,5,2022–2022
Ammar-Fasih,https://github.com/Ammar-Fasih,107918784,2022-06,17,90,5,2022–2022
javeriashaikh552,https://github.com/javeriashaikh552,108260808,2022-06,16,88,5,2022–2022
farisasif7,https://github.com/farisasif7,108169416,2022-06,17,87,5,2022–2022
MubashirQamar,https://github.com/MubashirQamar,107130286,2022-06,17,87,5,2022–2022
kashifahmed1989,https://github.com/kashifahmed1989,107341302,2022-06,8,84,5,2022–2022
saqlain017,https://github.com/saqlain017,107932964,2022-06,40,80,5,2022–2022
Saad123Khan,https://github.com/Saad123Khan,107142961,2022-06,33,75,5,2022–2022
WaleedKhan99,https://github.com/WaleedKhan99,108469779,2022-06,45,73,5,2022–2022
MuhammadIbrahim-0104,https://github.com/MuhammadIbrahim-0104,108433462,2022-06,10,73,5,2022–2022
Ahmad-Baseer,https://github.com/Ahmad-Baseer,106867499,2022-06,11,72,5,2022–2022
khaninshaldev,https://github.com/khaninshaldev,107133956,2022-06,8,65,5,2022–2022
tayyabismail,https://github.com/tayyabismail,108006280,2022-06,22,62,5,2022–2022
shaheereminent,https://github.com/shaheereminent,106878143,2022-06,6,62,5,2022–2022
alqama09876,https://github.com/alqama09876,106806601,2022-06,22,61,5,2022–2022
Nameera1511,https://github.com/Nameera1511,107801578,2022-06,18,60,5,2022–2022
MAliHasnain,https://github.com/MAliHasnain,107715090,2022-06,18,59,5,2022–2022
muneebasad03,https://github.com/muneebasad03,107203420,2022-06,17,59,5,2022–2022
Dildar-Ali-1860,https://github.com/Dildar-Ali-1860,107632057,2022-06,48,57,5,2022–2022
UzairAhmedDahraj,https://github.com/UzairAhmedDahraj,107959427,2022-06,8,57,5,2022–2022
iamahmed14,https://github.com/iamahmed14,108462497,2022-06,13,54,5,2022–2022
Mhking897,https://github.com/Mhking897,107114731,2022-06,12,51,5,2022–2022
omratnani,https://github.com/omratnani,108093596,2022-06,12,49,5,2022–2022
samad-59,https://github.com/samad-59,108297325,2022-06,25,47,5,2022–2022
Mpitafi7,https://github.com/Mpitafi7,107931910,2022-06,6,47,5,2022–2022
shafaqimran1083,https://github.com/shafaqimran1083,107723802,2022-06,12,46,5,2022–2022
basimkb9,https://github.com/basimkb9,108337074,2022-06,17,45,5,2022–2022
ZohaibFarooqui,https://github.com/ZohaibFarooqui,108335916,2022-06,30,44,5,2022–2022
UmairDL,https://github.com/UmairDL,107046975,2022-06,9,44,5,2022–2022
pooran1,https://github.com/pooran1,107352867,2022-06,14,41,5,2022–2022
Imannadeem1,https://github.com/Imannadeem1,107977307,2022-06,11,41,5,2022–2022
shoaibulhassaan,https://github.com/shoaibulhassaan,107319678,2022-06,13,40,5,2022–2022
ZubairAkhtar123,https://github.com/ZubairAkhtar123,108027134,2022-06,6,40,5,2022–2022
syedahsan2,https://github.com/syedahsan2,107916041,2022-06,13,39,5,2022–2022
usmanabbasi360,https://github.com/usmanabbasi360,108464900,2022-06,17,38,5,2022–2022
Umaimamahmood28,https://github.com/Umaimamahmood28,107702643,2022-06,21,37,5,2022–2022
Laveetkumar37,https://github.com/Laveetkumar37,107243385,2022-06,13,37,5,2022–2022
digitechdevs,https://github.com/digitechdevs,108128618,2022-06,10,37,5,2022–2022
muskan-abro,https://github.com/muskan-abro,107192768,2022-06,6,37,5,2022–2022
syedaariza,https://github.com/syedaariza,108261334,2022-06,9,35,5,2022–2022
AayanAnwar,https://github.com/AayanAnwar,107674574,2022-06,6,35,5,2022–2022
saadnom,https://github.com/saadnom,107791651,2022-06,9,34,5,2022–2022
Hassaanelahi,https://github.com/Hassaanelahi,107235334,2022-06,14,31,5,2022–2022
Hassaan-Raheel,https://github.com/Hassaan-Raheel,108180905,2022-06,16,28,5,2022–2022
aghazainp32,https://github.com/aghazainp32,107698416,2022-06,18,27,5,2022–2022
SanaShahidk,https://github.com/SanaShahidk,106671915,2022-06,15,24,5,2022–2022
9Hammad11,https://github.com/9Hammad11,107312473,2022-06,9,24,5,2022–2022
SumeraGul,https://github.com/SumeraGul,108205742,2022-06,15,23,5,2022–2022
asad36414,https://github.com/asad36414,107196086,2022-06,20,22,5,2022–2022
abdul-qadeer12,https://github.com/abdul-qadeer12,108096692,2022-06,8,22,5,2022–2022
MuzammilAptech,https://github.com/MuzammilAptech,108011124,2022-06,7,22,5,2022–2022
naufilrizwan17,https://github.com/naufilrizwan17,108338824,2022-06,7,21,5,2022–2022
KASHIF-ASIF,https://github.com/KASHIF-ASIF,107300910,2022-06,12,20,5,2022–2022
saadkhan960,https://github.com/saadkhan960,107343959,2022-06,8,20,5,2022–2022
ahsananwar-dev,https://github.com/ahsananwar-dev,106838570,2022-06,11,19,5,2022–2022
Aqibkhan899,https://github.com/Aqibkhan899,107764675,2022-06,11,18,5,2022–2022
Usman-shakeel,https://github.com/Usman-shakeel,107518623,2022-06,6,18,5,2022–2022
Taimoor-Kamran,https://github.com/Taimoor-Kamran,109762780,2022-07,42,1634,5,2022–2022
sameersattar123,https://github.com/sameersattar123,109748943,2022-07,72,1077,5,2022–2022
razzaq-99,https://github.com/razzaq-99,110330107,2022-07,73,929,5,2022–2022
Mursaleen00,https://github.com/Mursaleen00,110069100,2022-07,47,851,5,2022–2022
talha2224,https://github.com/talha2224,109687407,2022-07,99,849,5,2022–2022
UmerGillani36,https://github.com/UmerGillani36,109416510,2022-07,65,764,5,2022–2022
taha-ahmed-mallick,https://github.com/taha-ahmed-mallick,109967158,2022-07,34,545,5,2022–2022
USMAN-FAIZYAB-KHAN,https://github.com/USMAN-FAIZYAB-KHAN,110056579,2022-07,29,501,5,2022–2022
Nadeem222,https://github.com/Nadeem222,110339895,2022-07,94,487,5,2022–2022
Ashhad1200,https://github.com/Ashhad1200,109512492,2022-07,51,451,5,2022–2022
Mohib-zs,https://github.com/Mohib-zs,109289989,2022-07,17,418,5,2022–2022
yousuf-4594,https://github.com/yousuf-4594,108923755,2022-07,33,417,5,2022–2022
muazan2,https://github.com/muazan2,108673162,2022-07,7,395,5,2022–2022
Jawad-Ahmed-S,https://github.com/Jawad-Ahmed-S,108608789,2022-07,19,364,5,2022–2022
codewithshabbir,https://github.com/codewithshabbir,110288732,2022-07,60,360,5,2022–2022
wajahat-baloch188,https://github.com/wajahat-baloch188,110333067,2022-07,43,345,5,2022–2022
MuhammadAbdullah780,https://github.com/MuhammadAbdullah780,110184626,2022-07,22,332,5,2022–2022
arishhh,https://github.com/arishhh,109577410,2022-07,10,319,5,2022–2022
NomanLodhi,https://github.com/NomanLodhi,110075584,2022-07,56,282,5,2022–2022
mehdi-bhojani,https://github.com/mehdi-bhojani,108871383,2022-07,20,279,5,2022–2022
MuhammadAliShoaib,https://github.com/MuhammadAliShoaib,109306840,2022-07,33,278,5,2022–2022
noorsiddiqui-prog,https://github.com/noorsiddiqui-prog,109474194,2022-07,37,263,5,2022–2022
sufyan14,https://github.com/sufyan14,108999846,2022-07,29,262,5,2022–2022
hasnain-mawia,https://github.com/hasnain-mawia,110049696,2022-07,53,250,5,2022–2022
mtahir-dev,https://github.com/mtahir-dev,109303665,2022-07,35,245,5,2022–2022
asad78698,https://github.com/asad78698,108513936,2022-07,28,238,5,2022–2022
EshaalMustafa05,https://github.com/EshaalMustafa05,108537560,2022-07,8,238,5,2022–2022
Syed-Sharjeel,https://github.com/Syed-Sharjeel,109976995,2022-07,15,232,5,2022–2022
abdulahadmansoori,https://github.com/abdulahadmansoori,109919558,2022-07,35,231,5,2022–2022
shimputa,https://github.com/shimputa,109417572,2022-07,14,213,5,2022–2022
mukeshutmani,https://github.com/mukeshutmani,109408900,2022-07,18,201,5,2022–2022
umermalik053,https://github.com/umermalik053,110110783,2022-07,63,192,5,2022–2022
wardaowais,https://github.com/wardaowais,110055505,2022-07,44,187,5,2022–2022
hammad2914,https://github.com/hammad2914,108874641,2022-07,44,181,5,2022–2022
MuhammadNaeemRaza2916,https://github.com/MuhammadNaeemRaza2916,110351924,2022-07,51,179,5,2022–2022
shaikh-piaic,https://github.com/shaikh-piaic,108601988,2022-07,25,171,5,2022–2022
jaideepp247,https://github.com/jaideepp247,108596141,2022-07,24,161,5,2022–2022
mubashiralikalhoro,https://github.com/mubashiralikalhoro,108943166,2022-07,11,148,5,2022–2022
UMAIRAHMED-111,https://github.com/UMAIRAHMED-111,109911871,2022-07,38,146,5,2022–2022
SyedMuhammadHuzaiffa,https://github.com/SyedMuhammadHuzaiffa,108959535,2022-07,17,138,5,2022–2022
itxbasit,https://github.com/itxbasit,109472859,2022-07,49,136,5,2022–2022
Afianaeem124,https://github.com/Afianaeem124,109481856,2022-07,36,133,5,2022–2022
Mohsi777999,https://github.com/Mohsi777999,109437574,2022-07,33,114,5,2022–2022
RoboCrypter,https://github.com/RoboCrypter,108999811,2022-07,27,112,5,2022–2022
mansooralisolangi,https://github.com/mansooralisolangi,109526527,2022-07,32,109,5,2022–2022
wareeshaali2003,https://github.com/wareeshaali2003,110236886,2022-07,36,104,5,2022–2022
AhmedShaikh-developer,https://github.com/AhmedShaikh-developer,109361663,2022-07,21,104,5,2022–2022
Aaaly123,https://github.com/Aaaly123,109412829,2022-07,19,104,5,2022–2022
Ikram-Alam,https://github.com/Ikram-Alam,109273896,2022-07,52,102,5,2022–2022
Husnain192,https://github.com/Husnain192,109690415,2022-07,14,94,5,2022–2022
ABDATALIFE,https://github.com/ABDATALIFE,109950055,2022-07,55,93,5,2022–2022
sarahrafiqshaikh,https://github.com/sarahrafiqshaikh,110037549,2022-07,16,91,5,2022–2022
xunzag,https://github.com/xunzag,109287752,2022-07,19,84,5,2022–2022
K-Jeiya,https://github.com/K-Jeiya,108579836,2022-07,17,83,5,2022–2022
29463,https://github.com/29463,109890435,2022-07,20,72,5,2022–2022
ammar0316,https://github.com/ammar0316,110116440,2022-07,53,71,5,2022–2022
Babarazizkhan,https://github.com/Babarazizkhan,109368226,2022-07,15,71,5,2022–2022
Nomi719,https://github.com/Nomi719,110341487,2022-07,30,69,5,2022–2022
zohaib-khan-786,https://github.com/zohaib-khan-786,110353689,2022-07,12,69,5,2022–2022
hx88xn,https://github.com/hx88xn,109933658,2022-07,12,67,5,2022–2022
MuhammadHassan510,https://github.com/MuhammadHassan510,110339953,2022-07,28,66,5,2022–2022
muhammadanasbakkar,https://github.com/muhammadanasbakkar,109302553,2022-07,23,66,5,2022–2022
Fabiha-tariq,https://github.com/Fabiha-tariq,109345800,2022-07,22,61,5,2022–2022
MateenBhutto3,https://github.com/MateenBhutto3,110193210,2022-07,32,60,5,2022–2022
UmairNoor,https://github.com/UmairNoor,108611150,2022-07,18,59,5,2022–2022
MoizAlqamari,https://github.com/MoizAlqamari,109229646,2022-07,18,58,5,2022–2022
itssaleemofficial,https://github.com/itssaleemofficial,109762006,2022-07,7,57,5,2022–2022
ZahidSmile,https://github.com/ZahidSmile,109534190,2022-07,6,57,5,2022–2022
Clufy,https://github.com/Clufy,108612382,2022-07,8,56,5,2022–2022
hamzahashmi988,https://github.com/hamzahashmi988,110339983,2022-07,11,55,5,2022–2022
Osamakhan20,https://github.com/Osamakhan20,109731492,2022-07,16,52,5,2022–2022
arhamujeeb,https://github.com/arhamujeeb,109718750,2022-07,9,51,5,2022–2022
Rameshkhatri12,https://github.com/Rameshkhatri12,108579215,2022-07,24,49,5,2022–2022
Kirshmakumari,https://github.com/Kirshmakumari,109736210,2022-07,10,48,5,2022–2022
ShaheerAhmed17,https://github.com/ShaheerAhmed17,110135948,2022-07,10,48,5,2022–2022
LobashKhatri,https://github.com/LobashKhatri,108508900,2022-07,10,47,5,2022–2022
usman-dev-ai,https://github.com/usman-dev-ai,108523517,2022-07,12,46,5,2022–2022
TanzeelaJabbar,https://github.com/TanzeelaJabbar,109574428,2022-07,17,45,5,2022–2022
Wajid-Ali2252,https://github.com/Wajid-Ali2252,109350014,2022-07,13,45,5,2022–2022
madiha2323,https://github.com/madiha2323,109577656,2022-07,10,44,5,2022–2022
Masood584,https://github.com/Masood584,109151983,2022-07,28,43,5,2022–2022
sammi-stack,https://github.com/sammi-stack,110170961,2022-07,13,43,5,2022–2022
abdulrehman05,https://github.com/abdulrehman05,109738982,2022-07,13,43,5,2022–2022
mrhabib42,https://github.com/mrhabib42,110157096,2022-07,19,41,5,2022–2022
RaoTaj,https://github.com/RaoTaj,109807671,2022-07,29,40,5,2022–2022
Muazkhan526,https://github.com/Muazkhan526,110101623,2022-07,21,39,5,2022–2022
fahad-inaequo,https://github.com/fahad-inaequo,108675760,2022-07,9,39,5,2022–2022
ChaudhrySamie,https://github.com/ChaudhrySamie,109524673,2022-07,26,38,5,2022–2022
hamid1976,https://github.com/hamid1976,109484678,2022-07,35,37,5,2022–2022
Hasnain11222,https://github.com/Hasnain11222,109806090,2022-07,24,35,5,2022–2022
Samdahri23,https://github.com/Samdahri23,108694076,2022-07,20,34,5,2022–2022
Muhammad246,https://github.com/Muhammad246,110306662,2022-07,16,34,5,2022–2022
MHamza14,https://github.com/MHamza14,110340023,2022-07,10,32,5,2022–2022
aasgherali,https://github.com/aasgherali,108732439,2022-07,6,32,5,2022–2022
Huzaifahariss,https://github.com/Huzaifahariss,109665968,2022-07,16,31,5,2022–2022
syedmmuzammulshah077,https://github.com/syedmmuzammulshah077,110115492,2022-07,28,30,5,2022–2022
abdurweb,https://github.com/abdurweb,108588123,2022-07,15,30,5,2022–2022
JariAbbas,https://github.com/JariAbbas,108775762,2022-07,11,30,5,2022–2022
SyedaFatimaZehra,https://github.com/SyedaFatimaZehra,108859057,2022-07,12,29,5,2022–2022
Hurerah41,https://github.com/Hurerah41,109913742,2022-07,20,28,5,2022–2022
WajahatBhatti,https://github.com/WajahatBhatti,109340168,2022-07,8,28,5,2022–2022
anoshawaniya,https://github.com/anoshawaniya,109809053,2022-07,14,27,5,2022–2022
sydmubashir20,https://github.com/sydmubashir20,108534711,2022-07,10,26,5,2022–2022
junaid199,https://github.com/junaid199,110340169,2022-07,15,25,5,2022–2022
bushrashahzad,https://github.com/bushrashahzad,109206836,2022-07,6,25,5,2022–2022
mubashirasheikh-24,https://github.com/mubashirasheikh-24,109556164,2022-07,7,20,5,2022–2022
saniashafeeq,https://github.com/saniashafeeq,108992213,2022-07,7,20,5,2022–2022
Huzaifa2557,https://github.com/Huzaifa2557,110115515,2022-07,22,19,5,2022–2022
SufyanShaikh031,https://github.com/SufyanShaikh031,110111943,2022-07,12,19,5,2022–2022
babarjees,https://github.com/babarjees,109502700,2022-07,9,18,5,2022–2022
ShaikhZayan,https://github.com/ShaikhZayan,110500949,2022-08,25,17359,5,2022–2022
Hafsa-shoaib989,https://github.com/Hafsa-shoaib989,112469577,2022-08,32,5679,5,2022–2022
abdulghhani,https://github.com/abdulghhani,112096015,2022-08,46,3236,5,2022–2022
abdullahshafiq-20,https://github.com/abdullahshafiq-20,111144443,2022-08,79,2521,5,2022–2022
rzn1337,https://github.com/rzn1337,111681171,2022-08,44,2210,5,2022–2022
AbdulRauf-Sidd,https://github.com/AbdulRauf-Sidd,112449180,2022-08,42,1406,5,2022–2022
Abdullahprogramme,https://github.com/Abdullahprogramme,111647623,2022-08,33,1384,5,2022–2022
MustafaGhouri,https://github.com/MustafaGhouri,112586426,2022-08,29,801,5,2022–2022
Huzaifa9559,https://github.com/Huzaifa9559,111239804,2022-08,40,704,5,2022–2022
MubashirAlam89,https://github.com/MubashirAlam89,110630623,2022-08,21,611,5,2022–2022
MirzaAbdullahBaig,https://github.com/MirzaAbdullahBaig,112177631,2022-08,61,587,5,2022–2022
Zainab-Aamir-Khan,https://github.com/Zainab-Aamir-Khan,112342726,2022-08,33,494,5,2022–2022
Muhammadhamd,https://github.com/Muhammadhamd,111101485,2022-08,89,474,5,2022–2022
skhussain123,https://github.com/skhussain123,110417884,2022-08,27,470,5,2022–2022
burhanmoin1,https://github.com/burhanmoin1,110992025,2022-08,51,428,5,2022–2022
ahsanimran456,https://github.com/ahsanimran456,111527387,2022-08,78,417,5,2022–2022
aa08453,https://github.com/aa08453,110716135,2022-08,20,405,5,2022–2022
software-shoaib,https://github.com/software-shoaib,111999588,2022-08,55,371,5,2022–2022
AHAdd40451,https://github.com/AHAdd40451,112001155,2022-08,31,316,5,2022–2022
smshah121,https://github.com/smshah121,110946198,2022-08,33,312,5,2022–2022
Shaheer04,https://github.com/Shaheer04,112032384,2022-08,36,302,5,2022–2022
Haider0916,https://github.com/Haider0916,111612442,2022-08,61,297,5,2022–2022
Anas-Rashid1,https://github.com/Anas-Rashid1,112347561,2022-08,7,295,5,2022–2022
Umar2838,https://github.com/Umar2838,112412509,2022-08,117,291,5,2022–2022
abdullahabdulrehman1,https://github.com/abdullahabdulrehman1,111999473,2022-08,31,285,5,2022–2022
HasnainIrfan,https://github.com/HasnainIrfan,110467207,2022-08,18,282,5,2022–2022
TAHA2255,https://github.com/TAHA2255,112281071,2022-08,32,274,5,2022–2022
ahmed-ahsan2001,https://github.com/ahmed-ahsan2001,111408670,2022-08,27,268,5,2022–2022
TheCasperSolangi,https://github.com/TheCasperSolangi,110996566,2022-08,56,261,5,2022–2022
mharisraza,https://github.com/mharisraza,111365348,2022-08,16,243,5,2022–2022
azwaarshad,https://github.com/azwaarshad,111645428,2022-08,19,240,5,2022–2022
H-raheel,https://github.com/H-raheel,112018411,2022-08,36,235,5,2022–2022
hassanshakil22,https://github.com/hassanshakil22,110414282,2022-08,36,232,5,2022–2022
NighatRaza,https://github.com/NighatRaza,111696432,2022-08,45,228,5,2022–2022
MohammadTaha0,https://github.com/MohammadTaha0,112355645,2022-08,31,221,5,2022–2022
danizus,https://github.com/danizus,111660699,2022-08,34,207,5,2022–2022
muhhuz-coder,https://github.com/muhhuz-coder,110600384,2022-08,26,190,5,2022–2022
Vortex127,https://github.com/Vortex127,111533694,2022-08,20,186,5,2022–2022
Huzaifa-kamran,https://github.com/Huzaifa-kamran,110659218,2022-08,27,180,5,2022–2022
x-dev-s,https://github.com/x-dev-s,112493989,2022-08,8,174,5,2022–2022
shaheerbeig,https://github.com/shaheerbeig,112177155,2022-08,47,171,5,2022–2022
Asharib706,https://github.com/Asharib706,112008946,2022-08,31,167,5,2022–2022
codewithrasheed,https://github.com/codewithrasheed,110893684,2022-08,48,163,5,2022–2022
Asifali720,https://github.com/Asifali720,110781332,2022-08,49,159,5,2022–2022
HSGHamza,https://github.com/HSGHamza,111175696,2022-08,12,156,5,2022–2022
SohailAhmed145,https://github.com/SohailAhmed145,111264528,2022-08,22,152,5,2022–2022
malikaaqil,https://github.com/malikaaqil,112152490,2022-08,17,152,5,2022–2022
AmirSayab,https://github.com/AmirSayab,111190828,2022-08,67,146,5,2022–2022
Umaima1205,https://github.com/Umaima1205,112200777,2022-08,35,145,5,2022–2022
HuzaifaKhaan,https://github.com/HuzaifaKhaan,112111747,2022-08,20,144,5,2022–2022
hafeez-solutionriver,https://github.com/hafeez-solutionriver,111304445,2022-08,22,142,5,2022–2022
LAIBA-MOHAMMADALI-26,https://github.com/LAIBA-MOHAMMADALI-26,112427611,2022-08,33,137,5,2022–2022
Azmat-Masih,https://github.com/Azmat-Masih,110678574,2022-08,17,137,5,2022–2022
SHaiderM16,https://github.com/SHaiderM16,111658569,2022-08,7,136,5,2022–2022
Wardaifti,https://github.com/Wardaifti,110490282,2022-08,31,130,5,2022–2022
Haseeb-Panhwar,https://github.com/Haseeb-Panhwar,110374039,2022-08,38,129,5,2022–2022
syedHunainali,https://github.com/syedHunainali,111503408,2022-08,16,127,5,2022–2022
Hurairahhassan,https://github.com/Hurairahhassan,110546397,2022-08,35,126,5,2022–2022
MuhammadMurtuzaZafar,https://github.com/MuhammadMurtuzaZafar,111660088,2022-08,22,121,5,2022–2022
NihalAli19,https://github.com/NihalAli19,110893952,2022-08,15,120,5,2022–2022
araza-29,https://github.com/araza-29,111206627,2022-08,25,118,5,2022–2022
Shaheer-sabri,https://github.com/Shaheer-sabri,110980582,2022-08,19,116,5,2022–2022
syedshubairr,https://github.com/syedshubairr,110731556,2022-08,18,115,5,2022–2022
saqibishfaque002,https://github.com/saqibishfaque002,110449595,2022-08,8,115,5,2022–2022
safdar8455,https://github.com/safdar8455,112075027,2022-08,27,114,5,2022–2022
jayy0335,https://github.com/jayy0335,110601284,2022-08,27,111,5,2022–2022
zaheer-abbas-g,https://github.com/zaheer-abbas-g,110475179,2022-08,12,111,5,2022–2022
Jawadali23,https://github.com/Jawadali23,110397706,2022-08,14,109,5,2022–2022
khizerganatra,https://github.com/khizerganatra,112175403,2022-08,17,107,5,2022–2022
Rafy110,https://github.com/Rafy110,111859992,2022-08,9,104,5,2022–2022
Muzaynah,https://github.com/Muzaynah,111022098,2022-08,7,104,5,2022–2022
AkifaKhan,https://github.com/AkifaKhan,110725258,2022-08,9,103,5,2022–2022
Abdullah-Zuberi,https://github.com/Abdullah-Zuberi,111603644,2022-08,47,97,5,2022–2022
Nidairshad,https://github.com/Nidairshad,111284455,2022-08,15,93,5,2022–2022
MuhammadAli120,https://github.com/MuhammadAli120,110571148,2022-08,33,92,5,2022–2022
SherryKhwan,https://github.com/SherryKhwan,110398254,2022-08,19,92,5,2022–2022
TanzeelSid,https://github.com/TanzeelSid,110907732,2022-08,11,92,5,2022–2022
s-ahsan-naqvi,https://github.com/s-ahsan-naqvi,111448083,2022-08,26,90,5,2022–2022
kaleem04,https://github.com/kaleem04,112370279,2022-08,26,89,5,2022–2022
arsalan030,https://github.com/arsalan030,111914072,2022-08,15,89,5,2022–2022
AhmadDaniyalHassan,https://github.com/AhmadDaniyalHassan,111693064,2022-08,11,86,5,2022–2022
Abdurafey,https://github.com/Abdurafey,111521573,2022-08,19,85,5,2022–2022
Mujahid-Akber-Ali,https://github.com/Mujahid-Akber-Ali,111522489,2022-08,58,83,5,2022–2022
KhalidHasanSid,https://github.com/KhalidHasanSid,110460176,2022-08,15,83,5,2022–2022
zkestroyer,https://github.com/zkestroyer,110786923,2022-08,14,82,5,2022–2022
Mujtaba-Ali21,https://github.com/Mujtaba-Ali21,112493834,2022-08,43,80,5,2022–2022
dexidev-pk,https://github.com/dexidev-pk,111518026,2022-08,55,78,5,2022–2022
sumairali93,https://github.com/sumairali93,110403800,2022-08,22,75,5,2022–2022
kantesh813,https://github.com/kantesh813,111461736,2022-08,18,75,5,2022–2022
MhdSabih,https://github.com/MhdSabih,110742234,2022-08,13,75,5,2022–2022
Sarib-Siddique,https://github.com/Sarib-Siddique,110452117,2022-08,33,74,5,2022–2022
A-Hadi-Kk,https://github.com/A-Hadi-Kk,112166841,2022-08,25,70,5,2022–2022
codebyTahaa,https://github.com/codebyTahaa,111244936,2022-08,46,68,5,2022–2022
ahad18,https://github.com/ahad18,111515779,2022-08,25,67,5,2022–2022
Fatimshaikh,https://github.com/Fatimshaikh,110774353,2022-08,26,65,5,2022–2022
Muhammad-Fasih2905,https://github.com/Muhammad-Fasih2905,111438011,2022-08,31,63,5,2022–2022
mshayanfaisal,https://github.com/mshayanfaisal,111658947,2022-08,26,62,5,2022–2022
thezaidushaikh,https://github.com/thezaidushaikh,111679985,2022-08,17,62,5,2022–2022
AFRA-33,https://github.com/AFRA-33,111389470,2022-08,31,60,5,2022–2022
MoosaMemon,https://github.com/MoosaMemon,111227915,2022-08,9,60,5,2022–2022
shayanndev,https://github.com/shayanndev,111175115,2022-08,19,58,5,2022–2022
Ahenkhan,https://github.com/Ahenkhan,111290999,2022-08,9,57,5,2022–2022
BilalZahid0,https://github.com/BilalZahid0,112318702,2022-08,8,55,5,2022–2022
hafizfarhad,https://github.com/hafizfarhad,111985473,2022-08,9,54,5,2022–2022
asadali11999,https://github.com/asadali11999,112097778,2022-08,18,53,5,2022–2022
alaraib8,https://github.com/alaraib8,111083199,2022-08,26,52,5,2022–2022
uzairjunaidkhan,https://github.com/uzairjunaidkhan,111299072,2022-08,15,52,5,2022–2022
talha-mah,https://github.com/talha-mah,110818321,2022-08,12,50,5,2022–2022
RohitCodeHub,https://github.com/RohitCodeHub,111306657,2022-08,18,49,5,2022–2022
Romeo-Arain,https://github.com/Romeo-Arain,110384092,2022-08,16,49,5,2022–2022
chaudhary8503,https://github.com/chaudhary8503,110979082,2022-08,8,49,5,2022–2022
abdulRafay2003,https://github.com/abdulRafay2003,110502274,2022-08,15,48,5,2022–2022
taliba570,https://github.com/taliba570,110420552,2022-08,34,47,5,2022–2022
ayshakhan23,https://github.com/ayshakhan23,111130852,2022-08,33,45,5,2022–2022
Areesh-dev,https://github.com/Areesh-dev,110979667,2022-08,23,43,5,2022–2022
hasnain696741,https://github.com/hasnain696741,110912556,2022-08,38,42,5,2022–2022
UsamaMalikSalesforce,https://github.com/UsamaMalikSalesforce,111425583,2022-08,11,42,5,2022–2022
AbdulRafay42240,https://github.com/AbdulRafay42240,111569196,2022-08,7,42,5,2022–2022
Ashhad-Khan-stack,https://github.com/Ashhad-Khan-stack,111227301,2022-08,6,41,5,2022–2022
mubashirflu,https://github.com/mubashirflu,111658972,2022-08,31,39,5,2022–2022
Tanzeel05,https://github.com/Tanzeel05,110625142,2022-08,15,39,5,2022–2022
alisyedrafay,https://github.com/alisyedrafay,111376417,2022-08,12,39,5,2022–2022
SyedAbidAliAbdi,https://github.com/SyedAbidAliAbdi,112363017,2022-08,17,38,5,2022–2022
Aqsa-shahbaz,https://github.com/Aqsa-shahbaz,111891197,2022-08,6,35,5,2022–2022
shamarali,https://github.com/shamarali,111586356,2022-08,16,34,5,2022–2022
RehmaWarsi,https://github.com/RehmaWarsi,112500083,2022-08,6,34,5,2022–2022
Wahab-23,https://github.com/Wahab-23,110617522,2022-08,7,33,5,2022–2022
harisDev52,https://github.com/harisDev52,112317103,2022-08,6,33,5,2022–2022
Muhammadzayan,https://github.com/Muhammadzayan,112028797,2022-08,16,32,5,2022–2022
Hurairah-1234,https://github.com/Hurairah-1234,112018513,2022-08,9,32,5,2022–2022
CODER-X-Original,https://github.com/CODER-X-Original,110594137,2022-08,7,32,5,2022–2022
syedalidev,https://github.com/syedalidev,112431291,2022-08,21,29,5,2022–2022
osie404,https://github.com/osie404,110997551,2022-08,8,29,5,2022–2022
Rlyzionn,https://github.com/Rlyzionn,112159153,2022-08,10,28,5,2022–2022
Waadi-me,https://github.com/Waadi-me,111859185,2022-08,8,27,5,2022–2022
tigerbaig1,https://github.com/tigerbaig1,112174016,2022-08,9,26,5,2022–2022
rumanalikhan,https://github.com/rumanalikhan,110635867,2022-08,6,26,5,2022–2022
mukhtar011,https://github.com/mukhtar011,111143748,2022-08,20,25,5,2022–2022
M-Abdullah-Usmani,https://github.com/M-Abdullah-Usmani,112126911,2022-08,9,25,5,2022–2022
Irteza-Rizvi,https://github.com/Irteza-Rizvi,111127740,2022-08,10,24,5,2022–2022
Sajidch1,https://github.com/Sajidch1,110766608,2022-08,8,24,5,2022–2022
Ghulamanwar44,https://github.com/Ghulamanwar44,111225039,2022-08,6,24,5,2022–2022
SaifUrRehman48,https://github.com/SaifUrRehman48,112461543,2022-08,9,22,5,2022–2022
nabeelghouri47,https://github.com/nabeelghouri47,112433292,2022-08,6,21,5,2022–2022
Bilal0511,https://github.com/Bilal0511,112307346,2022-08,19,20,5,2022–2022
MuzzamilKhan09,https://github.com/MuzzamilKhan09,110412820,2022-08,12,20,5,2022–2022
AINULISLAM-20,https://github.com/AINULISLAM-20,111901210,2022-08,15,19,5,2022–2022
anas-rafique,https://github.com/anas-rafique,112482876,2022-08,10,19,5,2022–2022
Manojkumarkhatri,https://github.com/Manojkumarkhatri,110733153,2022-08,9,18,5,2022–2022
Mubassim-Khan,https://github.com/Mubassim-Khan,113042537,2022-09,28,3069,5,2022–2022
fiza-h,https://github.com/fiza-h,113999689,2022-09,38,1722,5,2022–2022
SyedHassanUlHaq,https://github.com/SyedHassanUlHaq,113203732,2022-09,60,998,5,2022–2022
hinakhadim,https://github.com/hinakhadim,112946189,2022-09,57,724,5,2022–2022
Sohail342,https://github.com/Sohail342,112939890,2022-09,40,719,5,2022–2022
Ansari1120,https://github.com/Ansari1120,114314363,2022-09,38,641,5,2022–2022
Sidra-Tul-Muntaha-Ghouri,https://github.com/Sidra-Tul-Muntaha-Ghouri,113014350,2022-09,38,526,5,2022–2022
Uzair-A-Jokhio,https://github.com/Uzair-A-Jokhio,114494083,2022-09,39,507,5,2022–2022
as3hr,https://github.com/as3hr,113264020,2022-09,15,507,5,2022–2022
metachemist,https://github.com/metachemist,112750239,2022-09,20,477,5,2022–2022
BakhtiarAhmed41,https://github.com/BakhtiarAhmed41,114367140,2022-09,24,475,5,2022–2022
arsalan1004,https://github.com/arsalan1004,114390803,2022-09,16,469,5,2022–2022
Mazhar88897,https://github.com/Mazhar88897,113559751,2022-09,69,405,5,2022–2022
Noor-Ul-Imaan,https://github.com/Noor-Ul-Imaan,112748983,2022-09,16,389,5,2022–2022
subhan-tahir,https://github.com/subhan-tahir,112649712,2022-09,70,375,5,2022–2022
aqsa-isha,https://github.com/aqsa-isha,114466334,2022-09,140,373,5,2022–2022
hammaad2002,https://github.com/hammaad2002,114487807,2022-09,32,347,5,2022–2022
Nasreen027,https://github.com/Nasreen027,113277009,2022-09,36,343,5,2022–2022
imeesam,https://github.com/imeesam,113838998,2022-09,54,295,5,2022–2022
Nehal409,https://github.com/Nehal409,113442067,2022-09,36,277,5,2022–2022
fayyazAli24,https://github.com/fayyazAli24,113125426,2022-09,40,271,5,2022–2022
ayeshaafzal1573,https://github.com/ayeshaafzal1573,113835417,2022-09,10,260,5,2022–2022
Asad-Ali-Rajput,https://github.com/Asad-Ali-Rajput,113686793,2022-09,10,256,5,2022–2022
Zayahan-Hasan-Shah,https://github.com/Zayahan-Hasan-Shah,113588072,2022-09,46,255,5,2022–2022
Rehman279,https://github.com/Rehman279,114314272,2022-09,28,247,5,2022–2022
mujeeb00,https://github.com/mujeeb00,113839359,2022-09,49,246,5,2022–2022
ArsalanAyaz10,https://github.com/ArsalanAyaz10,114497844,2022-09,46,241,5,2022–2022
Anasshahid2004,https://github.com/Anasshahid2004,114642031,2022-09,94,232,5,2022–2022
0raffay,https://github.com/0raffay,114017464,2022-09,14,229,5,2022–2022
sarimofficial,https://github.com/sarimofficial,112846431,2022-09,54,227,5,2022–2022
zaintahiri,https://github.com/zaintahiri,113381557,2022-09,58,226,5,2022–2022
A-Rafay32,https://github.com/A-Rafay32,113136294,2022-09,26,224,5,2022–2022
pinetech-pk,https://github.com/pinetech-pk,114247839,2022-09,6,221,5,2022–2022
AbbasAliKazmi,https://github.com/AbbasAliKazmi,113642068,2022-09,27,213,5,2022–2022
Huzaifa829,https://github.com/Huzaifa829,113027493,2022-09,54,211,5,2022–2022
raxor555,https://github.com/raxor555,114505144,2022-09,32,210,5,2022–2022
itbaans,https://github.com/itbaans,112649858,2022-09,33,203,5,2022–2022
naseemlaiba574,https://github.com/naseemlaiba574,112604797,2022-09,31,188,5,2022–2022
AmeenHamza,https://github.com/AmeenHamza,113100189,2022-09,70,185,5,2022–2022
Adnanwebguy1996,https://github.com/Adnanwebguy1996,112750532,2022-09,14,185,5,2022–2022
masfiyan,https://github.com/masfiyan,112983327,2022-09,37,184,5,2022–2022
InaamKhan11,https://github.com/InaamKhan11,113410677,2022-09,31,168,5,2022–2022
Abdulllah-Rizwan,https://github.com/Abdulllah-Rizwan,112887740,2022-09,37,158,5,2022–2022
Ayesha38600,https://github.com/Ayesha38600,113018202,2022-09,40,156,5,2022–2022
rayyansajid,https://github.com/rayyansajid,114411194,2022-09,37,155,5,2022–2022
bilalabsh,https://github.com/bilalabsh,114065322,2022-09,16,151,5,2022–2022
sudaisansari,https://github.com/sudaisansari,112867230,2022-09,29,149,5,2022–2022
Sham-Sundar,https://github.com/Sham-Sundar,113858973,2022-09,10,148,5,2022–2022
Hammas444,https://github.com/Hammas444,113780545,2022-09,26,146,5,2022–2022
Mehdi-Abbas-Arduino,https://github.com/Mehdi-Abbas-Arduino,113299344,2022-09,54,143,5,2022–2022
usamauddin,https://github.com/usamauddin,113187598,2022-09,12,142,5,2022–2022
iamanum,https://github.com/iamanum,112949255,2022-09,37,140,5,2022–2022
AshalIbrahim,https://github.com/AshalIbrahim,113935461,2022-09,16,138,5,2022–2022
marsalansohail123,https://github.com/marsalansohail123,113184356,2022-09,83,135,5,2022–2022
adnanahmedbilalbn,https://github.com/adnanahmedbilalbn,113972513,2022-09,29,135,5,2022–2022
MuhammadMohsin310,https://github.com/MuhammadMohsin310,113385515,2022-09,23,131,5,2022–2022
OATalha,https://github.com/OATalha,113587088,2022-09,12,128,5,2022–2022
AsadMehmood-meta,https://github.com/AsadMehmood-meta,114588273,2022-09,9,128,5,2022–2022
RasibHassan,https://github.com/RasibHassan,113849597,2022-09,18,124,5,2022–2022
Aoun-Developer,https://github.com/Aoun-Developer,112731920,2022-09,15,122,5,2022–2022
Sandeep-K-Suthar,https://github.com/Sandeep-K-Suthar,112924224,2022-09,12,121,5,2022–2022
ahmed1Sufyan,https://github.com/ahmed1Sufyan,112612720,2022-09,34,119,5,2022–2022
Nabil-Nasim,https://github.com/Nabil-Nasim,113380699,2022-09,18,119,5,2022–2022
musaib70,https://github.com/musaib70,114661401,2022-09,16,119,5,2022–2022
raohanzala,https://github.com/raohanzala,112801833,2022-09,31,116,5,2022–2022
mibma,https://github.com/mibma,112694820,2022-09,38,114,5,2022–2022
ProgrammerABDUL,https://github.com/ProgrammerABDUL,112803678,2022-09,28,112,6,2022–2023
Rehmanali03,https://github.com/Rehmanali03,112756932,2022-09,36,103,6,2022–2023
UMAIMA987,https://github.com/UMAIMA987,114561607,2022-09,18,103,6,2022–2023
Hamees123,https://github.com/Hamees123,113780509,2022-09,17,99,6,2022–2023
azadali2,https://github.com/azadali2,113963732,2022-09,18,95,6,2022–2023
SAMEERKHAN1051,https://github.com/SAMEERKHAN1051,113291729,2022-09,22,93,6,2022–2023
tahir-salim,https://github.com/tahir-salim,112714725,2022-09,30,92,6,2022–2023
muzzamil127,https://github.com/muzzamil127,112869630,2022-09,28,91,6,2022–2023
azharalisheeno1,https://github.com/azharalisheeno1,113542585,2022-09,30,90,6,2022–2023
shayan-ameen-dev,https://github.com/shayan-ameen-dev,113501872,2022-09,11,88,6,2022–2023
kumardinesh21,https://github.com/kumardinesh21,114287171,2022-09,9,86,6,2022–2023
bil21071,https://github.com/bil21071,114344017,2022-09,23,84,6,2022–2023
Isht-dev190,https://github.com/Isht-dev190,114010376,2022-09,22,81,6,2022–2023
hiba-bint-irfan,https://github.com/hiba-bint-irfan,113757992,2022-09,13,81,6,2022–2023
muhammadharis4359,https://github.com/muhammadharis4359,113523836,2022-09,30,77,6,2022–2023
mallasmustafa,https://github.com/mallasmustafa,114737218,2022-09,28,76,6,2022–2023
Adeeb123473,https://github.com/Adeeb123473,112686708,2022-09,10,76,6,2022–2023
FarzaamAli,https://github.com/FarzaamAli,114613382,2022-09,13,72,6,2022–2023
29hashir04,https://github.com/29hashir04,113235454,2022-09,7,71,6,2022–2023
Rafay-Memon,https://github.com/Rafay-Memon,112881716,2022-09,14,65,6,2022–2023
Adnanbalti,https://github.com/Adnanbalti,113459560,2022-09,12,65,6,2022–2023
NUMAIRn,https://github.com/NUMAIRn,113456585,2022-09,12,62,6,2022–2023
waqasedhi,https://github.com/waqasedhi,113411237,2022-09,8,62,6,2022–2023
rmszk,https://github.com/rmszk,113264705,2022-09,14,61,6,2022–2023
saifkhanengr,https://github.com/saifkhanengr,114377643,2022-09,8,59,6,2022–2023
saqibhakeem,https://github.com/saqibhakeem,113930907,2022-09,8,59,6,2022–2023
hamzanaseem29,https://github.com/hamzanaseem29,112764884,2022-09,22,57,6,2022–2023
YasirZohqain,https://github.com/YasirZohqain,112613632,2022-09,8,57,6,2022–2023
Nensibatra1122,https://github.com/Nensibatra1122,114028760,2022-09,17,56,6,2022–2023
moeed17,https://github.com/moeed17,113799217,2022-09,7,53,6,2022–2023
Maryam-22844,https://github.com/Maryam-22844,113189834,2022-09,14,52,6,2022–2023
Furqan-Ur-Rehman,https://github.com/Furqan-Ur-Rehman,112607925,2022-09,25,50,6,2022–2023
asheel-ahmed,https://github.com/asheel-ahmed,112801812,2022-09,31,46,6,2022–2023
zulqarnain87,https://github.com/zulqarnain87,112704129,2022-09,22,46,6,2022–2023
awaz444,https://github.com/awaz444,114678240,2022-09,12,42,6,2022–2023
ZiaSani,https://github.com/ZiaSani,113604086,2022-09,6,39,6,2022–2023
Hafsa-Farhan,https://github.com/Hafsa-Farhan,112971148,2022-09,8,37,6,2022–2023
JamilAnwar360,https://github.com/JamilAnwar360,113760387,2022-09,14,36,6,2022–2023
Ahmedshah2,https://github.com/Ahmedshah2,112849450,2022-09,13,36,6,2022–2023
ShayanTheDev,https://github.com/ShayanTheDev,114154329,2022-09,17,35,6,2022–2023
rafay79,https://github.com/rafay79,112882076,2022-09,15,35,6,2022–2023
daaim10,https://github.com/daaim10,112897785,2022-09,19,34,6,2022–2023
sufiyan003,https://github.com/sufiyan003,113621823,2022-09,6,33,6,2022–2023
tahibahmed,https://github.com/tahibahmed,113349240,2022-09,16,32,6,2022–2023
Zain-Ali-Siddiqui,https://github.com/Zain-Ali-Siddiqui,114559080,2022-09,18,31,6,2022–2023
DigiGrue,https://github.com/DigiGrue,113996392,2022-09,13,31,6,2022–2023
armeen-irfan,https://github.com/armeen-irfan,113092717,2022-09,6,31,6,2022–2023
Nida527,https://github.com/Nida527,114507599,2022-09,11,30,6,2022–2023
MehmoodAhmed786,https://github.com/MehmoodAhmed786,113243132,2022-09,7,30,6,2022–2023
Haseeb-22,https://github.com/Haseeb-22,112949997,2022-09,18,28,6,2022–2023
Shiza-huda,https://github.com/Shiza-huda,113924135,2022-09,9,26,6,2022–2023
EyyanJilani,https://github.com/EyyanJilani,113720471,2022-09,8,25,6,2022–2023
Salman-Nadeem,https://github.com/Salman-Nadeem,114280373,2022-09,10,24,6,2022–2023
musharraf90,https://github.com/musharraf90,114187330,2022-09,19,23,6,2022–2023
MustafaFaisal880,https://github.com/MustafaFaisal880,113097716,2022-09,7,23,6,2022–2023
IfraSiddiqui,https://github.com/IfraSiddiqui,112646840,2022-09,8,21,6,2022–2023
imran6467,https://github.com/imran6467,113705528,2022-09,7,19,6,2022–2023
Shehzad719,https://github.com/Shehzad719,114313342,2022-09,15,17,6,2022–2023
obaidmughal14,https://github.com/obaidmughal14,112952318,2022-09,9,17,6,2022–2023
alphadev97,https://github.com/alphadev97,116688082,2022-10,81,2830,6,2022–2023
IqraaMansha,https://github.com/IqraaMansha,115552409,2022-10,39,2132,6,2022–2023
baqar-abbas,https://github.com/baqar-abbas,117091923,2022-10,90,1970,6,2022–2023
mwasif666,https://github.com/mwasif666,115789986,2022-10,116,1167,6,2022–2023
Syed-Abid,https://github.com/Syed-Abid,115884289,2022-10,51,995,6,2022–2023
shayansaeed123,https://github.com/shayansaeed123,115692639,2022-10,15,793,6,2022–2023
Faiqa-batool,https://github.com/Faiqa-batool,115587465,2022-10,49,792,6,2022–2023
CodeWith-HAMZA,https://github.com/CodeWith-HAMZA,115408642,2022-10,78,586,6,2022–2023
MuhammadHuzaifak2025,https://github.com/MuhammadHuzaifak2025,115894335,2022-10,23,570,6,2022–2023
mabdulqadirhamza,https://github.com/mabdulqadirhamza,116482376,2022-10,39,499,6,2022–2023
AshirAzeem-Developer,https://github.com/AshirAzeem-Developer,116473491,2022-10,64,488,6,2022–2023
Muhammad-Qasim-Raza,https://github.com/Muhammad-Qasim-Raza,115484433,2022-10,41,465,6,2022–2023
Suneel-Developer,https://github.com/Suneel-Developer,115105688,2022-10,66,460,6,2022–2023
behroozkhan,https://github.com/behroozkhan,117090048,2022-10,37,362,6,2022–2023
Talha971,https://github.com/Talha971,114994923,2022-10,33,348,6,2022–2023
muneeb-shahid,https://github.com/muneeb-shahid,115135886,2022-10,29,337,6,2022–2023
mirza-sarim-baig,https://github.com/mirza-sarim-baig,115108461,2022-10,34,334,6,2022–2023
saakhani,https://github.com/saakhani,116938835,2022-10,23,317,6,2022–2023
M-Adil-AS,https://github.com/M-Adil-AS,115668271,2022-10,28,305,6,2022–2023
samiemirza,https://github.com/samiemirza,116446621,2022-10,30,291,6,2022–2023
devFarhan3,https://github.com/devFarhan3,116279435,2022-10,67,267,6,2022–2023
qazizohaibali,https://github.com/qazizohaibali,115261244,2022-10,31,259,6,2022–2023
Bilalzafar0020,https://github.com/Bilalzafar0020,115065049,2022-10,42,241,6,2022–2023
IMTISAL911,https://github.com/IMTISAL911,114853844,2022-10,42,238,6,2022–2023
Iamdeveloper1,https://github.com/Iamdeveloper1,117025229,2022-10,6,234,6,2022–2023
AbdullahBinShahid,https://github.com/AbdullahBinShahid,115925286,2022-10,33,227,6,2022–2023
AffanImran1303,https://github.com/AffanImran1303,115869839,2022-10,27,226,6,2022–2023
haniakashif,https://github.com/haniakashif,116333070,2022-10,14,211,6,2022–2023
omairakapasha,https://github.com/omairakapasha,115396484,2022-10,9,210,6,2022–2023
Javeria-Hassan-SE,https://github.com/Javeria-Hassan-SE,115334747,2022-10,59,206,6,2022–2023
kamizox,https://github.com/kamizox,115376744,2022-10,75,205,6,2022–2023
zoha-hussain,https://github.com/zoha-hussain,115356230,2022-10,11,203,6,2022–2023
itzxajay,https://github.com/itzxajay,114862222,2022-10,15,202,6,2022–2023
skoom21,https://github.com/skoom21,116948040,2022-10,32,187,6,2022–2023
JashwantChohan,https://github.com/JashwantChohan,116147134,2022-10,21,186,6,2022–2023
sajid-ahmed2816,https://github.com/sajid-ahmed2816,115569681,2022-10,22,181,6,2022–2023
fahad-sajid,https://github.com/fahad-sajid,116836378,2022-10,8,172,6,2022–2023
Abdul-Basit-Pro,https://github.com/Abdul-Basit-Pro,114910040,2022-10,22,169,6,2022–2023
Muhammad-S-A-D-I-Q,https://github.com/Muhammad-S-A-D-I-Q,115625441,2022-10,32,158,6,2022–2023
umeriplex,https://github.com/umeriplex,115613349,2022-10,67,151,6,2022–2023
Sanan01,https://github.com/Sanan01,115987935,2022-10,27,138,6,2022–2023
SaqibatCode,https://github.com/SaqibatCode,115645938,2022-10,20,138,6,2022–2023
Ammarkarim73,https://github.com/Ammarkarim73,115485196,2022-10,14,138,6,2022–2023
code-with-saad,https://github.com/code-with-saad,115474924,2022-10,51,132,6,2022–2023
Umar43Umar,https://github.com/Umar43Umar,114831714,2022-10,26,128,6,2022–2023
MuhammadAusafJamal,https://github.com/MuhammadAusafJamal,115148474,2022-10,25,122,6,2022–2023
Hasnainpali,https://github.com/Hasnainpali,115239062,2022-10,17,120,6,2022–2023
Ibrahim67182,https://github.com/Ibrahim67182,115927887,2022-10,8,118,6,2022–2023
ahsansajid25324,https://github.com/ahsansajid25324,115139853,2022-10,14,115,6,2022–2023
EsJayEff,https://github.com/EsJayEff,114878673,2022-10,24,112,6,2022–2023
MujtabaBhatti09,https://github.com/MujtabaBhatti09,114852433,2022-10,65,111,6,2022–2023
mughira0,https://github.com/mughira0,115372340,2022-10,22,111,6,2022–2023
Azlan9t8,https://github.com/Azlan9t8,115263715,2022-10,11,111,6,2022–2023
Rabiaismail21,https://github.com/Rabiaismail21,115809709,2022-10,22,107,6,2022–2023
mshujaat10,https://github.com/mshujaat10,115456815,2022-10,19,105,6,2022–2023
AhmedHaroon07,https://github.com/AhmedHaroon07,116273810,2022-10,8,101,6,2022–2023
Safiullahkhokhar,https://github.com/Safiullahkhokhar,115522976,2022-10,6,99,6,2022–2023
MuhammadAhmed2,https://github.com/MuhammadAhmed2,115209280,2022-10,24,94,6,2022–2023
NimraAbid05,https://github.com/NimraAbid05,115781140,2022-10,34,93,6,2022–2023
Aliharis007,https://github.com/Aliharis007,115131912,2022-10,17,91,6,2022–2023
YaseenMughal,https://github.com/YaseenMughal,115240644,2022-10,25,83,6,2022–2023
yaseenbhojani,https://github.com/yaseenbhojani,115700721,2022-10,13,83,6,2022–2023
anushashmani,https://github.com/anushashmani,114919158,2022-10,24,82,6,2022–2023
M-Abdullah786,https://github.com/M-Abdullah786,116350349,2022-10,14,82,6,2022–2023
s-aliza004,https://github.com/s-aliza004,116514999,2022-10,24,77,6,2022–2023
manaykhan,https://github.com/manaykhan,116371572,2022-10,10,77,6,2022–2023
macubetech,https://github.com/macubetech,116107346,2022-10,29,75,6,2022–2023
altatechmark,https://github.com/altatechmark,115361598,2022-10,24,71,6,2022–2023
abrarali99,https://github.com/abrarali99,115215269,2022-10,34,68,6,2022–2023
Faraz-Symits,https://github.com/Faraz-Symits,115542906,2022-10,6,65,6,2022–2023
sawera2003,https://github.com/sawera2003,114808566,2022-10,16,63,6,2022–2023
rafay637,https://github.com/rafay637,116227560,2022-10,40,62,6,2022–2023
Muhammd-yasir,https://github.com/Muhammd-yasir,116946081,2022-10,26,59,6,2022–2023
liaquatalidev,https://github.com/liaquatalidev,114900529,2022-10,20,59,6,2022–2023
ahmedraza-developer,https://github.com/ahmedraza-developer,116722298,2022-10,16,58,6,2022–2023
syedather2015,https://github.com/syedather2015,114816016,2022-10,15,56,6,2022–2023
Abdullahshaikh-code,https://github.com/Abdullahshaikh-code,115934156,2022-10,14,56,6,2022–2023
MirZAusmanB,https://github.com/MirZAusmanB,114987311,2022-10,12,56,6,2022–2023
Muhammad-Mustafa78,https://github.com/Muhammad-Mustafa78,115991484,2022-10,43,54,6,2022–2023
AlizayAli,https://github.com/AlizayAli,116918530,2022-10,18,54,6,2022–2023
arain320,https://github.com/arain320,117027991,2022-10,14,54,6,2022–2023
adsherdil,https://github.com/adsherdil,117023728,2022-10,7,54,6,2022–2023
AbdullahJatoi007,https://github.com/AbdullahJatoi007,116573003,2022-10,6,51,6,2022–2023
sanaullahb,https://github.com/sanaullahb,115632788,2022-10,11,50,6,2022–2023
AbdulQadir1982,https://github.com/AbdulQadir1982,117006012,2022-10,20,49,6,2022–2023
Naresh-Kumar17,https://github.com/Naresh-Kumar17,114923094,2022-10,10,48,6,2022–2023
RuhanShamshad,https://github.com/RuhanShamshad,114934379,2022-10,23,47,6,2022–2023
ahmergit,https://github.com/ahmergit,117104570,2022-10,15,47,6,2022–2023
hassan3895,https://github.com/hassan3895,114859853,2022-10,18,45,6,2022–2023
fabehashahzad,https://github.com/fabehashahzad,115413193,2022-10,10,45,6,2022–2023
FrontendDeveloperWeb,https://github.com/FrontendDeveloperWeb,114811212,2022-10,9,43,6,2022–2023
aisha-mukhtar,https://github.com/aisha-mukhtar,116639811,2022-10,17,42,6,2022–2023
shoaibahmed4,https://github.com/shoaibahmed4,115498101,2022-10,17,40,6,2022–2023
abdulsamad08,https://github.com/abdulsamad08,116899821,2022-10,12,40,6,2022–2023
Sufyaansauri,https://github.com/Sufyaansauri,115418185,2022-10,12,40,6,2022–2023
tufail-jatoi,https://github.com/tufail-jatoi,115794681,2022-10,39,39,6,2022–2023
awaisshaikh020,https://github.com/awaisshaikh020,116733754,2022-10,18,39,6,2022–2023
MohammadAmmar11,https://github.com/MohammadAmmar11,115079285,2022-10,6,38,6,2022–2023
alimuhammad3235,https://github.com/alimuhammad3235,114803146,2022-10,20,37,6,2022–2023
Mustafa364,https://github.com/Mustafa364,116076196,2022-10,37,36,6,2022–2023
Rohama76,https://github.com/Rohama76,115659870,2022-10,22,35,6,2022–2023
deepaklohana,https://github.com/deepaklohana,116840564,2022-10,9,34,6,2022–2023
Irtizajee,https://github.com/Irtizajee,114925061,2022-10,16,33,6,2022–2023
ahmedrzza,https://github.com/ahmedrzza,114938308,2022-10,14,33,6,2022–2023
Qasham782,https://github.com/Qasham782,115237026,2022-10,10,33,6,2022–2023
usama-hashone-hub,https://github.com/usama-hashone-hub,116102343,2022-10,10,33,6,2022–2023
sahrish-salman,https://github.com/sahrish-salman,116147753,2022-10,23,32,6,2022–2023
Hamza-developer26,https://github.com/Hamza-developer26,114942530,2022-10,7,32,6,2022–2023
uzairsaleem36,https://github.com/uzairsaleem36,116266600,2022-10,9,29,6,2022–2023
Araib-Khan,https://github.com/Araib-Khan,115884376,2022-10,23,28,6,2022–2023
mariyamsoffice,https://github.com/mariyamsoffice,116881624,2022-10,10,28,6,2022–2023
munawar-ali70,https://github.com/munawar-ali70,115243070,2022-10,18,27,6,2022–2023
HiraAlvi0,https://github.com/HiraAlvi0,117022475,2022-10,6,26,6,2022–2023
IamTahaKhan,https://github.com/IamTahaKhan,115950640,2022-10,14,24,6,2022–2023
WebDeveloperFouzia,https://github.com/WebDeveloperFouzia,116913089,2022-10,8,23,6,2022–2023
Furqannazir,https://github.com/Furqannazir,116783242,2022-10,12,22,6,2022–2023
AHMEDARAIN12,https://github.com/AHMEDARAIN12,115926593,2022-10,10,22,6,2022–2023
Asadahmedkhan18,https://github.com/Asadahmedkhan18,115625259,2022-10,9,20,6,2022–2023
ibrahimdar-dotcom,https://github.com/ibrahimdar-dotcom,115545615,2022-10,7,20,6,2022–2023
Salmannaeem44,https://github.com/Salmannaeem44,115414432,2022-10,6,20,6,2022–2023
yashkumarladhani,https://github.com/yashkumarladhani,115504025,2022-10,11,19,6,2022–2023
AneeqKhan11,https://github.com/AneeqKhan11,114823479,2022-10,8,19,6,2022–2023
mbutt20,https://github.com/mbutt20,116273634,2022-10,8,19,6,2022–2023
talhaisrafeel,https://github.com/talhaisrafeel,116680508,2022-10,9,17,6,2022–2023
syahra712,https://github.com/syahra712,119487797,2022-11,23,1915,6,2022–2023
QinZuoyana,https://github.com/QinZuoyana,118032014,2022-11,7,1824,6,2022–2023
Muhammad-Taqi-Dev,https://github.com/Muhammad-Taqi-Dev,119300978,2022-11,37,883,6,2022–2023
haseebbsal,https://github.com/haseebbsal,117512447,2022-11,28,843,6,2022–2023
FaizanKhanDev,https://github.com/FaizanKhanDev,117845718,2022-11,103,775,6,2022–2023
rayyan22207,https://github.com/rayyan22207,117920756,2022-11,44,733,6,2022–2023
HaileyGuKi,https://github.com/HaileyGuKi,118875407,2022-11,12,595,6,2022–2023
DaniyalAliIsrail,https://github.com/DaniyalAliIsrail,117906934,2022-11,86,566,6,2022–2023
naufel1122,https://github.com/naufel1122,119424700,2022-11,58,455,6,2022–2023
alizaKhalidKhan,https://github.com/alizaKhalidKhan,119021188,2022-11,63,445,6,2022–2023
samraalmas6,https://github.com/samraalmas6,119280481,2022-11,47,435,6,2022–2023
Aniqa990,https://github.com/Aniqa990,117656214,2022-11,28,434,6,2022–2023
IamAreeba,https://github.com/IamAreeba,117988518,2022-11,62,388,6,2022–2023
zohaibterminator,https://github.com/zohaibterminator,117584067,2022-11,45,386,6,2022–2023
munawerdev,https://github.com/munawerdev,117267127,2022-11,22,335,6,2022–2023
riz-33,https://github.com/riz-33,118995669,2022-11,19,332,6,2022–2023
MD-Shahzaib,https://github.com/MD-Shahzaib,118198900,2022-11,41,331,6,2022–2023
syedzainulabidin,https://github.com/syedzainulabidin,117158199,2022-11,43,326,6,2022–2023
kmuzzi10,https://github.com/kmuzzi10,117830681,2022-11,52,317,6,2022–2023
UTandor,https://github.com/UTandor,118050517,2022-11,25,297,6,2022–2023
mnomandev,https://github.com/mnomandev,117749981,2022-11,32,271,6,2022–2023
mebi-ali,https://github.com/mebi-ali,118427945,2022-11,53,270,6,2022–2023
Mohid-Master,https://github.com/Mohid-Master,118684511,2022-11,25,269,6,2022–2023
MFARAZ24,https://github.com/MFARAZ24,119207160,2022-11,21,266,6,2022–2023
MaheenMohid,https://github.com/MaheenMohid,117740011,2022-11,78,257,6,2022–2023
syedmunimshah,https://github.com/syedmunimshah,118118106,2022-11,38,246,6,2022–2023
AishaJalil,https://github.com/AishaJalil,117748534,2022-11,30,227,6,2022–2023
SHAFAY04,https://github.com/SHAFAY04,117296248,2022-11,19,227,6,2022–2023
HamayoonDEV,https://github.com/HamayoonDEV,118267766,2022-11,109,223,6,2022–2023
SaraJawed,https://github.com/SaraJawed,117940378,2022-11,10,223,6,2022–2023
zeeshanibrarali,https://github.com/zeeshanibrarali,118553491,2022-11,56,219,6,2022–2023
MShazim,https://github.com/MShazim,118631584,2022-11,13,212,6,2022–2023
SyedAnasAhmed,https://github.com/SyedAnasAhmed,118369579,2022-11,24,204,6,2022–2023
WaqasAsif2002,https://github.com/WaqasAsif2002,117596916,2022-11,50,194,6,2022–2023
Syed-Obaid,https://github.com/Syed-Obaid,117272972,2022-11,68,186,6,2022–2023
Anuskhalil,https://github.com/Anuskhalil,117922339,2022-11,75,180,6,2022–2023
MFaizanMemmon,https://github.com/MFaizanMemmon,118439682,2022-11,19,178,6,2022–2023
Adilsheikh890,https://github.com/Adilsheikh890,119449174,2022-11,33,176,6,2022–2023
sidAKAsadiq,https://github.com/sidAKAsadiq,118195778,2022-11,19,176,6,2022–2023
MohsenAli2211007KHICND,https://github.com/MohsenAli2211007KHICND,119280448,2022-11,48,174,6,2022–2023
rahilsaleem12,https://github.com/rahilsaleem12,118660098,2022-11,47,171,6,2022–2023
ziakha12,https://github.com/ziakha12,117581329,2022-11,49,168,6,2022–2023
hamzadeveloper786,https://github.com/hamzadeveloper786,119501627,2022-11,75,161,6,2022–2023
MHunainAslam,https://github.com/MHunainAslam,117734975,2022-11,24,149,6,2022–2023
HassaanAli2211,https://github.com/HassaanAli2211,119306413,2022-11,6,143,6,2022–2023
ashhalll,https://github.com/ashhalll,118602210,2022-11,24,133,6,2022–2023
Shahrukh202,https://github.com/Shahrukh202,117519911,2022-11,11,127,6,2022–2023
myasirweb,https://github.com/myasirweb,119052144,2022-11,25,123,6,2022–2023
zubairkhatti,https://github.com/zubairkhatti,119253127,2022-11,14,114,6,2022–2023
MominKhan9,https://github.com/MominKhan9,117566652,2022-11,6,108,6,2022–2023
ahmedaliansari,https://github.com/ahmedaliansari,117213903,2022-11,38,105,6,2022–2023
Yasiraleee,https://github.com/Yasiraleee,117939487,2022-11,17,104,6,2022–2023
syeddilawar4444,https://github.com/syeddilawar4444,118065660,2022-11,18,102,6,2022–2023
FabihaAtique,https://github.com/FabihaAtique,118635070,2022-11,10,94,6,2022–2023
muazarif12,https://github.com/muazarif12,118961137,2022-11,8,92,6,2022–2023
khadimhussain99,https://github.com/khadimhussain99,118330060,2022-11,27,87,6,2022–2023
shiraz998,https://github.com/shiraz998,119335933,2022-11,21,84,6,2022–2023
warishaaslam910,https://github.com/warishaaslam910,117461200,2022-11,11,83,6,2022–2023
Hamza-Zaidi619,https://github.com/Hamza-Zaidi619,117271536,2022-11,45,82,6,2022–2023
MArrayyan14,https://github.com/MArrayyan14,118359224,2022-11,6,78,6,2022–2023
MeerHADI-khan,https://github.com/MeerHADI-khan,118607848,2022-11,36,77,6,2022–2023
Aberto7,https://github.com/Aberto7,117812192,2022-11,14,75,6,2022–2023
afnanyousuf89,https://github.com/afnanyousuf89,119413800,2022-11,42,74,6,2022–2023
Engrkamlesh,https://github.com/Engrkamlesh,117849186,2022-11,32,72,6,2022–2023
harmainsajid,https://github.com/harmainsajid,117431623,2022-11,22,71,6,2022–2023
MuhammadSarim18,https://github.com/MuhammadSarim18,118040766,2022-11,19,69,6,2022–2023
saram098,https://github.com/saram098,117343465,2022-11,18,69,6,2022–2023
Code-Breaker28,https://github.com/Code-Breaker28,119408666,2022-11,20,66,6,2022–2023
ChoudaryAzeem,https://github.com/ChoudaryAzeem,118295339,2022-11,57,64,6,2022–2023
zohaibkhan321,https://github.com/zohaibkhan321,117985032,2022-11,16,64,6,2022–2023
Shahzaibalikhawaja,https://github.com/Shahzaibalikhawaja,117357961,2022-11,17,63,6,2022–2023
muhammadawais-developer,https://github.com/muhammadawais-developer,118046144,2022-11,17,63,6,2022–2023
shahthedev,https://github.com/shahthedev,117655783,2022-11,11,63,6,2022–2023
UzairAliNusrat,https://github.com/UzairAliNusrat,119159704,2022-11,7,61,6,2022–2023
zulqarnainahmed07,https://github.com/zulqarnainahmed07,117645534,2022-11,21,59,6,2022–2023
Shahroz-Asif,https://github.com/Shahroz-Asif,118912963,2022-11,12,57,6,2022–2023
SomilDaswani,https://github.com/SomilDaswani,119527365,2022-11,12,55,6,2022–2023
Murtaza99dev,https://github.com/Murtaza99dev,117533247,2022-11,17,52,6,2022–2023
AbdullahFarooq0004,https://github.com/AbdullahFarooq0004,117252168,2022-11,7,51,6,2022–2023
muzammilorg,https://github.com/muzammilorg,118420471,2022-11,11,50,6,2022–2023
Kashif-Raza05,https://github.com/Kashif-Raza05,118532258,2022-11,30,49,6,2022–2023
Mohammadarmash,https://github.com/Mohammadarmash,119377101,2022-11,23,46,6,2022–2023
webPlane8,https://github.com/webPlane8,118657802,2022-11,12,45,6,2022–2023
waleedharoonnnn,https://github.com/waleedharoonnnn,118364451,2022-11,11,45,6,2022–2023
Huzaimkhani,https://github.com/Huzaimkhani,118101923,2022-11,10,41,6,2022–2023
Adil-R-01,https://github.com/Adil-R-01,117192462,2022-11,20,40,6,2022–2023
SAMEER-UDDIN,https://github.com/SAMEER-UDDIN,117939808,2022-11,12,40,6,2022–2023
farazdevloper,https://github.com/farazdevloper,118584784,2022-11,11,37,6,2022–2023
Tahamunir18,https://github.com/Tahamunir18,119048911,2022-11,9,36,6,2022–2023
Keeran893,https://github.com/Keeran893,119113918,2022-11,6,35,6,2022–2023
Mhasnainirfan,https://github.com/Mhasnainirfan,119449215,2022-11,39,33,6,2022–2023
ImAliShaikh,https://github.com/ImAliShaikh,118442489,2022-11,19,33,6,2022–2023
Laiba98,https://github.com/Laiba98,118547414,2022-11,14,33,6,2022–2023
danishraza9,https://github.com/danishraza9,119292417,2022-11,10,29,6,2022–2023
abdullahh01,https://github.com/abdullahh01,118959432,2022-11,6,29,6,2022–2023
t-a-y-y-a-b,https://github.com/t-a-y-y-a-b,118071280,2022-11,8,27,6,2022–2023
IbrarHussain123,https://github.com/IbrarHussain123,117770517,2022-11,10,26,6,2022–2023
mustufa-kashif370,https://github.com/mustufa-kashif370,117252681,2022-11,7,26,6,2022–2023
MuhammadHumayun180,https://github.com/MuhammadHumayun180,117773213,2022-11,11,25,6,2022–2023
raqeebwagan392,https://github.com/raqeebwagan392,119400592,2022-11,8,25,6,2022–2023
Mahnoor1908,https://github.com/Mahnoor1908,119117630,2022-11,12,24,6,2022–2023
DEVELOPER45609,https://github.com/DEVELOPER45609,119117874,2022-11,11,23,6,2022–2023
Abdulwasay2244,https://github.com/Abdulwasay2244,117335990,2022-11,23,21,6,2022–2023
JamilAfzal,https://github.com/JamilAfzal,117476446,2022-11,7,21,6,2022–2023
Dev-Waseem,https://github.com/Dev-Waseem,117933806,2022-11,12,20,6,2022–2023
razaabbasnextgen,https://github.com/razaabbasnextgen,117517693,2022-11,13,19,6,2022–2023
mohammadnasir-Q,https://github.com/mohammadnasir-Q,118045508,2022-11,6,18,6,2022–2023
abdulrafiuabro,https://github.com/abdulrafiuabro,118953286,2022-11,12,17,6,2022–2023
ridashafqaat,https://github.com/ridashafqaat,121302054,2022-12,28,1381,6,2022–2023
HK9750,https://github.com/HK9750,121632717,2022-12,38,775,6,2022–2023
Shaahzad,https://github.com/Shaahzad,120109925,2022-12,67,771,6,2022–2023
shahroz769,https://github.com/shahroz769,119853408,2022-12,38,749,6,2022–2023
aliraza108,https://github.com/aliraza108,119653263,2022-12,76,653,6,2022–2023
myousufmachiyara,https://github.com/myousufmachiyara,121059585,2022-12,7,651,6,2022–2023
UmairAhmedImran,https://github.com/UmairAhmedImran,119656634,2022-12,76,593,6,2022–2023
annasansari,https://github.com/annasansari,121580678,2022-12,37,570,6,2022–2023
Aliyanshaikh66,https://github.com/Aliyanshaikh66,119791226,2022-12,75,542,6,2022–2023
wajidsiddiqi,https://github.com/wajidsiddiqi,120100446,2022-12,22,523,6,2022–2023
Arbab02,https://github.com/Arbab02,121390455,2022-12,71,464,6,2022–2023
mubashirshayan,https://github.com/mubashirshayan,121729482,2022-12,69,429,6,2022–2023
zayyscodes,https://github.com/zayyscodes,119837446,2022-12,12,428,6,2022–2023
mnasirkhan97,https://github.com/mnasirkhan97,120434670,2022-12,42,422,6,2022–2023
IWaqasRafiq,https://github.com/IWaqasRafiq,119754074,2022-12,37,420,6,2022–2023
SufyanAhmed1850,https://github.com/SufyanAhmed1850,121061255,2022-12,53,419,6,2022–2023
Tuba282,https://github.com/Tuba282,121048565,2022-12,65,401,6,2022–2023
shoukat-hasan,https://github.com/shoukat-hasan,121485532,2022-12,20,376,6,2022–2023
meerquais,https://github.com/meerquais,119707698,2022-12,52,356,6,2022–2023
GoharRamzan,https://github.com/GoharRamzan,120219949,2022-12,30,350,6,2022–2023
MKQazi786,https://github.com/MKQazi786,120232076,2022-12,67,333,6,2022–2023
HuzaifaGhouri08,https://github.com/HuzaifaGhouri08,120574411,2022-12,65,330,6,2022–2023
rumaisanaveed,https://github.com/rumaisanaveed,121342400,2022-12,32,316,6,2022–2023
mbilal-09,https://github.com/mbilal-09,121584126,2022-12,41,305,6,2022–2023
ibtisam-hash,https://github.com/ibtisam-hash,119796937,2022-12,16,302,6,2022–2023
MuhammadAhmed120,https://github.com/MuhammadAhmed120,121681266,2022-12,18,298,6,2022–2023
ayeshowcode,https://github.com/ayeshowcode,121509735,2022-12,39,297,6,2022–2023
muhammaduzair19,https://github.com/muhammaduzair19,121415675,2022-12,63,293,6,2022–2023
saiFaneeS,https://github.com/saiFaneeS,121407595,2022-12,15,287,6,2022–2023
majidgeeks,https://github.com/majidgeeks,120953947,2022-12,67,285,6,2022–2023
muhammadashraf23,https://github.com/muhammadashraf23,121554755,2022-12,68,284,6,2022–2023
Hamzabhai797,https://github.com/Hamzabhai797,119848548,2022-12,33,284,6,2022–2023
arskhatri2008,https://github.com/arskhatri2008,121305993,2022-12,51,280,6,2022–2023
Zohair-git,https://github.com/Zohair-git,119951742,2022-12,17,273,6,2022–2023
faizan-smit,https://github.com/faizan-smit,121306012,2022-12,78,271,6,2022–2023
junaid10144,https://github.com/junaid10144,120770961,2022-12,31,270,6,2022–2023
Huzaifa1509,https://github.com/Huzaifa1509,119890303,2022-12,14,269,6,2022–2023
MuhammadDan,https://github.com/MuhammadDan,121516249,2022-12,37,268,6,2022–2023
aliamirk,https://github.com/aliamirk,120650327,2022-12,25,258,6,2022–2023
bilaljawaid980,https://github.com/bilaljawaid980,121331714,2022-12,42,240,6,2022–2023
Baasilrazriz,https://github.com/Baasilrazriz,120844935,2022-12,38,238,6,2022–2023
SualehSiddiqui,https://github.com/SualehSiddiqui,120639739,2022-12,25,225,6,2022–2023
Hasnain3007,https://github.com/Hasnain3007,120190607,2022-12,72,218,6,2022–2023
jamshed-ali-01,https://github.com/jamshed-ali-01,119694561,2022-12,14,215,6,2022–2023
mohib-uddin,https://github.com/mohib-uddin,120586805,2022-12,24,209,6,2022–2023
abdulrafayKhan-10,https://github.com/abdulrafayKhan-10,120657096,2022-12,16,203,6,2022–2023
NomanAhmed234,https://github.com/NomanAhmed234,120250542,2022-12,66,201,6,2022–2023
imsalmanmalik,https://github.com/imsalmanmalik,121328365,2022-12,23,198,6,2022–2023
abdulrafay0608,https://github.com/abdulrafay0608,121513581,2022-12,40,193,6,2022–2023
abdulwahb1,https://github.com/abdulwahb1,121133691,2022-12,22,191,6,2022–2023
AbdullahAbdulHannan,https://github.com/AbdullahAbdulHannan,121689985,2022-12,52,188,6,2022–2023
msameerr,https://github.com/msameerr,120381238,2022-12,15,188,6,2022–2023
FarhanAliSamo,https://github.com/FarhanAliSamo,120251117,2022-12,18,182,6,2022–2023
Mahad-siddiqui,https://github.com/Mahad-siddiqui,120809411,2022-12,28,176,6,2022–2023
Dinesh-Kumar143,https://github.com/Dinesh-Kumar143,121428157,2022-12,24,176,6,2022–2023
SherazAhmed520,https://github.com/SherazAhmed520,121493727,2022-12,55,171,6,2022–2023
muhammadshaheer18,https://github.com/muhammadshaheer18,119890345,2022-12,29,168,6,2022–2023
ahmedrazaaligithub,https://github.com/ahmedrazaaligithub,121611274,2022-12,44,160,6,2022–2023
Fahad3242,https://github.com/Fahad3242,121632530,2022-12,11,159,6,2022–2023
Abdulabdulqadir,https://github.com/Abdulabdulqadir,121605362,2022-12,97,156,6,2022–2023
muhammadazeemkhan,https://github.com/muhammadazeemkhan,121564168,2022-12,51,155,6,2022–2023
hammadqurashi,https://github.com/hammadqurashi,120306618,2022-12,10,141,6,2022–2023
SherazAsghar37,https://github.com/SherazAsghar37,120179454,2022-12,33,139,6,2022–2023
Samiabbasi1,https://github.com/Samiabbasi1,120517327,2022-12,36,133,6,2022–2023
iMubashirSyed,https://github.com/iMubashirSyed,121051599,2022-12,21,133,6,2022–2023
AbduLRafaY87,https://github.com/AbduLRafaY87,121424049,2022-12,21,127,6,2022–2023
SyedShaheer01,https://github.com/SyedShaheer01,121303808,2022-12,43,125,6,2022–2023
Bilal0910,https://github.com/Bilal0910,121655806,2022-12,19,123,6,2022–2023
Bilal-1khan,https://github.com/Bilal-1khan,121443970,2022-12,28,118,6,2022–2023
NaifIbrahim,https://github.com/NaifIbrahim,121276053,2022-12,33,117,6,2022–2023
imuhammadhuzaifa,https://github.com/imuhammadhuzaifa,120968475,2022-12,71,116,6,2022–2023
Tahir326,https://github.com/Tahir326,119787687,2022-12,19,116,6,2022–2023
waseemmalik72,https://github.com/waseemmalik72,121377578,2022-12,22,106,6,2022–2023
Musaddiq123m,https://github.com/Musaddiq123m,120416937,2022-12,10,106,6,2022–2023
0Sheraz,https://github.com/0Sheraz,121394436,2022-12,10,103,6,2022–2023
ashhadjawaid,https://github.com/ashhadjawaid,121276196,2022-12,51,101,6,2022–2023
Abdullah-Suri,https://github.com/Abdullah-Suri,121427812,2022-12,15,101,6,2022–2023
anstariq333,https://github.com/anstariq333,121226797,2022-12,13,101,6,2022–2023
AbdulAhad7692,https://github.com/AbdulAhad7692,121622598,2022-12,41,96,6,2022–2023
Ahsanjarral009,https://github.com/Ahsanjarral009,121126629,2022-12,8,96,6,2022–2023
talhayu,https://github.com/talhayu,119605122,2022-12,40,95,6,2022–2023
malihacodes,https://github.com/malihacodes,121432055,2022-12,24,95,6,2022–2023
Soban142,https://github.com/Soban142,121276545,2022-12,55,94,6,2022–2023
Zubair-Aahmed,https://github.com/Zubair-Aahmed,120321083,2022-12,10,94,6,2022–2023
SherazNadeem07,https://github.com/SherazNadeem07,121714492,2022-12,32,92,6,2022–2023
FaizanQureshi832,https://github.com/FaizanQureshi832,121718413,2022-12,44,90,6,2022–2023
AhmedIftikhar07,https://github.com/AhmedIftikhar07,120750074,2022-12,35,89,6,2022–2023
M-Sharjeel-Shaikh,https://github.com/M-Sharjeel-Shaikh,119777212,2022-12,29,88,6,2022–2023
ZehraaBatool,https://github.com/ZehraaBatool,121621338,2022-12,17,86,6,2022–2023
mohammadazeem66,https://github.com/mohammadazeem66,121715546,2022-12,56,84,6,2022–2023
Shahbaz2104,https://github.com/Shahbaz2104,121421551,2022-12,19,84,6,2022–2023
Mudasssirr,https://github.com/Mudasssirr,121383917,2022-12,46,83,6,2022–2023
umerk27235,https://github.com/umerk27235,121667525,2022-12,6,82,6,2022–2023
msultan27,https://github.com/msultan27,119747926,2022-12,19,81,6,2022–2023
haya-fatima,https://github.com/haya-fatima,121477499,2022-12,8,81,6,2022–2023
M-Asharib,https://github.com/M-Asharib,121028802,2022-12,19,80,6,2022–2023
uzairk241,https://github.com/uzairk241,121382623,2022-12,12,79,6,2022–2023
KhanUllahAman,https://github.com/KhanUllahAman,119694615,2022-12,46,77,6,2022–2023
owais-raza5,https://github.com/owais-raza5,121406045,2022-12,26,77,6,2022–2023
ahmadrazasamad,https://github.com/ahmadrazasamad,120446481,2022-12,21,73,6,2022–2023
rabiyaasif,https://github.com/rabiyaasif,121342268,2022-12,11,73,6,2022–2023
umeraptech,https://github.com/umeraptech,120106515,2022-12,49,70,6,2022–2023
Misbah1Khan,https://github.com/Misbah1Khan,121508837,2022-12,18,69,6,2022–2023
muhammad-taha-786,https://github.com/muhammad-taha-786,120739612,2022-12,12,69,6,2022–2023
Shigraf-Khalid,https://github.com/Shigraf-Khalid,121720770,2022-12,11,69,6,2022–2023
Rameez031,https://github.com/Rameez031,121360781,2022-12,21,67,6,2022–2023
AnfalZafar,https://github.com/AnfalZafar,120410837,2022-12,24,59,6,2022–2023
MFarooq-Ahmed,https://github.com/MFarooq-Ahmed,121401005,2022-12,12,59,6,2022–2023
warda02,https://github.com/warda02,119800215,2022-12,28,58,6,2022–2023
salman-ansari-maju,https://github.com/salman-ansari-maju,121222079,2022-12,13,55,6,2022–2023
itsshahbaz,https://github.com/itsshahbaz,120221758,2022-12,34,50,6,2022–2023
raza-webdev,https://github.com/raza-webdev,119798786,2022-12,28,48,6,2022–2023
hassan-here,https://github.com/hassan-here,121401799,2022-12,15,48,6,2022–2023
MAhsan204,https://github.com/MAhsan204,120926462,2022-12,12,48,6,2022–2023
sharyar1996,https://github.com/sharyar1996,121437776,2022-12,8,48,6,2022–2023
HafeezullahRind,https://github.com/HafeezullahRind,121288207,2022-12,28,47,6,2022–2023
afaque490,https://github.com/afaque490,120272503,2022-12,6,47,6,2022–2023
salman-attari,https://github.com/salman-attari,121569233,2022-12,17,46,6,2022–2023
Huzaifa-Salahuddin,https://github.com/Huzaifa-Salahuddin,119885483,2022-12,15,46,6,2022–2023
MAzeemSidd,https://github.com/MAzeemSidd,121549440,2022-12,9,46,6,2022–2023
Anas546,https://github.com/Anas546,119598916,2022-12,45,45,6,2022–2023
owaisraza25,https://github.com/owaisraza25,121513308,2022-12,19,44,6,2022–2023
farrukhullah1,https://github.com/farrukhullah1,121215425,2022-12,8,42,6,2022–2023
ALI-KASBATI,https://github.com/ALI-KASBATI,120412720,2022-12,42,41,6,2022–2023
hassanatiq7,https://github.com/hassanatiq7,121462245,2022-12,17,39,6,2022–2023
junaidsalam639,https://github.com/junaidsalam639,121503655,2022-12,11,36,6,2022–2023
MuhammadFaizan2003,https://github.com/MuhammadFaizan2003,120967526,2022-12,10,36,6,2022–2023
saminamemon,https://github.com/saminamemon,119938256,2022-12,32,35,6,2022–2023
Muhammad-Ali-sma,https://github.com/Muhammad-Ali-sma,120294056,2022-12,14,34,6,2022–2023
abdurraafay90,https://github.com/abdurraafay90,121351686,2022-12,12,34,6,2022–2023
Hafsasohail25,https://github.com/Hafsasohail25,120318747,2022-12,8,34,6,2022–2023
Talibnizami,https://github.com/Talibnizami,120126860,2022-12,8,33,6,2022–2023
hayaabduljabbar,https://github.com/hayaabduljabbar,121692986,2022-12,17,32,6,2022–2023
MuhammadUbaid12,https://github.com/MuhammadUbaid12,119798558,2022-12,16,32,6,2022–2023
hamzanaeem92,https://github.com/hamzanaeem92,119818773,2022-12,12,30,6,2022–2023
MrUsman69,https://github.com/MrUsman69,120747343,2022-12,17,29,6,2022–2023
MAunZaidi,https://github.com/MAunZaidi,121632764,2022-12,15,29,6,2022–2023
Rohanmujeeb30,https://github.com/Rohanmujeeb30,121118238,2022-12,11,29,6,2022–2023
Kashaf-UL-Aziz,https://github.com/Kashaf-UL-Aziz,121446629,2022-12,25,27,6,2022–2023
AbdulSamadMangrio,https://github.com/AbdulSamadMangrio,121457275,2022-12,16,24,6,2022–2023
razaulmustafa898,https://github.com/razaulmustafa898,121543159,2022-12,6,23,6,2022–2023
zeeshanzubair64,https://github.com/zeeshanzubair64,119998450,2022-12,6,22,6,2022–2023
MusaAli786,https://github.com/MusaAli786,120222011,2022-12,19,21,6,2022–2023
Abdulbasitdashti,https://github.com/Abdulbasitdashti,120203188,2022-12,10,21,6,2022–2023
Akbarable,https://github.com/Akbarable,121730444,2022-12,7,21,6,2022–2023
foorki,https://github.com/foorki,120419588,2022-12,18,20,6,2022–2023
sajjadhussain12345,https://github.com/sajjadhussain12345,121517125,2022-12,8,20,6,2022–2023
sjamali40298,https://github.com/sjamali40298,119665952,2022-12,7,20,6,2022–2023
fida-hassan,https://github.com/fida-hassan,121008789,2022-12,11,19,6,2022–2023
asad4777,https://github.com/asad4777,119850488,2022-12,8,19,6,2022–2023
aech-aey,https://github.com/aech-aey,120363653,2022-12,9,18,6,2022–2023
farazahmed1090,https://github.com/farazahmed1090,120706511,2022-12,9,18,6,2022–2023
tayyab-sheikh0340,https://github.com/tayyab-sheikh0340,121445625,2022-12,9,18,6,2022–2023
AbrarZai,https://github.com/AbrarZai,120471603,2022-12,20,17,6,2022–2023
ABDULSAMAD123456,https://github.com/ABDULSAMAD123456,121720149,2022-12,14,17,6,2022–2023
afzalimdad9,https://github.com/afzalimdad9,122292180,2023-01,65,3504,6,2022–2023
UsamaBhakrani,https://github.com/UsamaBhakrani,123959288,2023-01,95,1280,6,2022–2023
pxycknomdictator,https://github.com/pxycknomdictator,123164286,2023-01,30,1013,6,2022–2023
hamzaowaisog,https://github.com/hamzaowaisog,122245138,2023-01,46,956,6,2022–2023
zjr70,https://github.com/zjr70,122086977,2023-01,27,808,6,2022–2023
muhammadminhaj786,https://github.com/muhammadminhaj786,122244089,2023-01,66,619,6,2022–2023
RobasAhmedShah,https://github.com/RobasAhmedShah,123714538,2023-01,36,599,6,2022–2023
Syed-Shayan-01,https://github.com/Syed-Shayan-01,122820978,2023-01,48,577,6,2022–2023
HammadMal,https://github.com/HammadMal,122615617,2023-01,31,536,6,2022–2023
BilalMern,https://github.com/BilalMern,122969941,2023-01,11,496,6,2022–2023
Ahtishamu,https://github.com/Ahtishamu,122293944,2023-01,9,481,6,2022–2023
Hydra-Bolt,https://github.com/Hydra-Bolt,121966210,2023-01,55,471,6,2022–2023
m-samama,https://github.com/m-samama,122405216,2023-01,12,454,6,2022–2023
Zidarc,https://github.com/Zidarc,121773452,2023-01,8,408,6,2022–2023
muhammadusman907,https://github.com/muhammadusman907,122649540,2023-01,56,347,6,2022–2023
razashaikh99,https://github.com/razashaikh99,123723336,2023-01,60,310,6,2022–2023
zeeshanahme-d,https://github.com/zeeshanahme-d,122614629,2023-01,57,302,6,2022–2023
Qirrat098,https://github.com/Qirrat098,123289505,2023-01,38,293,6,2022–2023
Jawad-Jahangir-Soomro,https://github.com/Jawad-Jahangir-Soomro,123876118,2023-01,62,269,6,2022–2023
NaimatAnsari,https://github.com/NaimatAnsari,123116024,2023-01,18,269,6,2022–2023
MWaqasMW,https://github.com/MWaqasMW,122200705,2023-01,53,262,6,2022–2023
issabaloach,https://github.com/issabaloach,123868209,2023-01,36,262,6,2022–2023
SufyanMalik90,https://github.com/SufyanMalik90,122310139,2023-01,20,227,6,2022–2023
bilalmuhammad41,https://github.com/bilalmuhammad41,122988632,2023-01,16,223,6,2022–2023
AR-AbdulAhad,https://github.com/AR-AbdulAhad,124049277,2023-01,31,216,6,2022–2023
mustafa-dohad,https://github.com/mustafa-dohad,123301934,2023-01,21,206,6,2022–2023
MrBadshah69,https://github.com/MrBadshah69,122348883,2023-01,32,202,6,2022–2023
huzaifanizam,https://github.com/huzaifanizam,121801411,2023-01,68,198,6,2022–2023
iamsajidhanif,https://github.com/iamsajidhanif,121965532,2023-01,31,193,6,2022–2023
MuhammadAhsanSainch,https://github.com/MuhammadAhsanSainch,122343271,2023-01,13,193,6,2022–2023
usaid-anxari,https://github.com/usaid-anxari,122631819,2023-01,60,192,6,2022–2023
mansoorprogamer,https://github.com/mansoorprogamer,122617923,2023-01,12,191,6,2022–2023
Rizwanwaseer11,https://github.com/Rizwanwaseer11,122605024,2023-01,25,190,6,2022–2023
Hamza75950,https://github.com/Hamza75950,122354114,2023-01,32,189,6,2022–2023
ODHO,https://github.com/ODHO,122596257,2023-01,28,186,6,2022–2023
matx104,https://github.com/matx104,122097195,2023-01,789,185,6,2022–2023
MuhammadBilal24,https://github.com/MuhammadBilal24,123636536,2023-01,21,177,6,2022–2023
Bushra-naeem,https://github.com/Bushra-naeem,122994098,2023-01,37,176,6,2022–2023
mohtasham322,https://github.com/mohtasham322,122745116,2023-01,6,175,6,2022–2023
Maham-Javed,https://github.com/Maham-Javed,123468582,2023-01,25,174,6,2022–2023
hassanabbas16,https://github.com/hassanabbas16,123008342,2023-01,17,171,6,2022–2023
ff08435,https://github.com/ff08435,122521082,2023-01,23,168,6,2022–2023
a-rehman26,https://github.com/a-rehman26,124021295,2023-01,37,165,6,2022–2023
HibaShahidA,https://github.com/HibaShahidA,122306826,2023-01,7,159,6,2022–2023
AmirAli078,https://github.com/AmirAli078,123484766,2023-01,15,156,6,2022–2023
SelfTaught-HamzaCodes,https://github.com/SelfTaught-HamzaCodes,123310424,2023-01,11,156,6,2022–2023
Moiz-jawad,https://github.com/Moiz-jawad,123112403,2023-01,13,155,6,2022–2023
Waleed5423,https://github.com/Waleed5423,122966388,2023-01,12,145,6,2022–2023
iqraghori,https://github.com/iqraghori,123195223,2023-01,13,144,6,2022–2023
moizulfiqar,https://github.com/moizulfiqar,122453916,2023-01,17,143,6,2022–2023
Shahid-gds,https://github.com/Shahid-gds,122064779,2023-01,9,141,6,2022–2023
zubairahm3d,https://github.com/zubairahm3d,123921941,2023-01,16,137,6,2022–2023
Aamirsiddique09,https://github.com/Aamirsiddique09,122437635,2023-01,24,134,6,2022–2023
EmanFatimaa,https://github.com/EmanFatimaa,122625740,2023-01,10,133,6,2022–2023
shehzadmunirQsol,https://github.com/shehzadmunirQsol,122510855,2023-01,15,130,6,2022–2023
Jatin-Kesnani,https://github.com/Jatin-Kesnani,123077497,2023-01,23,129,6,2022–2023
IrfantariqK,https://github.com/IrfantariqK,122969538,2023-01,32,128,6,2022–2023
Maha234Zaidi,https://github.com/Maha234Zaidi,124033522,2023-01,68,127,6,2022–2023
rai11lajpat,https://github.com/rai11lajpat,123866688,2023-01,16,127,6,2022–2023
AaqibShaikh10,https://github.com/AaqibShaikh10,122724665,2023-01,14,124,6,2022–2023
sarah-sajid2002,https://github.com/sarah-sajid2002,123872994,2023-01,44,122,6,2022–2023
Atique-Qayum,https://github.com/Atique-Qayum,123872179,2023-01,19,120,6,2022–2023
clever-khan,https://github.com/clever-khan,123509654,2023-01,13,119,6,2022–2023
anas-ahmed2,https://github.com/anas-ahmed2,123072865,2023-01,43,118,6,2022–2023
SafeeUrRehman65,https://github.com/SafeeUrRehman65,123246536,2023-01,15,114,6,2022–2023
Md-Atique-Github,https://github.com/Md-Atique-Github,123871250,2023-01,54,113,6,2022–2023
javeriyahimran,https://github.com/javeriyahimran,121876323,2023-01,51,112,6,2022–2023
MuhammadTalha-Ai,https://github.com/MuhammadTalha-Ai,123252748,2023-01,13,107,6,2022–2023
Misbah1992,https://github.com/Misbah1992,123537289,2023-01,26,104,6,2022–2023
MusbahMughal,https://github.com/MusbahMughal,122009223,2023-01,82,103,6,2022–2023
mdsohaib15,https://github.com/mdsohaib15,123743806,2023-01,30,101,6,2022–2023
Affan-Moiz,https://github.com/Affan-Moiz,123814551,2023-01,7,99,6,2022–2023
iqrarafiq12,https://github.com/iqrarafiq12,123827193,2023-01,12,98,6,2022–2023
sparrowjumpy,https://github.com/sparrowjumpy,123714510,2023-01,11,98,6,2022–2023
Syedaa-Ayesha,https://github.com/Syedaa-Ayesha,122458936,2023-01,46,96,6,2022–2023
Dev-Adnan27,https://github.com/Dev-Adnan27,123970469,2023-01,27,96,6,2022–2023
humaidshaykh,https://github.com/humaidshaykh,122359199,2023-01,22,93,6,2022–2023
RajaMuhammadHammad,https://github.com/RajaMuhammadHammad,122748384,2023-01,19,92,6,2022–2023
zeeshanbalti,https://github.com/zeeshanbalti,122179093,2023-01,34,90,6,2022–2023
HairamNaseem,https://github.com/HairamNaseem,123382738,2023-01,19,88,6,2022–2023
BurhanH12,https://github.com/BurhanH12,122276404,2023-01,17,88,6,2022–2023
Umer-Farooq-Ahmed,https://github.com/Umer-Farooq-Ahmed,123248058,2023-01,21,84,6,2022–2023
amir664,https://github.com/amir664,123206488,2023-01,12,84,6,2022–2023
SaadBrohi,https://github.com/SaadBrohi,123134317,2023-01,18,83,6,2022–2023
naveenasghar,https://github.com/naveenasghar,122675368,2023-01,52,81,6,2022–2023
phpskhan,https://github.com/phpskhan,122235803,2023-01,51,80,6,2022–2023
Abdul-Ahad888,https://github.com/Abdul-Ahad888,123825498,2023-01,22,79,6,2022–2023
tahasyed243,https://github.com/tahasyed243,121944666,2023-01,12,79,6,2022–2023
syedmustafa-m,https://github.com/syedmustafa-m,123764783,2023-01,12,76,6,2022–2023
qaisar786abbas,https://github.com/qaisar786abbas,122449496,2023-01,44,75,6,2022–2023
FatimaDossa,https://github.com/FatimaDossa,122311019,2023-01,15,75,6,2022–2023
Noman229,https://github.com/Noman229,123052553,2023-01,8,75,6,2022–2023
shaharyar-nadeem,https://github.com/shaharyar-nadeem,123199211,2023-01,30,74,6,2022–2023
Code-beauty,https://github.com/Code-beauty,123499093,2023-01,14,70,6,2022–2023
bilalwebs,https://github.com/bilalwebs,123900168,2023-01,17,69,6,2022–2023
HaZeRubyYT,https://github.com/HaZeRubyYT,123737956,2023-01,6,68,6,2022–2023
MrCzee,https://github.com/MrCzee,122387901,2023-01,37,66,6,2022–2023
Saad-Ahmed-Khanzada,https://github.com/Saad-Ahmed-Khanzada,121751553,2023-01,20,64,6,2022–2023
Rana-Wahaj,https://github.com/Rana-Wahaj,122843122,2023-01,19,64,6,2022–2023
AyeshaMazhar-AM,https://github.com/AyeshaMazhar-AM,123892280,2023-01,17,64,6,2022–2023
EbrahimRizvi14,https://github.com/EbrahimRizvi14,122106603,2023-01,13,64,6,2022–2023
0xFirestorm,https://github.com/0xFirestorm,123823145,2023-01,19,63,6,2022–2023
hamzanarinja14,https://github.com/hamzanarinja14,123000017,2023-01,17,62,6,2022–2023
Shafay031,https://github.com/Shafay031,123495561,2023-01,20,60,6,2022–2023
syedhassaan,https://github.com/syedhassaan,121919268,2023-01,13,60,6,2022–2023
Muhammad-Saad-Akbar,https://github.com/Muhammad-Saad-Akbar,123985914,2023-01,10,60,6,2022–2023
ilhaamsoomro,https://github.com/ilhaamsoomro,122913108,2023-01,9,60,6,2022–2023
kanwarzain17,https://github.com/kanwarzain17,122075869,2023-01,19,59,6,2022–2023
Tariq-sheikh21,https://github.com/Tariq-sheikh21,121849877,2023-01,35,56,6,2022–2023
KingAbdulRehman,https://github.com/KingAbdulRehman,121764862,2023-01,9,56,6,2022–2023
coderameez,https://github.com/coderameez,123770847,2023-01,14,53,6,2022–2023
aimakh,https://github.com/aimakh,122007706,2023-01,21,50,6,2022–2023
ARBAZ-SHAH,https://github.com/ARBAZ-SHAH,121767902,2023-01,6,48,6,2022–2023
srnox,https://github.com/srnox,122736598,2023-01,13,47,6,2022–2023
fizz1717,https://github.com/fizz1717,122075572,2023-01,7,47,6,2022–2023
SadiqIbnShafiq,https://github.com/SadiqIbnShafiq,122527326,2023-01,13,45,6,2022–2023
HabibSaeed,https://github.com/HabibSaeed,121846549,2023-01,43,44,6,2022–2023
Adil-Soomro,https://github.com/Adil-Soomro,121823911,2023-01,10,42,6,2022–2023
aqibq368,https://github.com/aqibq368,121953176,2023-01,9,42,6,2022–2023
kashmiri101,https://github.com/kashmiri101,122010834,2023-01,14,40,6,2022–2023
AliAShaikh,https://github.com/AliAShaikh,122554041,2023-01,9,38,6,2022–2023
furqanahmed28,https://github.com/furqanahmed28,122643522,2023-01,9,37,6,2022–2023
Khurram765,https://github.com/Khurram765,122091071,2023-01,24,36,6,2022–2023
Muzammil44567,https://github.com/Muzammil44567,122903547,2023-01,10,33,6,2022–2023
rashidkhanrk06,https://github.com/rashidkhanrk06,124072696,2023-01,11,32,6,2022–2023
FatimaMuhammad,https://github.com/FatimaMuhammad,123875668,2023-01,17,31,6,2022–2023
AaliyanAhmedAli,https://github.com/AaliyanAhmedAli,122162651,2023-01,24,29,6,2022–2023
saeedkhan83,https://github.com/saeedkhan83,122628958,2023-01,6,29,6,2022–2023
mraliahmaddev,https://github.com/mraliahmaddev,123869413,2023-01,18,28,6,2022–2023
osamaasyedd,https://github.com/osamaasyedd,123451707,2023-01,6,28,6,2022–2023
code-with-abd,https://github.com/code-with-abd,121864142,2023-01,6,28,6,2022–2023
BilalHafiz,https://github.com/BilalHafiz,123734218,2023-01,7,27,6,2022–2023
daniyalraza24,https://github.com/daniyalraza24,122126360,2023-01,21,26,6,2022–2023
Nailadaper,https://github.com/Nailadaper,123860553,2023-01,19,26,6,2022–2023
saifullah-22,https://github.com/saifullah-22,123873947,2023-01,18,26,6,2022–2023
waleed12822,https://github.com/waleed12822,122251775,2023-01,12,25,6,2022–2023
sikanderahmd,https://github.com/sikanderahmd,123663498,2023-01,6,25,6,2022–2023
MuhammadEhtashamAli,https://github.com/MuhammadEhtashamAli,121779351,2023-01,16,24,6,2022–2023
izhan72,https://github.com/izhan72,123665945,2023-01,15,23,6,2022–2023
suhaib-mansoori963,https://github.com/suhaib-mansoori963,122206921,2023-01,8,23,6,2022–2023
Siadatali,https://github.com/Siadatali,122744461,2023-01,8,23,6,2022–2023
Adeel1993,https://github.com/Adeel1993,123803426,2023-01,8,23,6,2022–2023
Arooba-Minhas,https://github.com/Arooba-Minhas,123541169,2023-01,6,23,6,2022–2023
zubairkhan1524,https://github.com/zubairkhan1524,122765583,2023-01,6,23,6,2022–2023
farooqNU,https://github.com/farooqNU,123715058,2023-01,6,22,6,2022–2023
6rabia6,https://github.com/6rabia6,123741492,2023-01,10,20,6,2022–2023
areebarizwanj,https://github.com/areebarizwanj,121796970,2023-01,9,19,6,2022–2023
Wasif-khan19,https://github.com/Wasif-khan19,125284078,2023-02,22,1722,6,2022–2023
AlizaKhan3,https://github.com/AlizaKhan3,124785215,2023-02,60,1636,6,2022–2023
saadrehman10,https://github.com/saadrehman10,125679304,2023-02,32,1283,6,2022–2023
engromerbaig,https://github.com/engromerbaig,126333721,2023-02,16,1062,6,2022–2023
AdilAhmedShekhani,https://github.com/AdilAhmedShekhani,126003246,2023-02,58,1023,6,2022–2023
therafiali,https://github.com/therafiali,126326371,2023-02,115,948,6,2022–2023
M-Uzair-dev,https://github.com/M-Uzair-dev,125904778,2023-02,39,935,6,2022–2023
codeWithHak,https://github.com/codeWithHak,124548356,2023-02,81,786,6,2022–2023
eDeveloper132,https://github.com/eDeveloper132,124496272,2023-02,70,646,6,2022–2023
realg701,https://github.com/realg701,125727302,2023-02,23,601,6,2022–2023
shahdinsalman23,https://github.com/shahdinsalman23,125382694,2023-02,77,565,6,2022–2023
kamilrazadev,https://github.com/kamilrazadev,125785123,2023-02,96,550,6,2022–2023
syedzohaib-dev,https://github.com/syedzohaib-dev,125762117,2023-02,101,444,6,2022–2023
Naveen-Khan,https://github.com/Naveen-Khan,125086326,2023-02,12,424,6,2022–2023
KaranKumar05,https://github.com/KaranKumar05,125303637,2023-02,82,422,6,2022–2023
hammadii123,https://github.com/hammadii123,125297432,2023-02,77,411,6,2022–2023
AzzamHussain,https://github.com/AzzamHussain,126112158,2023-02,45,407,6,2022–2023
FaRaZ-32729,https://github.com/FaRaZ-32729,125118057,2023-02,51,379,6,2022–2023
raahimhussa,https://github.com/raahimhussa,124712367,2023-02,31,369,6,2022–2023
umarkhan0,https://github.com/umarkhan0,125694026,2023-02,56,346,6,2022–2023
muhammad-rashid-code,https://github.com/muhammad-rashid-code,125755032,2023-02,27,346,6,2022–2023
Faisal-Mujtaba-Saleem,https://github.com/Faisal-Mujtaba-Saleem,125788844,2023-02,43,335,6,2022–2023
asfiyahussain00,https://github.com/asfiyahussain00,126233785,2023-02,80,329,6,2022–2023
mannankhan-05,https://github.com/mannankhan-05,124881988,2023-02,8,318,6,2022–2023
Ummekulsoomshah,https://github.com/Ummekulsoomshah,125365023,2023-02,51,309,6,2022–2023
hafsa-nadim,https://github.com/hafsa-nadim,124384550,2023-02,182,308,6,2022–2023
Alirazaramejo,https://github.com/Alirazaramejo,125426009,2023-02,120,301,6,2022–2023
umer-jusani,https://github.com/umer-jusani,124513293,2023-02,30,297,6,2022–2023
kumarkanwal,https://github.com/kumarkanwal,125954199,2023-02,61,293,6,2022–2023
AbdulKarim018,https://github.com/AbdulKarim018,125905086,2023-02,41,288,6,2022–2023
SyedaaSidra,https://github.com/SyedaaSidra,124556527,2023-02,29,281,6,2022–2023
ubaid-ghori,https://github.com/ubaid-ghori,124494953,2023-02,46,280,6,2022–2023
AbdullAhad123,https://github.com/AbdullAhad123,124651992,2023-02,26,276,6,2022–2023
Khizarkk7,https://github.com/Khizarkk7,124410812,2023-02,17,269,6,2022–2023
saadbinwasi,https://github.com/saadbinwasi,125998016,2023-02,39,268,6,2022–2023
MuhammadAmsal,https://github.com/MuhammadAmsal,126416427,2023-02,55,261,6,2022–2023
waniakhan,https://github.com/waniakhan,125534175,2023-02,21,260,6,2022–2023
RashidAAleem,https://github.com/RashidAAleem,124416215,2023-02,64,252,6,2022–2023
this-is-hassy,https://github.com/this-is-hassy,126436517,2023-02,41,252,6,2022–2023
abu-hammad07,https://github.com/abu-hammad07,124121668,2023-02,62,251,6,2022–2023
farhanafaiz03,https://github.com/farhanafaiz03,126602507,2023-02,22,251,6,2022–2023
MuhdDaniyal,https://github.com/MuhdDaniyal,126163800,2023-02,12,243,6,2022–2023
MuhammadEhsan02,https://github.com/MuhammadEhsan02,124528244,2023-02,51,240,6,2022–2023
muhammd-amir-2535001,https://github.com/muhammd-amir-2535001,126454691,2023-02,61,232,6,2022–2023
NotAnonymousUser,https://github.com/NotAnonymousUser,125754246,2023-02,28,231,6,2022–2023
ZeeshanTheCoder,https://github.com/ZeeshanTheCoder,125684695,2023-02,30,223,6,2022–2023
irshad0075,https://github.com/irshad0075,125551821,2023-02,71,217,6,2022–2023
Rabia303,https://github.com/Rabia303,125933689,2023-02,64,213,6,2022–2023
Joshwa-Shahbaz,https://github.com/Joshwa-Shahbaz,125984915,2023-02,43,202,6,2022–2023
m-hamza-hashim,https://github.com/m-hamza-hashim,126465163,2023-02,17,202,6,2022–2023
atifwebdev,https://github.com/atifwebdev,126596363,2023-02,52,187,6,2022–2023
zaidahmedkhan,https://github.com/zaidahmedkhan,126311558,2023-02,37,182,6,2022–2023
hilaaslam,https://github.com/hilaaslam,126098003,2023-02,25,176,6,2022–2023
SAMIULLAH2105,https://github.com/SAMIULLAH2105,125991508,2023-02,18,175,6,2022–2023
hamzanaeem03,https://github.com/hamzanaeem03,126310544,2023-02,27,172,6,2022–2023
SHAFFAN12,https://github.com/SHAFFAN12,126313823,2023-02,41,161,6,2022–2023
MuhammadRaqimShah2303008KHIDEG,https://github.com/MuhammadRaqimShah2303008KHIDEG,124855765,2023-02,26,156,6,2022–2023
mohtishim,https://github.com/mohtishim,125047506,2023-02,61,154,6,2022–2023
sarimbinasif,https://github.com/sarimbinasif,126333763,2023-02,25,143,6,2022–2023
razacodedev,https://github.com/razacodedev,124212183,2023-02,18,143,6,2022–2023
Laiba-Awan,https://github.com/Laiba-Awan,125499548,2023-02,13,141,6,2022–2023
MuhammadFaisal2002,https://github.com/MuhammadFaisal2002,124426958,2023-02,51,135,6,2022–2023
hina672,https://github.com/hina672,124295338,2023-02,9,132,6,2022–2023
SaharFatimaDevjani,https://github.com/SaharFatimaDevjani,126467640,2023-02,23,128,6,2022–2023
ToobaHaya,https://github.com/ToobaHaya,125481023,2023-02,26,127,6,2022–2023
muhammadhuzaifaqayyum,https://github.com/muhammadhuzaifaqayyum,125509068,2023-02,30,125,6,2022–2023
SumaiyaMoon,https://github.com/SumaiyaMoon,124504733,2023-02,24,125,6,2022–2023
Kumailabbass,https://github.com/Kumailabbass,126276119,2023-02,30,123,6,2022–2023
mehdi-raza1,https://github.com/mehdi-raza1,125354428,2023-02,16,121,6,2022–2023
Burhan2205,https://github.com/Burhan2205,125401674,2023-02,26,120,6,2022–2023
Parkash1308,https://github.com/Parkash1308,126374527,2023-02,34,119,6,2022–2023
Sumair-48,https://github.com/Sumair-48,124190954,2023-02,12,116,6,2022–2023
syedfarhanhabib,https://github.com/syedfarhanhabib,126553540,2023-02,16,115,6,2022–2023
assamirzafar,https://github.com/assamirzafar,124737915,2023-02,21,111,6,2022–2023
farzeenshahid,https://github.com/farzeenshahid,125720802,2023-02,26,104,6,2022–2023
laibatanveer,https://github.com/laibatanveer,125364076,2023-02,16,103,6,2022–2023
AhmedShahdev,https://github.com/AhmedShahdev,126060797,2023-02,40,102,6,2022–2023
abdulhadi291,https://github.com/abdulhadi291,125742871,2023-02,31,100,6,2022–2023
Abdulwasay10,https://github.com/Abdulwasay10,126342122,2023-02,19,97,6,2022–2023
ZunulNoor,https://github.com/ZunulNoor,125741624,2023-02,20,90,6,2022–2023
developer-kamran,https://github.com/developer-kamran,125721809,2023-02,21,85,6,2022–2023
MuzammilOdho,https://github.com/MuzammilOdho,124572968,2023-02,9,78,6,2022–2023
Sawaira-dev,https://github.com/Sawaira-dev,125546250,2023-02,20,77,6,2022–2023
xAwabx,https://github.com/xAwabx,125585883,2023-02,18,77,6,2022–2023
ahsan20211,https://github.com/ahsan20211,125821873,2023-02,17,74,6,2022–2023
Rana-Saud,https://github.com/Rana-Saud,126066239,2023-02,17,73,6,2022–2023
Bilalk269,https://github.com/Bilalk269,126278884,2023-02,15,73,6,2022–2023
Shubeetheanalyst,https://github.com/Shubeetheanalyst,124339791,2023-02,33,72,6,2022–2023
hallar139,https://github.com/hallar139,125090570,2023-02,7,72,6,2022–2023
Abdulsaboor2004,https://github.com/Abdulsaboor2004,125990601,2023-02,13,71,6,2022–2023
syedanasali09,https://github.com/syedanasali09,126227182,2023-02,9,71,6,2022–2023
Rahimabaig,https://github.com/Rahimabaig,124823080,2023-02,19,70,6,2022–2023
Mateen-Shaikh,https://github.com/Mateen-Shaikh,125717446,2023-02,18,70,6,2022–2023
Hamza-Riaz-Khan,https://github.com/Hamza-Riaz-Khan,126202391,2023-02,14,67,6,2022–2023
aashirchowdhari,https://github.com/aashirchowdhari,125748963,2023-02,19,66,6,2022–2023
MuhammadSaqibAbro,https://github.com/MuhammadSaqibAbro,126272813,2023-02,22,63,6,2022–2023
urooj-khalid5,https://github.com/urooj-khalid5,125720866,2023-02,39,62,6,2022–2023
AbdulHafeez77,https://github.com/AbdulHafeez77,124342858,2023-02,14,62,6,2022–2023
saifshamil,https://github.com/saifshamil,126049551,2023-02,26,60,6,2022–2023
amnakhubaib-webdev,https://github.com/amnakhubaib-webdev,125361313,2023-02,16,60,6,2022–2023
UQBAH09,https://github.com/UQBAH09,126070473,2023-02,10,60,6,2022–2023
SaadMaqsood2023,https://github.com/SaadMaqsood2023,126338170,2023-02,18,59,6,2022–2023
Fayazikramm,https://github.com/Fayazikramm,125291971,2023-02,12,58,6,2022–2023
phpwithyasir,https://github.com/phpwithyasir,125970662,2023-02,20,57,6,2022–2023
Noorlogs,https://github.com/Noorlogs,125485692,2023-02,22,56,6,2022–2023
Abidhussainqazi,https://github.com/Abidhussainqazi,125920304,2023-02,22,55,6,2022–2023
irajansarigithub,https://github.com/irajansarigithub,124258934,2023-02,36,52,6,2022–2023
Faizanasif786,https://github.com/Faizanasif786,126105736,2023-02,15,52,6,2022–2023
H7-code,https://github.com/H7-code,126487133,2023-02,6,52,6,2022–2023
zaidzaidiii,https://github.com/zaidzaidiii,125742820,2023-02,28,51,6,2022–2023
Yusra5amir,https://github.com/Yusra5amir,125461837,2023-02,46,50,6,2022–2023
SagheerDataEngineer,https://github.com/SagheerDataEngineer,125592412,2023-02,18,48,6,2022–2023
allphptricks,https://github.com/allphptricks,124980595,2023-02,20,44,6,2022–2023
Saadali011,https://github.com/Saadali011,125457570,2023-02,23,43,6,2022–2023
duaakhan26,https://github.com/duaakhan26,126615143,2023-02,9,41,6,2022–2023
rabiya-javed,https://github.com/rabiya-javed,125456983,2023-02,30,40,6,2022–2023
xylishwaqar,https://github.com/xylishwaqar,124259008,2023-02,26,40,6,2022–2023
HafizaaKomal,https://github.com/HafizaaKomal,126055383,2023-02,22,40,6,2022–2023
abdullahjunejo,https://github.com/abdullahjunejo,126189271,2023-02,20,40,6,2022–2023
muhammad-qasim05,https://github.com/muhammad-qasim05,124135788,2023-02,13,38,6,2022–2023
Parshotamrughanii,https://github.com/Parshotamrughanii,126151504,2023-02,9,32,6,2022–2023
Azeema-Alishah,https://github.com/Azeema-Alishah,125809446,2023-02,12,31,6,2022–2023
ss7722144,https://github.com/ss7722144,126155955,2023-02,9,31,6,2022–2023
muhammadmaaaz,https://github.com/muhammadmaaaz,126281949,2023-02,23,29,6,2022–2023
Z3ROBug,https://github.com/Z3ROBug,125362312,2023-02,10,28,6,2022–2023
Muhammad-Shayan00,https://github.com/Muhammad-Shayan00,124809938,2023-02,12,27,6,2022–2023
ammarusmani729,https://github.com/ammarusmani729,125310097,2023-02,8,27,6,2022–2023
EzlifaShah,https://github.com/EzlifaShah,126071423,2023-02,14,25,6,2022–2023
Muhammad-Usama-code,https://github.com/Muhammad-Usama-code,125794503,2023-02,13,25,6,2022–2023
Sharji30,https://github.com/Sharji30,125428976,2023-02,12,24,6,2022–2023
SanjayAndani,https://github.com/SanjayAndani,126229750,2023-02,11,23,6,2022–2023
Ammar-chishti9,https://github.com/Ammar-chishti9,126047275,2023-02,9,23,6,2022–2023
Sufyanal,https://github.com/Sufyanal,126201588,2023-02,8,23,6,2022–2023
Mukhtar-Ahmed-Aziz,https://github.com/Mukhtar-Ahmed-Aziz,125906471,2023-02,18,21,6,2022–2023
YusraImran,https://github.com/YusraImran,125481299,2023-02,17,20,6,2022–2023
ArhamJohar,https://github.com/ArhamJohar,124591973,2023-02,8,19,6,2022–2023
zia-hussain,https://github.com/zia-hussain,130322420,2023-04,67,1531,6,2022–2023
Muqtadir44,https://github.com/Muqtadir44,129877143,2023-04,27,648,6,2022–2023
Muhammad-Faizan-Soomro,https://github.com/Muhammad-Faizan-Soomro,130318306,2023-04,39,609,6,2022–2023
ammar-zahid,https://github.com/ammar-zahid,131453458,2023-04,15,590,6,2022–2023
MahadRazaKhan,https://github.com/MahadRazaKhan,130212940,2023-04,31,553,6,2022–2023
haseeb2412,https://github.com/haseeb2412,129665099,2023-04,44,523,6,2022–2023
IbadRehman360,https://github.com/IbadRehman360,130700774,2023-04,31,441,6,2022–2023
Adeel-116,https://github.com/Adeel-116,129621294,2023-04,39,417,6,2022–2023
MuhammadNihalImran,https://github.com/MuhammadNihalImran,130501159,2023-04,84,329,6,2022–2023
alihaider990,https://github.com/alihaider990,132202541,2023-04,6,313,6,2022–2023
SHERRY699,https://github.com/SHERRY699,130328629,2023-04,35,305,6,2022–2023
KhawarGit,https://github.com/KhawarGit,131770039,2023-04,29,270,6,2022–2023
faizakashaf,https://github.com/faizakashaf,130510639,2023-04,70,253,6,2022–2023
sohailahmad-dev,https://github.com/sohailahmad-dev,129596859,2023-04,33,241,6,2022–2023
Mishi93,https://github.com/Mishi93,131246728,2023-04,15,203,6,2022–2023
Owais2736,https://github.com/Owais2736,131866401,2023-04,33,201,6,2022–2023
usamadoescode,https://github.com/usamadoescode,129980001,2023-04,15,185,6,2022–2023
Umar-Haqqi,https://github.com/Umar-Haqqi,131287278,2023-04,51,181,6,2022–2023
AyeshaAbdulRahman,https://github.com/AyeshaAbdulRahman,132191114,2023-04,16,170,6,2022–2023
Mudasir1123,https://github.com/Mudasir1123,129855222,2023-04,70,169,6,2022–2023
Jahanzaibgithub,https://github.com/Jahanzaibgithub,130129911,2023-04,10,159,6,2022–2023
ZLakho,https://github.com/ZLakho,130156475,2023-04,43,158,6,2022–2023
muneebexotic,https://github.com/muneebexotic,129713618,2023-04,20,153,6,2022–2023
AIBYTECH,https://github.com/AIBYTECH,131762654,2023-04,25,143,6,2022–2023
syedusman00,https://github.com/syedusman00,130335615,2023-04,7,137,6,2022–2023
farhankhalid-dev,https://github.com/farhankhalid-dev,130888000,2023-04,12,129,6,2022–2023
Aijaz66,https://github.com/Aijaz66,130418290,2023-04,20,126,6,2022–2023
WaqasUrRehman-dev,https://github.com/WaqasUrRehman-dev,130695879,2023-04,34,124,6,2022–2023
itsahsanarshad,https://github.com/itsahsanarshad,130181190,2023-04,12,123,6,2022–2023
Muhammad-Noman03,https://github.com/Muhammad-Noman03,131282035,2023-04,18,119,6,2022–2023
Abdul-Haseeb-Rajput,https://github.com/Abdul-Haseeb-Rajput,130511766,2023-04,14,113,6,2022–2023
syed-umar0311,https://github.com/syed-umar0311,129998164,2023-04,27,111,6,2022–2023
AhsanGithup,https://github.com/AhsanGithup,130462761,2023-04,14,106,6,2022–2023
umeraamir09,https://github.com/umeraamir09,130839691,2023-04,9,105,6,2022–2023
yasha-z,https://github.com/yasha-z,129907349,2023-04,19,102,6,2022–2023
YasirSheikh38,https://github.com/YasirSheikh38,130046619,2023-04,19,98,6,2022–2023
HarisJafri-xcode,https://github.com/HarisJafri-xcode,130249272,2023-04,11,98,6,2022–2023
Mir-Hunza,https://github.com/Mir-Hunza,130244140,2023-04,23,95,6,2022–2023
ZainnB,https://github.com/ZainnB,129649744,2023-04,10,92,6,2022–2023
mohsinbedil,https://github.com/mohsinbedil,129827712,2023-04,8,91,6,2022–2023
amudassr,https://github.com/amudassr,129584243,2023-04,6,85,6,2022–2023
simranwaswani,https://github.com/simranwaswani,130898772,2023-04,25,83,6,2022–2023
EngMuhammadAli,https://github.com/EngMuhammadAli,132098480,2023-04,31,82,6,2022–2023
zeeshi2k1,https://github.com/zeeshi2k1,130665895,2023-04,12,82,6,2022–2023
Ayazmir49,https://github.com/Ayazmir49,129658524,2023-04,9,80,6,2022–2023
4dmagicPK,https://github.com/4dmagicPK,131164296,2023-04,7,80,6,2022–2023
naeem1100,https://github.com/naeem1100,129649290,2023-04,6,80,6,2022–2023
YasirRao1000,https://github.com/YasirRao1000,130260738,2023-04,29,75,6,2022–2023
touseefahmed6,https://github.com/touseefahmed6,131458444,2023-04,22,72,6,2022–2023
itsrealKB,https://github.com/itsrealKB,130534627,2023-04,12,70,6,2022–2023
alimarain,https://github.com/alimarain,132199836,2023-04,34,68,6,2022–2023
MuhammadArsalanNaeem2004,https://github.com/MuhammadArsalanNaeem2004,130148088,2023-04,38,60,6,2022–2023
muhammadubaid182004,https://github.com/muhammadubaid182004,130765730,2023-04,13,60,6,2022–2023
Syedubaid45,https://github.com/Syedubaid45,130622182,2023-04,11,58,6,2022–2023
romaesa,https://github.com/romaesa,129696878,2023-04,36,55,6,2022–2023
Samikhan2,https://github.com/Samikhan2,129901453,2023-04,9,51,6,2022–2023
Usman-CrYpToo,https://github.com/Usman-CrYpToo,130186574,2023-04,20,48,6,2022–2023
muhammadsafdar2407,https://github.com/muhammadsafdar2407,132147822,2023-04,16,48,6,2022–2023
amadasif-dev,https://github.com/amadasif-dev,131585476,2023-04,7,48,6,2022–2023
Salnub,https://github.com/Salnub,130283629,2023-04,22,47,6,2022–2023
EngrBilawalKhan,https://github.com/EngrBilawalKhan,131751844,2023-04,8,45,6,2022–2023
hanzla8,https://github.com/hanzla8,130078162,2023-04,30,43,6,2022–2023
Yousuf-Ghafoor,https://github.com/Yousuf-Ghafoor,130357352,2023-04,23,41,6,2022–2023
DEVSAUDSIRAJ,https://github.com/DEVSAUDSIRAJ,129739204,2023-04,23,38,6,2022–2023
MufeedHaider,https://github.com/MufeedHaider,131650403,2023-04,9,37,6,2022–2023
malikazizawan,https://github.com/malikazizawan,132234776,2023-04,23,35,6,2022–2023
Majeed3434,https://github.com/Majeed3434,132075218,2023-04,21,34,6,2022–2023
Sana-Saleem-Malik,https://github.com/Sana-Saleem-Malik,130506493,2023-04,13,34,6,2022–2023
sobanali433,https://github.com/sobanali433,130691641,2023-04,7,34,6,2022–2023
Erenyeager88,https://github.com/Erenyeager88,130150526,2023-04,15,33,6,2022–2023
FurqanAhmedAnsari,https://github.com/FurqanAhmedAnsari,129657075,2023-04,7,33,6,2022–2023
aliwariss,https://github.com/aliwariss,129656913,2023-04,9,30,6,2022–2023
sanaullah2209,https://github.com/sanaullah2209,129984151,2023-04,6,25,6,2022–2023
w1a2s3e4e5m6,https://github.com/w1a2s3e4e5m6,130941333,2023-04,29,24,6,2022–2023
HR-Suriya,https://github.com/HR-Suriya,130052335,2023-04,6,22,6,2022–2023
Anas-Asif-NG,https://github.com/Anas-Asif-NG,129883724,2023-04,12,20,6,2022–2023
Abdulmoid7,https://github.com/Abdulmoid7,130407660,2023-04,9,20,6,2022–2023
Usamamari,https://github.com/Usamamari,130486880,2023-04,8,19,6,2022–2023
salikarshad,https://github.com/salikarshad,130284118,2023-04,18,18,6,2022–2023
ummehanifaisal,https://github.com/ummehanifaisal,129742442,2023-04,17,18,6,2022–2023
Owaiskhan156,https://github.com/Owaiskhan156,132131727,2023-04,13,18,6,2022–2023
SYMOIZ,https://github.com/SYMOIZ,130514811,2023-04,8,18,6,2022–2023
samade747,https://github.com/samade747,132301326,2023-05,335,3299,6,2022–2023
SyedAdnanAli13143,https://github.com/SyedAdnanAli13143,132832587,2023-05,27,2372,6,2022–2023
JafferRaza123,https://github.com/JafferRaza123,133816888,2023-05,21,1986,6,2022–2023
hamzalodhi2023,https://github.com/hamzalodhi2023,134397582,2023-05,36,1074,6,2022–2023
Jamil255,https://github.com/Jamil255,134855468,2023-05,87,1040,6,2022–2023
Muhammad-Umar26,https://github.com/Muhammad-Umar26,134300686,2023-05,21,809,6,2022–2023
Sufyan-Siddiqui098,https://github.com/Sufyan-Siddiqui098,134385064,2023-05,26,804,6,2022–2023
Mohammad-Yaseen69,https://github.com/Mohammad-Yaseen69,134225506,2023-05,28,722,6,2022–2023
RazaMuhammad5758,https://github.com/RazaMuhammad5758,134554711,2023-05,49,642,6,2022–2023
Muhammad-Moeed,https://github.com/Muhammad-Moeed,134531518,2023-05,72,442,6,2022–2023
ghulamali17,https://github.com/ghulamali17,132977700,2023-05,20,442,6,2022–2023
HanzalaSheikh,https://github.com/HanzalaSheikh,132583844,2023-05,38,440,6,2022–2023
hafsalodhi2023,https://github.com/hafsalodhi2023,134400279,2023-05,7,403,6,2022–2023
shaya-141,https://github.com/shaya-141,133588655,2023-05,26,342,6,2022–2023
farizfarooqui,https://github.com/farizfarooqui,135133746,2023-05,19,318,6,2022–2023
Sickfires94,https://github.com/Sickfires94,134189079,2023-05,32,289,6,2022–2023
AbuHurera05,https://github.com/AbuHurera05,133468478,2023-05,19,278,6,2022–2023
Sajoodali,https://github.com/Sajoodali,135043993,2023-05,29,268,6,2022–2023
SharjeelHussain877,https://github.com/SharjeelHussain877,133387058,2023-05,37,265,6,2022–2023
mfahad960,https://github.com/mfahad960,133112083,2023-05,20,264,6,2022–2023
Zahoor098Ahmed,https://github.com/Zahoor098Ahmed,132702248,2023-05,37,253,6,2022–2023
Muhammad-Sameer-sultan,https://github.com/Muhammad-Sameer-sultan,132738445,2023-05,48,248,6,2022–2023
ShakirBarkati,https://github.com/ShakirBarkati,134523261,2023-05,54,243,6,2022–2023
connectwithhassan,https://github.com/connectwithhassan,134856405,2023-05,45,223,6,2022–2023
SyedAnas-123,https://github.com/SyedAnas-123,134138771,2023-05,54,221,6,2022–2023
UroojFatim,https://github.com/UroojFatim,133167078,2023-05,26,217,6,2022–2023
heye-muqeet,https://github.com/heye-muqeet,132738807,2023-05,20,201,6,2022–2023
balachzehricoder,https://github.com/balachzehricoder,134047910,2023-05,33,199,6,2022–2023
Ameerhamza1w,https://github.com/Ameerhamza1w,132300503,2023-05,58,194,6,2022–2023
AliJanGithub,https://github.com/AliJanGithub,133298273,2023-05,51,180,6,2022–2023
MuhammadHaris596,https://github.com/MuhammadHaris596,134528490,2023-05,39,170,6,2022–2023
Syed-Asad-Hussain,https://github.com/Syed-Asad-Hussain,133160070,2023-05,7,164,6,2022–2023
Chuck672991,https://github.com/Chuck672991,134122343,2023-05,23,160,6,2022–2023
Rabeet-5,https://github.com/Rabeet-5,133810435,2023-05,14,154,6,2022–2023
abbasghori29,https://github.com/abbasghori29,132843772,2023-05,37,153,6,2022–2023
pinktownscavenger,https://github.com/pinktownscavenger,133650264,2023-05,11,149,6,2022–2023
SheikhHamzaa,https://github.com/SheikhHamzaa,133406665,2023-05,14,148,6,2022–2023
Hannannahmed,https://github.com/Hannannahmed,133767980,2023-05,20,142,6,2022–2023
Fazeelimam,https://github.com/Fazeelimam,133914414,2023-05,10,141,6,2022–2023
AnasMega,https://github.com/AnasMega,134781155,2023-05,35,140,6,2022–2023
muhammadaryan10,https://github.com/muhammadaryan10,133977237,2023-05,17,139,6,2022–2023
ctrlaltimran,https://github.com/ctrlaltimran,134320881,2023-05,25,126,6,2022–2023
shaheer-alam-bit,https://github.com/shaheer-alam-bit,134544657,2023-05,25,125,6,2022–2023
fahadarif1,https://github.com/fahadarif1,134074010,2023-05,71,121,6,2022–2023
raahimaairfan,https://github.com/raahimaairfan,133574668,2023-05,50,118,6,2022–2023
Choudhary-Khuzaim,https://github.com/Choudhary-Khuzaim,134790883,2023-05,8,117,6,2022–2023
Aleem1165,https://github.com/Aleem1165,134160046,2023-05,12,112,6,2022–2023
UsmanHaider77,https://github.com/UsmanHaider77,134384494,2023-05,19,110,6,2022–2023
hasnainkhan2004,https://github.com/hasnainkhan2004,134506777,2023-05,11,103,6,2022–2023
MOwaisAbbas,https://github.com/MOwaisAbbas,134226512,2023-05,34,99,6,2022–2023
Itsmefadii,https://github.com/Itsmefadii,133975580,2023-05,10,99,6,2022–2023
hasanabulhasan01,https://github.com/hasanabulhasan01,132405642,2023-05,27,95,6,2022–2023
Ahmed-web-solution,https://github.com/Ahmed-web-solution,132496842,2023-05,30,93,6,2022–2023
Adilnawaz8881212,https://github.com/Adilnawaz8881212,134604273,2023-05,20,93,6,2022–2023
daniyal5293,https://github.com/daniyal5293,133491131,2023-05,20,91,6,2022–2023
muhammadmubashir24,https://github.com/muhammadmubashir24,132802289,2023-05,24,85,6,2022–2023
wania0,https://github.com/wania0,132837890,2023-05,49,84,6,2022–2023
ahsanbari812,https://github.com/ahsanbari812,133961811,2023-05,7,82,6,2022–2023
sohail052,https://github.com/sohail052,132382358,2023-05,11,80,6,2022–2023
Taha-Shahid916,https://github.com/Taha-Shahid916,134791487,2023-05,7,78,6,2022–2023
Master786-wd,https://github.com/Master786-wd,133496507,2023-05,6,77,6,2022–2023
shiekhansar62,https://github.com/shiekhansar62,134736426,2023-05,30,71,6,2022–2023
ShafiaMemon,https://github.com/ShafiaMemon,133508187,2023-05,8,70,6,2022–2023
samihere14,https://github.com/samihere14,134046729,2023-05,27,68,6,2022–2023
Bilal12-sys,https://github.com/Bilal12-sys,134131666,2023-05,17,66,6,2022–2023
CS-Fasih,https://github.com/CS-Fasih,132261661,2023-05,12,66,6,2022–2023
HishmatMalhani,https://github.com/HishmatMalhani,134670241,2023-05,8,66,6,2022–2023
kamran-pirzaada,https://github.com/kamran-pirzaada,132477700,2023-05,16,65,6,2022–2023
Muhd-Saifullah,https://github.com/Muhd-Saifullah,133600367,2023-05,31,62,6,2022–2023
Muneeb21-hub,https://github.com/Muneeb21-hub,132264067,2023-05,20,62,6,2022–2023
khaandev,https://github.com/khaandev,134100762,2023-05,11,62,6,2022–2023
adil03038,https://github.com/adil03038,134941021,2023-05,8,62,6,2022–2023
abdullahkhalid-Oxi,https://github.com/abdullahkhalid-Oxi,133521820,2023-05,11,60,6,2022–2023
janisar110,https://github.com/janisar110,134474526,2023-05,32,55,6,2022–2023
jazzy761,https://github.com/jazzy761,133982388,2023-05,20,54,6,2022–2023
HassanFareedMughal,https://github.com/HassanFareedMughal,132766793,2023-05,8,52,6,2022–2023
Zainabtalha,https://github.com/Zainabtalha,133660467,2023-05,26,49,6,2022–2023
Sameer-Gabroo,https://github.com/Sameer-Gabroo,132849606,2023-05,16,47,6,2022–2023
Umarkamal792,https://github.com/Umarkamal792,132712455,2023-05,24,43,6,2022–2023
ShahzaibAliofficial,https://github.com/ShahzaibAliofficial,134389869,2023-05,17,42,6,2022–2023
AshhadAbid,https://github.com/AshhadAbid,133577886,2023-05,9,42,6,2022–2023
AashirCode,https://github.com/AashirCode,133881725,2023-05,7,38,6,2022–2023
emi1718,https://github.com/emi1718,133538428,2023-05,11,37,6,2022–2023
Raja-tabish,https://github.com/Raja-tabish,132977467,2023-05,19,36,6,2022–2023
Zainmanjothi,https://github.com/Zainmanjothi,134435718,2023-05,18,35,6,2022–2023
Shabbar-Raza,https://github.com/Shabbar-Raza,133688094,2023-05,16,34,6,2022–2023
Amyyousuf,https://github.com/Amyyousuf,133939539,2023-05,8,34,6,2022–2023
Shayankhan88,https://github.com/Shayankhan88,134852486,2023-05,7,34,6,2022–2023
MuhammadArif-cell,https://github.com/MuhammadArif-cell,133563874,2023-05,16,33,6,2022–2023
hakamtamlani,https://github.com/hakamtamlani,135169366,2023-05,15,33,6,2022–2023
Ahmedraza391,https://github.com/Ahmedraza391,133811726,2023-05,11,32,6,2022–2023
samiansari-911,https://github.com/samiansari-911,134759716,2023-05,43,30,6,2022–2023
Sibtain-Abbas,https://github.com/Sibtain-Abbas,134830005,2023-05,13,28,6,2022–2023
AmanUllahAU,https://github.com/AmanUllahAU,134366751,2023-05,18,26,6,2022–2023
WEB3Directions,https://github.com/WEB3Directions,134323726,2023-05,27,25,6,2022–2023
SAADTheNightWorker,https://github.com/SAADTheNightWorker,133766235,2023-05,25,24,6,2022–2023
naeem1250bukc,https://github.com/naeem1250bukc,132442188,2023-05,15,23,6,2022–2023
Sabdul-rehman,https://github.com/Sabdul-rehman,134759650,2023-05,10,23,6,2022–2023
Mudassir7817,https://github.com/Mudassir7817,134482483,2023-05,14,22,7,2023–2023
VenoXraider,https://github.com/VenoXraider,134308575,2023-05,9,19,7,2023–2023
Maazbaig226,https://github.com/Maazbaig226,134399731,2023-05,12,18,7,2023–2023
Chandni-Talpur,https://github.com/Chandni-Talpur,133248375,2023-05,8,18,7,2023–2023
hasnain-ali7673,https://github.com/hasnain-ali7673,132774730,2023-05,7,18,7,2023–2023
msamiullahbaig,https://github.com/msamiullahbaig,133097289,2023-05,9,17,7,2023–2023
FahizOzil,https://github.com/FahizOzil,137057583,2023-06,27,4582,7,2023–2023
AlishanArshad,https://github.com/AlishanArshad,135602970,2023-06,38,2098,7,2023–2023
Zain-Zameer,https://github.com/Zain-Zameer,137919776,2023-06,134,1963,7,2023–2023
DcSyedFaraz,https://github.com/DcSyedFaraz,135306876,2023-06,43,1500,7,2023–2023
ismailsilat7,https://github.com/ismailsilat7,136080918,2023-06,32,1097,7,2023–2023
hash1khn,https://github.com/hash1khn,136898897,2023-06,51,1067,7,2023–2023
ali5917,https://github.com/ali5917,136351568,2023-06,30,863,7,2023–2023
izaankhan0,https://github.com/izaankhan0,137004982,2023-06,83,725,7,2023–2023
Jamila654,https://github.com/Jamila654,136564835,2023-06,107,562,7,2023–2023
Shahzaibdev355,https://github.com/Shahzaibdev355,135271813,2023-06,60,512,7,2023–2023
MuhammadBilal0111,https://github.com/MuhammadBilal0111,137228061,2023-06,26,508,7,2023–2023
Saadgithubit,https://github.com/Saadgithubit,137560242,2023-06,26,486,7,2023–2023
Mazharrais,https://github.com/Mazharrais,135803220,2023-06,51,463,7,2023–2023
tahiee,https://github.com/tahiee,135806208,2023-06,42,445,7,2023–2023
Ammangillani,https://github.com/Ammangillani,137705820,2023-06,22,432,7,2023–2023
kamilzafar,https://github.com/kamilzafar,136997351,2023-06,21,406,7,2023–2023
Ansari839,https://github.com/Ansari839,137299911,2023-06,32,395,7,2023–2023
muhammad-ahsan12,https://github.com/muhammad-ahsan12,136963987,2023-06,38,391,7,2023–2023
Zunoon-Ali,https://github.com/Zunoon-Ali,136649068,2023-06,59,354,7,2023–2023
Mrrafay00,https://github.com/Mrrafay00,136898573,2023-06,67,351,7,2023–2023
Shayan12456,https://github.com/Shayan12456,136985581,2023-06,66,348,7,2023–2023
Hahosameer,https://github.com/Hahosameer,136022514,2023-06,42,328,7,2023–2023
dawoodkhatri1,https://github.com/dawoodkhatri1,136968266,2023-06,31,311,7,2023–2023
Sanaullahabbasi,https://github.com/Sanaullahabbasi,136949915,2023-06,17,308,7,2023–2023
abdulhaseebss,https://github.com/abdulhaseebss,135581954,2023-06,61,285,7,2023–2023
DevAbdullah90,https://github.com/DevAbdullah90,136432132,2023-06,70,279,7,2023–2023
harisahmedjs,https://github.com/harisahmedjs,136917000,2023-06,70,275,7,2023–2023
HadiaKhokhar,https://github.com/HadiaKhokhar,135761381,2023-06,15,275,7,2023–2023
uzishah,https://github.com/uzishah,137003543,2023-06,38,267,7,2023–2023
Aadil-Raja,https://github.com/Aadil-Raja,138008487,2023-06,32,266,7,2023–2023
KaarimHussain,https://github.com/KaarimHussain,135377752,2023-06,29,264,7,2023–2023
AmeerMavia97,https://github.com/AmeerMavia97,137317329,2023-06,55,256,7,2023–2023
Safey11,https://github.com/Safey11,135821652,2023-06,49,235,7,2023–2023
KazimFedxD,https://github.com/KazimFedxD,137920619,2023-06,18,232,7,2023–2023
MuhammadUzairAbbasi,https://github.com/MuhammadUzairAbbasi,136907020,2023-06,17,229,7,2023–2023
Abdulmoizk,https://github.com/Abdulmoizk,136237967,2023-06,31,225,7,2023–2023
HamzaRahiim,https://github.com/HamzaRahiim,136451582,2023-06,38,221,7,2023–2023
IrtizaAshraf,https://github.com/IrtizaAshraf,137706794,2023-06,67,220,7,2023–2023
uzairkhan-prog,https://github.com/uzairkhan-prog,135203607,2023-06,18,211,7,2023–2023
Sameer02Ahmed,https://github.com/Sameer02Ahmed,138230093,2023-06,69,209,7,2023–2023
Muneeb502,https://github.com/Muneeb502,136859466,2023-06,40,208,7,2023–2023
SaqibGhori,https://github.com/SaqibGhori,136119808,2023-06,9,205,7,2023–2023
umer104,https://github.com/umer104,136950183,2023-06,10,201,7,2023–2023
musa-qadri,https://github.com/musa-qadri,137062687,2023-06,45,194,7,2023–2023
Ahmedmemon12,https://github.com/Ahmedmemon12,135580168,2023-06,35,194,7,2023–2023
arwa-mansoor,https://github.com/arwa-mansoor,137927389,2023-06,12,188,7,2023–2023
JohiChawla,https://github.com/JohiChawla,136928760,2023-06,28,185,7,2023–2023
AbbasRazaPakistan,https://github.com/AbbasRazaPakistan,137583716,2023-06,46,182,7,2023–2023
abdulahad-92,https://github.com/abdulahad-92,136503712,2023-06,31,179,7,2023–2023
MominRaza6762,https://github.com/MominRaza6762,135518733,2023-06,12,162,7,2023–2023
sabir-01,https://github.com/sabir-01,136722898,2023-06,23,158,7,2023–2023
rehanabbas394,https://github.com/rehanabbas394,136816198,2023-06,47,153,7,2023–2023
SamadAmir,https://github.com/SamadAmir,136898842,2023-06,31,152,7,2023–2023
Maliktalha123,https://github.com/Maliktalha123,135603953,2023-06,56,148,7,2023–2023
alimehdirazab,https://github.com/alimehdirazab,135409467,2023-06,31,148,7,2023–2023
muhammadqamar2,https://github.com/muhammadqamar2,136121713,2023-06,20,142,7,2023–2023
muhammadfasih001,https://github.com/muhammadfasih001,136199412,2023-06,21,139,7,2023–2023
mariamrizwan01,https://github.com/mariamrizwan01,136966527,2023-06,68,137,7,2023–2023
JunaidYousafzai,https://github.com/JunaidYousafzai,137820226,2023-06,59,136,7,2023–2023
FEROZMEMON,https://github.com/FEROZMEMON,136884163,2023-06,44,136,7,2023–2023
1samad12,https://github.com/1samad12,137261741,2023-06,48,124,7,2023–2023
Hamdan-Vohra,https://github.com/Hamdan-Vohra,136298438,2023-06,27,122,7,2023–2023
AbdulHaseebAlam,https://github.com/AbdulHaseebAlam,136955691,2023-06,11,118,7,2023–2023
sadiqmayari,https://github.com/sadiqmayari,137960260,2023-06,39,117,7,2023–2023
Sameedshah,https://github.com/Sameedshah,137491858,2023-06,15,116,7,2023–2023
Kewlkaka,https://github.com/Kewlkaka,136623561,2023-06,21,112,7,2023–2023
UsamaArain12,https://github.com/UsamaArain12,138227159,2023-06,67,110,7,2023–2023
UsmanRasheedKhan,https://github.com/UsmanRasheedKhan,136018489,2023-06,26,110,7,2023–2023
Ahmed-Crystallite,https://github.com/Ahmed-Crystallite,137569689,2023-06,24,110,7,2023–2023
fatimajamali81,https://github.com/fatimajamali81,135330185,2023-06,9,109,7,2023–2023
fatimali03,https://github.com/fatimali03,136559675,2023-06,20,108,7,2023–2023
iameenalam,https://github.com/iameenalam,137396737,2023-06,7,107,7,2023–2023
Maham-Fatima,https://github.com/Maham-Fatima,136064528,2023-06,23,105,7,2023–2023
uzma-knpc,https://github.com/uzma-knpc,135639485,2023-06,26,101,7,2023–2023
adnanmk4,https://github.com/adnanmk4,135832600,2023-06,28,100,7,2023–2023
siddqamar,https://github.com/siddqamar,137684575,2023-06,28,96,7,2023–2023
zainkhokhar831,https://github.com/zainkhokhar831,135629202,2023-06,13,94,7,2023–2023
Aceahmeds,https://github.com/Aceahmeds,135263952,2023-06,32,93,7,2023–2023
mohsinahmedkhan,https://github.com/mohsinahmedkhan,136707643,2023-06,25,93,7,2023–2023
Fakhir-Iqbal,https://github.com/Fakhir-Iqbal,135801514,2023-06,22,93,7,2023–2023
wasiffalishah,https://github.com/wasiffalishah,137802448,2023-06,13,92,7,2023–2023
MuhammadTahaMustafa-06,https://github.com/MuhammadTahaMustafa-06,137392136,2023-06,14,89,7,2023–2023
syedabdurrafay,https://github.com/syedabdurrafay,137159230,2023-06,19,88,7,2023–2023
Hoezaifa,https://github.com/Hoezaifa,135506177,2023-06,7,85,7,2023–2023
asheeradnan,https://github.com/asheeradnan,136634518,2023-06,24,83,7,2023–2023
ShariqShahood,https://github.com/ShariqShahood,137090341,2023-06,40,82,7,2023–2023
TechZainShahzad,https://github.com/TechZainShahzad,136337895,2023-06,23,82,7,2023–2023
muhammadzainrehmani,https://github.com/muhammadzainrehmani,136089321,2023-06,6,82,7,2023–2023
Farzana-khan99,https://github.com/Farzana-khan99,135400995,2023-06,73,81,7,2023–2023
YousufTheAIDeveloper,https://github.com/YousufTheAIDeveloper,135986098,2023-06,37,80,7,2023–2023
ShahnoorElahi,https://github.com/ShahnoorElahi,136179005,2023-06,24,80,7,2023–2023
AbdulSaboor24,https://github.com/AbdulSaboor24,135426371,2023-06,12,80,7,2023–2023
ZulaikhaZameer,https://github.com/ZulaikhaZameer,137323980,2023-06,18,79,7,2023–2023
syedmuhammadshakeeb,https://github.com/syedmuhammadshakeeb,136184688,2023-06,16,78,7,2023–2023
khuloodirfan,https://github.com/khuloodirfan,136997305,2023-06,6,75,7,2023–2023
noshu12,https://github.com/noshu12,135364309,2023-06,16,72,7,2023–2023
JunaidTanoli751,https://github.com/JunaidTanoli751,137294017,2023-06,24,71,7,2023–2023
abdulsamad42232,https://github.com/abdulsamad42232,136242340,2023-06,27,70,7,2023–2023
haderiumtech,https://github.com/haderiumtech,136891528,2023-06,12,67,7,2023–2023
zainjsheikh900,https://github.com/zainjsheikh900,136816448,2023-06,21,64,7,2023–2023
hamadkhann,https://github.com/hamadkhann,135649369,2023-06,16,64,7,2023–2023
mazharjs,https://github.com/mazharjs,136447832,2023-06,19,62,7,2023–2023
morcerf009,https://github.com/morcerf009,136239907,2023-06,18,61,7,2023–2023
zaidahmed25,https://github.com/zaidahmed25,136710264,2023-06,37,60,7,2023–2023
MuhammadHassan24,https://github.com/MuhammadHassan24,136606558,2023-06,14,60,7,2023–2023
SM-Umer-Adnan,https://github.com/SM-Umer-Adnan,137509978,2023-06,18,58,7,2023–2023
md-raza-ali,https://github.com/md-raza-ali,137109862,2023-06,16,58,7,2023–2023
Asimkz,https://github.com/Asimkz,136338100,2023-06,15,56,7,2023–2023
Shahbaz31,https://github.com/Shahbaz31,138029937,2023-06,9,56,7,2023–2023
abdulqudoos26648,https://github.com/abdulqudoos26648,136168225,2023-06,9,54,7,2023–2023
MuhammadZaeemIlyas,https://github.com/MuhammadZaeemIlyas,136729787,2023-06,16,53,7,2023–2023
ZammadNasir,https://github.com/ZammadNasir,136105139,2023-06,12,53,7,2023–2023
Nadejag,https://github.com/Nadejag,136561495,2023-06,20,52,7,2023–2023
mubbashiralgoace,https://github.com/mubbashiralgoace,136785142,2023-06,10,52,7,2023–2023
Malik-Ubaidullah,https://github.com/Malik-Ubaidullah,136471655,2023-06,7,51,7,2023–2023
Mahenoorfatima,https://github.com/Mahenoorfatima,136818372,2023-06,25,49,7,2023–2023
OfficialMuhammadFahad,https://github.com/OfficialMuhammadFahad,137166579,2023-06,9,49,7,2023–2023
KASHIF-ALI-mirani,https://github.com/KASHIF-ALI-mirani,137699906,2023-06,17,46,7,2023–2023
WaqasAhmed99,https://github.com/WaqasAhmed99,137869352,2023-06,27,45,7,2023–2023
abdulmsoomro1,https://github.com/abdulmsoomro1,136917625,2023-06,11,45,7,2023–2023
moinsaleheen,https://github.com/moinsaleheen,136227430,2023-06,31,43,7,2023–2023
naveeedd,https://github.com/naveeedd,136856330,2023-06,15,43,7,2023–2023
WajihKazmi,https://github.com/WajihKazmi,135229696,2023-06,10,43,7,2023–2023
MuhammadSameer18,https://github.com/MuhammadSameer18,136251965,2023-06,19,40,7,2023–2023
hunain-irfan,https://github.com/hunain-irfan,135580890,2023-06,18,40,7,2023–2023
jalalahmedsheikh,https://github.com/jalalahmedsheikh,135312036,2023-06,15,39,7,2023–2023
hina-shykh,https://github.com/hina-shykh,136922764,2023-06,13,39,7,2023–2023
Maheersiddiqui,https://github.com/Maheersiddiqui,137050164,2023-06,12,39,7,2023–2023
Priya-Nand9,https://github.com/Priya-Nand9,135970086,2023-06,9,38,7,2023–2023
MahnoorFatimaZahid,https://github.com/MahnoorFatimaZahid,136581671,2023-06,7,38,7,2023–2023
inamkhan788,https://github.com/inamkhan788,136358738,2023-06,26,36,7,2023–2023
mabdurrahman1348,https://github.com/mabdurrahman1348,135418155,2023-06,13,36,7,2023–2023
Muhammadbijjar,https://github.com/Muhammadbijjar,136269283,2023-06,23,34,7,2023–2023
maazasad86,https://github.com/maazasad86,136359668,2023-06,10,34,7,2023–2023
sameerzf,https://github.com/sameerzf,135354307,2023-06,11,33,7,2023–2023
muhammadhisham064,https://github.com/muhammadhisham064,135724761,2023-06,11,33,7,2023–2023
fatima778,https://github.com/fatima778,135407646,2023-06,17,32,7,2023–2023
AliDeCancer,https://github.com/AliDeCancer,135419604,2023-06,16,32,7,2023–2023
Memoonaiqbal,https://github.com/Memoonaiqbal,135599978,2023-06,12,32,7,2023–2023
muzammil-ahmed-5028,https://github.com/muzammil-ahmed-5028,136780595,2023-06,8,32,7,2023–2023
saad-a-sheikh,https://github.com/saad-a-sheikh,137971745,2023-06,6,32,7,2023–2023
AbdulSaboor441,https://github.com/AbdulSaboor441,136222914,2023-06,7,30,7,2023–2023
nemokhatri,https://github.com/nemokhatri,136006640,2023-06,14,28,7,2023–2023
eimanasir,https://github.com/eimanasir,137448197,2023-06,12,28,7,2023–2023
JaveriaKhan56,https://github.com/JaveriaKhan56,136424414,2023-06,7,27,7,2023–2023
hassankhan-dev,https://github.com/hassankhan-dev,136186820,2023-06,13,25,7,2023–2023
farazahmed69,https://github.com/farazahmed69,136223787,2023-06,12,25,7,2023–2023
Hani625,https://github.com/Hani625,137480516,2023-06,6,25,7,2023–2023
Uzairdev30,https://github.com/Uzairdev30,136713527,2023-06,12,24,7,2023–2023
Anastauni12671,https://github.com/Anastauni12671,135460572,2023-06,11,24,7,2023–2023
khalil-jpg,https://github.com/khalil-jpg,138184165,2023-06,21,23,7,2023–2023
mrym-butt,https://github.com/mrym-butt,135721351,2023-06,19,22,7,2023–2023
AliBaig123,https://github.com/AliBaig123,136926207,2023-06,10,22,7,2023–2023
Ayesha-coder115,https://github.com/Ayesha-coder115,135505176,2023-06,17,21,7,2023–2023
hoor3863,https://github.com/hoor3863,136489013,2023-06,15,21,7,2023–2023
azadalidev,https://github.com/azadalidev,136810514,2023-06,11,20,7,2023–2023
ik133,https://github.com/ik133,136878905,2023-06,16,19,7,2023–2023
irfanrajput5745,https://github.com/irfanrajput5745,137328814,2023-06,13,19,7,2023–2023
Abdulrasheedali,https://github.com/Abdulrasheedali,135818422,2023-06,10,19,7,2023–2023
hamzashamim1,https://github.com/hamzashamim1,137224259,2023-06,7,19,7,2023–2023
sheikhfahad27,https://github.com/sheikhfahad27,135519897,2023-06,10,18,7,2023–2023
oneeb004,https://github.com/oneeb004,135972111,2023-06,7,18,7,2023–2023
sajdeenhussain,https://github.com/sajdeenhussain,135839408,2023-06,10,17,7,2023–2023
sab110,https://github.com/sab110,140268593,2023-07,29,9035,7,2023–2023
HasanCoder66,https://github.com/HasanCoder66,140997677,2023-07,113,1469,7,2023–2023
vikramkumartejani,https://github.com/vikramkumartejani,138689041,2023-07,91,1343,7,2023–2023
abdul-haseeb5786,https://github.com/abdul-haseeb5786,139561169,2023-07,38,875,7,2023–2023
shayan-zaheer,https://github.com/shayan-zaheer,139066765,2023-07,33,851,7,2023–2023
umairghani156,https://github.com/umairghani156,139696048,2023-07,80,725,7,2023–2023
AqibaAbdulQadir,https://github.com/AqibaAbdulQadir,139615591,2023-07,34,711,7,2023–2023
nadeemsangrasi,https://github.com/nadeemsangrasi,140242307,2023-07,56,600,7,2023–2023
MehakRauf,https://github.com/MehakRauf,139680303,2023-07,30,491,7,2023–2023
Saad-Ali-Khan-007,https://github.com/Saad-Ali-Khan-007,140542498,2023-07,61,489,7,2023–2023
muhammadwaqarqsol,https://github.com/muhammadwaqarqsol,139227066,2023-07,83,476,7,2023–2023
muhammadsufiyanbaig,https://github.com/muhammadsufiyanbaig,139132305,2023-07,60,434,7,2023–2023
muhammadhur2,https://github.com/muhammadhur2,138489351,2023-07,25,433,7,2023–2023
MuhaibShamsher,https://github.com/MuhaibShamsher,138360545,2023-07,12,408,7,2023–2023
usama7871,https://github.com/usama7871,139339211,2023-07,53,384,7,2023–2023
jawwadkareem,https://github.com/jawwadkareem,139786195,2023-07,30,353,7,2023–2023
sahilvr03,https://github.com/sahilvr03,141049344,2023-07,31,347,7,2023–2023
muhammadhussainjs,https://github.com/muhammadhussainjs,140120634,2023-07,53,325,7,2023–2023
Moheed789,https://github.com/Moheed789,140599003,2023-07,37,322,7,2023–2023
AsadullahAbbasi,https://github.com/AsadullahAbbasi,140692691,2023-07,45,274,7,2023–2023
azfarsuhail,https://github.com/azfarsuhail,138823481,2023-07,39,270,7,2023–2023
omerspac,https://github.com/omerspac,140610640,2023-07,26,255,7,2023–2023
SaadRiaz99,https://github.com/SaadRiaz99,140387256,2023-07,49,249,7,2023–2023
Muhammadali1234390,https://github.com/Muhammadali1234390,139618271,2023-07,68,236,7,2023–2023
khatriaadarsh,https://github.com/khatriaadarsh,139700003,2023-07,42,223,7,2023–2023
Rafiullah08,https://github.com/Rafiullah08,140521887,2023-07,47,217,7,2023–2023
AbdulAziz2397,https://github.com/AbdulAziz2397,138279151,2023-07,24,216,7,2023–2023
bilalajmery,https://github.com/bilalajmery,139897092,2023-07,8,216,7,2023–2023
Ahmed-Shahi,https://github.com/Ahmed-Shahi,139353893,2023-07,46,213,7,2023–2023
RabiyaNoorAhmed,https://github.com/RabiyaNoorAhmed,140627643,2023-07,52,206,7,2023–2023
26Adnanansari,https://github.com/26Adnanansari,138770731,2023-07,29,201,7,2023–2023
Asadkhan234,https://github.com/Asadkhan234,139991499,2023-07,63,199,7,2023–2023
OmerKhan24,https://github.com/OmerKhan24,140423734,2023-07,23,199,7,2023–2023
syedminamurrehman,https://github.com/syedminamurrehman,138588241,2023-07,28,194,7,2023–2023
Maaz2404,https://github.com/Maaz2404,139326136,2023-07,19,191,7,2023–2023
Gozo16,https://github.com/Gozo16,140582379,2023-07,7,191,7,2023–2023
AI-CodMastr,https://github.com/AI-CodMastr,139948637,2023-07,62,188,7,2023–2023
hasansohailnaqi,https://github.com/hasansohailnaqi,138737153,2023-07,21,187,7,2023–2023
arsalanirshad57,https://github.com/arsalanirshad57,140166441,2023-07,28,185,7,2023–2023
sufiyan-farooq,https://github.com/sufiyan-farooq,138825396,2023-07,76,181,7,2023–2023
RAOUMERTC73,https://github.com/RAOUMERTC73,138304712,2023-07,9,180,7,2023–2023
Musawirkorai,https://github.com/Musawirkorai,139356159,2023-07,22,169,7,2023–2023
MuznaAli30,https://github.com/MuznaAli30,139742788,2023-07,23,164,7,2023–2023
OsamaAbdulHafeez,https://github.com/OsamaAbdulHafeez,140329663,2023-07,62,163,7,2023–2023
Waqarsanai,https://github.com/Waqarsanai,138406571,2023-07,20,153,7,2023–2023
huzaifa172,https://github.com/huzaifa172,139103060,2023-07,21,147,7,2023–2023
zahid651985,https://github.com/zahid651985,140758315,2023-07,7,146,7,2023–2023
Asad-Nawaz92,https://github.com/Asad-Nawaz92,139525501,2023-07,17,145,7,2023–2023
Anas-Sardar,https://github.com/Anas-Sardar,138786885,2023-07,18,144,7,2023–2023
faaizamir,https://github.com/faaizamir,138296169,2023-07,27,136,7,2023–2023
AnxiousCodeGeek,https://github.com/AnxiousCodeGeek,138652868,2023-07,27,136,7,2023–2023
Muhammad-Bilal079,https://github.com/Muhammad-Bilal079,140057559,2023-07,60,134,7,2023–2023
Abubakar2211,https://github.com/Abubakar2211,139701449,2023-07,18,134,7,2023–2023
ihasanalyy,https://github.com/ihasanalyy,139680294,2023-07,40,132,7,2023–2023
Hamiz,https://github.com/Hamiz,141045880,2023-07,19,129,7,2023–2023
huzaifafaran,https://github.com/huzaifafaran,139654448,2023-07,18,128,7,2023–2023
SamiAhmed788,https://github.com/SamiAhmed788,139587412,2023-07,64,127,7,2023–2023
raoalihassan228,https://github.com/raoalihassan228,139099370,2023-07,34,127,7,2023–2023
ShinzaWasif,https://github.com/ShinzaWasif,140839722,2023-07,21,126,7,2023–2023
makshoof,https://github.com/makshoof,140198597,2023-07,31,123,7,2023–2023
TalhaFaizan,https://github.com/TalhaFaizan,140506077,2023-07,64,120,7,2023–2023
Ehtasham24,https://github.com/Ehtasham24,139356565,2023-07,19,118,7,2023–2023
ahsanmalik00,https://github.com/ahsanmalik00,139353701,2023-07,14,116,7,2023–2023
khizerkhan32,https://github.com/khizerkhan32,140312813,2023-07,31,115,7,2023–2023
mabdullah836,https://github.com/mabdullah836,140530087,2023-07,31,112,7,2023–2023
noumanzindani,https://github.com/noumanzindani,139504396,2023-07,51,111,7,2023–2023
AffafArif,https://github.com/AffafArif,139076467,2023-07,21,111,7,2023–2023
mo2daso,https://github.com/mo2daso,140904090,2023-07,25,108,7,2023–2023
SyedaAimanAli,https://github.com/SyedaAimanAli,140399565,2023-07,13,107,7,2023–2023
waqasali-cs,https://github.com/waqasali-cs,140514512,2023-07,30,104,7,2023–2023
Laibalakhani,https://github.com/Laibalakhani,138715320,2023-07,9,104,7,2023–2023
M-Umer-Ahmed-Abbasi,https://github.com/M-Umer-Ahmed-Abbasi,140754545,2023-07,16,103,7,2023–2023
mkhalidh,https://github.com/mkhalidh,140644420,2023-07,49,102,7,2023–2023
Abeeha-Afzal,https://github.com/Abeeha-Afzal,138608303,2023-07,6,102,7,2023–2023
ahmerarman,https://github.com/ahmerarman,138824447,2023-07,26,100,7,2023–2023
saimtalhaa,https://github.com/saimtalhaa,140309925,2023-07,22,99,7,2023–2023
Zeeshan1977,https://github.com/Zeeshan1977,139474307,2023-07,20,98,7,2023–2023
SafwanUddinMairaj,https://github.com/SafwanUddinMairaj,139959110,2023-07,18,97,7,2023–2023
AliMasood077,https://github.com/AliMasood077,139627175,2023-07,11,94,7,2023–2023
MohammadUmar04,https://github.com/MohammadUmar04,139616039,2023-07,47,92,7,2023–2023
NabeelWaq,https://github.com/NabeelWaq,140924810,2023-07,12,92,7,2023–2023
muddassiryahya,https://github.com/muddassiryahya,138974171,2023-07,25,90,7,2023–2023
rohanadnan1,https://github.com/rohanadnan1,139151442,2023-07,22,90,7,2023–2023
sharjeel0011,https://github.com/sharjeel0011,139608182,2023-07,63,89,7,2023–2023
Billal-07,https://github.com/Billal-07,139357007,2023-07,9,89,7,2023–2023
web4389,https://github.com/web4389,138785910,2023-07,13,87,7,2023–2023
lazy-myst,https://github.com/lazy-myst,139933656,2023-07,13,87,7,2023–2023
musabaziz12,https://github.com/musabaziz12,141024090,2023-07,44,86,7,2023–2023
asimvijay,https://github.com/asimvijay,141049257,2023-07,9,84,7,2023–2023
Piryanka-Khatri,https://github.com/Piryanka-Khatri,139379517,2023-07,8,83,7,2023–2023
AhadKhan316,https://github.com/AhadKhan316,140253722,2023-07,8,82,7,2023–2023
mustafahk27,https://github.com/mustafahk27,138330638,2023-07,24,80,7,2023–2023
Muhammad-Zohaib-Bawani,https://github.com/Muhammad-Zohaib-Bawani,139498923,2023-07,17,78,7,2023–2023
Ifraz-Ali,https://github.com/Ifraz-Ali,139032792,2023-07,13,76,7,2023–2023
EnggAamir,https://github.com/EnggAamir,141019144,2023-07,20,74,7,2023–2023
ammaarfatani,https://github.com/ammaarfatani,140644031,2023-07,24,73,7,2023–2023
Murtaza3033,https://github.com/Murtaza3033,139049045,2023-07,45,71,7,2023–2023
mehreensaghar,https://github.com/mehreensaghar,139617285,2023-07,13,71,7,2023–2023
saboorindus,https://github.com/saboorindus,139113762,2023-07,10,69,7,2023–2023
ABDULBASITKHAN001,https://github.com/ABDULBASITKHAN001,139638252,2023-07,30,68,7,2023–2023
Lajpat2550,https://github.com/Lajpat2550,140961591,2023-07,12,66,7,2023–2023
HasnainEagle,https://github.com/HasnainEagle,139227780,2023-07,18,65,7,2023–2023
muhammadghous07,https://github.com/muhammadghous07,138979162,2023-07,14,63,7,2023–2023
mohsinrazamadani19,https://github.com/mohsinrazamadani19,139711258,2023-07,35,62,7,2023–2023
Hassan-Ali-0316,https://github.com/Hassan-Ali-0316,140848570,2023-07,23,62,7,2023–2023
xharooninv,https://github.com/xharooninv,139035707,2023-07,8,59,7,2023–2023
hassnainy1,https://github.com/hassnainy1,138851184,2023-07,32,57,7,2023–2023
Amishdhera,https://github.com/Amishdhera,139619945,2023-07,18,57,7,2023–2023
fatimaalizaidi,https://github.com/fatimaalizaidi,139489234,2023-07,16,56,7,2023–2023
muhammadazeem654,https://github.com/muhammadazeem654,138874903,2023-07,16,55,7,2023–2023
MalasKhan,https://github.com/MalasKhan,138606218,2023-07,10,55,7,2023–2023
Iqrasajid-01,https://github.com/Iqrasajid-01,139217094,2023-07,13,54,7,2023–2023
SakinaQasim,https://github.com/SakinaQasim,140428003,2023-07,10,54,7,2023–2023
hatimburhanpur,https://github.com/hatimburhanpur,138433461,2023-07,23,51,7,2023–2023
Okasha-Nadeem,https://github.com/Okasha-Nadeem,138295529,2023-07,25,50,7,2023–2023
mahsan48,https://github.com/mahsan48,140517913,2023-07,22,49,7,2023–2023
AyanArfeen,https://github.com/AyanArfeen,140917182,2023-07,6,49,7,2023–2023
DeedarAhmed532,https://github.com/DeedarAhmed532,138362982,2023-07,22,47,7,2023–2023
ahmedali283,https://github.com/ahmedali283,140053865,2023-07,8,44,7,2023–2023
Wasiq-Ali,https://github.com/Wasiq-Ali,139151580,2023-07,17,43,7,2023–2023
haseebyaqoob,https://github.com/haseebyaqoob,138321095,2023-07,10,43,7,2023–2023
Mueed96,https://github.com/Mueed96,139863499,2023-07,7,42,7,2023–2023
codewithmoiz17,https://github.com/codewithmoiz17,139600686,2023-07,20,40,7,2023–2023
iamshoaibxyz,https://github.com/iamshoaibxyz,139773101,2023-07,19,40,7,2023–2023
mutahar-khokhar,https://github.com/mutahar-khokhar,140160909,2023-07,7,39,7,2023–2023
Mebaad,https://github.com/Mebaad,139985605,2023-07,24,37,7,2023–2023
hiteshkumar09,https://github.com/hiteshkumar09,139046263,2023-07,24,36,7,2023–2023
GhayourRafiq,https://github.com/GhayourRafiq,140564100,2023-07,8,34,7,2023–2023
AsadUllah0310,https://github.com/AsadUllah0310,139378266,2023-07,17,33,7,2023–2023
Muzzamil-javeed,https://github.com/Muzzamil-javeed,140617779,2023-07,10,32,7,2023–2023
Aliibraim,https://github.com/Aliibraim,139499128,2023-07,25,31,7,2023–2023
SyedKazmi28,https://github.com/SyedKazmi28,139151692,2023-07,24,31,7,2023–2023
darpanchelani,https://github.com/darpanchelani,139065974,2023-07,6,31,7,2023–2023
anfaal20,https://github.com/anfaal20,139861843,2023-07,27,30,7,2023–2023
RehanAman0335,https://github.com/RehanAman0335,140015845,2023-07,20,30,7,2023–2023
samreen-aqeel,https://github.com/samreen-aqeel,139069864,2023-07,14,30,7,2023–2023
DarakhshanMujtaba,https://github.com/DarakhshanMujtaba,140615926,2023-07,14,30,7,2023–2023
affanahmed2004,https://github.com/affanahmed2004,138966726,2023-07,27,29,7,2023–2023
MuhammadUsama-Hassan,https://github.com/MuhammadUsama-Hassan,139792550,2023-07,27,29,7,2023–2023
ShayanAkhter,https://github.com/ShayanAkhter,139703295,2023-07,13,29,7,2023–2023
faizahmedfarooqi,https://github.com/faizahmedfarooqi,138715265,2023-07,9,27,7,2023–2023
ghulammurtaza2521,https://github.com/ghulammurtaza2521,138510683,2023-07,20,26,7,2023–2023
rajashar666,https://github.com/rajashar666,141022765,2023-07,19,26,7,2023–2023
Moizsiddiq,https://github.com/Moizsiddiq,139385260,2023-07,11,26,7,2023–2023
M-Ayub786,https://github.com/M-Ayub786,138428312,2023-07,18,25,7,2023–2023
anafaycodes,https://github.com/anafaycodes,139160993,2023-07,6,25,7,2023–2023
RoomanAbdulLatif,https://github.com/RoomanAbdulLatif,139648892,2023-07,18,24,7,2023–2023
shamsulQamar,https://github.com/shamsulQamar,140240896,2023-07,9,24,7,2023–2023
imshoaiblarik,https://github.com/imshoaiblarik,140143247,2023-07,6,24,7,2023–2023
wahab-277,https://github.com/wahab-277,138891037,2023-07,10,23,7,2023–2023
zainshaikh017,https://github.com/zainshaikh017,139116312,2023-07,8,23,7,2023–2023
KhansaAsif,https://github.com/KhansaAsif,139470759,2023-07,7,22,7,2023–2023
arhmasiddique,https://github.com/arhmasiddique,138670043,2023-07,24,21,7,2023–2023
msaadaziz,https://github.com/msaadaziz,139889764,2023-07,15,21,7,2023–2023
fk78691,https://github.com/fk78691,138850947,2023-07,12,21,7,2023–2023
sufyan-sattar,https://github.com/sufyan-sattar,139279888,2023-07,20,20,7,2023–2023
Danialpak,https://github.com/Danialpak,139907545,2023-07,11,20,7,2023–2023
mohsin-mushtaq-22,https://github.com/mohsin-mushtaq-22,139048772,2023-07,11,20,7,2023–2023
sajjadraza110,https://github.com/sajjadraza110,138395563,2023-07,11,20,7,2023–2023
Syedmunafahmed04,https://github.com/Syedmunafahmed04,139557800,2023-07,7,20,7,2023–2023
ShayanGaba,https://github.com/ShayanGaba,140510722,2023-07,11,19,7,2023–2023
HamzaTariq03,https://github.com/HamzaTariq03,140601011,2023-07,9,19,7,2023–2023
Aliahmed90,https://github.com/Aliahmed90,138621509,2023-07,8,19,7,2023–2023
jncoderz,https://github.com/jncoderz,139441299,2023-07,19,18,7,2023–2023
muhammadtalhasami,https://github.com/muhammadtalhasami,141629485,2023-08,18,1538,7,2023–2023
RAGHIBRIZWAN,https://github.com/RAGHIBRIZWAN,142868123,2023-08,26,1450,7,2023–2023
Mujtaba214,https://github.com/Mujtaba214,142329119,2023-08,202,1226,7,2023–2023
saim-x,https://github.com/saim-x,141134993,2023-08,78,1158,7,2023–2023
MuhammadAhsaanAbbasi,https://github.com/MuhammadAhsaanAbbasi,142156097,2023-08,55,867,7,2023–2023
Jawad-Ali-Soomro,https://github.com/Jawad-Ali-Soomro,142707756,2023-08,73,857,7,2023–2023
Chashmishlish,https://github.com/Chashmishlish,142626257,2023-08,23,785,7,2023–2023
Yumna0019,https://github.com/Yumna0019,141240511,2023-08,44,780,7,2023–2023
Hannankhan203,https://github.com/Hannankhan203,141659378,2023-08,55,769,7,2023–2023
sheikh92areeb,https://github.com/sheikh92areeb,142735126,2023-08,44,758,7,2023–2023
Muhammadali0981,https://github.com/Muhammadali0981,142867504,2023-08,26,757,7,2023–2023
syed-minhaj,https://github.com/syed-minhaj,143253460,2023-08,19,728,7,2023–2023
muzz05,https://github.com/muzz05,142844170,2023-08,6,727,7,2023–2023
Muhammadnoman004,https://github.com/Muhammadnoman004,143292643,2023-08,75,699,7,2023–2023
Zafar205,https://github.com/Zafar205,142920742,2023-08,74,640,7,2023–2023
AliSharjeell,https://github.com/AliSharjeell,141981610,2023-08,36,638,7,2023–2023
muhammadhasansiddiqui,https://github.com/muhammadhasansiddiqui,143353727,2023-08,111,636,7,2023–2023
Gul-Fatima,https://github.com/Gul-Fatima,143262038,2023-08,37,528,7,2023–2023
uzairrehan,https://github.com/uzairrehan,142104243,2023-08,24,520,7,2023–2023
fahadabid545,https://github.com/fahadabid545,143446822,2023-08,38,475,7,2023–2023
Mhd-Hsyn,https://github.com/Mhd-Hsyn,141814129,2023-08,42,440,7,2023–2023
Abdulwassay122,https://github.com/Abdulwassay122,143580887,2023-08,85,439,7,2023–2023
SyedHuzaifaNazim,https://github.com/SyedHuzaifaNazim,142250085,2023-08,57,429,7,2023–2023
saloskilo,https://github.com/saloskilo,143355317,2023-08,21,388,7,2023–2023
Hamzakhanzada,https://github.com/Hamzakhanzada,141921986,2023-08,49,368,7,2023–2023
hmad213,https://github.com/hmad213,142343785,2023-08,33,368,7,2023–2023
Nidaamir083,https://github.com/Nidaamir083,142287805,2023-08,41,367,7,2023–2023
zaid638,https://github.com/zaid638,142732644,2023-08,20,361,7,2023–2023
Muhammad-Bilal-Hussain,https://github.com/Muhammad-Bilal-Hussain,143377784,2023-08,28,342,7,2023–2023
ZunairaAli18,https://github.com/ZunairaAli18,143225771,2023-08,23,336,7,2023–2023
SaimNomani,https://github.com/SaimNomani,142814539,2023-08,88,313,7,2023–2023
feyhide,https://github.com/feyhide,141734135,2023-08,29,309,7,2023–2023
hakhan1999,https://github.com/hakhan1999,142816293,2023-08,49,304,7,2023–2023
SaweraTahir3,https://github.com/SaweraTahir3,141661220,2023-08,54,294,7,2023–2023
Rawahaahmed23,https://github.com/Rawahaahmed23,143651775,2023-08,12,279,7,2023–2023
Arhum19,https://github.com/Arhum19,142446533,2023-08,23,272,7,2023–2023
Alixoxox,https://github.com/Alixoxox,143116029,2023-08,27,265,7,2023–2023
Rimsha30laraib,https://github.com/Rimsha30laraib,141603431,2023-08,26,264,7,2023–2023
areebfawad,https://github.com/areebfawad,142741908,2023-08,72,260,7,2023–2023
NidzR,https://github.com/NidzR,143074620,2023-08,112,238,7,2023–2023
darishaansarii,https://github.com/darishaansarii,142822592,2023-08,63,230,7,2023–2023
Tooba3125,https://github.com/Tooba3125,142301970,2023-08,18,223,7,2023–2023
arhamhashmi01,https://github.com/arhamhashmi01,141525911,2023-08,20,221,7,2023–2023
imhibrahim,https://github.com/imhibrahim,142511645,2023-08,55,212,7,2023–2023
UroojNaaz,https://github.com/UroojNaaz,142103317,2023-08,27,208,7,2023–2023
Usman-Tariqq,https://github.com/Usman-Tariqq,142687325,2023-08,7,195,7,2023–2023
talha-anxari,https://github.com/talha-anxari,141517395,2023-08,66,191,7,2023–2023
asmajawaid,https://github.com/asmajawaid,143444767,2023-08,63,183,7,2023–2023
EmaazRehman1,https://github.com/EmaazRehman1,143617107,2023-08,19,183,7,2023–2023
KhurramShams,https://github.com/KhurramShams,141557450,2023-08,8,183,7,2023–2023
misbahshakil233,https://github.com/misbahshakil233,141862743,2023-08,76,175,7,2023–2023
HammadShinwari,https://github.com/HammadShinwari,141481280,2023-08,84,162,7,2023–2023
muhammad-stack,https://github.com/muhammad-stack,142173430,2023-08,32,156,7,2023–2023
MHunain-Official,https://github.com/MHunain-Official,141824020,2023-08,9,152,7,2023–2023
MuhammadSharooz,https://github.com/MuhammadSharooz,142164721,2023-08,30,148,7,2023–2023
muhammadmehdi89,https://github.com/muhammadmehdi89,142395586,2023-08,27,147,7,2023–2023
Shahmeer-Khan10,https://github.com/Shahmeer-Khan10,142727342,2023-08,50,145,7,2023–2023
Zayan-dev,https://github.com/Zayan-dev,141183417,2023-08,17,145,7,2023–2023
Ayazkhanx,https://github.com/Ayazkhanx,143736083,2023-08,36,135,7,2023–2023
MariaMohsin,https://github.com/MariaMohsin,143216809,2023-08,41,132,7,2023–2023
GanjKhatoonAli,https://github.com/GanjKhatoonAli,142104136,2023-08,34,130,7,2023–2023
Humairaosama9298,https://github.com/Humairaosama9298,142533254,2023-08,34,126,7,2023–2023
Spiatron,https://github.com/Spiatron,143585816,2023-08,19,124,7,2023–2023
iamsyedumairhussain,https://github.com/iamsyedumairhussain,142947133,2023-08,54,121,7,2023–2023
Tahamallick,https://github.com/Tahamallick,142698036,2023-08,15,121,7,2023–2023
11Hammad22,https://github.com/11Hammad22,142532733,2023-08,22,117,7,2023–2023
faizanahmed01,https://github.com/faizanahmed01,143335334,2023-08,11,114,7,2023–2023
arqam66,https://github.com/arqam66,143507772,2023-08,16,113,7,2023–2023
abidkk,https://github.com/abidkk,141525933,2023-08,14,107,7,2023–2023
kainat-ashfaq,https://github.com/kainat-ashfaq,143426034,2023-08,45,104,7,2023–2023
AbdullahHamid2003,https://github.com/AbdullahHamid2003,142667600,2023-08,39,104,7,2023–2023
sarahshahab12345,https://github.com/sarahshahab12345,142313462,2023-08,27,104,7,2023–2023
muhammad-haris-dk,https://github.com/muhammad-haris-dk,142913590,2023-08,58,101,7,2023–2023
aradna123,https://github.com/aradna123,142728667,2023-08,16,100,7,2023–2023
abdulhaseebj,https://github.com/abdulhaseebj,142408556,2023-08,41,98,7,2023–2023
abdullahanwar21,https://github.com/abdullahanwar21,141492891,2023-08,49,97,7,2023–2023
car5p3,https://github.com/car5p3,143547251,2023-08,27,95,7,2023–2023
AbdullahSiddiqui2002,https://github.com/AbdullahSiddiqui2002,141902675,2023-08,19,89,7,2023–2023
amasroor100,https://github.com/amasroor100,141579458,2023-08,18,88,7,2023–2023
zaime-zaman,https://github.com/zaime-zaman,141116055,2023-08,64,86,7,2023–2023
abdullah8115,https://github.com/abdullah8115,141283430,2023-08,21,86,7,2023–2023
syedshayanshahid,https://github.com/syedshayanshahid,142695852,2023-08,11,86,7,2023–2023
tayyabawaseem,https://github.com/tayyabawaseem,143730858,2023-08,53,85,7,2023–2023
Durrani27229,https://github.com/Durrani27229,142683243,2023-08,26,84,7,2023–2023
usman-qsols,https://github.com/usman-qsols,141815945,2023-08,25,84,7,2023–2023
zaminDE,https://github.com/zaminDE,141372069,2023-08,21,84,7,2023–2023
owaisnawab3,https://github.com/owaisnawab3,141480950,2023-08,74,81,7,2023–2023
syednaveedkhalid,https://github.com/syednaveedkhalid,141557619,2023-08,19,81,7,2023–2023
saqibhussain123,https://github.com/saqibhussain123,143650145,2023-08,51,80,7,2023–2023
haniasamad,https://github.com/haniasamad,141482243,2023-08,78,79,7,2023–2023
Talhashafique292,https://github.com/Talhashafique292,142886164,2023-08,32,79,7,2023–2023
uzairrajput100,https://github.com/uzairrajput100,142575711,2023-08,11,78,7,2023–2023
Azad-ali-memon,https://github.com/Azad-ali-memon,141560015,2023-08,8,77,7,2023–2023
Hafiz-Arham2006,https://github.com/Hafiz-Arham2006,142540236,2023-08,27,73,7,2023–2023
CodeMango75,https://github.com/CodeMango75,141171256,2023-08,22,73,7,2023–2023
MJazlanKhan,https://github.com/MJazlanKhan,142224933,2023-08,11,72,7,2023–2023
GitMustafa89,https://github.com/GitMustafa89,141227910,2023-08,14,69,7,2023–2023
afiaakhan,https://github.com/afiaakhan,143753486,2023-08,7,69,7,2023–2023
SarwechAbro,https://github.com/SarwechAbro,142923963,2023-08,9,68,7,2023–2023
faseehullahkhan,https://github.com/faseehullahkhan,143412443,2023-08,32,67,7,2023–2023
Asad-code173,https://github.com/Asad-code173,142394197,2023-08,25,67,7,2023–2023
Syedmuhammadhamza07,https://github.com/Syedmuhammadhamza07,143732317,2023-08,17,64,7,2023–2023
Eman-Ansari,https://github.com/Eman-Ansari,142986181,2023-08,13,62,7,2023–2023
abeeha-baig,https://github.com/abeeha-baig,142497730,2023-08,9,62,7,2023–2023
hassanmirzaa,https://github.com/hassanmirzaa,141772015,2023-08,23,61,7,2023–2023
RabiaHamed,https://github.com/RabiaHamed,142625634,2023-08,43,60,7,2023–2023
SyedaShafaq,https://github.com/SyedaShafaq,142891835,2023-08,18,60,7,2023–2023
xMurtazax,https://github.com/xMurtazax,142098458,2023-08,9,59,7,2023–2023
Lions-daughter,https://github.com/Lions-daughter,143285009,2023-08,17,56,7,2023–2023
Yousha2002,https://github.com/Yousha2002,142665211,2023-08,13,55,7,2023–2023
SuneelBharthi,https://github.com/SuneelBharthi,141907357,2023-08,21,52,7,2023–2023
asimhayat,https://github.com/asimhayat,141953263,2023-08,38,51,7,2023–2023
ZameerGabolGithub,https://github.com/ZameerGabolGithub,143511847,2023-08,29,51,7,2023–2023
shahmeeerx,https://github.com/shahmeeerx,142683262,2023-08,7,51,7,2023–2023
maviavayani,https://github.com/maviavayani,143746584,2023-08,17,48,7,2023–2023
Ahmedjan10,https://github.com/Ahmedjan10,143585518,2023-08,23,47,7,2023–2023
FABIHASIRAJ,https://github.com/FABIHASIRAJ,141540675,2023-08,21,47,7,2023–2023
M3M397,https://github.com/M3M397,141172772,2023-08,10,46,7,2023–2023
UsmanSajjad04-10,https://github.com/UsmanSajjad04-10,143373873,2023-08,9,45,7,2023–2023
bilalrasheed922,https://github.com/bilalrasheed922,143007801,2023-08,19,43,7,2023–2023
adilCodeMaverick1,https://github.com/adilCodeMaverick1,142388800,2023-08,14,42,7,2023–2023
MUHAMMAD-HADI-RAZA,https://github.com/MUHAMMAD-HADI-RAZA,142749207,2023-08,8,42,7,2023–2023
Ibtisam-Ali,https://github.com/Ibtisam-Ali,142683259,2023-08,25,41,7,2023–2023
nabeelibrahim13,https://github.com/nabeelibrahim13,141227919,2023-08,12,41,7,2023–2023
Umair324,https://github.com/Umair324,141990642,2023-08,11,41,7,2023–2023
ItsCoderz,https://github.com/ItsCoderz,142342909,2023-08,21,40,7,2023–2023
eshakhalid12,https://github.com/eshakhalid12,141745547,2023-08,26,39,7,2023–2023
CreativeMindPartner,https://github.com/CreativeMindPartner,141567790,2023-08,24,39,7,2023–2023
MusabAhmedd,https://github.com/MusabAhmedd,142914082,2023-08,19,38,7,2023–2023
Danny-gunesani,https://github.com/Danny-gunesani,142622752,2023-08,18,38,7,2023–2023
Salarmemon,https://github.com/Salarmemon,142799802,2023-08,14,33,7,2023–2023
MuhammadSufyanKhan,https://github.com/MuhammadSufyanKhan,142950333,2023-08,11,33,7,2023–2023
syedasawera,https://github.com/syedasawera,142902770,2023-08,6,33,7,2023–2023
MahaR54,https://github.com/MahaR54,141727331,2023-08,15,32,7,2023–2023
Abdullah213447,https://github.com/Abdullah213447,141112815,2023-08,10,32,7,2023–2023
UmmERubab27,https://github.com/UmmERubab27,142536921,2023-08,7,32,7,2023–2023
SadafAhmed201,https://github.com/SadafAhmed201,143746249,2023-08,13,30,7,2023–2023
zafar2062005,https://github.com/zafar2062005,141670057,2023-08,8,30,7,2023–2023
MuxammilSidd,https://github.com/MuxammilSidd,142095821,2023-08,6,30,7,2023–2023
saaniaaltaf121,https://github.com/saaniaaltaf121,142258260,2023-08,24,29,7,2023–2023
Ahmed-Ullah-Farooqi,https://github.com/Ahmed-Ullah-Farooqi,142739555,2023-08,12,29,7,2023–2023
EbadUrRehman142,https://github.com/EbadUrRehman142,142661264,2023-08,12,28,7,2023–2023
shxheerkhn,https://github.com/shxheerkhn,143126123,2023-08,11,28,7,2023–2023
Tanzeel009,https://github.com/Tanzeel009,142087951,2023-08,6,27,7,2023–2023
Muxammi1,https://github.com/Muxammi1,142430317,2023-08,9,26,7,2023–2023
ab-wahab97,https://github.com/ab-wahab97,142541777,2023-08,7,26,7,2023–2023
MuhammadIbrahim90,https://github.com/MuhammadIbrahim90,143655116,2023-08,19,25,7,2023–2023
AreebaBajwa,https://github.com/AreebaBajwa,142214758,2023-08,15,24,7,2023–2023
Arsalan070,https://github.com/Arsalan070,143273808,2023-08,10,24,7,2023–2023
Muhammadzubair353,https://github.com/Muhammadzubair353,143026757,2023-08,20,23,7,2023–2023
Amnaax,https://github.com/Amnaax,141622407,2023-08,9,23,7,2023–2023
HuzaifaNaved,https://github.com/HuzaifaNaved,143434258,2023-08,6,22,7,2023–2023
syedeshaan01,https://github.com/syedeshaan01,141543856,2023-08,6,21,7,2023–2023
taibraza1112,https://github.com/taibraza1112,143436242,2023-08,16,19,7,2023–2023
MuhammadAtif66,https://github.com/MuhammadAtif66,141898202,2023-08,15,19,7,2023–2023
MehboobMugheri,https://github.com/MehboobMugheri,143068684,2023-08,11,19,7,2023–2023
Muhibmirza,https://github.com/Muhibmirza,143287975,2023-08,9,19,7,2023–2023
Muskan-Tanveer,https://github.com/Muskan-Tanveer,141944914,2023-08,11,18,7,2023–2023
amirkhan24mak,https://github.com/amirkhan24mak,142993742,2023-08,10,18,7,2023–2023
CodeWithNomann,https://github.com/CodeWithNomann,142883084,2023-08,6,18,7,2023–2023
Amir-Samejo,https://github.com/Amir-Samejo,141786115,2023-08,6,18,7,2023–2023
mwaqasali10,https://github.com/mwaqasali10,142963938,2023-08,16,17,7,2023–2023
MuhammadMahee,https://github.com/MuhammadMahee,145899376,2023-09,10,33454,7,2023–2023
Maryammuhammadafzal,https://github.com/Maryammuhammadafzal,145895013,2023-09,91,1735,7,2023–2023
MKAIF5,https://github.com/MKAIF5,146006914,2023-09,90,1292,7,2023–2023
SarfarazQadir,https://github.com/SarfarazQadir,144503703,2023-09,170,1135,7,2023–2023
MaitisamY,https://github.com/MaitisamY,145204832,2023-09,72,780,7,2023–2023
gmuhiuddin,https://github.com/gmuhiuddin,145782703,2023-09,52,740,7,2023–2023
NAVEED261,https://github.com/NAVEED261,146317261,2023-09,80,675,7,2023–2023
sareemfarooqui10,https://github.com/sareemfarooqui10,145268903,2023-09,10,642,7,2023–2023
Sameerraza7760,https://github.com/Sameerraza7760,146120654,2023-09,74,526,7,2023–2023
MuhammadTahaNasir,https://github.com/MuhammadTahaNasir,146159808,2023-09,15,518,7,2023–2023
israilyas,https://github.com/israilyas,146584634,2023-09,59,503,7,2023–2023
M-Tayyab-Saleem,https://github.com/M-Tayyab-Saleem,144640984,2023-09,23,493,7,2023–2023
Saadullahkhan3,https://github.com/Saadullahkhan3,143817027,2023-09,19,458,7,2023–2023
Devkhatri123,https://github.com/Devkhatri123,145359837,2023-09,27,448,7,2023–2023
myousafmarfani,https://github.com/myousafmarfani,143929835,2023-09,57,419,7,2023–2023
MuhammadAmeerHamzakhan,https://github.com/MuhammadAmeerHamzakhan,145897893,2023-09,94,379,7,2023–2023
danisharain12,https://github.com/danisharain12,146133341,2023-09,24,376,7,2023–2023
msuhaib-03,https://github.com/msuhaib-03,145522320,2023-09,14,374,7,2023–2023
Hamzaali146,https://github.com/Hamzaali146,145467916,2023-09,47,372,7,2023–2023
Muhammad-Zunain,https://github.com/Muhammad-Zunain,146370860,2023-09,20,366,7,2023–2023
SadiqKhan-Dev,https://github.com/SadiqKhan-Dev,144667399,2023-09,69,358,7,2023–2023
HussainM899,https://github.com/HussainM899,143992822,2023-09,38,334,7,2023–2023
M-Mahad-Siddiqui,https://github.com/M-Mahad-Siddiqui,144838103,2023-09,16,324,7,2023–2023
ilaibasheikh,https://github.com/ilaibasheikh,143840875,2023-09,15,305,7,2023–2023
moosakhan1,https://github.com/moosakhan1,144359037,2023-09,154,304,7,2023–2023
MuahammadArsalan,https://github.com/MuahammadArsalan,145901011,2023-09,81,285,7,2023–2023
muhammadhasaan82,https://github.com/muhammadhasaan82,144811340,2023-09,7,280,7,2023–2023
saifurrehmanawan,https://github.com/saifurrehmanawan,145745643,2023-09,17,257,7,2023–2023
Irshad-Mehsud,https://github.com/Irshad-Mehsud,144600021,2023-09,28,248,7,2023–2023
MArsalanwarsi,https://github.com/MArsalanwarsi,146295721,2023-09,21,246,7,2023–2023
AyeshaShahzaib,https://github.com/AyeshaShahzaib,146367193,2023-09,42,232,7,2023–2023
Ismailazadkhan,https://github.com/Ismailazadkhan,144444823,2023-09,10,231,7,2023–2023
usman-naseem,https://github.com/usman-naseem,145319954,2023-09,48,230,7,2023–2023
sabahunzalah,https://github.com/sabahunzalah,144169326,2023-09,46,222,7,2023–2023
wasay-698,https://github.com/wasay-698,145287518,2023-09,8,211,7,2023–2023
AfsheenMujahid,https://github.com/AfsheenMujahid,144379396,2023-09,13,202,7,2023–2023
IkrashHaroon,https://github.com/IkrashHaroon,145361563,2023-09,28,200,7,2023–2023
Hamid-Hussain-10,https://github.com/Hamid-Hussain-10,146005938,2023-09,66,196,7,2023–2023
abdul555-pixel,https://github.com/abdul555-pixel,145996006,2023-09,24,194,7,2023–2023
CaptainAsif5,https://github.com/CaptainAsif5,145061573,2023-09,47,192,7,2023–2023
mujeeb2003,https://github.com/mujeeb2003,145426834,2023-09,17,191,7,2023–2023
ammarhussain50,https://github.com/ammarhussain50,145558945,2023-09,36,186,7,2023–2023
Hamzaa09,https://github.com/Hamzaa09,144686391,2023-09,17,180,7,2023–2023
SabinaRasheed,https://github.com/SabinaRasheed,144162545,2023-09,16,179,7,2023–2023
muzammilnadeem121,https://github.com/muzammilnadeem121,144336017,2023-09,26,173,7,2023–2023
SohailAsgharWorkOfficial,https://github.com/SohailAsgharWorkOfficial,146017386,2023-09,51,171,7,2023–2023
SheryarTahir,https://github.com/SheryarTahir,144585532,2023-09,49,171,7,2023–2023
Muneeb-Masood,https://github.com/Muneeb-Masood,145020118,2023-09,36,171,7,2023–2023
Talhah2005,https://github.com/Talhah2005,145121365,2023-09,31,169,7,2023–2023
arunkumar231105,https://github.com/arunkumar231105,145181790,2023-09,38,165,7,2023–2023
MuhammadHamidRaza,https://github.com/MuhammadHamidRaza,144342718,2023-09,32,157,7,2023–2023
Shahzaibxo,https://github.com/Shahzaibxo,145616378,2023-09,10,152,7,2023–2023
luqman-abban,https://github.com/luqman-abban,146173414,2023-09,25,149,7,2023–2023
HarisJoved,https://github.com/HarisJoved,145213151,2023-09,14,144,7,2023–2023
MuhammadIrtiza23,https://github.com/MuhammadIrtiza23,145038840,2023-09,29,136,7,2023–2023
Ayat-Nauman,https://github.com/Ayat-Nauman,145326206,2023-09,22,133,7,2023–2023
syedasonianaz,https://github.com/syedasonianaz,144453819,2023-09,9,133,7,2023–2023
reckonfx,https://github.com/reckonfx,144759472,2023-09,48,132,7,2023–2023
Afaque-A,https://github.com/Afaque-A,145118453,2023-09,28,132,7,2023–2023
NofilHafeez,https://github.com/NofilHafeez,145865936,2023-09,12,129,7,2023–2023
Ai-Engineer079,https://github.com/Ai-Engineer079,144025573,2023-09,17,125,7,2023–2023
usmannaeem84,https://github.com/usmannaeem84,145466663,2023-09,27,124,7,2023–2023
MuhammadMuaaz907,https://github.com/MuhammadMuaaz907,145126014,2023-09,19,117,7,2023–2023
javaidaqib,https://github.com/javaidaqib,144421538,2023-09,11,116,7,2023–2023
MoeezAhmedKhan,https://github.com/MoeezAhmedKhan,145145714,2023-09,28,115,7,2023–2023
Arshiyan-Elahi,https://github.com/Arshiyan-Elahi,144221602,2023-09,13,115,7,2023–2023
Shahroz787,https://github.com/Shahroz787,144991993,2023-09,37,109,7,2023–2023
QadeerBurio,https://github.com/QadeerBurio,146365735,2023-09,26,106,7,2023–2023
falahhilal,https://github.com/falahhilal,146439329,2023-09,12,104,7,2023–2023
jamshaidalikachhelo,https://github.com/jamshaidalikachhelo,145976805,2023-09,51,103,7,2023–2023
ShahbazYasin,https://github.com/ShahbazYasin,145898053,2023-09,37,94,7,2023–2023
tahaasif10,https://github.com/tahaasif10,144341147,2023-09,11,94,7,2023–2023
murtaza14-psu,https://github.com/murtaza14-psu,145342758,2023-09,33,93,7,2023–2023
RabiyaAkhtar,https://github.com/RabiyaAkhtar,144588129,2023-09,23,93,7,2023–2023
C-odingNomad,https://github.com/C-odingNomad,145395240,2023-09,6,89,7,2023–2023
SAIF-YASEEN,https://github.com/SAIF-YASEEN,146560201,2023-09,10,84,7,2023–2023
muhammadsadiqhussain,https://github.com/muhammadsadiqhussain,145496853,2023-09,38,83,7,2023–2023
MSalmanAsif,https://github.com/MSalmanAsif,146568913,2023-09,20,83,7,2023–2023
ishahasham,https://github.com/ishahasham,144732430,2023-09,51,82,7,2023–2023
rafayzafar19,https://github.com/rafayzafar19,144850937,2023-09,7,82,7,2023–2023
SanaJamal-45,https://github.com/SanaJamal-45,145653270,2023-09,10,81,7,2023–2023
AyeshaMishree,https://github.com/AyeshaMishree,144221736,2023-09,17,79,7,2023–2023
Alirazakhan12,https://github.com/Alirazakhan12,145924939,2023-09,20,78,7,2023–2023
Rimshashabbir123,https://github.com/Rimshashabbir123,144229826,2023-09,43,75,7,2023–2023
alihuzaifa2112006,https://github.com/alihuzaifa2112006,143832850,2023-09,23,73,7,2023–2023
MujtabaRizvi01,https://github.com/MujtabaRizvi01,145235627,2023-09,7,73,7,2023–2023
fahadfaisal1,https://github.com/fahadfaisal1,144138806,2023-09,17,71,7,2023–2023
junaid-systemsltd,https://github.com/junaid-systemsltd,144217708,2023-09,8,71,7,2023–2023
Sohailcu,https://github.com/Sohailcu,144102640,2023-09,27,70,7,2023–2023
mhamza-codes,https://github.com/mhamza-codes,145937315,2023-09,11,70,7,2023–2023
Hussain-Innovator,https://github.com/Hussain-Innovator,145122530,2023-09,19,67,7,2023–2023
officialmustafaahmedkhan,https://github.com/officialmustafaahmedkhan,144459081,2023-09,17,66,7,2023–2023
FarhanRj389,https://github.com/FarhanRj389,145674138,2023-09,18,61,7,2023–2023
maheemalik550,https://github.com/maheemalik550,143950527,2023-09,46,59,7,2023–2023
AreejPanhwer,https://github.com/AreejPanhwer,143935376,2023-09,13,58,7,2023–2023
HasanAhmed111,https://github.com/HasanAhmed111,144584937,2023-09,32,56,7,2023–2023
muhammadimranrafique,https://github.com/muhammadimranrafique,144151699,2023-09,72,54,7,2023–2023
Iqrarluqman602,https://github.com/Iqrarluqman602,146273811,2023-09,13,53,7,2023–2023
masoodusman24,https://github.com/masoodusman24,144167610,2023-09,12,52,7,2023–2023
Abdul-Samad-Noorwala,https://github.com/Abdul-Samad-Noorwala,145452813,2023-09,8,51,7,2023–2023
muhammadsaimasim,https://github.com/muhammadsaimasim,145114010,2023-09,10,50,7,2023–2023
ManzarAbbass,https://github.com/ManzarAbbass,143964159,2023-09,19,48,7,2023–2023
abidyousufag21,https://github.com/abidyousufag21,145152831,2023-09,15,48,7,2023–2023
MuhUmarAleem,https://github.com/MuhUmarAleem,145903814,2023-09,9,43,7,2023–2023
bilal059,https://github.com/bilal059,143888886,2023-09,8,43,7,2023–2023
anamjafar6,https://github.com/anamjafar6,146021910,2023-09,11,41,7,2023–2023
kabir-ur-rehman,https://github.com/kabir-ur-rehman,145043430,2023-09,13,40,7,2023–2023
FatimaAdnan,https://github.com/FatimaAdnan,143820850,2023-09,28,38,7,2023–2023
shayanali1010,https://github.com/shayanali1010,145881704,2023-09,23,38,7,2023–2023
owais-js,https://github.com/owais-js,145708843,2023-09,14,38,7,2023–2023
BilalAli7,https://github.com/BilalAli7,146100367,2023-09,14,38,7,2023–2023
Muneeb-Ali29,https://github.com/Muneeb-Ali29,145841182,2023-09,8,38,7,2023–2023
Ranaumar114,https://github.com/Ranaumar114,145909890,2023-09,21,36,7,2023–2023
MuhammadTahaIbrahim,https://github.com/MuhammadTahaIbrahim,144101097,2023-09,15,36,7,2023–2023
only-shahid,https://github.com/only-shahid,143910158,2023-09,10,36,7,2023–2023
Muzammil-s-Library,https://github.com/Muzammil-s-Library,146464465,2023-09,11,35,7,2023–2023
NoumanHashmi99,https://github.com/NoumanHashmi99,145844775,2023-09,15,34,7,2023–2023
MuhammadOwaisRafiq,https://github.com/MuhammadOwaisRafiq,143953237,2023-09,12,33,7,2023–2023
faisalraheem7,https://github.com/faisalraheem7,145648328,2023-09,6,33,7,2023–2023
theesherry,https://github.com/theesherry,146261442,2023-09,19,32,7,2023–2023
alishbah728,https://github.com/alishbah728,144128677,2023-09,15,32,7,2023–2023
Hafizmuhammadhamzaali,https://github.com/Hafizmuhammadhamzaali,146276858,2023-09,15,32,7,2023–2023
hafsa-naveed,https://github.com/hafsa-naveed,145883923,2023-09,10,32,7,2023–2023
maiza-sheikh,https://github.com/maiza-sheikh,145258502,2023-09,20,30,7,2023–2023
HamzaaWebDeveloper,https://github.com/HamzaaWebDeveloper,145953873,2023-09,19,30,7,2023–2023
Saif-Ahmed-Abbasi,https://github.com/Saif-Ahmed-Abbasi,145603237,2023-09,15,30,7,2023–2023
SahilKumar-848,https://github.com/SahilKumar-848,145495343,2023-09,14,30,7,2023–2023
Kmanaal,https://github.com/Kmanaal,144131742,2023-09,10,29,7,2023–2023
saifKhanHakro,https://github.com/saifKhanHakro,144879979,2023-09,6,29,7,2023–2023
KunzulShakeel,https://github.com/KunzulShakeel,145929359,2023-09,9,27,7,2023–2023
Daniyalfarhan15,https://github.com/Daniyalfarhan15,143825888,2023-09,21,26,7,2023–2023
Hamza-Farooqui,https://github.com/Hamza-Farooqui,145295344,2023-09,12,26,7,2023–2023
fizzasarfarazkhan,https://github.com/fizzasarfarazkhan,144056672,2023-09,12,25,7,2023–2023
zainali2004,https://github.com/zainali2004,145851342,2023-09,7,25,7,2023–2023
alirazaSuccess,https://github.com/alirazaSuccess,144410927,2023-09,10,24,7,2023–2023
usman-attari,https://github.com/usman-attari,144463159,2023-09,18,23,7,2023–2023
AzmatAliBakht,https://github.com/AzmatAliBakht,145152302,2023-09,7,23,7,2023–2023
ZAINBABA-7,https://github.com/ZAINBABA-7,145227602,2023-09,7,23,7,2023–2023
Bilal-Shiwani,https://github.com/Bilal-Shiwani,145452275,2023-09,6,23,7,2023–2023
developerabiyan,https://github.com/developerabiyan,145971451,2023-09,13,22,7,2023–2023
abdulrehmankhan2006,https://github.com/abdulrehmankhan2006,145275109,2023-09,15,21,7,2023–2023
aashaikhdevloper,https://github.com/aashaikhdevloper,145169507,2023-09,24,20,7,2023–2023
ShabanaRoshanAli,https://github.com/ShabanaRoshanAli,145861049,2023-09,10,20,7,2023–2023
Husbannasir,https://github.com/Husbannasir,144462158,2023-09,9,20,7,2023–2023
kaifahsan,https://github.com/kaifahsan,146560137,2023-09,12,18,7,2023–2023
Qirat-Wajahat,https://github.com/Qirat-Wajahat,148920274,2023-10,14,8310,7,2023–2023
adilraees786,https://github.com/adilraees786,146612882,2023-10,107,1369,7,2023–2023
umergulkaleem,https://github.com/umergulkaleem,148777852,2023-10,35,1177,7,2023–2023
ABUBAKARKHAN-Stack,https://github.com/ABUBAKARKHAN-Stack,147841065,2023-10,36,1142,7,2023–2023
mnasirk97,https://github.com/mnasirk97,148281275,2023-10,44,1082,7,2023–2023
Muhammad-Haram,https://github.com/Muhammad-Haram,149125756,2023-10,73,952,7,2023–2023
RaoHamzaTariq,https://github.com/RaoHamzaTariq,147372279,2023-10,22,794,7,2023–2023
shahmeerrizwan,https://github.com/shahmeerrizwan,148860820,2023-10,13,787,7,2023–2023
MannanAli912,https://github.com/MannanAli912,149228085,2023-10,16,648,7,2023–2023
786asifakbar,https://github.com/786asifakbar,149171617,2023-10,42,639,7,2023–2023
Minahil-Muhammad-Moiz,https://github.com/Minahil-Muhammad-Moiz,147294504,2023-10,33,611,7,2023–2023
ahmedrazarais,https://github.com/ahmedrazarais,149324299,2023-10,27,602,7,2023–2023
kinza7124,https://github.com/kinza7124,148489795,2023-10,37,552,7,2023–2023
RanaZaeem0,https://github.com/RanaZaeem0,149497053,2023-10,56,543,7,2023–2023
AunZaidii,https://github.com/AunZaidii,148131524,2023-10,58,515,7,2023–2023
404annas,https://github.com/404annas,147186280,2023-10,53,507,7,2023–2023
Hareem-36,https://github.com/Hareem-36,147795654,2023-10,81,492,7,2023–2023
sadiaa-ahmed,https://github.com/sadiaa-ahmed,148627961,2023-10,39,466,7,2023–2023
MuhammadShahzeel,https://github.com/MuhammadShahzeel,146673040,2023-10,35,453,7,2023–2023
FaizanAhmed44,https://github.com/FaizanAhmed44,149506634,2023-10,20,439,7,2023–2023
Laiba-Iqrar,https://github.com/Laiba-Iqrar,148168819,2023-10,35,434,7,2023–2023
Namra-Imtiaz,https://github.com/Namra-Imtiaz,147953170,2023-10,17,419,7,2023–2023
hassan-xsf,https://github.com/hassan-xsf,149235649,2023-10,21,366,7,2023–2023
IzmaIkhlaque,https://github.com/IzmaIkhlaque,147949671,2023-10,62,323,7,2023–2023
Raza-Aziz,https://github.com/Raza-Aziz,147769452,2023-10,17,300,7,2023–2023
MuhammadSufiyan23,https://github.com/MuhammadSufiyan23,148213204,2023-10,86,291,7,2023–2023
92Bilal26,https://github.com/92Bilal26,148521973,2023-10,10,288,7,2023–2023
AYAN-IMRAN,https://github.com/AYAN-IMRAN,148252273,2023-10,56,276,7,2023–2023
IqraAli14,https://github.com/IqraAli14,146968006,2023-10,30,260,7,2023–2023
Umairnetro,https://github.com/Umairnetro,147326670,2023-10,39,259,7,2023–2023
mansoorahmedsurti,https://github.com/mansoorahmedsurti,148683467,2023-10,30,259,7,2023–2023
ArishaAhmed,https://github.com/ArishaAhmed,148933778,2023-10,21,226,7,2023–2023
Hammadlight,https://github.com/Hammadlight,147694528,2023-10,58,224,7,2023–2023
Atiq-Developer,https://github.com/Atiq-Developer,146697001,2023-10,57,224,7,2023–2023
AhsenTahir,https://github.com/AhsenTahir,147121714,2023-10,18,222,7,2023–2023
muhammadmaaztahir,https://github.com/muhammadmaaztahir,148428788,2023-10,29,221,7,2023–2023
sehrishahmedsangrasi,https://github.com/sehrishahmedsangrasi,148641293,2023-10,19,219,7,2023–2023
mohammadtaha106,https://github.com/mohammadtaha106,146634439,2023-10,64,211,7,2023–2023
RIMSHASAJID436,https://github.com/RIMSHASAJID436,149319297,2023-10,75,210,7,2023–2023
Yousaf912,https://github.com/Yousaf912,148622792,2023-10,35,208,7,2023–2023
MalikHashirShakeel,https://github.com/MalikHashirShakeel,149327301,2023-10,46,197,7,2023–2023
AsadJaseem,https://github.com/AsadJaseem,146836283,2023-10,9,195,7,2023–2023
JaweriaaKhan,https://github.com/JaweriaaKhan,147613317,2023-10,6,184,7,2023–2023
laibagohar923,https://github.com/laibagohar923,149240308,2023-10,31,181,7,2023–2023
JarrarShahid,https://github.com/JarrarShahid,148614865,2023-10,21,173,7,2023–2023
sarfaraz-baloch,https://github.com/sarfaraz-baloch,148467563,2023-10,63,167,7,2023–2023
bakwasbandd,https://github.com/bakwasbandd,146807405,2023-10,10,166,7,2023–2023
ramshan00,https://github.com/ramshan00,148268796,2023-10,50,163,7,2023–2023
shahmeer-irfan,https://github.com/shahmeer-irfan,148559959,2023-10,23,162,7,2023–2023
vishalkumar67,https://github.com/vishalkumar67,148875430,2023-10,66,156,7,2023–2023
masoom369,https://github.com/masoom369,148292661,2023-10,22,151,7,2023–2023
abdullahzeeshaan,https://github.com/abdullahzeeshaan,146662967,2023-10,16,149,7,2023–2023
dev-umair-ali,https://github.com/dev-umair-ali,147153199,2023-10,11,146,7,2023–2023
abdulsubhan21,https://github.com/abdulsubhan21,147270132,2023-10,11,142,7,2023–2023
shahzaibdurranii,https://github.com/shahzaibdurranii,147646963,2023-10,8,139,7,2023–2023
Ali-Razaaaaa,https://github.com/Ali-Razaaaaa,147136759,2023-10,25,137,7,2023–2023
hafizhammad123,https://github.com/hafizhammad123,147933045,2023-10,53,132,7,2023–2023
MoinRauf,https://github.com/MoinRauf,147373573,2023-10,7,129,7,2023–2023
HafizAzan,https://github.com/HafizAzan,148389903,2023-10,10,125,7,2023–2023
Ali309455,https://github.com/Ali309455,147418875,2023-10,13,122,7,2023–2023
Programmer05102,https://github.com/Programmer05102,146969104,2023-10,10,119,7,2023–2023
syedabdulbasit-ned,https://github.com/syedabdulbasit-ned,148267747,2023-10,33,116,7,2023–2023
TariqJamilAfridi,https://github.com/TariqJamilAfridi,148712685,2023-10,36,114,7,2023–2023
ahsantahirr,https://github.com/ahsantahirr,147637503,2023-10,42,112,7,2023–2023
mkhalidbagha,https://github.com/mkhalidbagha,149049029,2023-10,33,109,7,2023–2023
AnasQ2003,https://github.com/AnasQ2003,149100914,2023-10,30,106,7,2023–2023
yahyaahmer,https://github.com/yahyaahmer,147935551,2023-10,17,105,7,2023–2023
usmanali0805,https://github.com/usmanali0805,149514380,2023-10,38,104,7,2023–2023
warisha-jahan,https://github.com/warisha-jahan,149045646,2023-10,16,103,7,2023–2023
Fatima-Kashif,https://github.com/Fatima-Kashif,148150952,2023-10,13,103,7,2023–2023
Muhammad-Hasnain12,https://github.com/Muhammad-Hasnain12,147026361,2023-10,14,102,7,2023–2023
MuhammadTahir-1-9-4,https://github.com/MuhammadTahir-1-9-4,147658756,2023-10,15,99,7,2023–2023
AbdulRahman9075,https://github.com/AbdulRahman9075,147146535,2023-10,10,99,7,2023–2023
muhammadaman04,https://github.com/muhammadaman04,146952148,2023-10,26,97,7,2023–2023
PrinkleMahshwari,https://github.com/PrinkleMahshwari,148976975,2023-10,20,96,7,2023–2023
syedimrantirmizi,https://github.com/syedimrantirmizi,148632692,2023-10,22,95,7,2023–2023
KASHIF-SHOUKAT-SE,https://github.com/KASHIF-SHOUKAT-SE,149269224,2023-10,95,93,7,2023–2023
Hashir-Ahmed123,https://github.com/Hashir-Ahmed123,148332575,2023-10,32,93,7,2023–2023
ad-vil,https://github.com/ad-vil,149158670,2023-10,11,93,7,2023–2023
Shahzaibhaiderali,https://github.com/Shahzaibhaiderali,147850724,2023-10,45,92,7,2023–2023
samra82,https://github.com/samra82,148865344,2023-10,16,92,7,2023–2023
rabiazulfiqar1,https://github.com/rabiazulfiqar1,149256462,2023-10,10,90,7,2023–2023
usamajaved4216,https://github.com/usamajaved4216,147501265,2023-10,21,89,7,2023–2023
AwabShuja,https://github.com/AwabShuja,148076579,2023-10,15,89,7,2023–2023
muhammad-faizan087,https://github.com/muhammad-faizan087,148480683,2023-10,11,88,7,2023–2023
M-Ramzaan,https://github.com/M-Ramzaan,148597156,2023-10,24,85,7,2023–2023
Hassan123j,https://github.com/Hassan123j,149471146,2023-10,24,84,7,2023–2023
hatesh1,https://github.com/hatesh1,147154209,2023-10,31,83,7,2023–2023
A-Hannan91,https://github.com/A-Hannan91,148943505,2023-10,24,78,7,2023–2023
95HASEEBSHAHID,https://github.com/95HASEEBSHAHID,148750512,2023-10,12,77,7,2023–2023
fatimashamim033,https://github.com/fatimashamim033,147985124,2023-10,46,76,7,2023–2023
Shoaib2121,https://github.com/Shoaib2121,148267776,2023-10,15,75,7,2023–2023
M786Hussain,https://github.com/M786Hussain,149300560,2023-10,41,74,7,2023–2023
Mobinarehan786,https://github.com/Mobinarehan786,147879970,2023-10,40,74,7,2023–2023
zunaed-88,https://github.com/zunaed-88,147925119,2023-10,30,74,7,2023–2023
Faryalhassan24,https://github.com/Faryalhassan24,148250176,2023-10,15,73,7,2023–2023
DevShahveer,https://github.com/DevShahveer,146988508,2023-10,6,72,7,2023–2023
rayyanm86,https://github.com/rayyanm86,147158858,2023-10,14,71,7,2023–2023
Arbab24178,https://github.com/Arbab24178,148271563,2023-10,24,70,7,2023–2023
rehmanchohan20,https://github.com/rehmanchohan20,147911465,2023-10,21,70,7,2023–2023
Nehalgohar962,https://github.com/Nehalgohar962,148964031,2023-10,15,70,7,2023–2023
taimoor948,https://github.com/taimoor948,147100221,2023-10,16,64,7,2023–2023
SShayanHussain,https://github.com/SShayanHussain,148039907,2023-10,14,63,7,2023–2023
junaidkamal,https://github.com/junaidkamal,149483027,2023-10,37,62,7,2023–2023
ranamuhammadtalha5156,https://github.com/ranamuhammadtalha5156,147591786,2023-10,32,62,7,2023–2023
SheikhSarim,https://github.com/SheikhSarim,149183842,2023-10,11,61,7,2023–2023
m-wajji,https://github.com/m-wajji,148268776,2023-10,14,60,7,2023–2023
HammadSMIT,https://github.com/HammadSMIT,146849165,2023-10,48,59,7,2023–2023
alihassanft,https://github.com/alihassanft,147714493,2023-10,11,59,7,2023–2023
FarzamNasir,https://github.com/FarzamNasir,149005312,2023-10,14,58,7,2023–2023
Mohsin1492,https://github.com/Mohsin1492,148423053,2023-10,10,57,7,2023–2023
Umairalimalik78,https://github.com/Umairalimalik78,148336647,2023-10,26,56,7,2023–2023
SyedAnasAhmed1,https://github.com/SyedAnasAhmed1,147650292,2023-10,17,56,7,2023–2023
ahsan3368,https://github.com/ahsan3368,147192624,2023-10,7,55,7,2023–2023
saado1o,https://github.com/saado1o,148558436,2023-10,27,54,7,2023–2023
azeemsheikh22,https://github.com/azeemsheikh22,147914474,2023-10,12,53,7,2023–2023
hassamrehan222,https://github.com/hassamrehan222,146692293,2023-10,11,52,7,2023–2023
HanzalaKamran1234,https://github.com/HanzalaKamran1234,148274725,2023-10,8,51,7,2023–2023
WorkForUse,https://github.com/WorkForUse,149518339,2023-10,23,50,7,2023–2023
Abdulrehmaniqbal786,https://github.com/Abdulrehmaniqbal786,147655636,2023-10,47,47,7,2023–2023
Hamza034925,https://github.com/Hamza034925,148798236,2023-10,17,47,7,2023–2023
Sumaira-Malik,https://github.com/Sumaira-Malik,147874280,2023-10,32,44,7,2023–2023
salmanA1259,https://github.com/salmanA1259,146979018,2023-10,10,44,7,2023–2023
HamzaSudo,https://github.com/HamzaSudo,149245704,2023-10,6,44,7,2023–2023
AfnansWebWorld,https://github.com/AfnansWebWorld,146915036,2023-10,13,43,7,2023–2023
HasnatRazaa,https://github.com/HasnatRazaa,148062553,2023-10,11,43,7,2023–2023
ArhamHamza2005,https://github.com/ArhamHamza2005,149068543,2023-10,20,41,7,2023–2023
zar135,https://github.com/zar135,146655266,2023-10,13,41,7,2023–2023
alihasnain110,https://github.com/alihasnain110,148752402,2023-10,26,38,7,2023–2023
QudaisAshraf,https://github.com/QudaisAshraf,147395120,2023-10,13,37,7,2023–2023
tousiqkashif,https://github.com/tousiqkashif,147995763,2023-10,17,36,7,2023–2023
huzaifa252001,https://github.com/huzaifa252001,146775826,2023-10,11,36,7,2023–2023
YasirNawaz786,https://github.com/YasirNawaz786,147520033,2023-10,27,35,7,2023–2023
Munawwar-Ishaq,https://github.com/Munawwar-Ishaq,147945635,2023-10,15,35,7,2023–2023
LAIBAKHAN201,https://github.com/LAIBAKHAN201,147492479,2023-10,13,35,7,2023–2023
Anas-Shiwani,https://github.com/Anas-Shiwani,149135443,2023-10,27,34,7,2023–2023
SyedHanzilaHatim,https://github.com/SyedHanzilaHatim,149431316,2023-10,14,31,7,2023–2023
Javed0310,https://github.com/Javed0310,146948081,2023-10,6,31,7,2023–2023
mohsinrehman666,https://github.com/mohsinrehman666,146727950,2023-10,9,30,7,2023–2023
wajahatsheikh1992,https://github.com/wajahatsheikh1992,148867075,2023-10,22,29,7,2023–2023
Attaullah26,https://github.com/Attaullah26,148042819,2023-10,12,28,7,2023–2023
MdBhoorasCo,https://github.com/MdBhoorasCo,149165786,2023-10,15,27,7,2023–2023
Umaircv,https://github.com/Umaircv,148006146,2023-10,13,27,7,2023–2023
code-with-sajid,https://github.com/code-with-sajid,148344398,2023-10,6,26,7,2023–2023
J4haaz,https://github.com/J4haaz,146760137,2023-10,8,25,7,2023–2023
ibrahimkhan014,https://github.com/ibrahimkhan014,149484554,2023-10,6,25,7,2023–2023
Hamza7400,https://github.com/Hamza7400,149361646,2023-10,12,24,7,2023–2023
junaidhussain686,https://github.com/junaidhussain686,149059559,2023-10,6,23,7,2023–2023
M-Hamza-Abbasi,https://github.com/M-Hamza-Abbasi,147985621,2023-10,13,22,7,2023–2023
ridaali62,https://github.com/ridaali62,147491769,2023-10,12,22,7,2023–2023
uzair-alt,https://github.com/uzair-alt,149260832,2023-10,11,22,7,2023–2023
sedrabatool,https://github.com/sedrabatool,148545944,2023-10,7,22,7,2023–2023
umamaharif1503,https://github.com/umamaharif1503,149354587,2023-10,11,21,7,2023–2023
FizzahFarooq123,https://github.com/FizzahFarooq123,147238141,2023-10,8,21,7,2023–2023
maahzaibsaud,https://github.com/maahzaibsaud,148379216,2023-10,18,20,7,2023–2023
AbdulMoiza9257,https://github.com/AbdulMoiza9257,149107558,2023-10,17,20,7,2023–2023
M-Ashraf786,https://github.com/M-Ashraf786,148123002,2023-10,14,20,7,2023–2023
EjlalAhmed,https://github.com/EjlalAhmed,148555079,2023-10,15,17,7,2023–2023
samanwaseem,https://github.com/samanwaseem,150146936,2023-11,8,1664,7,2023–2023
ShanzayKn,https://github.com/ShanzayKn,149717160,2023-11,13,1489,7,2023–2023
DanielHashmi,https://github.com/DanielHashmi,151331476,2023-11,83,934,7,2023–2023
AbdulKarimBukhshAnsari,https://github.com/AbdulKarimBukhshAnsari,150499102,2023-11,75,802,7,2023–2023
RidaNaz,https://github.com/RidaNaz,151112186,2023-11,59,680,7,2023–2023
Muhammadhassanlashkarwala,https://github.com/Muhammadhassanlashkarwala,149760767,2023-11,82,635,7,2023–2023
mustafaaly7,https://github.com/mustafaaly7,151559615,2023-11,54,628,7,2023–2023
AnasAAhmed,https://github.com/AnasAAhmed,152002602,2023-11,52,570,7,2023–2023
iamqitmeer,https://github.com/iamqitmeer,152205810,2023-11,73,513,7,2023–2023
nomanhaider99,https://github.com/nomanhaider99,152289775,2023-11,64,500,7,2023–2023
Malik-Abdul-Rafay,https://github.com/Malik-Abdul-Rafay,151088305,2023-11,43,478,7,2023–2023
AyanAhmed30,https://github.com/AyanAhmed30,151664223,2023-11,26,392,7,2023–2023
001hamzaimran,https://github.com/001hamzaimran,150957279,2023-11,23,380,7,2023–2023
zaighamhaider7,https://github.com/zaighamhaider7,152426788,2023-11,36,331,7,2023–2023
Asadullah404,https://github.com/Asadullah404,151784066,2023-11,65,293,7,2023–2023
AbdulMoazzim,https://github.com/AbdulMoazzim,151019274,2023-11,54,287,7,2023–2023
AqeelAhmedBaloch,https://github.com/AqeelAhmedBaloch,151179923,2023-11,49,267,7,2023–2023
DarkiCraft,https://github.com/DarkiCraft,150918312,2023-11,10,265,7,2023–2023
NaeemHk011,https://github.com/NaeemHk011,150380512,2023-11,65,252,7,2023–2023
Sharoon-Masih,https://github.com/Sharoon-Masih,150334805,2023-11,31,250,7,2023–2023
HYDRA-HASAN,https://github.com/HYDRA-HASAN,151849087,2023-11,17,240,7,2023–2023
hasnain2001,https://github.com/hasnain2001,152298572,2023-11,21,236,7,2023–2023
Bhuneshojha,https://github.com/Bhuneshojha,149822963,2023-11,89,234,7,2023–2023
gh-tayyab,https://github.com/gh-tayyab,150431063,2023-11,41,219,7,2023–2023
Usmanali960,https://github.com/Usmanali960,150580509,2023-11,45,218,7,2023–2023
codewithalphadotcom,https://github.com/codewithalphadotcom,149671450,2023-11,14,211,7,2023–2023
mddaniya1,https://github.com/mddaniya1,151908847,2023-11,95,207,7,2023–2023
AbdulAhadera,https://github.com/AbdulAhadera,151792370,2023-11,38,190,7,2023–2023
Ibraz94,https://github.com/Ibraz94,150535177,2023-11,37,175,7,2023–2023
ayeshashafique018,https://github.com/ayeshashafique018,150687914,2023-11,27,172,7,2023–2023
TheAmna,https://github.com/TheAmna,152506909,2023-11,10,170,7,2023–2023
rh29152,https://github.com/rh29152,150262818,2023-11,21,165,7,2023–2023
Taha-Jamal,https://github.com/Taha-Jamal,150898721,2023-11,23,160,7,2023–2023
HadssanK,https://github.com/HadssanK,149994866,2023-11,32,157,7,2023–2023
AmnaQasmi,https://github.com/AmnaQasmi,150395335,2023-11,39,154,7,2023–2023
zainalvi110,https://github.com/zainalvi110,151919500,2023-11,50,153,7,2023–2023
ranamusab1,https://github.com/ranamusab1,150699895,2023-11,36,150,7,2023–2023
Amna-Liaqat-Ali,https://github.com/Amna-Liaqat-Ali,149778691,2023-11,13,150,7,2023–2023
hifzazafar17,https://github.com/hifzazafar17,152292315,2023-11,45,131,7,2023–2023
Muhammad-Husnain007,https://github.com/Muhammad-Husnain007,150600466,2023-11,35,129,7,2023–2023
geekycoder2,https://github.com/geekycoder2,150411149,2023-11,63,127,7,2023–2023
huzaifaK25,https://github.com/huzaifaK25,149867103,2023-11,19,123,7,2023–2023
MuhammadHuzaifa-Dev,https://github.com/MuhammadHuzaifa-Dev,151584255,2023-11,9,123,7,2023–2023
aleezasaleem,https://github.com/aleezasaleem,150428514,2023-11,44,119,7,2023–2023
abdulqadir-004,https://github.com/abdulqadir-004,152158456,2023-11,13,102,7,2023–2023
Naveedahmedgopang76,https://github.com/Naveedahmedgopang76,151360701,2023-11,31,100,7,2023–2023
ammarproficient,https://github.com/ammarproficient,150323504,2023-11,18,90,7,2023–2023
talrejaarvin,https://github.com/talrejaarvin,151663482,2023-11,16,89,7,2023–2023
Zulfiqar-AIi,https://github.com/Zulfiqar-AIi,151381405,2023-11,10,89,7,2023–2023
areeshask,https://github.com/areeshask,150534637,2023-11,31,87,7,2023–2023
ArbazKhan1645,https://github.com/ArbazKhan1645,152173447,2023-11,13,87,7,2023–2023
Syed-Muhammad-Owais98,https://github.com/Syed-Muhammad-Owais98,151091964,2023-11,12,87,7,2023–2023
Ansari2023,https://github.com/Ansari2023,150721166,2023-11,12,86,7,2023–2023
Hanan2215,https://github.com/Hanan2215,150732525,2023-11,7,85,7,2023–2023
sejawal-ali,https://github.com/sejawal-ali,149600118,2023-11,31,83,7,2023–2023
arhamsheikh17,https://github.com/arhamsheikh17,151719975,2023-11,35,79,7,2023–2023
HabibUjjan,https://github.com/HabibUjjan,151654995,2023-11,6,78,7,2023–2023
AmarshamPrem,https://github.com/AmarshamPrem,151664159,2023-11,22,74,7,2023–2023
ArhamIT,https://github.com/ArhamIT,152206593,2023-11,34,71,7,2023–2023
tayyabaakh,https://github.com/tayyabaakh,151938737,2023-11,28,67,7,2023–2023
rohaali77,https://github.com/rohaali77,150898890,2023-11,16,67,7,2023–2023
varunsainani,https://github.com/varunsainani,149888628,2023-11,11,66,7,2023–2023
Ameet6,https://github.com/Ameet6,149929709,2023-11,20,62,7,2023–2023
DewanKumar,https://github.com/DewanKumar,151777082,2023-11,13,62,7,2023–2023
Arhamurrahemeen,https://github.com/Arhamurrahemeen,150701358,2023-11,12,62,7,2023–2023
MuhammedSalman1,https://github.com/MuhammedSalman1,151732382,2023-11,20,61,7,2023–2023
Berrymalik123,https://github.com/Berrymalik123,151500343,2023-11,31,60,7,2023–2023
khansameerm,https://github.com/khansameerm,149596868,2023-11,6,53,7,2023–2023
mussabafridi,https://github.com/mussabafridi,150231761,2023-11,20,51,7,2023–2023
MadeenAli,https://github.com/MadeenAli,150838500,2023-11,11,50,7,2023–2023
mubashirdaniyal2004,https://github.com/mubashirdaniyal2004,149639983,2023-11,27,47,7,2023–2023
NofilShah708,https://github.com/NofilShah708,150585863,2023-11,8,47,7,2023–2023
javeria-farooq,https://github.com/javeria-farooq,149905929,2023-11,23,46,7,2023–2023
Yasir-Alii,https://github.com/Yasir-Alii,149701136,2023-11,12,44,7,2023–2023
EishaRehmatullah,https://github.com/EishaRehmatullah,152253913,2023-11,10,44,7,2023–2023
saleemkhan011,https://github.com/saleemkhan011,151559444,2023-11,17,42,7,2023–2023
Khan-Sahil111,https://github.com/Khan-Sahil111,150063655,2023-11,10,41,7,2023–2023
SyedaAttiraHashmi,https://github.com/SyedaAttiraHashmi,151074483,2023-11,21,38,7,2023–2023
hafiz-panhwer,https://github.com/hafiz-panhwer,150000371,2023-11,22,37,7,2023–2023
Ahmed-Siddique,https://github.com/Ahmed-Siddique,149614067,2023-11,8,35,7,2023–2023
UMERMASOOD12345,https://github.com/UMERMASOOD12345,149884745,2023-11,42,33,7,2023–2023
1hani,https://github.com/1hani,150825944,2023-11,7,33,7,2023–2023
RaheelDars,https://github.com/RaheelDars,150416971,2023-11,11,32,7,2023–2023
fatimah-ah,https://github.com/fatimah-ah,150384404,2023-11,7,32,7,2023–2023
MUHAMMADHUNAINNOMAN123,https://github.com/MUHAMMADHUNAINNOMAN123,152432310,2023-11,20,31,7,2023–2023
ZareenAnsari,https://github.com/ZareenAnsari,149764906,2023-11,16,31,7,2023–2023
ShakibaMaqsood,https://github.com/ShakibaMaqsood,151573834,2023-11,6,29,7,2023–2023
MujeebSarwar,https://github.com/MujeebSarwar,151238918,2023-11,25,25,7,2023–2023
paras-niaz00,https://github.com/paras-niaz00,149706940,2023-11,9,25,7,2023–2023
basitGL,https://github.com/basitGL,152172782,2023-11,6,25,7,2023–2023
ashar160,https://github.com/ashar160,149866879,2023-11,10,24,7,2023–2023
SyedDaniyalBukhari,https://github.com/SyedDaniyalBukhari,150647381,2023-11,6,24,7,2023–2023
Saim-yousuf,https://github.com/Saim-yousuf,151445294,2023-11,7,23,7,2023–2023
ABDULLAH-555,https://github.com/ABDULLAH-555,150351438,2023-11,7,23,7,2023–2023
SadiqArtizm,https://github.com/SadiqArtizm,150416236,2023-11,19,22,7,2023–2023
Qirat2020,https://github.com/Qirat2020,150907010,2023-11,15,20,7,2023–2023
umarcreator,https://github.com/umarcreator,149930093,2023-11,9,20,7,2023–2023
shari1434,https://github.com/shari1434,152296607,2023-11,7,19,7,2023–2023
Mujeeb721,https://github.com/Mujeeb721,150209288,2023-11,7,19,7,2023–2023
NotHaseebAhmed,https://github.com/NotHaseebAhmed,152501030,2023-11,11,18,7,2023–2023
Wasiq063,https://github.com/Wasiq063,152216879,2023-11,8,18,7,2023–2023
shahidali54,https://github.com/shahidali54,153486921,2023-12,55,17456,7,2023–2023
Najeeb93,https://github.com/Najeeb93,153761883,2023-12,51,3471,7,2023–2023
MFaizanali2,https://github.com/MFaizanali2,154216258,2023-12,90,1624,7,2023–2023
shahzaibalijamro,https://github.com/shahzaibalijamro,153917989,2023-12,76,1029,7,2023–2023
MuhammedSuhaib,https://github.com/MuhammedSuhaib,154515857,2023-12,76,1022,7,2023–2023
MuhammadHassanRaza25,https://github.com/MuhammadHassanRaza25,153998754,2023-12,79,973,7,2023–2023
haseeburrehmanjs,https://github.com/haseeburrehmanjs,153818681,2023-12,80,960,7,2023–2023
Muhammad-Ahmed-Official,https://github.com/Muhammad-Ahmed-Official,153613965,2023-12,100,893,7,2023–2023
zaidkhan-div,https://github.com/zaidkhan-div,153110811,2023-12,67,809,7,2023–2023
SamamaKarim092,https://github.com/SamamaKarim092,154582050,2023-12,43,746,7,2023–2023
Humza920,https://github.com/Humza920,153664368,2023-12,65,638,8,2023–2024
Shahzad090,https://github.com/Shahzad090,153703186,2023-12,52,616,8,2023–2024
AyeshaNasirWebDeveloper,https://github.com/AyeshaNasirWebDeveloper,153952026,2023-12,159,592,8,2023–2024
Mutashim99,https://github.com/Mutashim99,153811269,2023-12,24,590,8,2023–2024
Shahab-Uddin-Ghori,https://github.com/Shahab-Uddin-Ghori,154582528,2023-12,63,564,8,2023–2024
JAWAD-ASGHAR,https://github.com/JAWAD-ASGHAR,153981274,2023-12,17,538,8,2023–2024
M-AmanSiddiqui,https://github.com/M-AmanSiddiqui,154512222,2023-12,41,536,8,2023–2024
basit1215,https://github.com/basit1215,154369335,2023-12,82,508,8,2023–2024
SairaBatool123,https://github.com/SairaBatool123,154388242,2023-12,61,503,8,2023–2024
FarhanSahibzada,https://github.com/FarhanSahibzada,154471620,2023-12,87,502,8,2023–2024
umairansari92,https://github.com/umairansari92,154614381,2023-12,64,501,8,2023–2024
KashifAliAwan,https://github.com/KashifAliAwan,153506169,2023-12,27,493,8,2023–2024
Hamzaabro5,https://github.com/Hamzaabro5,153505277,2023-12,64,488,8,2023–2024
SHAJAR5110,https://github.com/SHAJAR5110,154994647,2023-12,77,484,8,2023–2024
SamarSaeed1146,https://github.com/SamarSaeed1146,153797682,2023-12,21,483,8,2023–2024
hammadliaquat77,https://github.com/hammadliaquat77,154601362,2023-12,85,480,8,2023–2024
Shahwaiz24,https://github.com/Shahwaiz24,155324420,2023-12,35,465,8,2023–2024
DevExplorerr,https://github.com/DevExplorerr,154243579,2023-12,27,465,8,2023–2024
Minhal128,https://github.com/Minhal128,154814405,2023-12,55,460,8,2023–2024
shayan-babar,https://github.com/shayan-babar,154625679,2023-12,31,460,8,2023–2024
ZeeshanZk09,https://github.com/ZeeshanZk09,155241565,2023-12,37,451,8,2023–2024
Talhamalik495,https://github.com/Talhamalik495,154266567,2023-12,69,437,8,2023–2024
Okashanadeem,https://github.com/Okashanadeem,153416599,2023-12,36,431,8,2023–2024
M-Ehtesham-Ul-Hassan-Malik,https://github.com/M-Ehtesham-Ul-Hassan-Malik,153924478,2023-12,42,420,8,2023–2024
AnasAhmed001,https://github.com/AnasAhmed001,153764760,2023-12,65,395,8,2023–2024
ambag12,https://github.com/ambag12,153849840,2023-12,20,371,8,2023–2024
huzaifa8320,https://github.com/huzaifa8320,154411896,2023-12,55,369,8,2023–2024
Ramisali007,https://github.com/Ramisali007,154239938,2023-12,30,354,8,2023–2024
MuhammadHuzaifa22,https://github.com/MuhammadHuzaifa22,153933649,2023-12,61,348,8,2023–2024
umair7228,https://github.com/umair7228,154393500,2023-12,58,344,8,2023–2024
D4X-UMAR,https://github.com/D4X-UMAR,154020288,2023-12,19,334,8,2023–2024
shehryarahmed26,https://github.com/shehryarahmed26,154340943,2023-12,49,332,8,2023–2024
abds059,https://github.com/abds059,155214993,2023-12,39,327,8,2023–2024
huzaifa-sde,https://github.com/huzaifa-sde,152592226,2023-12,23,327,8,2023–2024
RabiaHameedKhan,https://github.com/RabiaHameedKhan,154896850,2023-12,64,325,8,2023–2024
Raheemullah8,https://github.com/Raheemullah8,154120701,2023-12,63,322,8,2023–2024
akanaskhan,https://github.com/akanaskhan,153630499,2023-12,51,321,8,2023–2024
waseembaloch21,https://github.com/waseembaloch21,154684340,2023-12,57,318,8,2023–2024
SyedZohaibAliKazmi,https://github.com/SyedZohaibAliKazmi,154606766,2023-12,41,313,8,2023–2024
Siddique145,https://github.com/Siddique145,153492832,2023-12,120,308,8,2023–2024
talhahzahid,https://github.com/talhahzahid,153800755,2023-12,67,303,8,2023–2024
Muhammadanasraza,https://github.com/Muhammadanasraza,154615716,2023-12,20,300,8,2023–2024
Areeba-Zehra-Jafri,https://github.com/Areeba-Zehra-Jafri,155291879,2023-12,9,295,8,2023–2024
AsheelAhmedSiddiqui,https://github.com/AsheelAhmedSiddiqui,153934742,2023-12,90,288,8,2023–2024
ARQUM21,https://github.com/ARQUM21,154671211,2023-12,34,282,8,2023–2024
Bilal0718,https://github.com/Bilal0718,152738961,2023-12,55,279,8,2023–2024
zohaibshah7,https://github.com/zohaibshah7,154647656,2023-12,38,278,8,2023–2024
Gulshan-koondhar,https://github.com/Gulshan-koondhar,153608541,2023-12,41,276,8,2023–2024
IsmailQayyum,https://github.com/IsmailQayyum,152914864,2023-12,19,274,8,2023–2024
Aun-Ali-12,https://github.com/Aun-Ali-12,154249074,2023-12,76,265,8,2023–2024
me-abdullah,https://github.com/me-abdullah,153284566,2023-12,46,259,8,2023–2024
AakankshaLanghani,https://github.com/AakankshaLanghani,153059812,2023-12,26,259,8,2023–2024
Siddique-Ahmed,https://github.com/Siddique-Ahmed,153608121,2023-12,61,255,8,2023–2024
sameersiddique987,https://github.com/sameersiddique987,153914307,2023-12,50,251,8,2023–2024
KhalidChouhan313,https://github.com/KhalidChouhan313,154968238,2023-12,49,250,8,2023–2024
ahabsheikh17,https://github.com/ahabsheikh17,153628637,2023-12,21,245,8,2023–2024
AhmedZubairMemon,https://github.com/AhmedZubairMemon,153666614,2023-12,40,239,8,2023–2024
SyedEbad902,https://github.com/SyedEbad902,155265890,2023-12,51,237,8,2023–2024
haseebshahbaz,https://github.com/haseebshahbaz,154580539,2023-12,40,236,8,2023–2024
areebatahi,https://github.com/areebatahi,154497027,2023-12,27,235,8,2023–2024
Hassan-Ahmed-K,https://github.com/Hassan-Ahmed-K,152582752,2023-12,32,233,8,2023–2024
MuhammadAsad56,https://github.com/MuhammadAsad56,155156442,2023-12,43,230,8,2023–2024
HAZIQ268,https://github.com/HAZIQ268,153829508,2023-12,48,225,8,2023–2024
hassanahmed-dev,https://github.com/hassanahmed-dev,155012830,2023-12,20,225,8,2023–2024
mbakhtawar2007,https://github.com/mbakhtawar2007,153110625,2023-12,60,219,8,2023–2024
nawaz0721,https://github.com/nawaz0721,154045292,2023-12,81,217,8,2023–2024
ahmedkhan90255,https://github.com/ahmedkhan90255,153655917,2023-12,49,211,8,2023–2024
fsheee,https://github.com/fsheee,154845020,2023-12,34,211,8,2023–2024
MaazWebDev,https://github.com/MaazWebDev,154327302,2023-12,71,208,8,2023–2024
yasir-tahir,https://github.com/yasir-tahir,154784215,2023-12,41,201,8,2023–2024
sahirulhassan,https://github.com/sahirulhassan,152701061,2023-12,14,201,8,2023–2024
Rabia-Bhutto,https://github.com/Rabia-Bhutto,155286949,2023-12,31,198,8,2023–2024
muneebpardar,https://github.com/muneebpardar,154749450,2023-12,13,198,8,2023–2024
Muhammad-Danish-me,https://github.com/Muhammad-Danish-me,153750886,2023-12,19,196,8,2023–2024
Fawad-Jawed,https://github.com/Fawad-Jawed,154456257,2023-12,67,191,8,2023–2024
Nabeedjamshed,https://github.com/Nabeedjamshed,152648146,2023-12,65,191,8,2023–2024
mrafay04,https://github.com/mrafay04,154420425,2023-12,14,191,8,2023–2024
MohammadFahad2606,https://github.com/MohammadFahad2606,154266463,2023-12,29,190,8,2023–2024
Ubaid9513,https://github.com/Ubaid9513,154014111,2023-12,66,187,8,2023–2024
muhammadali0313,https://github.com/muhammadali0313,153639747,2023-12,55,185,8,2023–2024
Kashaf-Zia06,https://github.com/Kashaf-Zia06,155307638,2023-12,14,180,8,2023–2024
adeenajaweid96,https://github.com/adeenajaweid96,154266414,2023-12,88,177,8,2023–2024
MuhammadFareed2,https://github.com/MuhammadFareed2,154929812,2023-12,20,175,8,2023–2024
Syedasad2,https://github.com/Syedasad2,154581585,2023-12,17,174,8,2023–2024
MHuzaifanizami,https://github.com/MHuzaifanizami,153551455,2023-12,52,173,8,2023–2024
ayaanalam07,https://github.com/ayaanalam07,153562167,2023-12,73,172,8,2023–2024
hamx05,https://github.com/hamx05,152660667,2023-12,16,169,8,2023–2024
shayanameenw,https://github.com/shayanameenw,154097764,2023-12,9,169,8,2023–2024
Arishba-Khan,https://github.com/Arishba-Khan,154884866,2023-12,35,167,8,2023–2024
ZaidAsif,https://github.com/ZaidAsif,154013872,2023-12,29,163,8,2023–2024
owaissikander,https://github.com/owaissikander,154621974,2023-12,69,161,8,2023–2024
sarwanazhar,https://github.com/sarwanazhar,153606377,2023-12,38,160,8,2023–2024
muhammadali73,https://github.com/muhammadali73,152968472,2023-12,34,159,8,2023–2024
syedhassanahmed34,https://github.com/syedhassanahmed34,155087896,2023-12,44,158,8,2023–2024
junaid-sarwar,https://github.com/junaid-sarwar,154062040,2023-12,36,157,8,2023–2024
Qaiem,https://github.com/Qaiem,153203389,2023-12,26,157,8,2023–2024
Sufiyani,https://github.com/Sufiyani,154498639,2023-12,36,156,8,2023–2024
MuhammadAnasSaleem,https://github.com/MuhammadAnasSaleem,153676357,2023-12,39,155,8,2023–2024
huzaifa782,https://github.com/huzaifa782,154912388,2023-12,23,154,8,2023–2024
MuhammadYousuf88,https://github.com/MuhammadYousuf88,152775949,2023-12,12,154,8,2023–2024
HammadByte,https://github.com/HammadByte,155039793,2023-12,62,153,8,2023–2024
AbdulRehman1632,https://github.com/AbdulRehman1632,154475349,2023-12,48,153,8,2023–2024
Israrali7,https://github.com/Israrali7,153980894,2023-12,60,147,8,2023–2024
Mukokato,https://github.com/Mukokato,153119211,2023-12,48,145,8,2023–2024
Zakinoorani28,https://github.com/Zakinoorani28,154313222,2023-12,29,145,8,2023–2024
ikhan-123,https://github.com/ikhan-123,153745317,2023-12,73,144,8,2023–2024
KhubaibAsif,https://github.com/KhubaibAsif,153702821,2023-12,13,142,8,2023–2024
Ahmed-tech01,https://github.com/Ahmed-tech01,153494847,2023-12,25,141,8,2023–2024
Haniasahar,https://github.com/Haniasahar,154063767,2023-12,18,139,8,2023–2024
ZAINZESHAN,https://github.com/ZAINZESHAN,153626862,2023-12,36,136,8,2023–2024
ubaid975,https://github.com/ubaid975,154630928,2023-12,48,134,8,2023–2024
adnanalisamo,https://github.com/adnanalisamo,153611386,2023-12,21,130,8,2023–2024
Mdsaqiboffical,https://github.com/Mdsaqiboffical,154467672,2023-12,60,127,8,2023–2024
muhammadjareer24,https://github.com/muhammadjareer24,154008924,2023-12,32,126,8,2023–2024
AsherAbdullah,https://github.com/AsherAbdullah,155197281,2023-12,28,126,8,2023–2024
faizan0209,https://github.com/faizan0209,153546232,2023-12,62,125,8,2023–2024
FarazShasm981,https://github.com/FarazShasm981,154075165,2023-12,62,122,8,2023–2024
shahzeb-227-khan,https://github.com/shahzeb-227-khan,155228355,2023-12,19,120,8,2023–2024
Anasa1i,https://github.com/Anasa1i,154076618,2023-12,52,119,8,2023–2024
sumairamaqsood,https://github.com/sumairamaqsood,153060167,2023-12,16,119,8,2023–2024
MHasanRaza1,https://github.com/MHasanRaza1,154742121,2023-12,41,115,8,2023–2024
Falakrajpoot,https://github.com/Falakrajpoot,153651000,2023-12,21,115,8,2023–2024
MominHussain123,https://github.com/MominHussain123,155179515,2023-12,43,114,8,2023–2024
Uzmakanwl,https://github.com/Uzmakanwl,154093505,2023-12,56,112,8,2023–2024
AliyanKhan22,https://github.com/AliyanKhan22,153942355,2023-12,70,111,8,2023–2024
muzammil-usman,https://github.com/muzammil-usman,153772378,2023-12,17,111,8,2023–2024
SultanMedico,https://github.com/SultanMedico,154018090,2023-12,46,109,8,2023–2024
abdulrehman9999,https://github.com/abdulrehman9999,154054403,2023-12,26,109,8,2023–2024
fazeelayazqasimi,https://github.com/fazeelayazqasimi,154905970,2023-12,32,108,8,2023–2024
qadir2005,https://github.com/qadir2005,153851145,2023-12,48,107,8,2023–2024
raoabdulrehman332,https://github.com/raoabdulrehman332,154273973,2023-12,70,106,8,2023–2024
shahidkha9,https://github.com/shahidkha9,154737925,2023-12,43,105,8,2023–2024
Mehak-Mehtab01,https://github.com/Mehak-Mehtab01,154904368,2023-12,35,105,8,2023–2024
Maha-1384,https://github.com/Maha-1384,154053758,2023-12,16,105,8,2023–2024
Tahir-Yousafzai,https://github.com/Tahir-Yousafzai,154435047,2023-12,25,104,8,2023–2024
IrtizaShahbaz,https://github.com/IrtizaShahbaz,152638026,2023-12,16,101,8,2023–2024
SabihMajid,https://github.com/SabihMajid,153662708,2023-12,43,100,8,2023–2024
Kashankhanzada,https://github.com/Kashankhanzada,154746950,2023-12,26,100,8,2023–2024
AwaisAnsari01,https://github.com/AwaisAnsari01,153817612,2023-12,51,99,8,2023–2024
abdulhadi122526,https://github.com/abdulhadi122526,153856055,2023-12,47,99,8,2023–2024
shaheer-waqar,https://github.com/shaheer-waqar,152963931,2023-12,39,99,8,2023–2024
techzainshaikh,https://github.com/techzainshaikh,154900035,2023-12,39,99,8,2023–2024
UbaidUllah00,https://github.com/UbaidUllah00,153269589,2023-12,32,99,8,2023–2024
hasilakhwa,https://github.com/hasilakhwa,154760479,2023-12,24,99,8,2023–2024
MuhammadZaidKamran,https://github.com/MuhammadZaidKamran,155019314,2023-12,26,98,8,2023–2024
sameedrais,https://github.com/sameedrais,154045833,2023-12,20,98,8,2023–2024
Abdulmoiztahir,https://github.com/Abdulmoiztahir,154448657,2023-12,19,97,8,2023–2024
abdulsamii786,https://github.com/abdulsamii786,154473245,2023-12,43,96,8,2023–2024
Muhibsami16,https://github.com/Muhibsami16,153531960,2023-12,39,96,8,2023–2024
Rameezalii,https://github.com/Rameezalii,153226671,2023-12,30,93,8,2023–2024
techwithqasim,https://github.com/techwithqasim,154737878,2023-12,25,92,8,2023–2024
abdul7y,https://github.com/abdul7y,152803875,2023-12,11,90,8,2023–2024
Shariqshakeel3478,https://github.com/Shariqshakeel3478,154879873,2023-12,20,89,8,2023–2024
muhammedahmed44,https://github.com/muhammedahmed44,155171204,2023-12,12,88,8,2023–2024
mashood-memon,https://github.com/mashood-memon,155003573,2023-12,12,88,8,2023–2024
janzaibyousaf,https://github.com/janzaibyousaf,154719041,2023-12,49,87,8,2023–2024
daniyal-rashid,https://github.com/daniyal-rashid,154000691,2023-12,15,87,8,2023–2024
smuh42,https://github.com/smuh42,154051318,2023-12,10,87,8,2023–2024
Muhammadbilal1257727,https://github.com/Muhammadbilal1257727,153519930,2023-12,12,86,8,2023–2024
wahaj906,https://github.com/wahaj906,154734596,2023-12,43,85,8,2023–2024
Huzaifa-Siddiqui,https://github.com/Huzaifa-Siddiqui,154579470,2023-12,15,83,8,2023–2024
Muhammad-Hasnain-Raza,https://github.com/Muhammad-Hasnain-Raza,154306296,2023-12,77,82,8,2023–2024
Asma795,https://github.com/Asma795,152914866,2023-12,39,82,8,2023–2024
santoshkumar129,https://github.com/santoshkumar129,153666593,2023-12,17,81,8,2023–2024
Abdulrehmankhan9,https://github.com/Abdulrehmankhan9,155234425,2023-12,15,81,8,2023–2024
Zuhairkhan13,https://github.com/Zuhairkhan13,154627587,2023-12,21,80,8,2023–2024
talhamehmood-786,https://github.com/talhamehmood-786,154515538,2023-12,20,80,8,2023–2024
AleeHabib,https://github.com/AleeHabib,153856351,2023-12,9,79,8,2023–2024
gstech49,https://github.com/gstech49,152642496,2023-12,21,77,8,2023–2024
nehanaseem,https://github.com/nehanaseem,153304086,2023-12,12,77,8,2023–2024
syedubaidshah,https://github.com/syedubaidshah,154761952,2023-12,32,76,8,2023–2024
Sadiqshah94,https://github.com/Sadiqshah94,153868113,2023-12,13,76,8,2023–2024
Ashiq1923,https://github.com/Ashiq1923,154461412,2023-12,44,73,8,2023–2024
uzairjanmalik,https://github.com/uzairjanmalik,153202639,2023-12,38,73,8,2023–2024
imoizhaider,https://github.com/imoizhaider,152949397,2023-12,15,73,8,2023–2024
WaqarDev69,https://github.com/WaqarDev69,155083447,2023-12,6,73,8,2023–2024
abdul-rehmanfaisal,https://github.com/abdul-rehmanfaisal,154427514,2023-12,50,70,8,2023–2024
Abdul-0006,https://github.com/Abdul-0006,154364633,2023-12,18,70,8,2023–2024
HaiderShaikhahmed,https://github.com/HaiderShaikhahmed,154863608,2023-12,13,70,8,2023–2024
akhyarahmedturk,https://github.com/akhyarahmedturk,155168577,2023-12,10,70,8,2023–2024
AbdulRehmanHashmi,https://github.com/AbdulRehmanHashmi,155216102,2023-12,44,69,8,2023–2024
abdulwaheed0324,https://github.com/abdulwaheed0324,153737077,2023-12,32,69,8,2023–2024
Hafeez-ahad,https://github.com/Hafeez-ahad,154612158,2023-12,9,69,8,2023–2024
UmeHania07,https://github.com/UmeHania07,155109883,2023-12,46,68,8,2023–2024
Ahmedrazakhan11110,https://github.com/Ahmedrazakhan11110,154623478,2023-12,37,68,8,2023–2024
ak11-672,https://github.com/ak11-672,155309894,2023-12,7,67,8,2023–2024
M-Rizwan86,https://github.com/M-Rizwan86,152837388,2023-12,30,66,8,2023–2024
syedzubairalishah,https://github.com/syedzubairalishah,154551822,2023-12,35,65,8,2023–2024
Amir183225,https://github.com/Amir183225,154867546,2023-12,31,64,8,2023–2024
devmalhi,https://github.com/devmalhi,153458464,2023-12,31,63,8,2023–2024
salarmastoi110,https://github.com/salarmastoi110,155003300,2023-12,22,62,8,2023–2024
Zainabnoor19,https://github.com/Zainabnoor19,153713318,2023-12,50,61,8,2023–2024
abdulhaihafeez,https://github.com/abdulhaihafeez,154320924,2023-12,42,61,8,2023–2024
MuhammadTalha013,https://github.com/MuhammadTalha013,153989042,2023-12,17,61,8,2023–2024
Aamil-Khan-Mahar,https://github.com/Aamil-Khan-Mahar,153395121,2023-12,11,60,8,2023–2024
numan-arshad,https://github.com/numan-arshad,154283305,2023-12,26,59,8,2023–2024
Abdulrafay57408,https://github.com/Abdulrafay57408,153887221,2023-12,20,59,8,2023–2024
Wasies8,https://github.com/Wasies8,154675927,2023-12,20,58,8,2023–2024
AsadPy12,https://github.com/AsadPy12,154751798,2023-12,15,58,8,2023–2024
HinaIsmail,https://github.com/HinaIsmail,153745976,2023-12,37,57,8,2023–2024
ziauddinbrohi,https://github.com/ziauddinbrohi,155188806,2023-12,29,57,8,2023–2024
skdev10,https://github.com/skdev10,154651527,2023-12,26,57,8,2023–2024
Areebzaidii,https://github.com/Areebzaidii,153609791,2023-12,31,56,8,2023–2024
sohaib64,https://github.com/sohaib64,154500875,2023-12,19,53,8,2023–2024
Imtiazali11,https://github.com/Imtiazali11,154746665,2023-12,45,51,8,2023–2024
mhuzaifaraees,https://github.com/mhuzaifaraees,153712158,2023-12,23,51,8,2023–2024
itsSaifullahkhan,https://github.com/itsSaifullahkhan,154802054,2023-12,34,50,8,2023–2024
hasnainahmed66,https://github.com/hasnainahmed66,152606632,2023-12,33,50,8,2023–2024
Ha55aanMa90500d,https://github.com/Ha55aanMa90500d,154500542,2023-12,10,48,8,2023–2024
baqar-khan,https://github.com/baqar-khan,154368716,2023-12,18,47,8,2023–2024
Ima-Ma,https://github.com/Ima-Ma,154437507,2023-12,15,47,8,2023–2024
Mahadkareem,https://github.com/Mahadkareem,153757146,2023-12,12,47,8,2023–2024
mudasir232,https://github.com/mudasir232,153076508,2023-12,10,47,8,2023–2024
abdulhai123456789,https://github.com/abdulhai123456789,153994789,2023-12,52,46,8,2023–2024
Channa-Zeeshan,https://github.com/Channa-Zeeshan,153935907,2023-12,23,46,8,2023–2024
DesignByAnas,https://github.com/DesignByAnas,154005474,2023-12,22,45,8,2023–2024
uroojilyas,https://github.com/uroojilyas,153454163,2023-12,12,44,8,2023–2024
aminrustmani,https://github.com/aminrustmani,153528116,2023-12,11,44,8,2023–2024
HunainDanish,https://github.com/HunainDanish,155016500,2023-12,8,44,8,2023–2024
anasrehan,https://github.com/anasrehan,152685688,2023-12,12,43,8,2023–2024
Mohsin-surhio,https://github.com/Mohsin-surhio,153511839,2023-12,28,42,8,2023–2024
NumaRahim,https://github.com/NumaRahim,155259087,2023-12,9,41,8,2023–2024
ZubairrBabar,https://github.com/ZubairrBabar,154007041,2023-12,38,40,8,2023–2024
SYEDBILALFAIZ,https://github.com/SYEDBILALFAIZ,152997354,2023-12,13,40,8,2023–2024
Muhammad-Zeeshan-08,https://github.com/Muhammad-Zeeshan-08,153864073,2023-12,12,40,8,2023–2024
anasraza1234,https://github.com/anasraza1234,154012203,2023-12,11,40,8,2023–2024
AbdusSami02,https://github.com/AbdusSami02,154374361,2023-12,30,39,8,2023–2024
izhanrehan,https://github.com/izhanrehan,155201247,2023-12,17,39,8,2023–2024
HassanKhalid8,https://github.com/HassanKhalid8,152857155,2023-12,8,39,8,2023–2024
subhanfarooqkhatri,https://github.com/subhanfarooqkhatri,153839377,2023-12,28,37,8,2023–2024
MUHAMMADBILALAHMED2,https://github.com/MUHAMMADBILALAHMED2,153774832,2023-12,22,37,8,2023–2024
ghulammustafaa786,https://github.com/ghulammustafaa786,155322385,2023-12,16,37,8,2023–2024
jawwadhasan,https://github.com/jawwadhasan,153762922,2023-12,11,37,8,2023–2024
innovatewithusama,https://github.com/innovatewithusama,154691070,2023-12,16,35,8,2023–2024
AtiqUrRehman275,https://github.com/AtiqUrRehman275,154339454,2023-12,14,35,8,2023–2024
AftabAliShah,https://github.com/AftabAliShah,153269656,2023-12,10,35,8,2023–2024
UmerAwan9,https://github.com/UmerAwan9,153808716,2023-12,8,35,8,2023–2024
muhammad-wahaj590,https://github.com/muhammad-wahaj590,155156365,2023-12,26,34,8,2023–2024
alisahito17,https://github.com/alisahito17,154593654,2023-12,7,34,8,2023–2024
Sofstica-Muhammad-Jawwad,https://github.com/Sofstica-Muhammad-Jawwad,152848862,2023-12,13,33,8,2023–2024
Rafay-26,https://github.com/Rafay-26,154727770,2023-12,29,32,8,2023–2024
MuhammadAhmedSiddiqu,https://github.com/MuhammadAhmedSiddiqu,154680510,2023-12,19,32,8,2023–2024
Ahtisham-Hussain,https://github.com/Ahtisham-Hussain,154002517,2023-12,8,32,8,2023–2024
DevelopwithAhmed,https://github.com/DevelopwithAhmed,155058222,2023-12,7,32,8,2023–2024
Zubair919,https://github.com/Zubair919,154623105,2023-12,19,31,8,2023–2024
asadali756,https://github.com/asadali756,153544723,2023-12,11,31,8,2023–2024
haider659,https://github.com/haider659,152807962,2023-12,27,30,8,2023–2024
hassansiddiqui60,https://github.com/hassansiddiqui60,153797208,2023-12,14,29,8,2023–2024
mrameezsh,https://github.com/mrameezsh,154522887,2023-12,14,29,8,2023–2024
ayeshash0aib,https://github.com/ayeshash0aib,154583751,2023-12,10,29,8,2023–2024
ShayanAsghar03,https://github.com/ShayanAsghar03,154339532,2023-12,8,29,8,2023–2024
HamzaAlikhaan,https://github.com/HamzaAlikhaan,154751641,2023-12,7,29,8,2023–2024
Muhammadsaiftanoli,https://github.com/Muhammadsaiftanoli,153577809,2023-12,20,28,8,2023–2024
MTayyabkhan99,https://github.com/MTayyabkhan99,154239539,2023-12,6,28,8,2023–2024
AhsanSoftware-Developer,https://github.com/AhsanSoftware-Developer,153644608,2023-12,9,27,8,2023–2024
ahsansiddiqui786,https://github.com/ahsansiddiqui786,154743083,2023-12,15,25,8,2023–2024
tariqhaseen123,https://github.com/tariqhaseen123,154320620,2023-12,15,25,8,2023–2024
daniyal2255,https://github.com/daniyal2255,154322619,2023-12,25,24,8,2023–2024
Ahmedjamal-AJ,https://github.com/Ahmedjamal-AJ,154009661,2023-12,24,24,8,2023–2024
dabeer110,https://github.com/dabeer110,154671460,2023-12,13,24,8,2023–2024
Hafsasalahudin,https://github.com/Hafsasalahudin,152584951,2023-12,10,24,8,2023–2024
hassamsheikh478,https://github.com/hassamsheikh478,154600539,2023-12,9,24,8,2023–2024
moinahmed500,https://github.com/moinahmed500,154693183,2023-12,9,24,8,2023–2024
316Hamza,https://github.com/316Hamza,154695168,2023-12,23,23,8,2023–2024
muhammadmuzzammil333,https://github.com/muhammadmuzzammil333,153303450,2023-12,13,22,8,2023–2024
Moinsalahuddin,https://github.com/Moinsalahuddin,154653816,2023-12,10,22,8,2023–2024
FaisalAngaria,https://github.com/FaisalAngaria,153970162,2023-12,9,22,8,2023–2024
syedyaseenshah12,https://github.com/syedyaseenshah12,153913927,2023-12,8,22,8,2023–2024
assad19,https://github.com/assad19,154305824,2023-12,6,22,8,2023–2024
sajjadhussainjoyo,https://github.com/sajjadhussainjoyo,152616993,2023-12,13,21,8,2023–2024
Omer-Atif,https://github.com/Omer-Atif,153168020,2023-12,11,21,8,2023–2024
maromux,https://github.com/maromux,152957908,2023-12,8,21,8,2023–2024
afshanqasim07,https://github.com/afshanqasim07,152792683,2023-12,6,21,8,2023–2024
muhammadhasan264,https://github.com/muhammadhasan264,154962775,2023-12,15,20,8,2023–2024
ShaheerAhmedKhan,https://github.com/ShaheerAhmedKhan,153910666,2023-12,13,20,8,2023–2024
IamSalmanAttari,https://github.com/IamSalmanAttari,154556865,2023-12,11,20,8,2023–2024
bazilakbar,https://github.com/bazilakbar,154507860,2023-12,14,19,8,2023–2024
alaxyhassan,https://github.com/alaxyhassan,154251024,2023-12,11,19,8,2023–2024
SalwahHussain1,https://github.com/SalwahHussain1,154006629,2023-12,9,19,8,2023–2024
3w3s33,https://github.com/3w3s33,154008776,2023-12,9,19,8,2023–2024
itxmahad35,https://github.com/itxmahad35,154653749,2023-12,8,19,8,2023–2024
muhammadjawad23,https://github.com/muhammadjawad23,154681284,2023-12,7,19,8,2023–2024
AliAhmed098,https://github.com/AliAhmed098,154090040,2023-12,17,18,8,2023–2024
syedali51202,https://github.com/syedali51202,155313199,2023-12,15,18,8,2023–2024
aquanees,https://github.com/aquanees,154752420,2023-12,9,18,8,2023–2024
developer-sharib-804,https://github.com/developer-sharib-804,152720218,2023-12,7,18,8,2023–2024
ZAID002,https://github.com/ZAID002,154435068,2023-12,7,18,8,2023–2024
Saad-Hussain-hub,https://github.com/Saad-Hussain-hub,154087870,2023-12,7,18,8,2023–2024
Zain18baig,https://github.com/Zain18baig,154826958,2023-12,12,17,8,2023–2024
Javedi933,https://github.com/Javedi933,153504423,2023-12,12,17,8,2023–2024
AlinadeemK,https://github.com/AlinadeemK,154249008,2023-12,11,17,8,2023–2024
MuhammadAreeb21,https://github.com/MuhammadAreeb21,153587494,2023-12,10,17,8,2023–2024
rameezhoda21,https://github.com/rameezhoda21,157220188,2024-01,10,1682,8,2023–2024
Dani-8,https://github.com/Dani-8,156370366,2024-01,50,1363,8,2023–2024
saadrehman171000,https://github.com/saadrehman171000,156529529,2024-01,91,1313,8,2023–2024
zahidrahimoon,https://github.com/zahidrahimoon,156499487,2024-01,35,1110,8,2023–2024
Hamzaisadev,https://github.com/Hamzaisadev,156201157,2024-01,31,812,8,2023–2024
muhammadiishaq,https://github.com/muhammadiishaq,156215583,2024-01,60,706,8,2023–2024
syeda-hoorain-ali,https://github.com/syeda-hoorain-ali,156098367,2024-01,71,659,8,2023–2024
Tayyabakhatri,https://github.com/Tayyabakhatri,157671285,2024-01,73,653,8,2023–2024
parkashkumarcs,https://github.com/parkashkumarcs,157160400,2024-01,30,621,8,2023–2024
JaveriyaSaleem,https://github.com/JaveriyaSaleem,158287768,2024-01,43,605,8,2023–2024
hayyantahirr,https://github.com/hayyantahirr,156783723,2024-01,45,591,8,2023–2024
syedfahadali399,https://github.com/syedfahadali399,155745867,2024-01,88,517,8,2023–2024
HamzaShabir0786,https://github.com/HamzaShabir0786,156131155,2024-01,38,513,8,2023–2024
HIBBANQURESHI,https://github.com/HIBBANQURESHI,156018725,2024-01,56,502,8,2023–2024
WajidUsto,https://github.com/WajidUsto,157380507,2024-01,25,498,8,2023–2024
HuzaifaKhan32,https://github.com/HuzaifaKhan32,157877037,2024-01,59,496,8,2023–2024
Hashirnadeemkhan,https://github.com/Hashirnadeemkhan,155890524,2024-01,83,485,8,2023–2024
m-usaid99,https://github.com/m-usaid99,157508623,2024-01,18,454,8,2023–2024
DevWajahat,https://github.com/DevWajahat,155806602,2024-01,103,447,8,2023–2024
Muhammad-Ubaid-1166,https://github.com/Muhammad-Ubaid-1166,157513804,2024-01,21,415,8,2023–2024
ahmed-ashar,https://github.com/ahmed-ashar,155929233,2024-01,70,413,8,2023–2024
sheikhabdullahahmed,https://github.com/sheikhabdullahahmed,157168893,2024-01,46,401,8,2023–2024
sufiankhan-dev,https://github.com/sufiankhan-dev,155994608,2024-01,28,369,8,2023–2024
waaseyzulfiqar,https://github.com/waaseyzulfiqar,156633565,2024-01,66,339,8,2023–2024
HaseebRaza2004,https://github.com/HaseebRaza2004,156467139,2024-01,17,336,8,2023–2024
MHassaanQureshi,https://github.com/MHassaanQureshi,156497587,2024-01,77,324,8,2023–2024
Aftab-Ahmadajk,https://github.com/Aftab-Ahmadajk,157800598,2024-01,9,324,8,2023–2024
IsmailAbdulkareem,https://github.com/IsmailAbdulkareem,157899145,2024-01,62,323,8,2023–2024
Muhammad00Ahmed,https://github.com/Muhammad00Ahmed,155357806,2024-01,222,304,8,2023–2024
AfrozKhan890,https://github.com/AfrozKhan890,157784750,2024-01,14,297,8,2023–2024
salmanshahid5,https://github.com/salmanshahid5,156607833,2024-01,54,293,8,2023–2024
nabihakhan6t4,https://github.com/nabihakhan6t4,157704124,2024-01,36,292,8,2023–2024
SyedMuhammadSarmad,https://github.com/SyedMuhammadSarmad,155664288,2024-01,37,288,8,2023–2024
noor2607,https://github.com/noor2607,156116687,2024-01,48,284,8,2023–2024
mutahirshah11,https://github.com/mutahirshah11,158048266,2024-01,36,277,8,2023–2024
MD-DaniyalJavadia,https://github.com/MD-DaniyalJavadia,155415513,2024-01,61,275,8,2023–2024
KaleemShahG,https://github.com/KaleemShahG,157974883,2024-01,21,274,8,2023–2024
ibrarullah23,https://github.com/ibrarullah23,156226435,2024-01,15,263,8,2023–2024
Ubaid-coder,https://github.com/Ubaid-coder,157941544,2024-01,21,259,8,2023–2024
hurmatayub,https://github.com/hurmatayub,156796678,2024-01,34,253,8,2023–2024
Afan-Farooqi-Official,https://github.com/Afan-Farooqi-Official,156796647,2024-01,49,245,8,2023–2024
IbtahajAkram,https://github.com/IbtahajAkram,156500678,2024-01,66,234,8,2023–2024
raza-abbas-23sw,https://github.com/raza-abbas-23sw,157038022,2024-01,15,232,8,2023–2024
IsrarSoomro60,https://github.com/IsrarSoomro60,155844706,2024-01,7,232,8,2023–2024
Muhammadqasim4,https://github.com/Muhammadqasim4,156399289,2024-01,45,231,8,2023–2024
Raj-Tushal,https://github.com/Raj-Tushal,157106787,2024-01,54,228,8,2023–2024
asma-aslam30,https://github.com/asma-aslam30,156405245,2024-01,89,226,8,2023–2024
MAhsanOfficial,https://github.com/MAhsanOfficial,155831296,2024-01,75,220,8,2023–2024
M-RaeesDev,https://github.com/M-RaeesDev,155720840,2024-01,24,214,8,2023–2024
AbdulHaseb9,https://github.com/AbdulHaseb9,155918062,2024-01,49,213,8,2023–2024
MahamKanwal,https://github.com/MahamKanwal,155656833,2024-01,23,210,8,2023–2024
khalid-dev-js,https://github.com/khalid-dev-js,155391498,2024-01,84,208,8,2023–2024
astralDeveper,https://github.com/astralDeveper,157403596,2024-01,37,207,8,2023–2024
Hishaq00,https://github.com/Hishaq00,157884178,2024-01,20,205,8,2023–2024
Alee701,https://github.com/Alee701,155498953,2024-01,10,205,8,2023–2024
muhammad-hassn,https://github.com/muhammad-hassn,155459839,2024-01,21,196,8,2023–2024
MSulemanBhanbhro,https://github.com/MSulemanBhanbhro,157698147,2024-01,42,193,8,2023–2024
CodeWithAhmedd,https://github.com/CodeWithAhmedd,155528907,2024-01,45,190,8,2023–2024
moosa-codes,https://github.com/moosa-codes,157456649,2024-01,29,190,8,2023–2024
Azhandev,https://github.com/Azhandev,156644698,2024-01,15,186,8,2023–2024
RDarshankumar,https://github.com/RDarshankumar,155427044,2024-01,53,184,8,2023–2024
fizasagar,https://github.com/fizasagar,156088954,2024-01,37,184,8,2023–2024
Hammad-Jilani,https://github.com/Hammad-Jilani,155903223,2024-01,30,174,8,2023–2024
Ayesha-Siddiqui1234,https://github.com/Ayesha-Siddiqui1234,155626270,2024-01,36,173,8,2023–2024
anumarif833,https://github.com/anumarif833,155381975,2024-01,63,164,8,2023–2024
DesignFavor,https://github.com/DesignFavor,155650720,2024-01,54,159,8,2023–2024
M-Usman-Nasir,https://github.com/M-Usman-Nasir,157220338,2024-01,38,157,8,2023–2024
umerkhan-12,https://github.com/umerkhan-12,156663922,2024-01,14,157,8,2023–2024
hmurtaza720,https://github.com/hmurtaza720,155620223,2024-01,20,151,8,2023–2024
FinanceCoder0,https://github.com/FinanceCoder0,155907695,2024-01,18,149,8,2023–2024
AnilaAtlas,https://github.com/AnilaAtlas,155543256,2024-01,33,148,8,2023–2024
rayyan919,https://github.com/rayyan919,156199883,2024-01,17,143,8,2023–2024
AliSuleman27,https://github.com/AliSuleman27,156779389,2024-01,31,139,8,2023–2024
AdeelAhmed03,https://github.com/AdeelAhmed03,155395902,2024-01,15,139,8,2023–2024
MehwishRazzak786,https://github.com/MehwishRazzak786,157009969,2024-01,43,137,8,2023–2024
Abdul-Rafay05,https://github.com/Abdul-Rafay05,155670303,2024-01,68,136,8,2023–2024
javeria-kamran,https://github.com/javeria-kamran,158263388,2024-01,58,136,8,2023–2024
FizzaChouhan,https://github.com/FizzaChouhan,157792435,2024-01,50,133,8,2023–2024
adildotes,https://github.com/adildotes,156329488,2024-01,31,132,8,2023–2024
rzjaffery,https://github.com/rzjaffery,155553823,2024-01,21,132,8,2023–2024
SardarNazeer,https://github.com/SardarNazeer,157596245,2024-01,77,131,8,2023–2024
CodingWithRahmaan,https://github.com/CodingWithRahmaan,155527186,2024-01,48,131,8,2023–2024
hilalaziz32,https://github.com/hilalaziz32,155776184,2024-01,35,131,8,2023–2024
IHassanshaikh,https://github.com/IHassanshaikh,157204663,2024-01,25,130,8,2023–2024
furzan,https://github.com/furzan,156594010,2024-01,20,127,8,2023–2024
M-Affan01,https://github.com/M-Affan01,156575467,2024-01,19,127,8,2023–2024
SameedSiddiqui15,https://github.com/SameedSiddiqui15,157225601,2024-01,24,126,8,2023–2024
Sahil-Sham,https://github.com/Sahil-Sham,155371796,2024-01,10,126,8,2023–2024
SheikhHuzaifa20,https://github.com/SheikhHuzaifa20,155949017,2024-01,11,124,8,2023–2024
Muhammad-Maiz,https://github.com/Muhammad-Maiz,157501398,2024-01,22,122,8,2023–2024
syedaemanmumtaz,https://github.com/syedaemanmumtaz,158057266,2024-01,42,120,8,2023–2024
Muhammad-Faysal,https://github.com/Muhammad-Faysal,157207415,2024-01,29,120,8,2023–2024
AmaedaQ,https://github.com/AmaedaQ,156840139,2024-01,17,119,8,2023–2024
AmnaUsmani,https://github.com/AmnaUsmani,156442843,2024-01,20,118,8,2023–2024
Aliraza708,https://github.com/Aliraza708,155419928,2024-01,43,117,8,2023–2024
abdulmajeed-dev0x,https://github.com/abdulmajeed-dev0x,158247055,2024-01,22,116,8,2023–2024
mbilalkhan704,https://github.com/mbilalkhan704,158311924,2024-01,12,114,8,2023–2024
Alishba-Khan02,https://github.com/Alishba-Khan02,157708278,2024-01,57,113,8,2023–2024
harisasaeed,https://github.com/harisasaeed,155890055,2024-01,44,113,8,2023–2024
Noorulhuda-Usman,https://github.com/Noorulhuda-Usman,155479924,2024-01,16,113,8,2023–2024
Hafsa-Shahid,https://github.com/Hafsa-Shahid,157738381,2024-01,30,111,8,2023–2024
AhsanDeveloper764,https://github.com/AhsanDeveloper764,156519491,2024-01,19,110,8,2023–2024
AtifRehman47,https://github.com/AtifRehman47,155471631,2024-01,56,109,8,2023–2024
khizkj,https://github.com/khizkj,157282606,2024-01,24,108,8,2023–2024
vipshehbaz,https://github.com/vipshehbaz,157197912,2024-01,41,106,8,2023–2024
mosin1223,https://github.com/mosin1223,156022446,2024-01,28,106,8,2023–2024
AzkaSahar,https://github.com/AzkaSahar,156406359,2024-01,26,104,8,2023–2024
farah001400,https://github.com/farah001400,156692086,2024-01,19,104,8,2023–2024
AhsanAli20,https://github.com/AhsanAli20,156399083,2024-01,12,103,8,2023–2024
Rehan-Ur-Rehman-Sharif,https://github.com/Rehan-Ur-Rehman-Sharif,155419590,2024-01,10,102,8,2023–2024
Areesha48,https://github.com/Areesha48,157312844,2024-01,78,89,8,2023–2024
Ali29raza,https://github.com/Ali29raza,156956192,2024-01,23,89,8,2023–2024
KhurramMalik15,https://github.com/KhurramMalik15,155771526,2024-01,27,88,8,2023–2024
HafizSaifullah1,https://github.com/HafizSaifullah1,156574145,2024-01,39,87,8,2023–2024
humxa999,https://github.com/humxa999,156724909,2024-01,38,87,8,2023–2024
MuhammadUzzam,https://github.com/MuhammadUzzam,157071837,2024-01,18,87,8,2023–2024
zaeemrehman3,https://github.com/zaeemrehman3,155872001,2024-01,28,86,8,2023–2024
ziahmedshah,https://github.com/ziahmedshah,155481761,2024-01,9,86,8,2023–2024
shayykh,https://github.com/shayykh,156227922,2024-01,14,76,8,2023–2024
ZeeshanJaved28,https://github.com/ZeeshanJaved28,155625865,2024-01,9,76,8,2023–2024
Rusher-tr,https://github.com/Rusher-tr,157029078,2024-01,11,73,8,2023–2024
MubashirACode,https://github.com/MubashirACode,156946754,2024-01,26,71,8,2023–2024
BaburAliMalik,https://github.com/BaburAliMalik,155470516,2024-01,51,70,8,2023–2024
SyedAhad21,https://github.com/SyedAhad21,155882715,2024-01,24,70,8,2023–2024
Fizashahbaz,https://github.com/Fizashahbaz,155994265,2024-01,48,69,8,2023–2024
Faiz-Rehman2,https://github.com/Faiz-Rehman2,155873425,2024-01,43,69,8,2023–2024
bilz24,https://github.com/bilz24,158147828,2024-01,40,69,8,2023–2024
FreelanceForge,https://github.com/FreelanceForge,156513519,2024-01,6,68,8,2023–2024
WhereisHussain,https://github.com/WhereisHussain,158157076,2024-01,16,67,8,2023–2024
MuhammadHussain2006,https://github.com/MuhammadHussain2006,155779135,2024-01,55,66,8,2023–2024
Afham-Khan,https://github.com/Afham-Khan,157240297,2024-01,29,65,8,2023–2024
EngrMaheenAli,https://github.com/EngrMaheenAli,157221866,2024-01,13,65,8,2023–2024
areebafati,https://github.com/areebafati,156306045,2024-01,11,65,8,2023–2024
zaurmurtaza63,https://github.com/zaurmurtaza63,155634916,2024-01,9,63,8,2023–2024
neerajgir,https://github.com/neerajgir,156629459,2024-01,8,62,8,2023–2024
HasnainSolangi,https://github.com/HasnainSolangi,156552529,2024-01,17,61,8,2023–2024
Meesum2004,https://github.com/Meesum2004,156599701,2024-01,23,60,8,2023–2024
007Baabarr,https://github.com/007Baabarr,155544561,2024-01,22,60,8,2023–2024
Yahyarizwan85,https://github.com/Yahyarizwan85,155488461,2024-01,12,60,8,2023–2024
muhammadumer0454,https://github.com/muhammadumer0454,156834998,2024-01,6,60,8,2023–2024
Shayan-codingways,https://github.com/Shayan-codingways,155350566,2024-01,31,59,8,2023–2024
Ahmed1965-gov-sindh-course,https://github.com/Ahmed1965-gov-sindh-course,156581059,2024-01,23,58,8,2023–2024
AmberFatima4,https://github.com/AmberFatima4,158015987,2024-01,26,55,8,2023–2024
AhsanSdev,https://github.com/AhsanSdev,155547915,2024-01,9,55,8,2023–2024
fahad-saleem9,https://github.com/fahad-saleem9,157440495,2024-01,29,53,8,2023–2024
FaizaAbdulSattar,https://github.com/FaizaAbdulSattar,157869678,2024-01,17,51,8,2023–2024
Shawezrehan,https://github.com/Shawezrehan,156585635,2024-01,21,50,8,2023–2024
codebyanas,https://github.com/codebyanas,155805881,2024-01,17,50,8,2023–2024
Muzammil-develop,https://github.com/Muzammil-develop,155734500,2024-01,15,49,8,2023–2024
Nayabsaleem,https://github.com/Nayabsaleem,157101214,2024-01,33,47,8,2023–2024
Shahzaib-Aslam2k24,https://github.com/Shahzaib-Aslam2k24,156350344,2024-01,11,46,8,2023–2024
abdullahishrat,https://github.com/abdullahishrat,156951198,2024-01,16,45,8,2023–2024
abdulmoiez1506,https://github.com/abdulmoiez1506,155585384,2024-01,37,44,8,2023–2024
Tahseenghaffar,https://github.com/Tahseenghaffar,157896468,2024-01,13,44,8,2023–2024
muhammadmoosakhan,https://github.com/muhammadmoosakhan,156937201,2024-01,6,44,8,2023–2024
Junaid-aly,https://github.com/Junaid-aly,155831476,2024-01,24,42,8,2023–2024
TahaSiddiqui18,https://github.com/TahaSiddiqui18,156634964,2024-01,8,42,8,2023–2024
Ehsan-Elahi07,https://github.com/Ehsan-Elahi07,155844659,2024-01,38,41,8,2023–2024
mrmhussain,https://github.com/mrmhussain,157054845,2024-01,15,41,8,2023–2024
SHADOWRULIN,https://github.com/SHADOWRULIN,157240338,2024-01,8,41,8,2023–2024
muhammadrehanazam,https://github.com/muhammadrehanazam,156588658,2024-01,12,40,8,2023–2024
HassanKhan012,https://github.com/HassanKhan012,156360359,2024-01,20,38,8,2023–2024
shaikhjameel,https://github.com/shaikhjameel,157943752,2024-01,34,37,8,2023–2024
ZohaibAli145,https://github.com/ZohaibAli145,156583311,2024-01,29,37,8,2023–2024
haseebahmed188,https://github.com/haseebahmed188,155947094,2024-01,16,37,8,2023–2024
MuhammadHarisTariq,https://github.com/MuhammadHarisTariq,157745050,2024-01,7,36,8,2023–2024
Hanzala491,https://github.com/Hanzala491,156124142,2024-01,11,35,8,2023–2024
rao-anas,https://github.com/rao-anas,157900960,2024-01,7,35,8,2023–2024
BilalKhan028,https://github.com/BilalKhan028,156608690,2024-01,19,34,8,2023–2024
mryaseenbalti,https://github.com/mryaseenbalti,156907279,2024-01,18,33,8,2023–2024
AnasSiddiqui242,https://github.com/AnasSiddiqui242,156575339,2024-01,16,33,8,2023–2024
MisbahZakirShah2005,https://github.com/MisbahZakirShah2005,156924729,2024-01,15,33,8,2023–2024
muzammildevel,https://github.com/muzammildevel,157912823,2024-01,12,32,8,2023–2024
Muhammad-Suban,https://github.com/Muhammad-Suban,157635647,2024-01,9,30,8,2023–2024
AbdulMoizZuberi,https://github.com/AbdulMoizZuberi,155897522,2024-01,6,30,8,2023–2024
ZarmeenFarooq05,https://github.com/ZarmeenFarooq05,156436306,2024-01,31,29,8,2023–2024
alishbabaloch,https://github.com/alishbabaloch,156114337,2024-01,6,29,8,2023–2024
asadkhokhar12,https://github.com/asadkhokhar12,155642845,2024-01,6,28,8,2023–2024
Nadeem1122143,https://github.com/Nadeem1122143,156535568,2024-01,19,27,8,2023–2024
Rida-fatima234,https://github.com/Rida-fatima234,157801932,2024-01,23,26,8,2023–2024
7amkhan,https://github.com/7amkhan,155732546,2024-01,22,26,8,2023–2024
abdulahad4201,https://github.com/abdulahad4201,156297308,2024-01,6,26,8,2023–2024
Muhammad-Ahmed004,https://github.com/Muhammad-Ahmed004,156076138,2024-01,10,25,8,2023–2024
SDanish0320,https://github.com/SDanish0320,155717667,2024-01,10,25,8,2023–2024
noorulahad,https://github.com/noorulahad,155560985,2024-01,6,25,8,2023–2024
rashidkh77,https://github.com/rashidkh77,155507370,2024-01,18,24,8,2023–2024
Noor-6340,https://github.com/Noor-6340,156820766,2024-01,14,24,8,2023–2024
MuhammadAshfaqAhmed,https://github.com/MuhammadAshfaqAhmed,157534656,2024-01,14,24,8,2023–2024
ASADKHAN222,https://github.com/ASADKHAN222,157883611,2024-01,14,24,8,2023–2024
Karim-Bukhsh,https://github.com/Karim-Bukhsh,155343439,2024-01,6,24,8,2023–2024
rafay98765,https://github.com/rafay98765,156686393,2024-01,19,23,8,2023–2024
HuzaifaIqbal1,https://github.com/HuzaifaIqbal1,158171475,2024-01,12,23,8,2023–2024
zeeshanahme,https://github.com/zeeshanahme,157682194,2024-01,14,22,8,2023–2024
AnnafYousuf,https://github.com/AnnafYousuf,156942483,2024-01,22,21,8,2023–2024
AdnanAsghar44,https://github.com/AdnanAsghar44,157691207,2024-01,14,21,8,2023–2024
HUZAIFASHAKEEL9,https://github.com/HUZAIFASHAKEEL9,157499192,2024-01,13,21,8,2023–2024
Ibrar29,https://github.com/Ibrar29,156094384,2024-01,12,21,8,2023–2024
Mohammadjahanzaib,https://github.com/Mohammadjahanzaib,157308796,2024-01,7,21,8,2023–2024
zeeshanmalik99804,https://github.com/zeeshanmalik99804,155730685,2024-01,14,20,8,2023–2024
sehrishyounus4,https://github.com/sehrishyounus4,157142237,2024-01,12,20,8,2023–2024
SyedMuhammadTalhaHasan,https://github.com/SyedMuhammadTalhaHasan,155646073,2024-01,9,20,8,2023–2024
aleysajjad,https://github.com/aleysajjad,157633197,2024-01,15,19,8,2023–2024
naveedhere,https://github.com/naveedhere,156527624,2024-01,8,19,8,2023–2024
raza7869999,https://github.com/raza7869999,157500053,2024-01,16,18,8,2023–2024
tanzeel25,https://github.com/tanzeel25,157237704,2024-01,9,18,8,2023–2024
ZAFARJAMALI,https://github.com/ZAFARJAMALI,157882201,2024-01,12,17,8,2023–2024
afrakh,https://github.com/afrakh,160423001,2024-02,22,12154,8,2023–2024
HIGH-TECH-BOTS-MAKER,https://github.com/HIGH-TECH-BOTS-MAKER,158988215,2024-02,27,3277,8,2023–2024
asadullah48,https://github.com/asadullah48,161634653,2024-02,462,1845,8,2023–2024
mshsheikh,https://github.com/mshsheikh,160324527,2024-02,69,1731,8,2023–2024
Tahasiraj1,https://github.com/Tahasiraj1,160783918,2024-02,106,1607,8,2023–2024
OsamabinAdnan,https://github.com/OsamabinAdnan,160324731,2024-02,40,1242,8,2023–2024
Dev-AqsaShah,https://github.com/Dev-AqsaShah,159179853,2024-02,54,1225,8,2023–2024
Tayyaba-Ramzan,https://github.com/Tayyaba-Ramzan,160269220,2024-02,82,1064,8,2023–2024
Ahmednoorani258,https://github.com/Ahmednoorani258,159555834,2024-02,74,982,8,2023–2024
maheeen-khan,https://github.com/maheeen-khan,158697726,2024-02,100,934,8,2023–2024
AbdulSamad94,https://github.com/AbdulSamad94,160336057,2024-02,71,933,8,2023–2024
SHAFIQUEKHANZADA,https://github.com/SHAFIQUEKHANZADA,160214626,2024-02,58,926,8,2023–2024
SYED-MHAMIL,https://github.com/SYED-MHAMIL,160579726,2024-02,48,865,8,2023–2024
M-Talha183,https://github.com/M-Talha183,160308178,2024-02,62,853,8,2023–2024
hadeedhussainmemon,https://github.com/hadeedhussainmemon,159734053,2024-02,43,796,8,2023–2024
RajeelSiddiqui1,https://github.com/RajeelSiddiqui1,159783237,2024-02,52,785,8,2023–2024
Amraha-Anwar,https://github.com/Amraha-Anwar,160616387,2024-02,49,782,8,2023–2024
maryamarif24,https://github.com/maryamarif24,160311643,2024-02,82,778,8,2023–2024
Khubaib-shah,https://github.com/Khubaib-shah,160419480,2024-02,50,737,8,2023–2024
Rohitrai12,https://github.com/Rohitrai12,161055240,2024-02,45,711,8,2023–2024
Web-Affan-Farooq,https://github.com/Web-Affan-Farooq,158605789,2024-02,44,698,8,2023–2024
alirazapoonja,https://github.com/alirazapoonja,160298055,2024-02,81,686,8,2023–2024
MuhammadMuneeb-Arif,https://github.com/MuhammadMuneeb-Arif,161030327,2024-02,28,672,8,2023–2024
MrOwaisAbdullah,https://github.com/MrOwaisAbdullah,159168890,2024-02,37,662,8,2023–2024
AsfaQasim,https://github.com/AsfaQasim,160766420,2024-02,152,658,8,2023–2024
Yusra-Saleem,https://github.com/Yusra-Saleem,159941826,2024-02,60,615,8,2023–2024
MuhammadFuzail591,https://github.com/MuhammadFuzail591,159969929,2024-02,70,609,8,2023–2024
Rohankhan999,https://github.com/Rohankhan999,159823468,2024-02,77,586,8,2023–2024
mussaratshamsher,https://github.com/mussaratshamsher,160605069,2024-02,60,586,8,2023–2024
Ahmed12590,https://github.com/Ahmed12590,160394917,2024-02,40,586,8,2023–2024
harisawan27,https://github.com/harisawan27,160159398,2024-02,35,571,8,2023–2024
codewithhoney24,https://github.com/codewithhoney24,161060487,2024-02,75,556,8,2023–2024
nabeel-flutter,https://github.com/nabeel-flutter,160712049,2024-02,20,547,8,2023–2024
Subhan-Anwer,https://github.com/Subhan-Anwer,161002332,2024-02,47,543,8,2023–2024
farida-bano,https://github.com/farida-bano,159705091,2024-02,146,540,8,2023–2024
waasimAnsari786,https://github.com/waasimAnsari786,161191967,2024-02,51,540,8,2023–2024
HKMentor,https://github.com/HKMentor,160629586,2024-02,97,536,8,2023–2024
FAIZANAAZ,https://github.com/FAIZANAAZ,160342268,2024-02,54,529,8,2023–2024
Mueza-Ejaz,https://github.com/Mueza-Ejaz,159851369,2024-02,24,529,8,2023–2024
mfahadahmed2020,https://github.com/mfahadahmed2020,160360284,2024-02,49,520,8,2023–2024
ahmed2402,https://github.com/ahmed2402,160539011,2024-02,59,516,8,2023–2024
MuzaffarAli13,https://github.com/MuzaffarAli13,160321216,2024-02,113,507,8,2023–2024
Awais68,https://github.com/Awais68,161300531,2024-02,117,503,8,2023–2024
Hamza-Sheikh-02,https://github.com/Hamza-Sheikh-02,160158151,2024-02,50,496,8,2023–2024
khanzadigithubid,https://github.com/khanzadigithubid,160390882,2024-02,161,492,8,2023–2024
BilqeesShahid,https://github.com/BilqeesShahid,161162316,2024-02,57,488,8,2023–2024
Shahzaib-Anees,https://github.com/Shahzaib-Anees,159277068,2024-02,64,487,8,2023–2024
rktech0078,https://github.com/rktech0078,160124493,2024-02,73,481,8,2023–2024
Sharmeen-Fatima,https://github.com/Sharmeen-Fatima,160964441,2024-02,23,465,8,2023–2024
m-Alishahid,https://github.com/m-Alishahid,160266513,2024-02,58,459,8,2023–2024
Ahmed-KHI,https://github.com/Ahmed-KHI,160250051,2024-02,95,452,8,2023–2024
KanwalHeer,https://github.com/KanwalHeer,160328670,2024-02,89,444,8,2023–2024
Hafiz-Hamzaa,https://github.com/Hafiz-Hamzaa,161071471,2024-02,50,440,8,2023–2024
Muhammadtalalliaquat,https://github.com/Muhammadtalalliaquat,160119412,2024-02,17,434,8,2023–2024
ParvezCoder,https://github.com/ParvezCoder,159958520,2024-02,70,431,8,2023–2024
Asmayaseen,https://github.com/Asmayaseen,159251930,2024-02,73,425,8,2023–2024
DanishHaji,https://github.com/DanishHaji,160336776,2024-02,77,419,8,2023–2024
AbduSubhan11,https://github.com/AbduSubhan11,160301116,2024-02,49,411,8,2023–2024
Sobansaud,https://github.com/Sobansaud,159770646,2024-02,77,410,8,2023–2024
ayesha-offical,https://github.com/ayesha-offical,160173599,2024-02,68,403,8,2023–2024
hassanzzzj,https://github.com/hassanzzzj,159829883,2024-02,28,401,8,2023–2024
muhammadz24,https://github.com/muhammadz24,160604732,2024-02,7,397,8,2023–2024
MalikUmair5,https://github.com/MalikUmair5,160542721,2024-02,31,393,8,2023–2024
Komal-shah22,https://github.com/Komal-shah22,160298356,2024-02,70,392,8,2023–2024
Alyan130,https://github.com/Alyan130,159697584,2024-02,67,392,8,2023–2024
FatimaaShahid,https://github.com/FatimaaShahid,160149262,2024-02,24,388,8,2023–2024
Alizabatool4268,https://github.com/Alizabatool4268,160774438,2024-02,61,387,8,2023–2024
Zistaza,https://github.com/Zistaza,160335642,2024-02,47,387,8,2023–2024
ShaziaBinteSattar,https://github.com/ShaziaBinteSattar,159663846,2024-02,48,386,8,2023–2024
Syedaashnaghazanfar,https://github.com/Syedaashnaghazanfar,160127890,2024-02,62,380,8,2023–2024
MariaKhan10,https://github.com/MariaKhan10,161065742,2024-02,63,379,8,2023–2024
SyedAbdulSami1,https://github.com/SyedAbdulSami1,161082833,2024-02,40,379,8,2023–2024
arsalan4work,https://github.com/arsalan4work,159767100,2024-02,39,375,8,2023–2024
Laiba3009,https://github.com/Laiba3009,159459746,2024-02,42,374,8,2023–2024
suhaibshaikh03,https://github.com/suhaibshaikh03,160228973,2024-02,47,370,8,2023–2024
Hasan9060,https://github.com/Hasan9060,160109106,2024-02,29,363,8,2023–2024
saqibsattar07,https://github.com/saqibsattar07,159882823,2024-02,41,358,8,2023–2024
konain611,https://github.com/konain611,160852908,2024-02,25,358,8,2023–2024
Shehreen43,https://github.com/Shehreen43,160480886,2024-02,47,352,8,2023–2024
Haseebullahkehar,https://github.com/Haseebullahkehar,159536251,2024-02,62,347,8,2023–2024
shakir-hussain1,https://github.com/shakir-hussain1,161478273,2024-02,52,347,8,2023–2024
nishanazar,https://github.com/nishanazar,159318057,2024-02,100,344,8,2023–2024
AliyanJabbar,https://github.com/AliyanJabbar,160884925,2024-02,49,342,8,2023–2024
Coderhubs,https://github.com/Coderhubs,160333925,2024-02,86,341,8,2023–2024
MrAfoo,https://github.com/MrAfoo,160457228,2024-02,38,341,8,2023–2024
NabeelManjhoti,https://github.com/NabeelManjhoti,160395774,2024-02,31,337,8,2023–2024
Mariam-Rauf01,https://github.com/Mariam-Rauf01,160196063,2024-02,68,336,8,2023–2024
HumaizaNaz,https://github.com/HumaizaNaz,159733464,2024-02,133,333,8,2023–2024
ayesha-enayat,https://github.com/ayesha-enayat,159280268,2024-02,65,332,8,2023–2024
UzairBinAsif,https://github.com/UzairBinAsif,160782214,2024-02,78,331,8,2023–2024
MoizQureshi1,https://github.com/MoizQureshi1,159722436,2024-02,63,331,8,2023–2024
AyeshaQadir7,https://github.com/AyeshaQadir7,160324177,2024-02,41,331,8,2023–2024
ABDUL-REHMAN-786,https://github.com/ABDUL-REHMAN-786,160714317,2024-02,96,330,8,2023–2024
asharibshahid,https://github.com/asharibshahid,160227183,2024-02,90,329,8,2023–2024
ammarakk,https://github.com/ammarakk,161769688,2024-02,38,324,8,2023–2024
hamzaahmed987,https://github.com/hamzaahmed987,159677434,2024-02,51,319,8,2023–2024
AsmaIqbal01,https://github.com/AsmaIqbal01,160020470,2024-02,50,317,8,2023–2024
Anum1225,https://github.com/Anum1225,159945724,2024-02,64,314,8,2023–2024
Sabarizi,https://github.com/Sabarizi,160276605,2024-02,49,313,8,2023–2024
Muniza-NAbeel,https://github.com/Muniza-NAbeel,159540004,2024-02,75,309,8,2023–2024
javeri-a,https://github.com/javeri-a,160253455,2024-02,82,308,8,2023–2024
sheery21,https://github.com/sheery21,159801295,2024-02,52,306,8,2023–2024
UmerNoor-cmd,https://github.com/UmerNoor-cmd,159545608,2024-02,14,306,8,2023–2024
muhammadHamzaIsmaeel,https://github.com/muhammadHamzaIsmaeel,160408037,2024-02,42,304,8,2023–2024
RameezBadruddinKhwaja,https://github.com/RameezBadruddinKhwaja,161029832,2024-02,24,301,8,2023–2024
nitoo124,https://github.com/nitoo124,160069703,2024-02,53,295,8,2023–2024
Raviparwani,https://github.com/Raviparwani,159183341,2024-02,51,295,8,2023–2024
Maksof-waqarahmed,https://github.com/Maksof-waqarahmed,160152452,2024-02,16,294,8,2023–2024
mudasirsohail,https://github.com/mudasirsohail,159764920,2024-02,60,289,8,2023–2024
sabreenadaniyal,https://github.com/sabreenadaniyal,160657530,2024-02,72,284,8,2023–2024
OwaisZafar01,https://github.com/OwaisZafar01,160116972,2024-02,18,284,8,2023–2024
AsiyaIrfan234,https://github.com/AsiyaIrfan234,160402332,2024-02,67,283,8,2023–2024
hamzanasir123,https://github.com/hamzanasir123,161011944,2024-02,41,281,8,2023–2024
nidanasar,https://github.com/nidanasar,159262333,2024-02,56,278,8,2023–2024
Abrar-Rizvi,https://github.com/Abrar-Rizvi,160180289,2024-02,37,277,8,2023–2024
UroobaSiddiqui01,https://github.com/UroobaSiddiqui01,160516454,2024-02,50,274,8,2023–2024
Tribalschief,https://github.com/Tribalschief,159126492,2024-02,48,274,8,2023–2024
Danishhshahid,https://github.com/Danishhshahid,160201946,2024-02,61,272,8,2023–2024
huzaifanaeem1,https://github.com/huzaifanaeem1,159990985,2024-02,49,272,8,2023–2024
MrArsalAli,https://github.com/MrArsalAli,159891871,2024-02,27,271,8,2023–2024
muhammadanas05,https://github.com/muhammadanas05,159054672,2024-02,42,265,8,2023–2024
mesumali-dev,https://github.com/mesumali-dev,159684450,2024-02,40,265,8,2023–2024
NaziaImran786,https://github.com/NaziaImran786,161065738,2024-02,64,264,8,2023–2024
missmehakalamgir,https://github.com/missmehakalamgir,159041130,2024-02,26,262,8,2023–2024
sharjeeltanoli,https://github.com/sharjeeltanoli,160207515,2024-02,14,262,8,2023–2024
Kinzaqirat,https://github.com/Kinzaqirat,159807119,2024-02,112,261,8,2023–2024
DUAAPIRZADA22,https://github.com/DUAAPIRZADA22,160533681,2024-02,46,257,8,2023–2024
AI-Balushi,https://github.com/AI-Balushi,160419202,2024-02,79,256,8,2023–2024
SaadALam7865,https://github.com/SaadALam7865,160412680,2024-02,85,255,8,2023–2024
Huzaifa-mh,https://github.com/Huzaifa-mh,159887204,2024-02,28,255,8,2023–2024
SirAhsanKhan,https://github.com/SirAhsanKhan,160267311,2024-02,47,247,8,2023–2024
ShahmeerAli2002,https://github.com/ShahmeerAli2002,160905960,2024-02,48,246,8,2023–2024
ArfaShoaib,https://github.com/ArfaShoaib,160059316,2024-02,52,245,8,2023–2024
Bilal0080,https://github.com/Bilal0080,160335135,2024-02,142,243,8,2023–2024
alizaidi123,https://github.com/alizaidi123,159936656,2024-02,32,242,8,2023–2024
jawarianoor,https://github.com/jawarianoor,160591831,2024-02,56,241,8,2023–2024
MUKARRAM-ONE,https://github.com/MUKARRAM-ONE,160713208,2024-02,11,240,8,2023–2024
Muhammad-Shazaib,https://github.com/Muhammad-Shazaib,161204635,2024-02,64,239,8,2023–2024
MohammedDaniyalRaza,https://github.com/MohammedDaniyalRaza,160598244,2024-02,74,234,8,2023–2024
IsraImran00,https://github.com/IsraImran00,161215461,2024-02,12,234,8,2023–2024
NaveedTechLab,https://github.com/NaveedTechLab,159702070,2024-02,54,232,8,2023–2024
Huzaifa206,https://github.com/Huzaifa206,160318673,2024-02,28,232,8,2023–2024
hashir-qt,https://github.com/hashir-qt,159802443,2024-02,41,230,8,2023–2024
fuzailxkhan,https://github.com/fuzailxkhan,159718716,2024-02,13,228,8,2023–2024
LoyalSaadKhan,https://github.com/LoyalSaadKhan,160644562,2024-02,55,225,8,2023–2024
Gul524,https://github.com/Gul524,159483309,2024-02,51,224,8,2023–2024
MudasserHaryani,https://github.com/MudasserHaryani,160148229,2024-02,52,222,8,2023–2024
Shahab-Saeed,https://github.com/Shahab-Saeed,161280552,2024-02,67,220,8,2023–2024
M-TalalSid,https://github.com/M-TalalSid,160588772,2024-02,38,219,8,2023–2024
WaniaAzamm,https://github.com/WaniaAzamm,159264679,2024-02,57,218,8,2023–2024
Anushakashif,https://github.com/Anushakashif,160410652,2024-02,81,217,8,2023–2024
tabiqchohan,https://github.com/tabiqchohan,160527853,2024-02,71,217,8,2023–2024
KabirKhan1512,https://github.com/KabirKhan1512,158514239,2024-02,25,215,8,2023–2024
tayyabfayyaz,https://github.com/tayyabfayyaz,160423815,2024-02,53,213,8,2023–2024
MuhammadEhtisham816,https://github.com/MuhammadEhtisham816,160014843,2024-02,47,213,8,2023–2024
RubiAbid,https://github.com/RubiAbid,160261062,2024-02,26,212,8,2023–2024
mussawirsohail,https://github.com/mussawirsohail,159765711,2024-02,67,211,8,2023–2024
zahoor303,https://github.com/zahoor303,160278589,2024-02,43,211,8,2023–2024
Horiyasiddique,https://github.com/Horiyasiddique,160617521,2024-02,44,210,8,2023–2024
MohsinKhan94,https://github.com/MohsinKhan94,159677872,2024-02,53,209,8,2023–2024
Asim1112,https://github.com/Asim1112,160968196,2024-02,46,208,8,2023–2024
nigarishrehmansarmad,https://github.com/nigarishrehmansarmad,160413014,2024-02,19,208,8,2023–2024
AreebaNafees16,https://github.com/AreebaNafees16,160394785,2024-02,46,204,8,2023–2024
Amnaahmed798,https://github.com/Amnaahmed798,160534192,2024-02,48,202,8,2023–2024
hamdanbhatti,https://github.com/hamdanbhatti,159690074,2024-02,40,201,8,2023–2024
aimanwajid,https://github.com/aimanwajid,160015203,2024-02,88,200,8,2023–2024
Raimaqureshi,https://github.com/Raimaqureshi,160346043,2024-02,29,200,8,2023–2024
Akhlaque-1,https://github.com/Akhlaque-1,161037198,2024-02,94,197,8,2023–2024
Tayyaba10,https://github.com/Tayyaba10,159796040,2024-02,64,196,8,2023–2024
gsarwarkhan,https://github.com/gsarwarkhan,160528570,2024-02,22,196,8,2023–2024
neha-arshad,https://github.com/neha-arshad,159463723,2024-02,57,195,8,2023–2024
Hafiz-Muhammad-Umar12,https://github.com/Hafiz-Muhammad-Umar12,161359601,2024-02,67,194,8,2023–2024
Muhammad-Talha33,https://github.com/Muhammad-Talha33,160430120,2024-02,49,194,8,2023–2024
Mohsin-Ali0,https://github.com/Mohsin-Ali0,160528279,2024-02,6,193,8,2023–2024
UmmeHabiba1312,https://github.com/UmmeHabiba1312,161445850,2024-02,50,189,8,2023–2024
Nadeemkhan878,https://github.com/Nadeemkhan878,160847092,2024-02,17,189,8,2023–2024
mimranashraf,https://github.com/mimranashraf,160359799,2024-02,14,189,8,2023–2024
syedaareebashah,https://github.com/syedaareebashah,160355732,2024-02,57,188,8,2023–2024
KashifHanif628,https://github.com/KashifHanif628,160410362,2024-02,46,188,8,2023–2024
Tahiraibrahim,https://github.com/Tahiraibrahim,160601974,2024-02,65,185,8,2023–2024
faiza-khatri,https://github.com/faiza-khatri,161750227,2024-02,11,185,8,2023–2024
Ubaid2116,https://github.com/Ubaid2116,159616850,2024-02,61,183,8,2023–2024
MuhibAnwar,https://github.com/MuhibAnwar,160424220,2024-02,71,182,8,2023–2024
Shahheerr,https://github.com/Shahheerr,159336048,2024-02,50,181,8,2023–2024
AbulQasimbintariq,https://github.com/AbulQasimbintariq,160298461,2024-02,39,181,8,2023–2024
024ahmad,https://github.com/024ahmad,159168988,2024-02,35,181,8,2023–2024
IRmaju,https://github.com/IRmaju,160304483,2024-02,69,179,8,2023–2024
iffatmumtaz,https://github.com/iffatmumtaz,160539573,2024-02,33,179,8,2023–2024
Muqeetahmedsolangi,https://github.com/Muqeetahmedsolangi,159419158,2024-02,23,179,8,2023–2024
Foqia-Sd,https://github.com/Foqia-Sd,160354822,2024-02,63,176,8,2023–2024
muhammadazhar17,https://github.com/muhammadazhar17,160399289,2024-02,55,176,8,2023–2024
AREEBA-FATIMA,https://github.com/AREEBA-FATIMA,161416367,2024-02,49,176,8,2023–2024
Shafiquebaloch,https://github.com/Shafiquebaloch,159999483,2024-02,56,174,8,2023–2024
shumaila34,https://github.com/shumaila34,159416618,2024-02,54,174,8,2023–2024
Murad-Hasil,https://github.com/Murad-Hasil,160184391,2024-02,38,173,8,2023–2024
SyedaQurrat,https://github.com/SyedaQurrat,160321850,2024-02,58,172,8,2023–2024
Muhammad-Umair13,https://github.com/Muhammad-Umair13,160301486,2024-02,33,172,8,2023–2024
Nandinikaur,https://github.com/Nandinikaur,160272450,2024-02,22,172,8,2023–2024
OmamaKhokhar,https://github.com/OmamaKhokhar,161382166,2024-02,9,172,8,2023–2024
ravishfayyaz555,https://github.com/ravishfayyaz555,160616153,2024-02,48,171,8,2023–2024
syed-hamza-qadri,https://github.com/syed-hamza-qadri,160990720,2024-02,22,171,8,2023–2024
SyedaMehakShah,https://github.com/SyedaMehakShah,160258619,2024-02,48,170,8,2023–2024
RaoAsadMehmood,https://github.com/RaoAsadMehmood,160304922,2024-02,34,170,8,2023–2024
majidali321,https://github.com/majidali321,159675272,2024-02,83,168,8,2023–2024
JamilRaza001,https://github.com/JamilRaza001,159478196,2024-02,49,168,8,2023–2024
huzaifaqazi,https://github.com/huzaifaqazi,160002762,2024-02,38,167,8,2023–2024
MehjabinKhan,https://github.com/MehjabinKhan,161743992,2024-02,75,166,8,2023–2024
syedjalees,https://github.com/syedjalees,161203405,2024-02,69,166,8,2023–2024
Umama-aqeel55,https://github.com/Umama-aqeel55,160519385,2024-02,42,166,8,2023–2024
syeda-inshrah,https://github.com/syeda-inshrah,161240095,2024-02,37,166,8,2023–2024
warisha234,https://github.com/warisha234,160381321,2024-02,55,165,8,2023–2024
laraib28,https://github.com/laraib28,161297553,2024-02,44,164,8,2023–2024
Zainscity,https://github.com/Zainscity,160318960,2024-02,28,164,8,2023–2024
MuneebAbro,https://github.com/MuneebAbro,160047618,2024-02,26,164,8,2023–2024
Qandeel-Kamran,https://github.com/Qandeel-Kamran,160300255,2024-02,41,160,8,2023–2024
syedhussainfaiq,https://github.com/syedhussainfaiq,159991416,2024-02,48,159,8,2023–2024
Zeeshan-Islam1,https://github.com/Zeeshan-Islam1,159948421,2024-02,63,157,8,2023–2024
asadshabir,https://github.com/asadshabir,160601626,2024-02,50,157,8,2023–2024
Nasreenkh,https://github.com/Nasreenkh,160172100,2024-02,83,156,8,2023–2024
Mishal55,https://github.com/Mishal55,160596015,2024-02,58,156,8,2023–2024
sameedpanjwani19,https://github.com/sameedpanjwani19,160429352,2024-02,53,156,8,2023–2024
AbdWebDeveloper14,https://github.com/AbdWebDeveloper14,161311189,2024-02,101,154,8,2023–2024
Muskanateeq,https://github.com/Muskanateeq,160276256,2024-02,54,152,8,2023–2024
Muhammad-Taha-Ansari,https://github.com/Muhammad-Taha-Ansari,159691554,2024-02,21,150,8,2023–2024
AneelaTasneem,https://github.com/AneelaTasneem,160921440,2024-02,46,147,8,2023–2024
Ghazal010,https://github.com/Ghazal010,159722197,2024-02,25,147,8,2023–2024
erumQaimkhani,https://github.com/erumQaimkhani,160758395,2024-02,66,146,8,2023–2024
awais4212,https://github.com/awais4212,160838760,2024-02,36,146,8,2023–2024
abdulbasitkhalsai,https://github.com/abdulbasitkhalsai,159104074,2024-02,20,146,8,2023–2024
Sheikh-Anas-Tauseef,https://github.com/Sheikh-Anas-Tauseef,160004128,2024-02,28,142,8,2023–2024
Hamza-Bashir-Sheikh,https://github.com/Hamza-Bashir-Sheikh,160736098,2024-02,26,142,8,2023–2024
Aqsamajeed00,https://github.com/Aqsamajeed00,160129099,2024-02,51,141,8,2023–2024
abdulrehman1101,https://github.com/abdulrehman1101,160239442,2024-02,34,141,8,2023–2024
Syeddeveloper29,https://github.com/Syeddeveloper29,158597106,2024-02,7,141,8,2023–2024
rizwee88,https://github.com/rizwee88,160095020,2024-02,43,140,8,2023–2024
mahnoorfatimafaizi,https://github.com/mahnoorfatimafaizi,160643973,2024-02,31,140,8,2023–2024
wasiqqniaz,https://github.com/wasiqqniaz,158455661,2024-02,18,139,8,2023–2024
1122anum,https://github.com/1122anum,159599480,2024-02,24,138,8,2023–2024
faizarao2,https://github.com/faizarao2,159902088,2024-02,68,137,8,2023–2024
hibaziaa,https://github.com/hibaziaa,160928262,2024-02,27,134,8,2023–2024
Abdullah-765,https://github.com/Abdullah-765,161123631,2024-02,14,133,8,2023–2024
Muhammad-Yousuf3,https://github.com/Muhammad-Yousuf3,160311322,2024-02,31,132,8,2023–2024
sadafcode,https://github.com/sadafcode,161233638,2024-02,33,131,8,2023–2024
maryamtamkinat,https://github.com/maryamtamkinat,160237233,2024-02,15,131,8,2023–2024
BilalShaheen09,https://github.com/BilalShaheen09,161133519,2024-02,60,129,8,2023–2024
RidBatool,https://github.com/RidBatool,159608452,2024-02,30,127,8,2023–2024
faizanfareed275,https://github.com/faizanfareed275,159105712,2024-02,25,126,8,2023–2024
FaizanAtif,https://github.com/FaizanAtif,159905173,2024-02,16,126,8,2023–2024
MohammadSiddiq05,https://github.com/MohammadSiddiq05,160848382,2024-02,38,124,8,2023–2024
MuhammadOwais1412,https://github.com/MuhammadOwais1412,160862721,2024-02,41,123,8,2023–2024
SaifAli221211995,https://github.com/SaifAli221211995,159776527,2024-02,19,122,8,2023–2024
Imranlat,https://github.com/Imranlat,159417772,2024-02,59,120,8,2023–2024
Misbahahmed857,https://github.com/Misbahahmed857,160532699,2024-02,32,119,8,2023–2024
jawadjamro,https://github.com/jawadjamro,159148373,2024-02,28,118,8,2023–2024
Mehtabkanwal,https://github.com/Mehtabkanwal,159461530,2024-02,22,117,8,2023–2024
faraz-ahmed-1,https://github.com/faraz-ahmed-1,160867955,2024-02,12,117,8,2023–2024
Muhammadanusahmed,https://github.com/Muhammadanusahmed,160781213,2024-02,49,116,8,2023–2024
1hmed1,https://github.com/1hmed1,159168944,2024-02,23,114,8,2023–2024
AnumAhte,https://github.com/AnumAhte,161243181,2024-02,40,112,8,2023–2024
Sh786-cloud,https://github.com/Sh786-cloud,160265285,2024-02,25,111,8,2023–2024
hassansherwani2610,https://github.com/hassansherwani2610,161134839,2024-02,21,110,8,2023–2024
MdIbrahimAyub,https://github.com/MdIbrahimAyub,160206759,2024-02,62,108,8,2023–2024
SarwatJahan22,https://github.com/SarwatJahan22,159925204,2024-02,50,108,8,2023–2024
M-Rabi-Hasan,https://github.com/M-Rabi-Hasan,161161009,2024-02,43,108,8,2023–2024
AynnFatima999,https://github.com/AynnFatima999,159217557,2024-02,35,107,8,2023–2024
Ayesha367,https://github.com/Ayesha367,160249473,2024-02,45,104,8,2023–2024
akif-mehmood,https://github.com/akif-mehmood,160496414,2024-02,24,103,8,2023–2024
syedhamzaimran31,https://github.com/syedhamzaimran31,161025090,2024-02,23,103,8,2023–2024
Areeba-Mansoor,https://github.com/Areeba-Mansoor,159564271,2024-02,36,102,8,2023–2024
akbarabro,https://github.com/akbarabro,159985191,2024-02,15,102,8,2023–2024
Ramzan-Asif,https://github.com/Ramzan-Asif,159228751,2024-02,13,101,8,2023–2024
MuhammadAliShaikh0,https://github.com/MuhammadAliShaikh0,159954209,2024-02,67,100,8,2023–2024
FcnAshir,https://github.com/FcnAshir,160272348,2024-02,53,100,8,2023–2024
fazilataqveem19,https://github.com/fazilataqveem19,160248624,2024-02,37,100,8,2023–2024
Wasif-Shahzad,https://github.com/Wasif-Shahzad,159248937,2024-02,24,100,8,2023–2024
FarihaSheikh,https://github.com/FarihaSheikh,160753465,2024-02,19,100,8,2023–2024
shahidkkan,https://github.com/shahidkkan,161056935,2024-02,32,99,8,2023–2024
Hassam472,https://github.com/Hassam472,159873960,2024-02,24,99,8,2023–2024
safaaslam96,https://github.com/safaaslam96,160883400,2024-02,20,98,8,2023–2024
sarsaj,https://github.com/sarsaj,160398514,2024-02,38,97,8,2023–2024
Shahzadhussain2005,https://github.com/Shahzadhussain2005,159338754,2024-02,14,97,8,2023–2024
arbazkhndev,https://github.com/arbazkhndev,160440440,2024-02,9,97,8,2023–2024
student-shoaibsoomro,https://github.com/student-shoaibsoomro,159219257,2024-02,52,96,8,2023–2024
MahnoorGujjar,https://github.com/MahnoorGujjar,160156566,2024-02,51,96,8,2023–2024
Noormajeed00,https://github.com/Noormajeed00,160132632,2024-02,35,96,8,2023–2024
syedabdullahuddin,https://github.com/syedabdullahuddin,160462766,2024-02,29,96,8,2023–2024
huzaifarabnawaz,https://github.com/huzaifarabnawaz,160651248,2024-02,17,95,8,2023–2024
manahilhafiza,https://github.com/manahilhafiza,161109728,2024-02,15,95,8,2023–2024
Duamajeed00,https://github.com/Duamajeed00,160130460,2024-02,41,94,8,2023–2024
RaheelAfzal98,https://github.com/RaheelAfzal98,160074870,2024-02,33,94,8,2023–2024
avais0,https://github.com/avais0,158489219,2024-02,60,93,8,2023–2024
FatehaAli,https://github.com/FatehaAli,159626652,2024-02,26,93,8,2023–2024
RizAkh29,https://github.com/RizAkh29,160669896,2024-02,46,92,8,2023–2024
WaqarAhmedSahito,https://github.com/WaqarAhmedSahito,160263327,2024-02,28,92,8,2023–2024
shoaiburrehman2211,https://github.com/shoaiburrehman2211,160622745,2024-02,48,91,8,2023–2024
AnilaWaqar,https://github.com/AnilaWaqar,160339061,2024-02,37,91,8,2023–2024
Rahimashaikh,https://github.com/Rahimashaikh,160630789,2024-02,29,90,8,2023–2024
muzammildha,https://github.com/muzammildha,160042640,2024-02,34,88,8,2023–2024
Hadikhan608,https://github.com/Hadikhan608,161719851,2024-02,45,87,8,2023–2024
Azaanahmadsiddiqui,https://github.com/Azaanahmadsiddiqui,160166682,2024-02,34,87,8,2023–2024
pixelman10,https://github.com/pixelman10,160340063,2024-02,16,87,8,2023–2024
muhammadhuzaifa795,https://github.com/muhammadhuzaifa795,159776917,2024-02,14,87,8,2023–2024
BushraTariq1624,https://github.com/BushraTariq1624,159144334,2024-02,34,86,8,2023–2024
1089taha,https://github.com/1089taha,161455916,2024-02,29,86,8,2023–2024
HuzaifaSubhani,https://github.com/HuzaifaSubhani,161211378,2024-02,10,85,8,2023–2024
IamAbdulRaheem,https://github.com/IamAbdulRaheem,160466726,2024-02,6,84,8,2023–2024
SyedMuhammadSuleman-04,https://github.com/SyedMuhammadSuleman-04,159673390,2024-02,48,83,8,2023–2024
AliBariz,https://github.com/AliBariz,160329277,2024-02,28,83,8,2023–2024
AmnaKafeel,https://github.com/AmnaKafeel,160414049,2024-02,20,83,8,2023–2024
SUMAIRA-SHAIKH,https://github.com/SUMAIRA-SHAIKH,160852390,2024-02,36,82,8,2023–2024
MuhammadIsmailShakir2009,https://github.com/MuhammadIsmailShakir2009,160407658,2024-02,33,82,8,2023–2024
waterprooffish99,https://github.com/waterprooffish99,159779533,2024-02,31,82,8,2023–2024
Muhammadkashif5,https://github.com/Muhammadkashif5,161641171,2024-02,32,81,8,2023–2024
abdullakhaan,https://github.com/abdullakhaan,160167006,2024-02,16,81,8,2023–2024
syed-hamza-ali-hamdani,https://github.com/syed-hamza-ali-hamdani,161290095,2024-02,44,80,8,2023–2024
TabindaHashmat,https://github.com/TabindaHashmat,159946123,2024-02,54,79,8,2023–2024
atifhasans,https://github.com/atifhasans,160311906,2024-02,46,79,8,2023–2024
Taharahim,https://github.com/Taharahim,160178509,2024-02,43,79,8,2023–2024
amirtariq273,https://github.com/amirtariq273,160172730,2024-02,13,79,8,2023–2024
hamza-shabbir-ansari,https://github.com/hamza-shabbir-ansari,160782327,2024-02,36,78,8,2023–2024
Nimratariq21,https://github.com/Nimratariq21,160537529,2024-02,33,78,8,2023–2024
AnisUrrehman58,https://github.com/AnisUrrehman58,159804848,2024-02,31,78,8,2023–2024
Izhar334,https://github.com/Izhar334,159410505,2024-02,30,78,8,2023–2024
iamshayan40,https://github.com/iamshayan40,160231716,2024-02,9,77,8,2023–2024
muhammadmazher,https://github.com/muhammadmazher,161349044,2024-02,9,77,8,2023–2024
yusra-sabir05,https://github.com/yusra-sabir05,161623126,2024-02,48,75,8,2023–2024
awannoman,https://github.com/awannoman,160035058,2024-02,33,75,8,2023–2024
ridadars,https://github.com/ridadars,158707496,2024-02,12,75,8,2023–2024
Fahad-240,https://github.com/Fahad-240,159483429,2024-02,61,74,8,2023–2024
Sumera1122,https://github.com/Sumera1122,159933790,2024-02,35,74,8,2023–2024
Ayan0314,https://github.com/Ayan0314,159645601,2024-02,21,74,8,2023–2024
ShezaShamsher,https://github.com/ShezaShamsher,160360815,2024-02,31,73,8,2023–2024
SYEDMUHAMMADFAHAD1,https://github.com/SYEDMUHAMMADFAHAD1,161588586,2024-02,25,73,8,2023–2024
Anayaabdulqadir,https://github.com/Anayaabdulqadir,161194191,2024-02,80,72,8,2023–2024
Rizwan1056,https://github.com/Rizwan1056,159781752,2024-02,35,72,8,2023–2024
Babar0051,https://github.com/Babar0051,160728600,2024-02,20,72,8,2023–2024
ohadraza7,https://github.com/ohadraza7,160280461,2024-02,17,72,8,2023–2024
MaryamSaleem000,https://github.com/MaryamSaleem000,161303403,2024-02,16,72,8,2023–2024
TahaSumeer,https://github.com/TahaSumeer,160264579,2024-02,10,72,8,2023–2024
Abdullah0270,https://github.com/Abdullah0270,159274276,2024-02,9,72,8,2023–2024
muhammadayandev,https://github.com/muhammadayandev,158440887,2024-02,17,71,8,2023–2024
aasrasiddiqui,https://github.com/aasrasiddiqui,161157768,2024-02,9,71,8,2023–2024
SyedAbdulhaseeb7,https://github.com/SyedAbdulhaseeb7,160216860,2024-02,38,70,8,2023–2024
Uzairnasirkhan,https://github.com/Uzairnasirkhan,160780417,2024-02,25,70,8,2023–2024
MuhammadArman1,https://github.com/MuhammadArman1,159246583,2024-02,27,69,8,2023–2024
UsmanRaees,https://github.com/UsmanRaees,160177186,2024-02,21,69,8,2023–2024
abdulmoiztech,https://github.com/abdulmoiztech,159163812,2024-02,13,68,8,2023–2024
ALINA-AFZAL,https://github.com/ALINA-AFZAL,161754754,2024-02,10,68,8,2023–2024
UmmiMursaleen,https://github.com/UmmiMursaleen,160594244,2024-02,13,67,8,2023–2024
parween47,https://github.com/parween47,159818516,2024-02,27,66,8,2023–2024
safwansaf123,https://github.com/safwansaf123,160263365,2024-02,35,65,8,2023–2024
salma6020,https://github.com/salma6020,160733107,2024-02,29,64,8,2023–2024
MHamzazai,https://github.com/MHamzazai,161155596,2024-02,23,64,8,2023–2024
xorkho,https://github.com/xorkho,160110213,2024-02,10,64,8,2023–2024
JawwadArif,https://github.com/JawwadArif,160530901,2024-02,6,64,8,2023–2024
Msaqibsuccess,https://github.com/Msaqibsuccess,159001445,2024-02,37,62,8,2023–2024
UmairYounusKhan,https://github.com/UmairYounusKhan,159928842,2024-02,28,62,8,2023–2024
Yousufza89,https://github.com/Yousufza89,160100888,2024-02,17,62,8,2023–2024
FizaIrfan3016,https://github.com/FizaIrfan3016,159923486,2024-02,44,61,8,2023–2024
Uroobakiran,https://github.com/Uroobakiran,160206924,2024-02,27,61,8,2023–2024
rubabarshad,https://github.com/rubabarshad,160515174,2024-02,20,61,8,2023–2024
Nianohacker07,https://github.com/Nianohacker07,159884224,2024-02,14,61,8,2023–2024
AyanAlam02,https://github.com/AyanAlam02,160322944,2024-02,12,61,8,2023–2024
muhammadsameer1257,https://github.com/muhammadsameer1257,160648778,2024-02,39,59,8,2023–2024
Kashifhussainjamali,https://github.com/Kashifhussainjamali,161131295,2024-02,21,59,8,2023–2024
alimuhib2009,https://github.com/alimuhib2009,160390031,2024-02,20,59,8,2023–2024
MubashirIbrahim19,https://github.com/MubashirIbrahim19,159209369,2024-02,10,59,8,2023–2024
Rizwanbaloch20,https://github.com/Rizwanbaloch20,160394505,2024-02,23,58,8,2023–2024
reyankabeer4,https://github.com/reyankabeer4,161030109,2024-02,18,58,8,2023–2024
kulsoom0324,https://github.com/kulsoom0324,160361519,2024-02,10,58,8,2023–2024
DanishAR12,https://github.com/DanishAR12,160243905,2024-02,25,57,8,2023–2024
Kashifzaii,https://github.com/Kashifzaii,161092915,2024-02,23,57,8,2023–2024
ayeshabilalkhan,https://github.com/ayeshabilalkhan,160850914,2024-02,40,56,8,2023–2024
mehmoodahmed2511,https://github.com/mehmoodahmed2511,159064633,2024-02,29,56,8,2023–2024
Jawwad-Ahmed-Khan,https://github.com/Jawwad-Ahmed-Khan,160674662,2024-02,15,56,8,2023–2024
Shahzilllll,https://github.com/Shahzilllll,160623950,2024-02,6,56,8,2023–2024
kaanmominaa24,https://github.com/kaanmominaa24,160432561,2024-02,37,55,8,2023–2024
iamrafeeq,https://github.com/iamrafeeq,159088886,2024-02,18,55,8,2023–2024
Saifullah-Yousuf,https://github.com/Saifullah-Yousuf,159821285,2024-02,15,55,8,2023–2024
fouzanasif,https://github.com/fouzanasif,160420253,2024-02,10,55,8,2023–2024
jawadunar,https://github.com/jawadunar,161045280,2024-02,30,54,8,2023–2024
Ubaidalam217,https://github.com/Ubaidalam217,160329146,2024-02,27,54,8,2023–2024
RimzaNawab33,https://github.com/RimzaNawab33,159931963,2024-02,33,53,8,2023–2024
HussainRafiq12,https://github.com/HussainRafiq12,160489258,2024-02,56,52,8,2023–2024
Asharrrr,https://github.com/Asharrrr,160232358,2024-02,22,52,8,2023–2024
khuzaima565,https://github.com/khuzaima565,159634602,2024-02,20,52,8,2023–2024
SyedAhmedii,https://github.com/SyedAhmedii,159244332,2024-02,26,51,8,2023–2024
Mubashirakhan03,https://github.com/Mubashirakhan03,161142526,2024-02,14,51,8,2023–2024
MISHirfan,https://github.com/MISHirfan,160887782,2024-02,41,50,8,2023–2024
mairakanwal301,https://github.com/mairakanwal301,159882309,2024-02,38,50,8,2023–2024
ShahzarKhanJadoon,https://github.com/ShahzarKhanJadoon,160519553,2024-02,11,50,8,2023–2024
Muhummahyousufbaig,https://github.com/Muhummahyousufbaig,161733628,2024-02,40,49,8,2023–2024
Bibirabia,https://github.com/Bibirabia,160909688,2024-02,35,49,8,2023–2024
Saba-Owais,https://github.com/Saba-Owais,159930764,2024-02,34,48,8,2023–2024
zainab20071,https://github.com/zainab20071,161482079,2024-02,29,48,8,2023–2024
FaiqaMuhammadYousuf,https://github.com/FaiqaMuhammadYousuf,159961887,2024-02,27,48,8,2023–2024
Dayaan-Shafique01,https://github.com/Dayaan-Shafique01,160642616,2024-02,17,48,8,2023–2024
ImranQ74,https://github.com/ImranQ74,161035737,2024-02,9,48,8,2023–2024
aamirkhanchanna,https://github.com/aamirkhanchanna,160345903,2024-02,33,47,8,2023–2024
Laibahanif90,https://github.com/Laibahanif90,161028105,2024-02,24,47,8,2023–2024
Hajraabbas,https://github.com/Hajraabbas,160392125,2024-02,23,47,8,2023–2024
Hamza45677,https://github.com/Hamza45677,160007687,2024-02,20,47,8,2023–2024
Zebakhan01,https://github.com/Zebakhan01,161262298,2024-02,16,47,8,2023–2024
humzaakhtarr,https://github.com/humzaakhtarr,160012454,2024-02,6,46,8,2023–2024
NarjisFatima62,https://github.com/NarjisFatima62,161502591,2024-02,33,45,8,2023–2024
JaweriaAbdulWahid,https://github.com/JaweriaAbdulWahid,160221682,2024-02,21,45,8,2023–2024
Talhakhan-TK,https://github.com/Talhakhan-TK,160854165,2024-02,17,45,8,2023–2024
waheedali6,https://github.com/waheedali6,159957713,2024-02,14,45,8,2023–2024
sarasaeed12,https://github.com/sarasaeed12,160360045,2024-02,28,44,8,2023–2024
IamNoorulain,https://github.com/IamNoorulain,160331698,2024-02,19,44,8,2023–2024
ahsanq46,https://github.com/ahsanq46,160235239,2024-02,11,44,8,2023–2024
WaheedAhmed74,https://github.com/WaheedAhmed74,159169508,2024-02,42,43,9,2024–2024
asadkhan25,https://github.com/asadkhan25,159226410,2024-02,15,43,9,2024–2024
AnasAslam1908,https://github.com/AnasAslam1908,161229851,2024-02,9,43,9,2024–2024
pariwish-qazi,https://github.com/pariwish-qazi,159458486,2024-02,18,42,9,2024–2024
maazmateen,https://github.com/maazmateen,159948937,2024-02,17,42,9,2024–2024
Rafi-Rafique,https://github.com/Rafi-Rafique,160730669,2024-02,36,41,9,2024–2024
GRAUF,https://github.com/GRAUF,159796130,2024-02,27,41,9,2024–2024
FIZZA-N,https://github.com/FIZZA-N,159961658,2024-02,19,41,9,2024–2024
mharisqadri,https://github.com/mharisqadri,161155392,2024-02,13,41,9,2024–2024
Zainshah7741,https://github.com/Zainshah7741,160332451,2024-02,12,41,9,2024–2024
Mahad737,https://github.com/Mahad737,160241414,2024-02,13,40,9,2024–2024
YoushaZaidi6,https://github.com/YoushaZaidi6,160392179,2024-02,12,40,9,2024–2024
Ghulam-ali-hamza,https://github.com/Ghulam-ali-hamza,160632697,2024-02,28,39,9,2024–2024
rimshaqureshii,https://github.com/rimshaqureshii,160319312,2024-02,19,39,9,2024–2024
Mhassankhann,https://github.com/Mhassankhann,159681554,2024-02,18,39,9,2024–2024
affansiddiqui27,https://github.com/affansiddiqui27,161294083,2024-02,38,38,9,2024–2024
SyedaSualeha38,https://github.com/SyedaSualeha38,161082561,2024-02,32,38,9,2024–2024
Misbah203,https://github.com/Misbah203,160401781,2024-02,20,38,9,2024–2024
Daniyal-Inam,https://github.com/Daniyal-Inam,159186143,2024-02,16,38,9,2024–2024
rafayfarooqui098,https://github.com/rafayfarooqui098,160497705,2024-02,10,38,9,2024–2024
Awais-official-Dev,https://github.com/Awais-official-Dev,159710992,2024-02,9,38,9,2024–2024
AqsaFaheem,https://github.com/AqsaFaheem,160123918,2024-02,25,37,9,2024–2024
waimran,https://github.com/waimran,159434788,2024-02,16,37,9,2024–2024
Mohammad-Hozaifa-Kashif,https://github.com/Mohammad-Hozaifa-Kashif,160115987,2024-02,31,36,9,2024–2024
muhammadasifrajput,https://github.com/muhammadasifrajput,161021186,2024-02,20,35,9,2024–2024
muhammadtauha,https://github.com/muhammadtauha,159771902,2024-02,9,35,9,2024–2024
Alpha125-mohsin,https://github.com/Alpha125-mohsin,160819810,2024-02,25,34,9,2024–2024
badshah0000,https://github.com/badshah0000,160645312,2024-02,19,34,9,2024–2024
SyedMuhammadHussainZaidi,https://github.com/SyedMuhammadHussainZaidi,159180592,2024-02,13,34,9,2024–2024
preetkumar07,https://github.com/preetkumar07,159679141,2024-02,8,34,9,2024–2024
ushaheen0000,https://github.com/ushaheen0000,160238653,2024-02,19,33,9,2024–2024
alikhawaja1,https://github.com/alikhawaja1,158514241,2024-02,13,33,9,2024–2024
Naveedians,https://github.com/Naveedians,160510766,2024-02,20,32,9,2024–2024
MuhammadTaha-3,https://github.com/MuhammadTaha-3,161316243,2024-02,17,32,9,2024–2024
samis-coding,https://github.com/samis-coding,161024844,2024-02,17,32,9,2024–2024
Inneoxent,https://github.com/Inneoxent,159703488,2024-02,14,32,9,2024–2024
bushra-id,https://github.com/bushra-id,161571800,2024-02,11,32,9,2024–2024
m-huzaifa1,https://github.com/m-huzaifa1,159042855,2024-02,7,32,9,2024–2024
BushraMehmood,https://github.com/BushraMehmood,161430726,2024-02,16,31,9,2024–2024
MSkhan2002,https://github.com/MSkhan2002,159881337,2024-02,12,31,9,2024–2024
XENMALIK,https://github.com/XENMALIK,159197832,2024-02,11,31,9,2024–2024
Talha0022,https://github.com/Talha0022,160328873,2024-02,7,31,9,2024–2024
SaniaMabainAli,https://github.com/SaniaMabainAli,161356302,2024-02,21,30,9,2024–2024
officiallymaya7,https://github.com/officiallymaya7,160274940,2024-02,19,30,9,2024–2024
Furqan2710,https://github.com/Furqan2710,161310819,2024-02,14,30,9,2024–2024
faizsheikh900,https://github.com/faizsheikh900,159743707,2024-02,13,30,9,2024–2024
MalahaAzam,https://github.com/MalahaAzam,160119005,2024-02,12,30,9,2024–2024
ayeshaali1564,https://github.com/ayeshaali1564,160161583,2024-02,20,29,9,2024–2024
AyushRaj987,https://github.com/AyushRaj987,160392467,2024-02,16,29,9,2024–2024
MustafainHaidery,https://github.com/MustafainHaidery,160395846,2024-02,15,29,9,2024–2024
AYESHIII,https://github.com/AYESHIII,160367523,2024-02,13,29,9,2024–2024
khurramSunny,https://github.com/khurramSunny,160718125,2024-02,12,29,9,2024–2024
Mahad-Qureshi,https://github.com/Mahad-Qureshi,161772402,2024-02,11,29,9,2024–2024
Hmoavia-07,https://github.com/Hmoavia-07,161248887,2024-02,10,29,9,2024–2024
Mustafasheikhh,https://github.com/Mustafasheikhh,160517532,2024-02,10,29,9,2024–2024
MubasharaShauket,https://github.com/MubasharaShauket,161136387,2024-02,8,29,9,2024–2024
muneebofficial203,https://github.com/muneebofficial203,160007435,2024-02,7,29,9,2024–2024
maakashbhi,https://github.com/maakashbhi,160606671,2024-02,23,28,9,2024–2024
QiratFaheem,https://github.com/QiratFaheem,160631730,2024-02,23,28,9,2024–2024
02272006,https://github.com/02272006,159760321,2024-02,17,28,9,2024–2024
ayan-riaz,https://github.com/ayan-riaz,159012695,2024-02,16,28,9,2024–2024
MuhammadAsadMansuri,https://github.com/MuhammadAsadMansuri,160124003,2024-02,15,28,9,2024–2024
MisbahGitHub24,https://github.com/MisbahGitHub24,160399812,2024-02,14,28,9,2024–2024
Masood-kidwai,https://github.com/Masood-kidwai,158513371,2024-02,13,28,9,2024–2024
AliHassanbhatticoder,https://github.com/AliHassanbhatticoder,159342883,2024-02,12,28,9,2024–2024
UsamaOffical,https://github.com/UsamaOffical,160001523,2024-02,8,28,9,2024–2024
arshkhan710,https://github.com/arshkhan710,160357899,2024-02,8,28,9,2024–2024
Mudassar-Raju,https://github.com/Mudassar-Raju,160554870,2024-02,10,27,9,2024–2024
Amrat0,https://github.com/Amrat0,160259193,2024-02,8,27,9,2024–2024
Usman-imran,https://github.com/Usman-imran,160296587,2024-02,11,26,9,2024–2024
ankeykun,https://github.com/ankeykun,160618458,2024-02,10,26,9,2024–2024
syedmeesum1,https://github.com/syedmeesum1,160326630,2024-02,20,25,9,2024–2024
arsalansheikh07,https://github.com/arsalansheikh07,160051126,2024-02,17,25,9,2024–2024
waleed282,https://github.com/waleed282,158831724,2024-02,15,25,9,2024–2024
aashurri03,https://github.com/aashurri03,160425856,2024-02,12,25,9,2024–2024
Rukhsanakanwal,https://github.com/Rukhsanakanwal,160258186,2024-02,12,25,9,2024–2024
kinzulimaan-khalid,https://github.com/kinzulimaan-khalid,160059314,2024-02,11,25,9,2024–2024
Ayesha-bilal,https://github.com/Ayesha-bilal,160307078,2024-02,11,25,9,2024–2024
bisma-noor,https://github.com/bisma-noor,159457107,2024-02,10,25,9,2024–2024
Muneebulhassan25,https://github.com/Muneebulhassan25,159776707,2024-02,21,24,9,2024–2024
ayesha-khan123,https://github.com/ayesha-khan123,160107761,2024-02,20,24,9,2024–2024
muzzyxd,https://github.com/muzzyxd,161105302,2024-02,16,24,9,2024–2024
itssyed22,https://github.com/itssyed22,159008492,2024-02,19,23,9,2024–2024
Faizan1Qureshi,https://github.com/Faizan1Qureshi,161045408,2024-02,17,23,9,2024–2024
Armanhilal44,https://github.com/Armanhilal44,161227362,2024-02,14,23,9,2024–2024
sidrabatool9,https://github.com/sidrabatool9,161121089,2024-02,13,23,9,2024–2024
Shahzaib-Solangi,https://github.com/Shahzaib-Solangi,159930264,2024-02,9,23,9,2024–2024
ShakirQazi,https://github.com/ShakirQazi,159939431,2024-02,9,23,9,2024–2024
Ahmed-0751,https://github.com/Ahmed-0751,160425365,2024-02,6,23,9,2024–2024
rehanwasim893,https://github.com/rehanwasim893,160270840,2024-02,23,22,9,2024–2024
Ayesha295,https://github.com/Ayesha295,160128775,2024-02,16,22,9,2024–2024
Mr-Rashid25,https://github.com/Mr-Rashid25,160320931,2024-02,12,22,9,2024–2024
MaheenSheikhh,https://github.com/MaheenSheikhh,161042222,2024-02,10,22,9,2024–2024
Talha-Ashfaq,https://github.com/Talha-Ashfaq,160418208,2024-02,6,22,9,2024–2024
azaanfarooqui,https://github.com/azaanfarooqui,160241760,2024-02,6,22,9,2024–2024
hibakashifkhan,https://github.com/hibakashifkhan,161249784,2024-02,18,21,9,2024–2024
Jayrashdi,https://github.com/Jayrashdi,159139311,2024-02,10,21,9,2024–2024
Mujahid-Ahmed2025,https://github.com/Mujahid-Ahmed2025,159916600,2024-02,9,21,9,2024–2024
AnshulScripts,https://github.com/AnshulScripts,161711717,2024-02,7,21,9,2024–2024
fahad-khan-developer,https://github.com/fahad-khan-developer,160587254,2024-02,21,20,9,2024–2024
Hamzasamad55,https://github.com/Hamzasamad55,160117284,2024-02,16,20,9,2024–2024
noorahmed85,https://github.com/noorahmed85,161638862,2024-02,15,20,9,2024–2024
Hamzasamoon,https://github.com/Hamzasamoon,161699042,2024-02,12,20,9,2024–2024
Muhammaduzaif,https://github.com/Muhammaduzaif,160314603,2024-02,10,20,9,2024–2024
alinohririzwan,https://github.com/alinohririzwan,159112637,2024-02,9,20,9,2024–2024
MoattarAnsari,https://github.com/MoattarAnsari,159482796,2024-02,7,20,9,2024–2024
sahifaarsh12,https://github.com/sahifaarsh12,160247365,2024-02,19,19,9,2024–2024
naheedfareed,https://github.com/naheedfareed,158585611,2024-02,18,19,9,2024–2024
haseebvc,https://github.com/haseebvc,161650353,2024-02,18,19,9,2024–2024
Mudassirsulta,https://github.com/Mudassirsulta,160226753,2024-02,12,19,9,2024–2024
KubraBashir,https://github.com/KubraBashir,161115095,2024-02,9,19,9,2024–2024
hamza5012,https://github.com/hamza5012,158849056,2024-02,7,19,9,2024–2024
Yumna-Saleem11,https://github.com/Yumna-Saleem11,159949340,2024-02,10,18,9,2024–2024
MuhammadSiddique29,https://github.com/MuhammadSiddique29,159746902,2024-02,10,18,9,2024–2024
ehsanniaz,https://github.com/ehsanniaz,160654342,2024-02,9,18,9,2024–2024
MuhammadYasir11,https://github.com/MuhammadYasir11,159168604,2024-02,9,18,9,2024–2024
faiz95288,https://github.com/faiz95288,161326892,2024-02,9,18,9,2024–2024
ambreentaher,https://github.com/ambreentaher,161235823,2024-02,16,17,9,2024–2024
aashrakhan,https://github.com/aashrakhan,160392138,2024-02,10,17,9,2024–2024
misbahsiddiqq,https://github.com/misbahsiddiqq,160488132,2024-02,9,17,9,2024–2024
sadafshahab12,https://github.com/sadafshahab12,164847831,2024-03,266,1654,9,2024–2024
Mutahir-15,https://github.com/Mutahir-15,164089040,2024-03,39,944,9,2024–2024
Aleeze123,https://github.com/Aleeze123,162796538,2024-03,132,825,9,2024–2024
ayesha-aziz123,https://github.com/ayesha-aziz123,163914368,2024-03,79,483,9,2024–2024
RamisaFatima2005,https://github.com/RamisaFatima2005,163189004,2024-03,75,454,9,2024–2024
MianMohsinFarrukh,https://github.com/MianMohsinFarrukh,164783660,2024-03,31,446,9,2024–2024
SheikhMuhammadHamza-HS,https://github.com/SheikhMuhammadHamza-HS,164283922,2024-03,61,386,9,2024–2024
Nazish-kiran,https://github.com/Nazish-kiran,162459411,2024-03,76,376,9,2024–2024
muhammadzaeemaltaf,https://github.com/muhammadzaeemaltaf,165184980,2024-03,47,357,9,2024–2024
fatimaRiaz531,https://github.com/fatimaRiaz531,162475613,2024-03,95,302,9,2024–2024
sadiarajpoot,https://github.com/sadiarajpoot,161947312,2024-03,80,281,9,2024–2024
AliAkbarBrohiWebDeveloper,https://github.com/AliAkbarBrohiWebDeveloper,164603490,2024-03,48,254,9,2024–2024
FiZaRafakat,https://github.com/FiZaRafakat,164252341,2024-03,47,253,9,2024–2024
whoizlaiba,https://github.com/whoizlaiba,164337174,2024-03,30,226,9,2024–2024
iqra-ikram,https://github.com/iqra-ikram,163900896,2024-03,82,184,9,2024–2024
SahirAhmedSheikh814,https://github.com/SahirAhmedSheikh814,161846148,2024-03,40,159,9,2024–2024
IzhanHassan007,https://github.com/IzhanHassan007,163643610,2024-03,28,158,9,2024–2024
beus421,https://github.com/beus421,163362079,2024-03,17,116,9,2024–2024
yammanhammad,https://github.com/yammanhammad,163299713,2024-03,8,110,9,2024–2024
Wasay1998,https://github.com/Wasay1998,161943668,2024-03,32,109,9,2024–2024
fatimazherk,https://github.com/fatimazherk,164335042,2024-03,8,94,9,2024–2024
Ahsan99r,https://github.com/Ahsan99r,165573133,2024-03,38,80,9,2024–2024
ayazaliofc,https://github.com/ayazaliofc,164648341,2024-03,9,76,9,2024–2024
me-nawabzadasikandar,https://github.com/me-nawabzadasikandar,165310265,2024-03,29,29,9,2024–2024
khizarimam800,https://github.com/khizarimam800,164868171,2024-03,12,22,9,2024–2024
HiraNazx,https://github.com/HiraNazx,162751459,2024-03,7,21,9,2024–2024
HibaFatima68,https://github.com/HibaFatima68,169198183,2024-05,12,1699,9,2024–2024
batman-hassaan,https://github.com/batman-hassaan,170947517,2024-05,21,403,9,2024–2024
hasnainasif0761,https://github.com/hasnainasif0761,170021789,2024-05,90,358,9,2024–2024
MuhammadHanzalaDev,https://github.com/MuhammadHanzalaDev,170077859,2024-05,9,283,9,2024–2024
RimshaArfeen,https://github.com/RimshaArfeen,170745317,2024-05,21,275,9,2024–2024
smfatima3,https://github.com/smfatima3,170633569,2024-05,17,172,9,2024–2024
HassaanBhae,https://github.com/HassaanBhae,169076849,2024-05,13,162,9,2024–2024
AmanAnsariGit,https://github.com/AmanAnsariGit,170859338,2024-05,64,141,9,2024–2024
S-M-Usman,https://github.com/S-M-Usman,169875249,2024-05,37,119,9,2024–2024
GeniusDev95,https://github.com/GeniusDev95,170859594,2024-05,38,117,9,2024–2024
Mohsin-ali897,https://github.com/Mohsin-ali897,169050653,2024-05,33,116,9,2024–2024
Saiqahassan,https://github.com/Saiqahassan,169371538,2024-05,34,108,9,2024–2024
CodeWithMamoon,https://github.com/CodeWithMamoon,170167623,2024-05,23,104,9,2024–2024
musmanflutter,https://github.com/musmanflutter,169191501,2024-05,11,101,9,2024–2024
Amankhan044,https://github.com/Amankhan044,169910157,2024-05,43,97,9,2024–2024
loharmurtaza,https://github.com/loharmurtaza,168753616,2024-05,11,96,9,2024–2024
muhammadtouseef112,https://github.com/muhammadtouseef112,170862745,2024-05,48,90,9,2024–2024
suhail451,https://github.com/suhail451,168981483,2024-05,11,85,9,2024–2024
binary-GIT,https://github.com/binary-GIT,168764711,2024-05,28,84,9,2024–2024
mujahidalirattar3,https://github.com/mujahidalirattar3,170449208,2024-05,14,80,9,2024–2024
muhammad-ali-Rx,https://github.com/muhammad-ali-Rx,170689515,2024-05,11,80,9,2024–2024
sharjeelqadeer5999,https://github.com/sharjeelqadeer5999,170145422,2024-05,25,75,9,2024–2024
Nosheen-asim,https://github.com/Nosheen-asim,169498116,2024-05,30,70,9,2024–2024
MuhammadDevel,https://github.com/MuhammadDevel,168995366,2024-05,17,69,9,2024–2024
Umarkhan5671,https://github.com/Umarkhan5671,170859339,2024-05,44,66,9,2024–2024
askdanish144,https://github.com/askdanish144,168875305,2024-05,10,65,9,2024–2024
haroonmunir01,https://github.com/haroonmunir01,171380066,2024-05,17,50,9,2024–2024
ShumailDilshadRao,https://github.com/ShumailDilshadRao,170849622,2024-05,16,46,9,2024–2024
mubaid151,https://github.com/mubaid151,171050731,2024-05,15,46,9,2024–2024
MuhammadHuzaifa091,https://github.com/MuhammadHuzaifa091,170261399,2024-05,9,44,9,2024–2024
muhhhammad,https://github.com/muhhhammad,169808064,2024-05,6,44,9,2024–2024
syedmin84,https://github.com/syedmin84,168731927,2024-05,7,42,9,2024–2024
Hammad-karim,https://github.com/Hammad-karim,169751097,2024-05,10,41,9,2024–2024
muhammadghufran2222,https://github.com/muhammadghufran2222,169029331,2024-05,20,40,9,2024–2024
Umeradeeb,https://github.com/Umeradeeb,169946543,2024-05,12,40,9,2024–2024
arisha29,https://github.com/arisha29,170247705,2024-05,7,40,9,2024–2024
Farhan569,https://github.com/Farhan569,170384671,2024-05,9,39,9,2024–2024
SAbdullahK,https://github.com/SAbdullahK,171041369,2024-05,14,38,9,2024–2024
Shariq-Ikram0,https://github.com/Shariq-Ikram0,169501021,2024-05,24,34,9,2024–2024
muhammad-sadoon,https://github.com/muhammad-sadoon,170190405,2024-05,15,34,9,2024–2024
Fahad1463,https://github.com/Fahad1463,169811841,2024-05,14,34,9,2024–2024
zubia-d,https://github.com/zubia-d,169284776,2024-05,14,33,9,2024–2024
Huzi49,https://github.com/Huzi49,169926306,2024-05,9,33,9,2024–2024
saifalamkhan123,https://github.com/saifalamkhan123,168960294,2024-05,12,32,9,2024–2024
aman-engg,https://github.com/aman-engg,170494664,2024-05,9,32,9,2024–2024
OmerAltaf,https://github.com/OmerAltaf,169549879,2024-05,7,32,9,2024–2024
saimaansari999555,https://github.com/saimaansari999555,168636828,2024-05,15,29,9,2024–2024
huzaifa-44,https://github.com/huzaifa-44,171015409,2024-05,8,28,9,2024–2024
MuhammadMoosa1,https://github.com/MuhammadMoosa1,168780116,2024-05,15,26,9,2024–2024
Amankhan0087,https://github.com/Amankhan0087,168900073,2024-05,11,25,9,2024–2024
Khushbakhtiqbal,https://github.com/Khushbakhtiqbal,169344429,2024-05,9,25,9,2024–2024
LaibaHaroon,https://github.com/LaibaHaroon,170723859,2024-05,17,22,9,2024–2024
humeiraiqbal,https://github.com/humeiraiqbal,170739610,2024-05,9,21,9,2024–2024
Bilal123345,https://github.com/Bilal123345,170474743,2024-05,6,21,9,2024–2024
mohsin123khan,https://github.com/mohsin123khan,169589213,2024-05,6,21,9,2024–2024
Mujtabarasheed,https://github.com/Mujtabarasheed,169748365,2024-05,20,20,9,2024–2024
RaziRat,https://github.com/RaziRat,171223317,2024-05,6,18,9,2024–2024
WAQARAHSHAIKH,https://github.com/WAQARAHSHAIKH,169615827,2024-05,6,18,9,2024–2024
kashafuddin,https://github.com/kashafuddin,169130197,2024-05,18,17,9,2024–2024
usaidraj29,https://github.com/usaidraj29,170862150,2024-05,14,17,9,2024–2024
code-with-Muhammad-Taha,https://github.com/code-with-Muhammad-Taha,169600385,2024-05,11,17,9,2024–2024
IamAhmedZaki,https://github.com/IamAhmedZaki,171409880,2024-06,61,537,9,2024–2024
tanzeelnaveed8,https://github.com/tanzeelnaveed8,172998726,2024-06,61,530,9,2024–2024
ahmedxali84,https://github.com/ahmedxali84,173549648,2024-06,110,502,9,2024–2024
Mehdi-Abidi,https://github.com/Mehdi-Abidi,173237111,2024-06,34,433,9,2024–2024
asharaam1,https://github.com/asharaam1,172881660,2024-06,107,416,9,2024–2024
sarimali597,https://github.com/sarimali597,172193672,2024-06,13,390,9,2024–2024
NehanAhmed,https://github.com/NehanAhmed,171567086,2024-06,37,380,9,2024–2024
saeedali780,https://github.com/saeedali780,172377356,2024-06,46,379,9,2024–2024
hammadshah18,https://github.com/hammadshah18,171661600,2024-06,40,363,9,2024–2024
Hafiz-Muhammad-Furqan,https://github.com/Hafiz-Muhammad-Furqan,172058681,2024-06,28,360,9,2024–2024
Waqarghori,https://github.com/Waqarghori,172190267,2024-06,46,349,9,2024–2024
Kawish-Zia-2826,https://github.com/Kawish-Zia-2826,174189538,2024-06,117,342,9,2024–2024
Kaab-Hasan,https://github.com/Kaab-Hasan,172893829,2024-06,51,305,9,2024–2024
Anus-Shafiq,https://github.com/Anus-Shafiq,172181100,2024-06,35,281,9,2024–2024
Haseeb1389446,https://github.com/Haseeb1389446,173589937,2024-06,30,274,9,2024–2024
muhammadwali0,https://github.com/muhammadwali0,171478840,2024-06,6,244,9,2024–2024
Muhammad-Asif-Ansari,https://github.com/Muhammad-Asif-Ansari,172885908,2024-06,86,238,9,2024–2024
alishah18105,https://github.com/alishah18105,171819055,2024-06,23,217,9,2024–2024
Ahmed-Raza-Khan,https://github.com/Ahmed-Raza-Khan,172277687,2024-06,16,213,9,2024–2024
nabayousuf27,https://github.com/nabayousuf27,171433928,2024-06,24,212,9,2024–2024
Syedsuhaib1993,https://github.com/Syedsuhaib1993,172400604,2024-06,43,203,9,2024–2024
idrak-dareshani,https://github.com/idrak-dareshani,172263929,2024-06,17,195,9,2024–2024
fatimadeveloper14,https://github.com/fatimadeveloper14,172064482,2024-06,101,190,9,2024–2024
umernadim,https://github.com/umernadim,172132428,2024-06,63,188,9,2024–2024
SaquibPervez,https://github.com/SaquibPervez,172304923,2024-06,46,168,9,2024–2024
kamrannadeem467,https://github.com/kamrannadeem467,171980960,2024-06,22,167,9,2024–2024
zulfiqaraliwd,https://github.com/zulfiqaraliwd,172325846,2024-06,55,166,9,2024–2024
huzaifashahid9,https://github.com/huzaifashahid9,172275132,2024-06,71,162,9,2024–2024
TayyabCoders,https://github.com/TayyabCoders,171823401,2024-06,17,151,9,2024–2024
AsimRaza2005,https://github.com/AsimRaza2005,173366032,2024-06,17,149,9,2024–2024
Saba988,https://github.com/Saba988,173443906,2024-06,66,148,9,2024–2024
AhsanHussainMemon,https://github.com/AhsanHussainMemon,173355532,2024-06,45,148,9,2024–2024
alideveloper15,https://github.com/alideveloper15,172058104,2024-06,53,143,9,2024–2024
Namrahh,https://github.com/Namrahh,171429076,2024-06,33,143,9,2024–2024
UmairAbideen,https://github.com/UmairAbideen,171609204,2024-06,20,140,9,2024–2024
MuhammadUmaim,https://github.com/MuhammadUmaim,173555879,2024-06,35,136,9,2024–2024
Junaidahmedjs1,https://github.com/Junaidahmedjs1,173611486,2024-06,68,133,9,2024–2024
jsrayanyaqoob,https://github.com/jsrayanyaqoob,173730967,2024-06,48,133,9,2024–2024
Hanzala-Afridi,https://github.com/Hanzala-Afridi,174168315,2024-06,54,124,9,2024–2024
owaiskhan30,https://github.com/owaiskhan30,173344563,2024-06,25,120,9,2024–2024
sheeraz885,https://github.com/sheeraz885,173345133,2024-06,46,116,9,2024–2024
aairakhan-20,https://github.com/aairakhan-20,172122126,2024-06,48,112,9,2024–2024
mhaseebk54,https://github.com/mhaseebk54,172064242,2024-06,36,108,9,2024–2024
itsqazi82,https://github.com/itsqazi82,171725737,2024-06,30,108,9,2024–2024
CodeWithShaman,https://github.com/CodeWithShaman,172737661,2024-06,75,105,9,2024–2024
mustafa627,https://github.com/mustafa627,174268048,2024-06,31,104,9,2024–2024
Alishba-Fahim,https://github.com/Alishba-Fahim,172087085,2024-06,86,103,9,2024–2024
FrontEndDeveloper-28,https://github.com/FrontEndDeveloper-28,173431577,2024-06,85,102,9,2024–2024
arham-a,https://github.com/arham-a,173577816,2024-06,13,98,9,2024–2024
Tahadevv,https://github.com/Tahadevv,171434566,2024-06,31,97,9,2024–2024
5-07,https://github.com/5-07,173734500,2024-06,18,96,9,2024–2024
Muhammad-Shahzaib-Shah,https://github.com/Muhammad-Shahzaib-Shah,173691848,2024-06,18,96,9,2024–2024
Zumairkhawar,https://github.com/Zumairkhawar,172080894,2024-06,50,92,9,2024–2024
MuhammadAusajaHussain,https://github.com/MuhammadAusajaHussain,172281058,2024-06,11,87,9,2024–2024
mariakamboh,https://github.com/mariakamboh,173897295,2024-06,8,84,9,2024–2024
ZaidShirazi,https://github.com/ZaidShirazi,173453741,2024-06,10,83,9,2024–2024
NirmalGandher,https://github.com/NirmalGandher,171747588,2024-06,66,81,9,2024–2024
sirajsoomro,https://github.com/sirajsoomro,172632981,2024-06,36,79,9,2024–2024
Webdev-Ahmed,https://github.com/Webdev-Ahmed,174132907,2024-06,12,78,9,2024–2024
dev-zaidi,https://github.com/dev-zaidi,173467162,2024-06,32,76,9,2024–2024
usamasadiq21,https://github.com/usamasadiq21,171468463,2024-06,17,74,9,2024–2024
NehaHaroon,https://github.com/NehaHaroon,173466014,2024-06,48,73,9,2024–2024
ayeshaehtisham,https://github.com/ayeshaehtisham,173354692,2024-06,26,72,9,2024–2024
MirOsamaAli03,https://github.com/MirOsamaAli03,173906111,2024-06,16,67,9,2024–2024
hira299,https://github.com/hira299,173065436,2024-06,19,63,9,2024–2024
Ahsaan0,https://github.com/Ahsaan0,171827517,2024-06,50,62,9,2024–2024
SaadKhan078,https://github.com/SaadKhan078,171804833,2024-06,37,61,9,2024–2024
Shahzaibkhan80,https://github.com/Shahzaibkhan80,174274737,2024-06,8,60,9,2024–2024
Abdullah7Sheikh,https://github.com/Abdullah7Sheikh,173844332,2024-06,46,59,9,2024–2024
IrtizaShahbaz01,https://github.com/IrtizaShahbaz01,173541431,2024-06,24,56,9,2024–2024
Muhammad-Salman-dev,https://github.com/Muhammad-Salman-dev,172134429,2024-06,8,55,9,2024–2024
SajjidAli1998,https://github.com/SajjidAli1998,172041080,2024-06,7,55,9,2024–2024
dev-sajid-junejo,https://github.com/dev-sajid-junejo,173334093,2024-06,17,54,9,2024–2024
Laraib-Zaman,https://github.com/Laraib-Zaman,172512747,2024-06,7,54,9,2024–2024
syedmubashiraly,https://github.com/syedmubashiraly,173610910,2024-06,26,53,9,2024–2024
malikmuhammadamjadhussain,https://github.com/malikmuhammadamjadhussain,172848929,2024-06,23,53,9,2024–2024
Shoaibaqeel,https://github.com/Shoaibaqeel,171480157,2024-06,8,53,9,2024–2024
yahyakhan-pk,https://github.com/yahyakhan-pk,174250713,2024-06,35,51,9,2024–2024
Abdul-Hannan-Dev,https://github.com/Abdul-Hannan-Dev,171435354,2024-06,13,50,9,2024–2024
haziqansari52,https://github.com/haziqansari52,172102266,2024-06,48,48,9,2024–2024
hassanahmedminhas1122,https://github.com/hassanahmedminhas1122,172526485,2024-06,31,48,9,2024–2024
Affanali69,https://github.com/Affanali69,174246652,2024-06,31,46,9,2024–2024
Coder-bilal,https://github.com/Coder-bilal,173570437,2024-06,30,45,9,2024–2024
Hamza-Ramzan5400,https://github.com/Hamza-Ramzan5400,172174034,2024-06,21,45,9,2024–2024
cyberluciferrr,https://github.com/cyberluciferrr,172499991,2024-06,9,45,9,2024–2024
RazaQureshi-07,https://github.com/RazaQureshi-07,173555535,2024-06,27,44,9,2024–2024
sudaisrehmany,https://github.com/sudaisrehmany,172897102,2024-06,14,44,9,2024–2024
ZohaAamir18,https://github.com/ZohaAamir18,172996469,2024-06,9,43,9,2024–2024
RaoFaizanAliAhmed,https://github.com/RaoFaizanAliAhmed,172573216,2024-06,35,41,9,2024–2024
zainali-balti,https://github.com/zainali-balti,174244072,2024-06,27,40,9,2024–2024
Saifemeer,https://github.com/Saifemeer,172369842,2024-06,12,40,9,2024–2024
ayeshaa74,https://github.com/ayeshaa74,171967539,2024-06,26,39,9,2024–2024
MuhammadSulemanKhan,https://github.com/MuhammadSulemanKhan,172500186,2024-06,27,37,9,2024–2024
neverada,https://github.com/neverada,172626716,2024-06,10,37,9,2024–2024
imrankhan76,https://github.com/imrankhan76,173606293,2024-06,30,36,9,2024–2024
syedaarbishhassanshah,https://github.com/syedaarbishhassanshah,172425302,2024-06,16,36,9,2024–2024
ASAD-248,https://github.com/ASAD-248,173351742,2024-06,13,34,9,2024–2024
razapanjwan,https://github.com/razapanjwan,172499352,2024-06,11,34,9,2024–2024
aamirali55,https://github.com/aamirali55,172456729,2024-06,17,32,9,2024–2024
hafizowaisqarni,https://github.com/hafizowaisqarni,173556117,2024-06,31,31,9,2024–2024
Hina-Khatri,https://github.com/Hina-Khatri,173803638,2024-06,15,31,9,2024–2024
awaisahmed1123,https://github.com/awaisahmed1123,172312737,2024-06,9,31,9,2024–2024
bilalegl,https://github.com/bilalegl,173304574,2024-06,7,30,9,2024–2024
hadiasarwat,https://github.com/hadiasarwat,172248142,2024-06,29,29,9,2024–2024
Bonitabatool56,https://github.com/Bonitabatool56,174107720,2024-06,14,29,9,2024–2024
M-Usama2,https://github.com/M-Usama2,173457525,2024-06,7,29,9,2024–2024
moosa2005,https://github.com/moosa2005,172929852,2024-06,16,28,9,2024–2024
asiyajamal19,https://github.com/asiyajamal19,174009278,2024-06,13,28,9,2024–2024
muhammadhussain100504,https://github.com/muhammadhussain100504,173453994,2024-06,8,28,9,2024–2024
manaal164,https://github.com/manaal164,173505906,2024-06,7,28,9,2024–2024
Harmain808,https://github.com/Harmain808,172864438,2024-06,18,27,9,2024–2024
Sana-Arshad-alt,https://github.com/Sana-Arshad-alt,172069370,2024-06,19,24,9,2024–2024
ayeshaliaquatali,https://github.com/ayeshaliaquatali,171482035,2024-06,13,24,9,2024–2024
sanjana-vas,https://github.com/sanjana-vas,172498632,2024-06,11,24,9,2024–2024
HirtikKumar,https://github.com/HirtikKumar,171468232,2024-06,10,24,9,2024–2024
abdulhaseeb123pak,https://github.com/abdulhaseeb123pak,173501254,2024-06,6,24,9,2024–2024
muhammadmudassir012,https://github.com/muhammadmudassir012,171928383,2024-06,24,23,9,2024–2024
Aftab-Ali-100,https://github.com/Aftab-Ali-100,173433500,2024-06,12,22,9,2024–2024
developer321940,https://github.com/developer321940,172096202,2024-06,9,22,9,2024–2024
SMIT-BATCH-12,https://github.com/SMIT-BATCH-12,171932003,2024-06,17,21,9,2024–2024
aiwithmaaz,https://github.com/aiwithmaaz,172411848,2024-06,8,21,9,2024–2024
Shayan763,https://github.com/Shayan763,171849000,2024-06,6,21,9,2024–2024
ASHHAR-121,https://github.com/ASHHAR-121,173532015,2024-06,13,20,9,2024–2024
atif300,https://github.com/atif300,171439128,2024-06,21,19,9,2024–2024
Zainkk-Ai,https://github.com/Zainkk-Ai,174185836,2024-06,13,19,9,2024–2024
tahaSheikh07,https://github.com/tahaSheikh07,172034985,2024-06,14,17,9,2024–2024
Huda-Ramzan,https://github.com/Huda-Ramzan,173862147,2024-06,12,17,9,2024–2024
QuntaraMuhammadAshraf23,https://github.com/QuntaraMuhammadAshraf23,176214835,2024-07,9,4160,9,2024–2024
wajahatariq,https://github.com/wajahatariq,174695417,2024-07,22,1931,9,2024–2024
haseebjaved4212,https://github.com/haseebjaved4212,175915693,2024-07,82,997,9,2024–2024
rikhtaa,https://github.com/rikhtaa,174736270,2024-07,32,776,9,2024–2024
ibrahim123-sia,https://github.com/ibrahim123-sia,176113952,2024-07,32,652,9,2024–2024
Muhibkhan999,https://github.com/Muhibkhan999,174720604,2024-07,63,522,9,2024–2024
CodingRayyan,https://github.com/CodingRayyan,175829690,2024-07,56,511,9,2024–2024
qutubahmed732,https://github.com/qutubahmed732,176834851,2024-07,100,428,9,2024–2024
hasnainDevX,https://github.com/hasnainDevX,176134502,2024-07,41,382,9,2024–2024
saadkhan4,https://github.com/saadkhan4,175535694,2024-07,31,366,9,2024–2024
muhammadayaan2276,https://github.com/muhammadayaan2276,175419904,2024-07,27,350,9,2024–2024
CodeWithAmmar1,https://github.com/CodeWithAmmar1,176535823,2024-07,46,344,9,2024–2024
abdulwahabahmedkhanyusufzai,https://github.com/abdulwahabahmedkhanyusufzai,175131310,2024-07,36,329,9,2024–2024
HamzaJanzaib,https://github.com/HamzaJanzaib,175417549,2024-07,64,301,9,2024–2024
abrauf68,https://github.com/abrauf68,175935733,2024-07,17,272,9,2024–2024
Mahad-Usman-15,https://github.com/Mahad-Usman-15,176419034,2024-07,61,268,9,2024–2024
21kNabeelUddin,https://github.com/21kNabeelUddin,174409757,2024-07,32,254,9,2024–2024
AnasRizwan25,https://github.com/AnasRizwan25,174839867,2024-07,65,248,9,2024–2024
JunaidAhmed68,https://github.com/JunaidAhmed68,175321504,2024-07,44,237,9,2024–2024
Manal5664,https://github.com/Manal5664,175063406,2024-07,35,227,9,2024–2024
devhasnainraza,https://github.com/devhasnainraza,176319143,2024-07,29,222,9,2024–2024
SaraNaveed02,https://github.com/SaraNaveed02,174507351,2024-07,60,209,9,2024–2024
tanzil8,https://github.com/tanzil8,176554273,2024-07,32,204,9,2024–2024
amh1k,https://github.com/amh1k,175481884,2024-07,22,204,9,2024–2024
AyeshaAnsari-18,https://github.com/AyeshaAnsari-18,175966879,2024-07,16,198,9,2024–2024
FARAZSHAH909,https://github.com/FARAZSHAH909,175347161,2024-07,45,194,9,2024–2024
mudassirsidiki,https://github.com/mudassirsidiki,175352190,2024-07,58,193,9,2024–2024
anwarnagori,https://github.com/anwarnagori,175546151,2024-07,36,193,9,2024–2024
Dua-Fatima-khan,https://github.com/Dua-Fatima-khan,175207809,2024-07,38,185,9,2024–2024
Arbazali0347,https://github.com/Arbazali0347,176376406,2024-07,30,184,9,2024–2024
iqrazartasha33,https://github.com/iqrazartasha33,174945797,2024-07,122,179,9,2024–2024
Konete326,https://github.com/Konete326,175182152,2024-07,48,176,9,2024–2024
H-M-Abdullah-Khan,https://github.com/H-M-Abdullah-Khan,174642647,2024-07,16,171,9,2024–2024
MuhammadFahad27,https://github.com/MuhammadFahad27,175475612,2024-07,10,169,9,2024–2024
anusharehman908,https://github.com/anusharehman908,174511733,2024-07,34,164,9,2024–2024
CodeWithFaham,https://github.com/CodeWithFaham,175921060,2024-07,27,153,9,2024–2024
SaifUrRehman2k,https://github.com/SaifUrRehman2k,176063147,2024-07,18,153,9,2024–2024
CloudyZeeshan,https://github.com/CloudyZeeshan,177035772,2024-07,60,150,9,2024–2024
HafsaNoorMuhammad26,https://github.com/HafsaNoorMuhammad26,176215238,2024-07,37,150,9,2024–2024
Suffyan-Ali,https://github.com/Suffyan-Ali,176799151,2024-07,18,143,9,2024–2024
SMH125194055,https://github.com/SMH125194055,174829476,2024-07,41,142,9,2024–2024
Huzaifa-Zaheer,https://github.com/Huzaifa-Zaheer,174595487,2024-07,24,141,9,2024–2024
iamahsanirfan,https://github.com/iamahsanirfan,176165236,2024-07,19,131,9,2024–2024
MahamAbdulRazzaque,https://github.com/MahamAbdulRazzaque,175122178,2024-07,79,129,9,2024–2024
BabarDeveloper,https://github.com/BabarDeveloper,175750320,2024-07,11,118,9,2024–2024
BilalAhmed8959,https://github.com/BilalAhmed8959,174310869,2024-07,51,117,9,2024–2024
saad-arshadd,https://github.com/saad-arshadd,176147382,2024-07,34,116,9,2024–2024
TahaTahir09,https://github.com/TahaTahir09,175577693,2024-07,14,115,9,2024–2024
nimilzubair,https://github.com/nimilzubair,174488838,2024-07,13,115,9,2024–2024
Mohsin832,https://github.com/Mohsin832,176317241,2024-07,13,114,9,2024–2024
OmerKhalid1337,https://github.com/OmerKhalid1337,174560551,2024-07,8,114,9,2024–2024
HurAliCodes,https://github.com/HurAliCodes,174508055,2024-07,9,110,9,2024–2024
syedAkbarAli369,https://github.com/syedAkbarAli369,176385351,2024-07,64,109,9,2024–2024
Soojal-Kumar,https://github.com/Soojal-Kumar,175280408,2024-07,13,105,9,2024–2024
SyeddHassan,https://github.com/SyeddHassan,175542592,2024-07,9,105,9,2024–2024
unaizaahmedk,https://github.com/unaizaahmedk,176580204,2024-07,13,102,9,2024–2024
SaudJamal2003,https://github.com/SaudJamal2003,176683528,2024-07,17,93,9,2024–2024
Khizer-Data,https://github.com/Khizer-Data,175192982,2024-07,15,93,9,2024–2024
Shaheer1107,https://github.com/Shaheer1107,174730143,2024-07,14,91,9,2024–2024
wasafali-wse,https://github.com/wasafali-wse,175966144,2024-07,12,89,9,2024–2024
Ayeshausman07,https://github.com/Ayeshausman07,175406061,2024-07,46,88,9,2024–2024
Nooruleman2005-cooder,https://github.com/Nooruleman2005-cooder,174985732,2024-07,46,86,9,2024–2024
Bakhtawar754,https://github.com/Bakhtawar754,175155788,2024-07,64,84,9,2024–2024
Syed-Ibrahim-12,https://github.com/Syed-Ibrahim-12,176175815,2024-07,20,80,9,2024–2024
IqramaHjabeen,https://github.com/IqramaHjabeen,176895950,2024-07,36,78,9,2024–2024
Aaisha-Nexus,https://github.com/Aaisha-Nexus,175306059,2024-07,23,76,9,2024–2024
muskan-akhtar,https://github.com/muskan-akhtar,176404398,2024-07,20,76,9,2024–2024
Zaindevjourney,https://github.com/Zaindevjourney,177040196,2024-07,23,70,9,2024–2024
Qudsia82,https://github.com/Qudsia82,176101557,2024-07,7,70,9,2024–2024
ImJunaidKhan,https://github.com/ImJunaidKhan,175405008,2024-07,7,68,9,2024–2024
Iqrahussain-041,https://github.com/Iqrahussain-041,175548518,2024-07,28,66,9,2024–2024
hamzak51,https://github.com/hamzak51,176397202,2024-07,10,64,9,2024–2024
afshan688,https://github.com/afshan688,175765858,2024-07,31,61,9,2024–2024
syed-azam28,https://github.com/syed-azam28,176420329,2024-07,20,61,9,2024–2024
Hasnain966,https://github.com/Hasnain966,176221936,2024-07,36,59,9,2024–2024
Tahakazmi880,https://github.com/Tahakazmi880,176232713,2024-07,23,58,9,2024–2024
FaryalAzam,https://github.com/FaryalAzam,176775386,2024-07,28,56,9,2024–2024
wajiha-faheem,https://github.com/wajiha-faheem,176321272,2024-07,23,56,9,2024–2024
Kanzah-Irshad,https://github.com/Kanzah-Irshad,176293028,2024-07,28,53,9,2024–2024
HibaNaveed,https://github.com/HibaNaveed,176755869,2024-07,18,52,9,2024–2024
Codeworld-tech,https://github.com/Codeworld-tech,174770816,2024-07,32,50,9,2024–2024
abdulhaseebarkat,https://github.com/abdulhaseebarkat,176512650,2024-07,16,50,9,2024–2024
Owais746,https://github.com/Owais746,177145714,2024-07,11,50,9,2024–2024
aqsa2403,https://github.com/aqsa2403,176006685,2024-07,15,48,9,2024–2024
SumairaDaniyal,https://github.com/SumairaDaniyal,175558468,2024-07,13,46,9,2024–2024
SANJNAKHATRI,https://github.com/SANJNAKHATRI,175969700,2024-07,6,45,9,2024–2024
AnoshaHafeez,https://github.com/AnoshaHafeez,175234435,2024-07,11,42,9,2024–2024
Jawad-Ul-Bahar,https://github.com/Jawad-Ul-Bahar,176739608,2024-07,15,40,9,2024–2024
HassanMustafa215253,https://github.com/HassanMustafa215253,174830268,2024-07,10,40,9,2024–2024
NehaIsrar,https://github.com/NehaIsrar,174861676,2024-07,9,40,9,2024–2024
Samiullah2004,https://github.com/Samiullah2004,174832289,2024-07,16,36,9,2024–2024
JawadJokhio,https://github.com/JawadJokhio,175560288,2024-07,10,36,9,2024–2024
Engr-JameelAhmed,https://github.com/Engr-JameelAhmed,175420734,2024-07,10,36,9,2024–2024
osama2604,https://github.com/osama2604,176587286,2024-07,23,34,9,2024–2024
Sidra-g,https://github.com/Sidra-g,176207603,2024-07,11,34,9,2024–2024
SamreenAqeel955,https://github.com/SamreenAqeel955,175561521,2024-07,9,34,9,2024–2024
mariyam-sana,https://github.com/mariyam-sana,174923672,2024-07,11,33,9,2024–2024
JamshedAli26,https://github.com/JamshedAli26,177086003,2024-07,31,31,9,2024–2024
SyedHasnainAttari,https://github.com/SyedHasnainAttari,174713440,2024-07,30,31,9,2024–2024
suhaibahmed15,https://github.com/suhaibahmed15,174921679,2024-07,9,31,9,2024–2024
Duaa90526,https://github.com/Duaa90526,175001942,2024-07,9,31,9,2024–2024
Somiak34,https://github.com/Somiak34,174828444,2024-07,9,29,9,2024–2024
alisalahuddin-1,https://github.com/alisalahuddin-1,175406138,2024-07,36,28,9,2024–2024
fizafarooqq,https://github.com/fizafarooqq,176617692,2024-07,6,28,9,2024–2024
AqsaManzoor4,https://github.com/AqsaManzoor4,176524291,2024-07,26,27,9,2024–2024
ProgrammerYousuf,https://github.com/ProgrammerYousuf,175336144,2024-07,9,26,9,2024–2024
Muneeba29,https://github.com/Muneeba29,175100450,2024-07,25,25,9,2024–2024
noman43067,https://github.com/noman43067,177158895,2024-07,21,25,9,2024–2024
BismaJabbar,https://github.com/BismaJabbar,176507047,2024-07,8,23,9,2024–2024
musmanshamsi,https://github.com/musmanshamsi,174871054,2024-07,12,21,9,2024–2024
CaptanSalmankhan3566,https://github.com/CaptanSalmankhan3566,174776967,2024-07,9,21,9,2024–2024
AbdulNafeSaad,https://github.com/AbdulNafeSaad,174928194,2024-07,7,20,9,2024–2024
Asmaa57-wq,https://github.com/Asmaa57-wq,174513709,2024-07,9,19,9,2024–2024
smattah420,https://github.com/smattah420,174647069,2024-07,11,17,9,2024–2024
CodeQueen-AI,https://github.com/CodeQueen-AI,178406833,2024-08,114,2146,9,2024–2024
MisbahHaq,https://github.com/MisbahHaq,177317884,2024-08,53,1633,9,2024–2024
Yashraj608,https://github.com/Yashraj608,179810591,2024-08,14,1047,9,2024–2024
Abdulhadi446,https://github.com/Abdulhadi446,179337358,2024-08,25,1008,9,2024–2024
Ahmed-Abbasi-Official,https://github.com/Ahmed-Abbasi-Official,178513256,2024-08,53,614,9,2024–2024
AfifaSiddiquee,https://github.com/AfifaSiddiquee,177755675,2024-08,26,612,9,2024–2024
Muhammad-Muzammil-Shah,https://github.com/Muhammad-Muzammil-Shah,179371655,2024-08,53,588,9,2024–2024
areebamoosa,https://github.com/areebamoosa,179735217,2024-08,27,572,9,2024–2024
AlyKazani04,https://github.com/AlyKazani04,179925225,2024-08,28,568,9,2024–2024
Mubeen207,https://github.com/Mubeen207,178511647,2024-08,27,526,9,2024–2024
FasihDagia,https://github.com/FasihDagia,178222220,2024-08,6,456,9,2024–2024
RazaJavaid2004,https://github.com/RazaJavaid2004,179996921,2024-08,26,442,9,2024–2024
Abdul-Samad-Feroz,https://github.com/Abdul-Samad-Feroz,177555789,2024-08,22,394,9,2024–2024
Adil2723,https://github.com/Adil2723,180026388,2024-08,12,339,9,2024–2024
Abdullah-Sonija,https://github.com/Abdullah-Sonija,179557735,2024-08,27,338,9,2024–2024
SeekAI-786,https://github.com/SeekAI-786,178821665,2024-08,12,337,9,2024–2024
Muhammadimam156,https://github.com/Muhammadimam156,178779819,2024-08,52,318,9,2024–2024
Danish-Ahmed24,https://github.com/Danish-Ahmed24,179471083,2024-08,29,307,9,2024–2024
SyedDanishAhmed84,https://github.com/SyedDanishAhmed84,177867325,2024-08,44,302,9,2024–2024
Visam-dev,https://github.com/Visam-dev,177228136,2024-08,9,287,9,2024–2024
MuhammadAhmadF2005,https://github.com/MuhammadAhmadF2005,178511124,2024-08,30,261,9,2024–2024
MuhammadBurhanShahzad,https://github.com/MuhammadBurhanShahzad,178974460,2024-08,20,241,9,2024–2024
MuhammadOusman,https://github.com/MuhammadOusman,178111031,2024-08,19,241,9,2024–2024
MuhammadAhsankhan786,https://github.com/MuhammadAhsankhan786,177733724,2024-08,31,223,9,2024–2024
mahnouor1,https://github.com/mahnouor1,178771494,2024-08,24,211,9,2024–2024
ibad-ur-rehman-9,https://github.com/ibad-ur-rehman-9,179322433,2024-08,10,202,9,2024–2024
AbdulFatahChandio,https://github.com/AbdulFatahChandio,178109804,2024-08,28,200,9,2024–2024
thdev42,https://github.com/thdev42,177509393,2024-08,7,200,9,2024–2024
maheen821,https://github.com/maheen821,177397897,2024-08,28,196,9,2024–2024
Hatim-Mustafa,https://github.com/Hatim-Mustafa,179166110,2024-08,7,186,9,2024–2024
NaziaDanish,https://github.com/NaziaDanish,177531379,2024-08,43,184,9,2024–2024
Ayeshakhan77,https://github.com/Ayeshakhan77,178740277,2024-08,25,182,9,2024–2024
anushadeveloper30,https://github.com/anushadeveloper30,179757319,2024-08,40,173,9,2024–2024
HuzaifaAhmedBari,https://github.com/HuzaifaAhmedBari,179431846,2024-08,7,168,9,2024–2024
khuhrohumayun,https://github.com/khuhrohumayun,179374226,2024-08,17,156,9,2024–2024
faizankhan1428,https://github.com/faizankhan1428,177239411,2024-08,39,148,9,2024–2024
Manisha781,https://github.com/Manisha781,179811149,2024-08,64,146,9,2024–2024
muhammadsohaibali,https://github.com/muhammadsohaibali,179380245,2024-08,12,145,9,2024–2024
Muhammad-Amankhan-10,https://github.com/Muhammad-Amankhan-10,179416874,2024-08,29,140,9,2024–2024
saadziauddin,https://github.com/saadziauddin,179524870,2024-08,39,132,9,2024–2024
AbdulHaseeb411,https://github.com/AbdulHaseeb411,177931139,2024-08,29,116,9,2024–2024
Abdullah-Ikhlaq,https://github.com/Abdullah-Ikhlaq,177470387,2024-08,16,115,9,2024–2024
Abdullah123-Commits,https://github.com/Abdullah123-Commits,180032097,2024-08,30,113,9,2024–2024
Mohsinkhan124,https://github.com/Mohsinkhan124,179407517,2024-08,29,113,9,2024–2024
Uqbakhan307,https://github.com/Uqbakhan307,179803952,2024-08,53,112,9,2024–2024
Abdul-Rafay-web,https://github.com/Abdul-Rafay-web,179471113,2024-08,8,112,9,2024–2024
KainatHaq,https://github.com/KainatHaq,177305863,2024-08,91,108,9,2024–2024
Mahad-Khan-14,https://github.com/Mahad-Khan-14,179756052,2024-08,6,108,9,2024–2024
Talal-dev-12,https://github.com/Talal-dev-12,177207559,2024-08,22,106,9,2024–2024
irfan-shams,https://github.com/irfan-shams,178506896,2024-08,16,104,9,2024–2024
abdulhaisiddiqui,https://github.com/abdulhaisiddiqui,177828326,2024-08,16,102,9,2024–2024
Shaheer-710,https://github.com/Shaheer-710,179377382,2024-08,39,101,9,2024–2024
MEshareebRajput,https://github.com/MEshareebRajput,179123232,2024-08,27,101,9,2024–2024
MuhammadUmair551,https://github.com/MuhammadUmair551,178722547,2024-08,14,100,9,2024–2024
Maimoona-123,https://github.com/Maimoona-123,179325836,2024-08,61,99,9,2024–2024
hassanmamji,https://github.com/hassanmamji,179716591,2024-08,34,99,9,2024–2024
sanjna27,https://github.com/sanjna27,179926126,2024-08,13,98,9,2024–2024
ShahryarTech0,https://github.com/ShahryarTech0,177610991,2024-08,34,92,9,2024–2024
Muhammad-Danish-Abbas,https://github.com/Muhammad-Danish-Abbas,179864425,2024-08,14,92,9,2024–2024
TALHA-AHMED12,https://github.com/TALHA-AHMED12,178726934,2024-08,30,82,9,2024–2024
bilalabid-dev,https://github.com/bilalabid-dev,179311745,2024-08,13,81,9,2024–2024
MSaadT313,https://github.com/MSaadT313,179431945,2024-08,12,81,9,2024–2024
adilkarim21,https://github.com/adilkarim21,179151425,2024-08,69,79,9,2024–2024
Usman-CrYpToo2,https://github.com/Usman-CrYpToo2,179393353,2024-08,29,77,9,2024–2024
aneelaisrar,https://github.com/aneelaisrar,179736753,2024-08,27,74,9,2024–2024
mohammad-maaz-adil,https://github.com/mohammad-maaz-adil,178789705,2024-08,7,71,9,2024–2024
CodeByZaigham,https://github.com/CodeByZaigham,178937354,2024-08,7,70,9,2024–2024
samreenrafiq2796,https://github.com/samreenrafiq2796,179676815,2024-08,9,69,9,2024–2024
AdnanShahid6569,https://github.com/AdnanShahid6569,179220030,2024-08,47,68,9,2024–2024
SAADSAEED007,https://github.com/SAADSAEED007,177425036,2024-08,9,67,9,2024–2024
Rafia-ak,https://github.com/Rafia-ak,180014118,2024-08,7,67,9,2024–2024
Filza-150,https://github.com/Filza-150,178637080,2024-08,31,66,9,2024–2024
Hafeez-UrRehman,https://github.com/Hafeez-UrRehman,179397497,2024-08,10,66,9,2024–2024
AsharRehman450,https://github.com/AsharRehman450,179383486,2024-08,47,63,9,2024–2024
RubinaSharif,https://github.com/RubinaSharif,179582331,2024-08,49,62,9,2024–2024
muhammad-rayyankhan,https://github.com/muhammad-rayyankhan,179729770,2024-08,9,61,9,2024–2024
KhanFahad29,https://github.com/KhanFahad29,179925349,2024-08,36,60,9,2024–2024
muhammadu7246,https://github.com/muhammadu7246,177398026,2024-08,12,60,9,2024–2024
MuhammadOmerSiddiqui,https://github.com/MuhammadOmerSiddiqui,179561400,2024-08,8,58,9,2024–2024
murtazaghori,https://github.com/murtazaghori,179623405,2024-08,46,55,9,2024–2024
Umar-Sani,https://github.com/Umar-Sani,179222017,2024-08,8,54,9,2024–2024
Fasih0956,https://github.com/Fasih0956,179431985,2024-08,7,53,9,2024–2024
irtizarizvi88,https://github.com/irtizarizvi88,180010437,2024-08,44,52,9,2024–2024
rahulpirwani7,https://github.com/rahulpirwani7,179432007,2024-08,10,52,9,2024–2024
devwithumair,https://github.com/devwithumair,179471147,2024-08,9,52,9,2024–2024
Abdullah-Liaqat,https://github.com/Abdullah-Liaqat,178550043,2024-08,6,52,9,2024–2024
fatima-555,https://github.com/fatima-555,179851645,2024-08,54,51,9,2024–2024
tahirraza2010,https://github.com/tahirraza2010,179608056,2024-08,44,51,9,2024–2024
developer-mr-hammad,https://github.com/developer-mr-hammad,177612710,2024-08,19,51,9,2024–2024
Muhammad834565,https://github.com/Muhammad834565,179380500,2024-08,15,49,9,2024–2024
Amar-shar,https://github.com/Amar-shar,178747812,2024-08,8,49,9,2024–2024
hasnain376,https://github.com/hasnain376,177953050,2024-08,23,48,9,2024–2024
SyedAlishahid,https://github.com/SyedAlishahid,178497757,2024-08,21,48,9,2024–2024
AhadAli451,https://github.com/AhadAli451,179910500,2024-08,8,47,9,2024–2024
Ammar12805,https://github.com/Ammar12805,179223948,2024-08,43,45,9,2024–2024
brohisaqib,https://github.com/brohisaqib,178642112,2024-08,18,44,9,2024–2024
AbdulAhad36,https://github.com/AbdulAhad36,179588374,2024-08,12,42,9,2024–2024
ayesha3101,https://github.com/ayesha3101,179501533,2024-08,13,39,9,2024–2024
Rimshaabbasi98,https://github.com/Rimshaabbasi98,178904502,2024-08,9,39,9,2024–2024
hammadakhter23,https://github.com/hammadakhter23,177785683,2024-08,39,36,9,2024–2024
mdshayan-hub,https://github.com/mdshayan-hub,179528042,2024-08,9,36,9,2024–2024
bintesharif,https://github.com/bintesharif,177781278,2024-08,12,35,9,2024–2024
Abdullah-web-student,https://github.com/Abdullah-web-student,177710862,2024-08,11,35,9,2024–2024
mdahsankhan78,https://github.com/mdahsankhan78,177889735,2024-08,9,35,9,2024–2024
Owais-siddiqui98,https://github.com/Owais-siddiqui98,179130454,2024-08,23,34,9,2024–2024
CodeWithImran0,https://github.com/CodeWithImran0,179913775,2024-08,21,34,9,2024–2024
Ash1912386,https://github.com/Ash1912386,179523904,2024-08,26,31,9,2024–2024
shahood-raza,https://github.com/shahood-raza,178919824,2024-08,12,29,9,2024–2024
Saqlain123548,https://github.com/Saqlain123548,177689671,2024-08,10,29,9,2024–2024
TehmeenaSaeed,https://github.com/TehmeenaSaeed,179396523,2024-08,11,28,9,2024–2024
Saeedullah2024,https://github.com/Saeedullah2024,178007766,2024-08,23,27,9,2024–2024
BansiLal23,https://github.com/BansiLal23,178700268,2024-08,14,27,9,2024–2024
MuhammadSohailTariq123,https://github.com/MuhammadSohailTariq123,178577236,2024-08,6,27,9,2024–2024
MuhammadAhmed-ai,https://github.com/MuhammadAhmed-ai,177659823,2024-08,25,26,9,2024–2024
shehzeen47,https://github.com/shehzeen47,179701481,2024-08,25,26,9,2024–2024
asiffgei,https://github.com/asiffgei,178066823,2024-08,17,26,9,2024–2024
Touqeer-Ayoub,https://github.com/Touqeer-Ayoub,179635010,2024-08,13,26,9,2024–2024
Zainab-Naz,https://github.com/Zainab-Naz,177553246,2024-08,18,25,9,2024–2024
SoojalSachdev,https://github.com/SoojalSachdev,178326098,2024-08,13,25,9,2024–2024
Saadmd-4248,https://github.com/Saadmd-4248,177294114,2024-08,12,24,9,2024–2024
seerathussain0,https://github.com/seerathussain0,177942953,2024-08,18,23,9,2024–2024
SidraMoosa,https://github.com/SidraMoosa,179740761,2024-08,15,22,9,2024–2024
laiba-irshad,https://github.com/laiba-irshad,179106287,2024-08,9,22,9,2024–2024
tabish-10,https://github.com/tabish-10,177752507,2024-08,17,21,9,2024–2024
hasnainali-tech,https://github.com/hasnainali-tech,178317070,2024-08,8,20,9,2024–2024
HamzaMustafa-Newbie,https://github.com/HamzaMustafa-Newbie,179467951,2024-08,6,20,9,2024–2024
SameerTechCode,https://github.com/SameerTechCode,179709478,2024-08,8,19,9,2024–2024
owais568,https://github.com/owais568,179609625,2024-08,12,18,9,2024–2024
sumaira-ameen,https://github.com/sumaira-ameen,178799438,2024-08,6,18,9,2024–2024
khansak15,https://github.com/khansak15,178103894,2024-08,9,17,9,2024–2024
Qar-Raz,https://github.com/Qar-Raz,181249083,2024-09,15,4475,9,2024–2024
HmzaAkram,https://github.com/HmzaAkram,183289813,2024-09,36,922,9,2024–2024
Zubain-Nadeem,https://github.com/Zubain-Nadeem,181125675,2024-09,41,771,9,2024–2024
KashanAdnan02,https://github.com/KashanAdnan02,181986639,2024-09,127,512,9,2024–2024
itxsamad1,https://github.com/itxsamad1,183233227,2024-09,68,479,9,2024–2024
MuhammadHasnain02,https://github.com/MuhammadHasnain02,180627887,2024-09,144,472,9,2024–2024
MMahad3,https://github.com/MMahad3,182963920,2024-09,31,389,9,2024–2024
sarmadcodes,https://github.com/sarmadcodes,181219768,2024-09,29,342,9,2024–2024
BurhanChughtai20,https://github.com/BurhanChughtai20,180841646,2024-09,42,337,9,2024–2024
mubashirjawed,https://github.com/mubashirjawed,180827696,2024-09,8,302,9,2024–2024
KANEEZ-FATIMA18,https://github.com/KANEEZ-FATIMA18,182438022,2024-09,51,295,9,2024–2024
AQG53,https://github.com/AQG53,180692129,2024-09,11,278,9,2024–2024
ateeq-ur-rehman-ai,https://github.com/ateeq-ur-rehman-ai,182501796,2024-09,17,277,9,2024–2024
Hamza-asm,https://github.com/Hamza-asm,181649675,2024-09,22,261,9,2024–2024
Tanzeel-Sarwar,https://github.com/Tanzeel-Sarwar,180784137,2024-09,35,249,9,2024–2024
Syed-muhammad-huzaifa,https://github.com/Syed-muhammad-huzaifa,181147467,2024-09,44,238,9,2024–2024
niazi90,https://github.com/niazi90,180817531,2024-09,84,221,9,2024–2024
JaveriaMasood123,https://github.com/JaveriaMasood123,180868826,2024-09,64,210,9,2024–2024
MYounus-Codes,https://github.com/MYounus-Codes,180076526,2024-09,41,197,9,2024–2024
Ibrahim-Tayyab,https://github.com/Ibrahim-Tayyab,181676450,2024-09,69,193,9,2024–2024
hassan-mem0n,https://github.com/hassan-mem0n,180145930,2024-09,100,177,9,2024–2024
Aneeq-Ahmed1,https://github.com/Aneeq-Ahmed1,181580147,2024-09,34,173,9,2024–2024
AlizaHashmat-eng,https://github.com/AlizaHashmat-eng,181942166,2024-09,50,169,9,2024–2024
abdulrehman-29,https://github.com/abdulrehman-29,181563472,2024-09,22,162,9,2024–2024
Faheem-Rafeeq,https://github.com/Faheem-Rafeeq,180778305,2024-09,51,155,9,2024–2024
Master-Suraish,https://github.com/Master-Suraish,181888045,2024-09,15,153,9,2024–2024
Mashhod,https://github.com/Mashhod,181689629,2024-09,32,147,9,2024–2024
Musira-Hafsa,https://github.com/Musira-Hafsa,180477270,2024-09,67,143,9,2024–2024
AfaqKhanNiazi,https://github.com/AfaqKhanNiazi,182785779,2024-09,30,138,9,2024–2024
taheeraraza-turk,https://github.com/taheeraraza-turk,180197996,2024-09,60,137,9,2024–2024
mindofyaseen,https://github.com/mindofyaseen,182267706,2024-09,31,131,9,2024–2024
TalhaJawaid143,https://github.com/TalhaJawaid143,181644602,2024-09,34,118,9,2024–2024
zunairahmehmood,https://github.com/zunairahmehmood,182431259,2024-09,53,117,9,2024–2024
datacanvas7,https://github.com/datacanvas7,182031868,2024-09,23,116,9,2024–2024
Yasir-khan-legent,https://github.com/Yasir-khan-legent,182289644,2024-09,38,113,9,2024–2024
m-ahmad-official,https://github.com/m-ahmad-official,181288657,2024-09,25,111,9,2024–2024
Syeda-Aliza-Masood,https://github.com/Syeda-Aliza-Masood,183293848,2024-09,27,107,9,2024–2024
muhammadjahanzaib789,https://github.com/muhammadjahanzaib789,180636934,2024-09,24,107,9,2024–2024
Amna-Kashif,https://github.com/Amna-Kashif,180679072,2024-09,54,102,9,2024–2024
rubaish-ali,https://github.com/rubaish-ali,181760286,2024-09,77,101,9,2024–2024
AasmaNoor123,https://github.com/AasmaNoor123,180940213,2024-09,45,100,9,2024–2024
aqsagulam124,https://github.com/aqsagulam124,181538435,2024-09,42,98,9,2024–2024
RoseTechInstitute,https://github.com/RoseTechInstitute,182639825,2024-09,7,96,9,2024–2024
Saadain-Sikandar,https://github.com/Saadain-Sikandar,180466830,2024-09,36,95,9,2024–2024
Haris818,https://github.com/Haris818,182328217,2024-09,29,94,9,2024–2024
Rabiya-Memon,https://github.com/Rabiya-Memon,180947317,2024-09,43,93,9,2024–2024
saimasalmann,https://github.com/saimasalmann,181476380,2024-09,30,93,9,2024–2024
MBQ17,https://github.com/MBQ17,182559972,2024-09,10,91,9,2024–2024
RuqiaRazzak,https://github.com/RuqiaRazzak,180869840,2024-09,41,90,9,2024–2024
khizer12429,https://github.com/khizer12429,180758983,2024-09,37,89,9,2024–2024
naday-abbas,https://github.com/naday-abbas,180744422,2024-09,6,88,9,2024–2024
kaynat4977,https://github.com/kaynat4977,180871415,2024-09,44,86,9,2024–2024
muhammadsufyan-khan,https://github.com/muhammadsufyan-khan,183365943,2024-09,13,85,9,2024–2024
sakhawatashnaiy,https://github.com/sakhawatashnaiy,182871355,2024-09,21,82,9,2024–2024
codeby-aftab,https://github.com/codeby-aftab,181235535,2024-09,17,82,9,2024–2024
Taha-ADS,https://github.com/Taha-ADS,182348051,2024-09,26,80,9,2024–2024
Fatima2146,https://github.com/Fatima2146,180943605,2024-09,63,78,9,2024–2024
Manal521,https://github.com/Manal521,180932940,2024-09,73,75,9,2024–2024
Mubashir-7,https://github.com/Mubashir-7,181992545,2024-09,22,74,9,2024–2024
abidraza-dev,https://github.com/abidraza-dev,181868546,2024-09,21,74,9,2024–2024
Aribamemon,https://github.com/Aribamemon,181216944,2024-09,24,72,9,2024–2024
Hassanshah56,https://github.com/Hassanshah56,182448744,2024-09,21,70,9,2024–2024
Alishbashoukat,https://github.com/Alishbashoukat,180945335,2024-09,19,69,9,2024–2024
Arish7777,https://github.com/Arish7777,180409415,2024-09,16,68,9,2024–2024
umairamjad2,https://github.com/umairamjad2,183295908,2024-09,19,66,9,2024–2024
akhtarhameed521,https://github.com/akhtarhameed521,181106312,2024-09,15,64,9,2024–2024
SyedMuhammadAhmed-dev,https://github.com/SyedMuhammadAhmed-dev,180414670,2024-09,9,61,9,2024–2024
SADIAPHUL565,https://github.com/SADIAPHUL565,182860140,2024-09,18,54,9,2024–2024
HafsaUsmani990,https://github.com/HafsaUsmani990,182355243,2024-09,11,54,9,2024–2024
Alshaba-Akram,https://github.com/Alshaba-Akram,180933095,2024-09,30,53,9,2024–2024
Saifullah-Rajput,https://github.com/Saifullah-Rajput,180526272,2024-09,9,52,9,2024–2024
AbdulRehmanRaja-lab,https://github.com/AbdulRehmanRaja-lab,182698044,2024-09,7,52,9,2024–2024
emaadh92,https://github.com/emaadh92,181228522,2024-09,11,51,9,2024–2024
SamarMinallah,https://github.com/SamarMinallah,180076943,2024-09,12,49,9,2024–2024
AimCodes-beep,https://github.com/AimCodes-beep,180820071,2024-09,7,49,9,2024–2024
Abdulwasay098671,https://github.com/Abdulwasay098671,183213779,2024-09,49,48,9,2024–2024
kaneezamna,https://github.com/kaneezamna,180873199,2024-09,38,48,9,2024–2024
BilalJamil-Github,https://github.com/BilalJamil-Github,180408078,2024-09,23,48,9,2024–2024
billu006,https://github.com/billu006,183340964,2024-09,19,45,9,2024–2024
Amanullah-soomro,https://github.com/Amanullah-soomro,181930021,2024-09,32,44,9,2024–2024
Sumra-Awan,https://github.com/Sumra-Awan,183300107,2024-09,8,43,9,2024–2024
hira254,https://github.com/hira254,183114655,2024-09,34,41,9,2024–2024
sanatariq09,https://github.com/sanatariq09,182259174,2024-09,14,41,9,2024–2024
RANAHUSNAIN786,https://github.com/RANAHUSNAIN786,183138491,2024-09,19,40,9,2024–2024
Areeb50,https://github.com/Areeb50,181048626,2024-09,11,39,9,2024–2024
rehansher9,https://github.com/rehansher9,180536310,2024-09,12,38,9,2024–2024
Mehmoodislam,https://github.com/Mehmoodislam,181879958,2024-09,16,37,9,2024–2024
Huzaifamoin02,https://github.com/Huzaifamoin02,181883089,2024-09,6,37,9,2024–2024
SaimaFerozeKhan,https://github.com/SaimaFerozeKhan,181818204,2024-09,12,35,9,2024–2024
amna-ejaz16,https://github.com/amna-ejaz16,183293517,2024-09,11,35,9,2024–2024
Basit-Aly,https://github.com/Basit-Aly,180111892,2024-09,6,35,9,2024–2024
saira269,https://github.com/saira269,180741118,2024-09,14,34,9,2024–2024
Prince809t,https://github.com/Prince809t,180173502,2024-09,12,33,9,2024–2024
Alishah-Ramzan,https://github.com/Alishah-Ramzan,183395245,2024-09,10,33,9,2024–2024
SabaUmarAbbasi,https://github.com/SabaUmarAbbasi,181518393,2024-09,20,32,9,2024–2024
abdullahahmedmurtaza,https://github.com/abdullahahmedmurtaza,181399879,2024-09,6,31,9,2024–2024
nnaabiha,https://github.com/nnaabiha,181484873,2024-09,8,30,9,2024–2024
Dawood-Sattar,https://github.com/Dawood-Sattar,182339786,2024-09,8,30,9,2024–2024
MuhammadHuzaifaQadri,https://github.com/MuhammadHuzaifaQadri,182736228,2024-09,9,28,9,2024–2024
mehakmubarak,https://github.com/mehakmubarak,180111716,2024-09,9,28,9,2024–2024
Areeba-Abdul-Rasool,https://github.com/Areeba-Abdul-Rasool,182250226,2024-09,9,28,9,2024–2024
TahaSiddiqui07,https://github.com/TahaSiddiqui07,183285047,2024-09,8,27,9,2024–2024
Sharjeel-op,https://github.com/Sharjeel-op,181522910,2024-09,12,26,9,2024–2024
munazza43,https://github.com/munazza43,182665104,2024-09,9,26,9,2024–2024
mubashir-source,https://github.com/mubashir-source,180351516,2024-09,6,26,9,2024–2024
Ubaid889,https://github.com/Ubaid889,180753524,2024-09,10,25,9,2024–2024
kamran-meer-ali,https://github.com/kamran-meer-ali,180264617,2024-09,13,23,9,2024–2024
Ahmed-raza-101,https://github.com/Ahmed-raza-101,180449735,2024-09,13,22,9,2024–2024
noorbrahvi1,https://github.com/noorbrahvi1,180946071,2024-09,23,21,9,2024–2024
umerhussain02,https://github.com/umerhussain02,182539649,2024-09,8,21,9,2024–2024
Maheer1100,https://github.com/Maheer1100,182798387,2024-09,8,20,9,2024–2024
basitwardah,https://github.com/basitwardah,180157730,2024-09,6,20,9,2024–2024
KomalNadeem154,https://github.com/KomalNadeem154,180932551,2024-09,19,19,9,2024–2024
Haziq-Ali-Dev,https://github.com/Haziq-Ali-Dev,181272318,2024-09,13,19,9,2024–2024
Zakirbmj,https://github.com/Zakirbmj,181559917,2024-09,23,18,9,2024–2024
Malik-Rehman-123,https://github.com/Malik-Rehman-123,182321736,2024-09,13,18,9,2024–2024
MohibRazaGhaziani,https://github.com/MohibRazaGhaziani,180381054,2024-09,15,17,9,2024–2024
Zakriabrohi,https://github.com/Zakriabrohi,182648593,2024-09,9,17,9,2024–2024
wajahat-kamal,https://github.com/wajahat-kamal,185677333,2024-10,12,1731,9,2024–2024
Aheed-Siddiqui-Official,https://github.com/Aheed-Siddiqui-Official,186212095,2024-10,77,1436,9,2024–2024
OwaisZakir,https://github.com/OwaisZakir,185844670,2024-10,53,754,9,2024–2024
AaliyanAslam,https://github.com/AaliyanAslam,184753646,2024-10,47,628,9,2024–2024
rafay45,https://github.com/rafay45,183667087,2024-10,79,563,9,2024–2024
TahaBinShafiq,https://github.com/TahaBinShafiq,184753908,2024-10,40,496,9,2024–2024
Rabeet-Ahmer,https://github.com/Rabeet-Ahmer,184344481,2024-10,48,473,9,2024–2024
ziauddin14,https://github.com/ziauddin14,186931180,2024-10,58,450,9,2024–2024
abdulhaseebmughal,https://github.com/abdulhaseebmughal,186480759,2024-10,30,380,9,2024–2024
AhmedRaza2007,https://github.com/AhmedRaza2007,184733599,2024-10,68,358,9,2024–2024
fareedgul735,https://github.com/fareedgul735,186545997,2024-10,41,313,9,2024–2024
Hamza-Nasar,https://github.com/Hamza-Nasar,184327245,2024-10,79,302,9,2024–2024
Huzaifa-io,https://github.com/Huzaifa-io,184947123,2024-10,58,284,9,2024–2024
ayyan1700,https://github.com/ayyan1700,183710895,2024-10,106,283,9,2024–2024
Abdulqadir75434,https://github.com/Abdulqadir75434,185811660,2024-10,24,269,9,2024–2024
rm-Shayan,https://github.com/rm-Shayan,184235097,2024-10,61,256,9,2024–2024
CodeFusionArshad,https://github.com/CodeFusionArshad,183605267,2024-10,26,228,9,2024–2024
umaima229,https://github.com/umaima229,185425021,2024-10,52,207,9,2024–2024
Najmi125,https://github.com/Najmi125,184998084,2024-10,8,200,9,2024–2024
syedbilalalam01,https://github.com/syedbilalalam01,185367119,2024-10,31,191,9,2024–2024
Abdulwahab773,https://github.com/Abdulwahab773,186477730,2024-10,55,186,9,2024–2024
M-Aayan,https://github.com/M-Aayan,184842839,2024-10,29,176,9,2024–2024
Zaid-Baluch,https://github.com/Zaid-Baluch,184383222,2024-10,45,168,9,2024–2024
Anasmemon670,https://github.com/Anasmemon670,185958262,2024-10,52,163,9,2024–2024
MuhammadAmaan178,https://github.com/MuhammadAmaan178,184770015,2024-10,13,160,9,2024–2024
fabihakhalid,https://github.com/fabihakhalid,185844809,2024-10,22,149,9,2024–2024
MUHAMMAD2024HASSAN,https://github.com/MUHAMMAD2024HASSAN,183695618,2024-10,10,147,9,2024–2024
almas-aftab-ahmed,https://github.com/almas-aftab-ahmed,185574737,2024-10,66,145,9,2024–2024
kounainaftab,https://github.com/kounainaftab,185840281,2024-10,94,144,9,2024–2024
Ashbeel-Zai,https://github.com/Ashbeel-Zai,186418306,2024-10,16,142,9,2024–2024
shaheerhaiderseo,https://github.com/shaheerhaiderseo,185405268,2024-10,58,141,9,2024–2024
Usama-Ahmed-Rajput,https://github.com/Usama-Ahmed-Rajput,183572658,2024-10,21,141,9,2024–2024
habibro0,https://github.com/habibro0,184111189,2024-10,26,135,9,2024–2024
Sohail-crypto-collab,https://github.com/Sohail-crypto-collab,185327831,2024-10,19,134,9,2024–2024
TehreemFatimaNasir,https://github.com/TehreemFatimaNasir,184400537,2024-10,48,119,9,2024–2024
Mukhdoom-Hammad-khan,https://github.com/Mukhdoom-Hammad-khan,185523078,2024-10,7,118,9,2024–2024
explorewithsarim,https://github.com/explorewithsarim,184795645,2024-10,46,117,9,2024–2024
Hafiz-Huzaifaa,https://github.com/Hafiz-Huzaifaa,186384381,2024-10,37,115,9,2024–2024
syed-ahmed102,https://github.com/syed-ahmed102,185485603,2024-10,21,112,9,2024–2024
Amna-saleem22,https://github.com/Amna-saleem22,183500257,2024-10,38,106,9,2024–2024
Sharjeel1906,https://github.com/Sharjeel1906,185949671,2024-10,26,106,9,2024–2024
hamzatufai,https://github.com/hamzatufai,185880585,2024-10,9,106,9,2024–2024
syed-khizerali,https://github.com/syed-khizerali,186552650,2024-10,64,104,9,2024–2024
nabeel0209,https://github.com/nabeel0209,184859067,2024-10,53,101,9,2024–2024
SalalSaleem,https://github.com/SalalSaleem,185827998,2024-10,21,99,9,2024–2024
Haniqayoum,https://github.com/Haniqayoum,183821234,2024-10,13,99,9,2024–2024
Hafiz-Hammad-Js,https://github.com/Hafiz-Hammad-Js,185678243,2024-10,23,98,9,2024–2024
hassannawaz02,https://github.com/hassannawaz02,183530685,2024-10,26,96,9,2024–2024
Mohsin2635,https://github.com/Mohsin2635,184438212,2024-10,22,94,9,2024–2024
Raheel049,https://github.com/Raheel049,185531977,2024-10,18,94,9,2024–2024
M-Danish-Meraj,https://github.com/M-Danish-Meraj,185023832,2024-10,9,94,9,2024–2024
Ahmed-Coder496,https://github.com/Ahmed-Coder496,185494535,2024-10,12,92,9,2024–2024
Muhammad-Uzair21,https://github.com/Muhammad-Uzair21,184446863,2024-10,11,92,9,2024–2024
Muhammad-qureshi1,https://github.com/Muhammad-qureshi1,186413565,2024-10,49,91,9,2024–2024
high-109,https://github.com/high-109,184009752,2024-10,62,90,9,2024–2024
shoaib7026,https://github.com/shoaib7026,184258040,2024-10,24,88,9,2024–2024
usama746,https://github.com/usama746,183578397,2024-10,28,83,9,2024–2024
Manalkhan1,https://github.com/Manalkhan1,185270381,2024-10,14,78,9,2024–2024
Har15Zamir,https://github.com/Har15Zamir,185749861,2024-10,8,78,9,2024–2024
Adilkhan110,https://github.com/Adilkhan110,183609935,2024-10,42,77,9,2024–2024
Abubakarrrr19,https://github.com/Abubakarrrr19,186322794,2024-10,40,75,9,2024–2024
shanzay69,https://github.com/shanzay69,185519658,2024-10,20,75,9,2024–2024
rubab783,https://github.com/rubab783,185846222,2024-10,16,75,9,2024–2024
Samuel100-web,https://github.com/Samuel100-web,184367389,2024-10,25,74,9,2024–2024
UsmanUq,https://github.com/UsmanUq,184350371,2024-10,15,74,9,2024–2024
talha-mohsin,https://github.com/talha-mohsin,186162509,2024-10,12,74,9,2024–2024
ezhanjaved,https://github.com/ezhanjaved,184002651,2024-10,7,74,9,2024–2024
shahmeeraslam,https://github.com/shahmeeraslam,185644479,2024-10,21,70,9,2024–2024
muzammil372,https://github.com/muzammil372,185393527,2024-10,15,68,9,2024–2024
raqeeb838,https://github.com/raqeeb838,185237417,2024-10,35,67,9,2024–2024
OsamaKamalDev20,https://github.com/OsamaKamalDev20,186386875,2024-10,24,66,9,2024–2024
moizansari2024,https://github.com/moizansari2024,184867223,2024-10,21,65,9,2024–2024
ahmedaalam,https://github.com/ahmedaalam,186540339,2024-10,9,65,9,2024–2024
rafednaeem,https://github.com/rafednaeem,184954947,2024-10,15,61,9,2024–2024
Areeb473,https://github.com/Areeb473,185621039,2024-10,13,60,9,2024–2024
Hafiz-Muhammad-Saad32,https://github.com/Hafiz-Muhammad-Saad32,186971708,2024-10,8,59,9,2024–2024
faizan445566,https://github.com/faizan445566,186062918,2024-10,17,58,9,2024–2024
Ahsanalideveloper,https://github.com/Ahsanalideveloper,183906374,2024-10,53,56,9,2024–2024
Safwan197,https://github.com/Safwan197,185956667,2024-10,24,56,9,2024–2024
Ayan-ur-Rehman-Khan,https://github.com/Ayan-ur-Rehman-Khan,185034534,2024-10,27,55,9,2024–2024
roshaan11,https://github.com/roshaan11,184949546,2024-10,15,55,9,2024–2024
HasanAbdulmalik,https://github.com/HasanAbdulmalik,185483188,2024-10,10,54,9,2024–2024
QADEER-AHMED-cs,https://github.com/QADEER-AHMED-cs,186058505,2024-10,6,54,9,2024–2024
anaskarar,https://github.com/anaskarar,186216171,2024-10,36,53,9,2024–2024
Wander-1ife,https://github.com/Wander-1ife,185062040,2024-10,16,53,9,2024–2024
Huzaifa910,https://github.com/Huzaifa910,184244004,2024-10,11,50,9,2024–2024
laiba-rajput,https://github.com/laiba-rajput,186779412,2024-10,24,48,9,2024–2024
IrhanAhmed,https://github.com/IrhanAhmed,184543727,2024-10,28,47,9,2024–2024
BUSHRAAFAQ,https://github.com/BUSHRAAFAQ,183638251,2024-10,33,46,9,2024–2024
sabashahid11,https://github.com/sabashahid11,185098902,2024-10,13,46,9,2024–2024
IsraCoder12,https://github.com/IsraCoder12,186665209,2024-10,29,43,9,2024–2024
FarmanAfri,https://github.com/FarmanAfri,184736891,2024-10,15,40,9,2024–2024
EliaRaza12,https://github.com/EliaRaza12,184680052,2024-10,6,40,9,2024–2024
RimshaPERVEEN952,https://github.com/RimshaPERVEEN952,183718986,2024-10,22,39,9,2024–2024
HumaAmmar,https://github.com/HumaAmmar,185781347,2024-10,19,39,9,2024–2024
Roopchand415,https://github.com/Roopchand415,186509608,2024-10,6,39,9,2024–2024
Unar-Safdar,https://github.com/Unar-Safdar,184748021,2024-10,27,37,9,2024–2024
FatehSingh-git,https://github.com/FatehSingh-git,183702074,2024-10,25,37,9,2024–2024
Arsal68,https://github.com/Arsal68,184672026,2024-10,13,37,9,2024–2024
Zeeshan-Ahmed0,https://github.com/Zeeshan-Ahmed0,184509918,2024-10,10,37,9,2024–2024
E-Z1937,https://github.com/E-Z1937,185784884,2024-10,6,36,9,2024–2024
ayanakram2007,https://github.com/ayanakram2007,186221316,2024-10,23,35,9,2024–2024
abdull1230,https://github.com/abdull1230,185911846,2024-10,7,33,9,2024–2024
Sohail893,https://github.com/Sohail893,186901052,2024-10,6,33,9,2024–2024
MahdiRazaa,https://github.com/MahdiRazaa,186978511,2024-10,14,32,9,2024–2024
HaseebSaryal,https://github.com/HaseebSaryal,183585068,2024-10,36,31,9,2024–2024
tariq765,https://github.com/tariq765,183754760,2024-10,20,31,9,2024–2024
Muhammad-Fahad02,https://github.com/Muhammad-Fahad02,184155626,2024-10,29,30,9,2024–2024
vipmohsin,https://github.com/vipmohsin,183875170,2024-10,12,29,9,2024–2024
techzonelearning,https://github.com/techzonelearning,186566943,2024-10,15,28,9,2024–2024
uzair16512,https://github.com/uzair16512,185623746,2024-10,11,28,9,2024–2024
bishafarid,https://github.com/bishafarid,183820633,2024-10,16,27,9,2024–2024
UnaizaSabri,https://github.com/UnaizaSabri,185189326,2024-10,23,26,9,2024–2024
Arsh12259,https://github.com/Arsh12259,183949977,2024-10,19,26,9,2024–2024
HassanSyyed,https://github.com/HassanSyyed,185338223,2024-10,12,26,9,2024–2024
MuhammadHussain2004,https://github.com/MuhammadHussain2004,183783106,2024-10,10,25,9,2024–2024
Mirza268,https://github.com/Mirza268,184010970,2024-10,9,25,9,2024–2024
Muntazir-mehdi110,https://github.com/Muntazir-mehdi110,186947460,2024-10,8,25,9,2024–2024
Bilal-Codestuff,https://github.com/Bilal-Codestuff,186203950,2024-10,8,24,9,2024–2024
bak-htawarnaseem,https://github.com/bak-htawarnaseem,186898399,2024-10,20,23,9,2024–2024
SyedaAfshanSehar,https://github.com/SyedaAfshanSehar,185903834,2024-10,19,23,9,2024–2024
MudassirT,https://github.com/MudassirT,186747649,2024-10,14,23,9,2024–2024
bilawalali-hue,https://github.com/bilawalali-hue,183716836,2024-10,9,23,9,2024–2024
Yaseen-M5,https://github.com/Yaseen-M5,184377485,2024-10,17,22,9,2024–2024
Hoorainbaigg,https://github.com/Hoorainbaigg,183591510,2024-10,11,22,9,2024–2024
zahoor369,https://github.com/zahoor369,186556864,2024-10,12,21,9,2024–2024
sheikhhsamii,https://github.com/sheikhhsamii,183458512,2024-10,8,21,9,2024–2024
Wajkhan1,https://github.com/Wajkhan1,186101128,2024-10,7,21,9,2024–2024
maliktaimoorawaan,https://github.com/maliktaimoorawaan,186583051,2024-10,14,20,9,2024–2024
MAAZZAAHID,https://github.com/MAAZZAAHID,186383458,2024-10,7,20,9,2024–2024
haseeb676-sir7,https://github.com/haseeb676-sir7,185621966,2024-10,7,20,9,2024–2024
AJCODER2004,https://github.com/AJCODER2004,184855421,2024-10,6,20,9,2024–2024
muhammad-anas-khann,https://github.com/muhammad-anas-khann,185372268,2024-10,14,19,9,2024–2024
Sakhawat-4,https://github.com/Sakhawat-4,184669420,2024-10,16,17,9,2024–2024
MuhammadRaza600,https://github.com/MuhammadRaza600,184435457,2024-10,10,17,9,2024–2024
HimeshDua,https://github.com/HimeshDua,188492374,2024-11,71,1200,9,2024–2024
Unfathomable-08,https://github.com/Unfathomable-08,188040617,2024-11,36,837,9,2024–2024
ShakeelAijaz1233223,https://github.com/ShakeelAijaz1233223,187555121,2024-11,18,750,9,2024–2024
weedu230,https://github.com/weedu230,188322802,2024-11,37,543,9,2024–2024
Aeiman-Fayyaz,https://github.com/Aeiman-Fayyaz,187057486,2024-11,91,489,9,2024–2024
Ibrahim4594,https://github.com/Ibrahim4594,187093152,2024-11,55,474,9,2024–2024
BAKHTAWAR333,https://github.com/BAKHTAWAR333,187025878,2024-11,77,413,9,2024–2024
ahmedkhan753,https://github.com/ahmedkhan753,188869225,2024-11,22,402,9,2024–2024
anasahmed07,https://github.com/anasahmed07,187446734,2024-11,34,386,9,2024–2024
Hammad-000,https://github.com/Hammad-000,189891227,2024-11,73,348,9,2024–2024
Aamir-Rafique,https://github.com/Aamir-Rafique,187675874,2024-11,21,338,9,2024–2024
Huzafi,https://github.com/Huzafi,187036263,2024-11,38,286,9,2024–2024
Lujaina-ali32,https://github.com/Lujaina-ali32,189542116,2024-11,121,234,9,2024–2024
iam-jatoi,https://github.com/iam-jatoi,190167549,2024-11,24,231,9,2024–2024
umemasultan,https://github.com/umemasultan,189792281,2024-11,41,226,9,2024–2024
ahmad012-ui,https://github.com/ahmad012-ui,188782674,2024-11,12,218,9,2024–2024
AbdullahShariq,https://github.com/AbdullahShariq,188692013,2024-11,20,213,9,2024–2024
bilalwaseem111,https://github.com/bilalwaseem111,187858310,2024-11,93,212,9,2024–2024
Muhammad-Ibrahim9078,https://github.com/Muhammad-Ibrahim9078,187507900,2024-11,67,210,9,2024–2024
theclickcreateco,https://github.com/theclickcreateco,190220000,2024-11,14,210,9,2024–2024
Noman107c,https://github.com/Noman107c,187120463,2024-11,20,204,9,2024–2024
Humzajamil234,https://github.com/Humzajamil234,188115886,2024-11,37,196,9,2024–2024
umerjamil-dev,https://github.com/umerjamil-dev,189812364,2024-11,38,195,9,2024–2024
bhagwandas786,https://github.com/bhagwandas786,187747860,2024-11,19,182,9,2024–2024
tftayyab,https://github.com/tftayyab,190163222,2024-11,12,158,9,2024–2024
code-with-ziyad,https://github.com/code-with-ziyad,188492637,2024-11,23,154,9,2024–2024
Rohail-khan0,https://github.com/Rohail-khan0,189258278,2024-11,28,135,9,2024–2024
Zainab88804,https://github.com/Zainab88804,189275860,2024-11,26,134,9,2024–2024
DevSyedFarhan,https://github.com/DevSyedFarhan,189556422,2024-11,25,134,9,2024–2024
yahyahabib65,https://github.com/yahyahabib65,189197477,2024-11,14,130,9,2024–2024
TahaHussain495,https://github.com/TahaHussain495,189708893,2024-11,64,128,9,2024–2024
absattarghoto,https://github.com/absattarghoto,189700936,2024-11,14,127,9,2024–2024
Muhammad-Hammad0,https://github.com/Muhammad-Hammad0,188172213,2024-11,49,124,9,2024–2024
HabibFaial-py,https://github.com/HabibFaial-py,187025382,2024-11,18,120,9,2024–2024
MUHAMMADSufiyanDEV,https://github.com/MUHAMMADSufiyanDEV,187929395,2024-11,79,119,9,2024–2024
faisal00123,https://github.com/faisal00123,190202549,2024-11,46,114,9,2024–2024
daniyalhusain10,https://github.com/daniyalhusain10,190135251,2024-11,18,108,9,2024–2024
ridamalik26,https://github.com/ridamalik26,188627253,2024-11,9,106,9,2024–2024
MoattarAnsari385,https://github.com/MoattarAnsari385,188902591,2024-11,49,105,9,2024–2024
HadiqaMehmood18,https://github.com/HadiqaMehmood18,189641535,2024-11,7,103,9,2024–2024
mmaaz-497,https://github.com/mmaaz-497,187977051,2024-11,30,99,9,2024–2024
AbdulSami-786,https://github.com/AbdulSami-786,187170402,2024-11,57,98,9,2024–2024
ZiaAhmadAyoob,https://github.com/ZiaAhmadAyoob,188943412,2024-11,24,89,9,2024–2024
AsharAli-042,https://github.com/AsharAli-042,188357036,2024-11,6,88,9,2024–2024
KeertanGir,https://github.com/KeertanGir,189652046,2024-11,9,87,9,2024–2024
waqarhussain-diyainteractive,https://github.com/waqarhussain-diyainteractive,187608964,2024-11,7,80,9,2024–2024
anoosha-jpg,https://github.com/anoosha-jpg,187288213,2024-11,48,79,9,2024–2024
abdulhaseeb-4,https://github.com/abdulhaseeb-4,189385470,2024-11,30,77,9,2024–2024
ashahryar,https://github.com/ashahryar,189998022,2024-11,15,77,9,2024–2024
MuhammadYaqoob-pixel,https://github.com/MuhammadYaqoob-pixel,189778104,2024-11,13,76,9,2024–2024
Fahad-Faraz,https://github.com/Fahad-Faraz,187862041,2024-11,78,73,9,2024–2024
SarfarazAbbas3,https://github.com/SarfarazAbbas3,187254471,2024-11,14,71,9,2024–2024
Haseebkhan90,https://github.com/Haseebkhan90,189465563,2024-11,11,69,9,2024–2024
Wr5hxf,https://github.com/Wr5hxf,188376377,2024-11,19,66,9,2024–2024
mfaqihulhasnain,https://github.com/mfaqihulhasnain,189221600,2024-11,9,64,9,2024–2024
Azam-web788,https://github.com/Azam-web788,187546672,2024-11,33,61,9,2024–2024
codedotusman,https://github.com/codedotusman,189538401,2024-11,18,61,9,2024–2024
MuhammadAhmedKhan2006,https://github.com/MuhammadAhmedKhan2006,189138841,2024-11,14,61,9,2024–2024
owaiskhan-dev,https://github.com/owaiskhan-dev,188371863,2024-11,26,58,9,2024–2024
akhtarcloudx,https://github.com/akhtarcloudx,189315935,2024-11,12,56,9,2024–2024
shahmeerkashif,https://github.com/shahmeerkashif,187994684,2024-11,40,55,9,2024–2024
hamzaamjad1000,https://github.com/hamzaamjad1000,188067791,2024-11,9,55,9,2024–2024
Atif-Ali1290,https://github.com/Atif-Ali1290,190210715,2024-11,12,54,9,2024–2024
iubaidrehman,https://github.com/iubaidrehman,190166527,2024-11,8,54,9,2024–2024
shehrozkhan04,https://github.com/shehrozkhan04,187329583,2024-11,9,52,9,2024–2024
AliRaza-Malano,https://github.com/AliRaza-Malano,188737336,2024-11,12,48,9,2024–2024
MuhammadHassan-Ghazi,https://github.com/MuhammadHassan-Ghazi,187099584,2024-11,8,48,9,2024–2024
Bilalhussain021,https://github.com/Bilalhussain021,189712759,2024-11,25,47,9,2024–2024
SumairaAfzal22,https://github.com/SumairaAfzal22,187511558,2024-11,16,47,9,2024–2024
Kumardevelopers56,https://github.com/Kumardevelopers56,190112189,2024-11,28,46,9,2024–2024
Abdul-Rahman258,https://github.com/Abdul-Rahman258,189992535,2024-11,11,46,9,2024–2024
muhammad724,https://github.com/muhammad724,189705307,2024-11,18,45,9,2024–2024
lestrofarhan,https://github.com/lestrofarhan,188377551,2024-11,9,45,9,2024–2024
shaheer-67,https://github.com/shaheer-67,188761650,2024-11,14,42,9,2024–2024
AamirZadjali,https://github.com/AamirZadjali,187488974,2024-11,12,41,9,2024–2024
Zahid22175,https://github.com/Zahid22175,189815056,2024-11,28,39,9,2024–2024
usmankhan2003,https://github.com/usmankhan2003,190086972,2024-11,35,38,9,2024–2024
SyedHasnain27,https://github.com/SyedHasnain27,187949180,2024-11,13,38,9,2024–2024
sharjeel435,https://github.com/sharjeel435,188236861,2024-11,11,38,10,2024–2026
sanambibi,https://github.com/sanambibi,189019158,2024-11,10,38,10,2024–2026
HamzaTufail123,https://github.com/HamzaTufail123,189724848,2024-11,6,38,10,2024–2026
umerfayaz,https://github.com/umerfayaz,189866690,2024-11,9,37,10,2024–2026
m-junaid1998,https://github.com/m-junaid1998,189202781,2024-11,7,37,10,2024–2026
Blue-Rangoon,https://github.com/Blue-Rangoon,187445713,2024-11,6,37,10,2024–2026
IQRASH-UR-REHMAN,https://github.com/IQRASH-UR-REHMAN,188289528,2024-11,40,34,10,2024–2026
Adnan52575,https://github.com/Adnan52575,188962483,2024-11,13,34,10,2024–2026
Haris-12-code,https://github.com/Haris-12-code,188291337,2024-11,12,34,10,2024–2026
danishsagar,https://github.com/danishsagar,188142173,2024-11,21,33,10,2024–2026
KanwalFatima188,https://github.com/KanwalFatima188,188377964,2024-11,14,33,10,2024–2026
arshemurad23,https://github.com/arshemurad23,188667766,2024-11,13,33,10,2024–2026
waleedrehman661,https://github.com/waleedrehman661,189938807,2024-11,12,32,10,2024–2026
anaskhankhilji,https://github.com/anaskhankhilji,189343841,2024-11,19,31,10,2024–2026
Hamza-998,https://github.com/Hamza-998,186993105,2024-11,13,31,10,2024–2026
azizullahnaik,https://github.com/azizullahnaik,188784527,2024-11,8,31,10,2024–2026
TahaAlam1,https://github.com/TahaAlam1,189078923,2024-11,7,30,10,2024–2026
Asif313110,https://github.com/Asif313110,189611645,2024-11,14,28,10,2024–2026
palwashanaeem,https://github.com/palwashanaeem,189467461,2024-11,8,28,10,2024–2026
Arekah,https://github.com/Arekah,190187159,2024-11,20,27,10,2024–2026
MustafaMurtaza1,https://github.com/MustafaMurtaza1,188567096,2024-11,17,26,10,2024–2026
JawadAsad25,https://github.com/JawadAsad25,188060055,2024-11,31,25,10,2024–2026
Ali9222706,https://github.com/Ali9222706,187558342,2024-11,17,24,10,2024–2026
1Sahilkumar,https://github.com/1Sahilkumar,188217319,2024-11,6,24,10,2024–2026
Haider-875,https://github.com/Haider-875,188498657,2024-11,16,23,10,2024–2026
MJ-Syed,https://github.com/MJ-Syed,188600008,2024-11,6,20,10,2024–2026
ahmedkhan-python-dev,https://github.com/ahmedkhan-python-dev,189580292,2024-11,13,19,10,2024–2026
muhammadasad-1,https://github.com/muhammadasad-1,188371810,2024-11,11,18,10,2024–2026
asharj316,https://github.com/asharj316,188515212,2024-11,7,18,10,2024–2026
DaniyalSaeedQureshi,https://github.com/DaniyalSaeedQureshi,188721418,2024-11,6,18,10,2024–2026
munsifjunejo,https://github.com/munsifjunejo,189366781,2024-11,13,17,10,2024–2026
Mahnoor234,https://github.com/Mahnoor234,187635735,2024-11,13,17,10,2024–2026
Bilal742,https://github.com/Bilal742,192145199,2024-12,38,936,10,2024–2026
muhammadhammad2005,https://github.com/muhammadhammad2005,191004183,2024-12,28,906,10,2024–2026
Abdulghaffar39,https://github.com/Abdulghaffar39,192107783,2024-12,49,742,10,2024–2026
SaqibFarhanProgrammer,https://github.com/SaqibFarhanProgrammer,192256222,2024-12,25,612,10,2024–2026
kumargovind197,https://github.com/kumargovind197,192444755,2024-12,21,580,10,2024–2026
hasnainali567,https://github.com/hasnainali567,191239485,2024-12,41,374,10,2024–2026
engribrahimorakzai,https://github.com/engribrahimorakzai,191703148,2024-12,21,349,10,2024–2026
sheikhhaad,https://github.com/sheikhhaad,190773146,2024-12,70,345,10,2024–2026
SanaHameed2,https://github.com/SanaHameed2,190933917,2024-12,57,330,10,2024–2026
habibanadeemhere,https://github.com/habibanadeemhere,191740318,2024-12,152,322,10,2024–2026
hanzalamaw,https://github.com/hanzalamaw,190286686,2024-12,11,271,10,2024–2026
ismail6174,https://github.com/ismail6174,191588654,2024-12,91,250,10,2024–2026
JaweriaAsif745,https://github.com/JaweriaAsif745,192137243,2024-12,19,245,10,2024–2026
Imtiaz-Ali17314,https://github.com/Imtiaz-Ali17314,191659116,2024-12,34,244,10,2024–2026
ayeshalee88,https://github.com/ayeshalee88,192376497,2024-12,30,235,10,2024–2026
Muhammad-Zareef,https://github.com/Muhammad-Zareef,193045363,2024-12,33,234,10,2024–2026
AmmadAhmed247,https://github.com/AmmadAhmed247,192963091,2024-12,19,228,10,2024–2026
umaimasalam24,https://github.com/umaimasalam24,191147443,2024-12,69,221,10,2024–2026
owaisraza72,https://github.com/owaisraza72,190656402,2024-12,71,217,10,2024–2026
AbdulAhad390,https://github.com/AbdulAhad390,192502170,2024-12,16,216,10,2024–2026
saad1444,https://github.com/saad1444,191550033,2024-12,100,189,10,2024–2026
ayanhabib67,https://github.com/ayanhabib67,192097471,2024-12,69,188,10,2024–2026
Malik-Bilawal,https://github.com/Malik-Bilawal,192956466,2024-12,10,182,10,2024–2026
Laibaafzaal123,https://github.com/Laibaafzaal123,191158152,2024-12,51,174,10,2024–2026
FawazAhmed02,https://github.com/FawazAhmed02,191035649,2024-12,9,169,10,2024–2026
Subhana-Saman,https://github.com/Subhana-Saman,191289572,2024-12,66,168,10,2024–2026
Abdullah-khan07,https://github.com/Abdullah-khan07,190880697,2024-12,12,163,10,2024–2026
Shoaib-Khan90,https://github.com/Shoaib-Khan90,192787867,2024-12,41,150,10,2024–2026
ebbadullah,https://github.com/ebbadullah,190473540,2024-12,29,150,10,2024–2026
ALI-N-L-K-A,https://github.com/ALI-N-L-K-A,192506225,2024-12,6,143,10,2024–2026
SaadAzeem595,https://github.com/SaadAzeem595,191591463,2024-12,8,139,10,2024–2026
abdullahaqeeldev,https://github.com/abdullahaqeeldev,190290538,2024-12,64,137,10,2024–2026
Fatimahnoman,https://github.com/Fatimahnoman,192030299,2024-12,31,135,10,2024–2026
areeb9206,https://github.com/areeb9206,191141662,2024-12,37,132,10,2024–2026
HuzaifaNawaid,https://github.com/HuzaifaNawaid,192048677,2024-12,17,132,10,2024–2026
ArshAliAzam,https://github.com/ArshAliAzam,191797287,2024-12,11,132,10,2024–2026
khawaja-affan,https://github.com/khawaja-affan,190923924,2024-12,52,126,10,2024–2026
engrrabdulkhaliq001,https://github.com/engrrabdulkhaliq001,191335907,2024-12,13,125,10,2024–2026
Arhama-Mehmood,https://github.com/Arhama-Mehmood,191588631,2024-12,56,117,10,2024–2026
TalhaSalman318,https://github.com/TalhaSalman318,190712044,2024-12,19,114,10,2024–2026
Bil4l-Mehmood,https://github.com/Bil4l-Mehmood,191794393,2024-12,24,104,10,2024–2026
kashansaleem192,https://github.com/kashansaleem192,191572663,2024-12,79,102,10,2024–2026
Muhammad-Asher-Sajid-Sheikh,https://github.com/Muhammad-Asher-Sajid-Sheikh,192338185,2024-12,28,100,10,2024–2026
uroojfaiz,https://github.com/uroojfaiz,191215697,2024-12,33,94,10,2024–2026
sameer-dev-online,https://github.com/sameer-dev-online,192999720,2024-12,8,92,10,2024–2026
AyaanFurqan,https://github.com/AyaanFurqan,191144873,2024-12,24,91,10,2024–2026
MhurairaJS,https://github.com/MhurairaJS,192526868,2024-12,15,91,10,2024–2026
Maryum763,https://github.com/Maryum763,190707107,2024-12,29,90,10,2024–2026
farishay,https://github.com/farishay,191094795,2024-12,37,89,10,2024–2026
DanishZohaib,https://github.com/DanishZohaib,190869690,2024-12,19,87,10,2024–2026
sulemanafandi,https://github.com/sulemanafandi,191847492,2024-12,18,87,10,2024–2026
Web-exprt04,https://github.com/Web-exprt04,191241757,2024-12,39,86,10,2024–2026
fahad15fede,https://github.com/fahad15fede,190966063,2024-12,16,86,10,2024–2026
KhizraAdnan,https://github.com/KhizraAdnan,191286943,2024-12,19,82,10,2024–2026
muhammadhayyan08,https://github.com/muhammadhayyan08,193353521,2024-12,38,81,10,2024–2026
zulqarnain-07,https://github.com/zulqarnain-07,190287791,2024-12,12,81,10,2024–2026
Taimoor585,https://github.com/Taimoor585,190427547,2024-12,24,79,10,2024–2026
saim-anis,https://github.com/saim-anis,190307701,2024-12,28,78,10,2024–2026
Alishba19,https://github.com/Alishba19,190618804,2024-12,23,78,10,2024–2026
syedbilalalam1,https://github.com/syedbilalalam1,190462760,2024-12,37,74,10,2024–2026
Wahajulhaq7,https://github.com/Wahajulhaq7,192782175,2024-12,10,73,10,2024–2026
Talha-Kaleem,https://github.com/Talha-Kaleem,193054899,2024-12,6,73,10,2024–2026
owaisraza3423,https://github.com/owaisraza3423,192618215,2024-12,29,72,10,2024–2026
WaqasOnGit,https://github.com/WaqasOnGit,192990127,2024-12,24,72,10,2024–2026
NaveedBashir-NB,https://github.com/NaveedBashir-NB,192007541,2024-12,10,71,10,2024–2026
zainshah3464,https://github.com/zainshah3464,191027054,2024-12,12,68,10,2024–2026
murshid3130,https://github.com/murshid3130,191392732,2024-12,6,67,10,2024–2026
ansa393,https://github.com/ansa393,191165166,2024-12,35,65,10,2024–2026
barirah-mansoor,https://github.com/barirah-mansoor,191926338,2024-12,12,64,10,2024–2026
ahmersajid,https://github.com/ahmersajid,190974112,2024-12,25,63,10,2024–2026
Ameergul76,https://github.com/Ameergul76,193357523,2024-12,60,62,10,2024–2026
SyedaEmra27,https://github.com/SyedaEmra27,192111750,2024-12,59,62,10,2024–2026
MuhammadSaleem1122344,https://github.com/MuhammadSaleem1122344,192078012,2024-12,52,62,10,2024–2026
Nabiharaja46,https://github.com/Nabiharaja46,191266667,2024-12,31,62,10,2024–2026
hamza1264,https://github.com/hamza1264,193345158,2024-12,17,62,10,2024–2026
AbdullahXDeveloper,https://github.com/AbdullahXDeveloper,192000863,2024-12,6,62,10,2024–2026
ummulkhairmemonattariya45,https://github.com/ummulkhairmemonattariya45,191335199,2024-12,32,61,10,2024–2026
furqunali,https://github.com/furqunali,192472936,2024-12,32,58,10,2024–2026
ali-raza-mukhtiar,https://github.com/ali-raza-mukhtiar,190326484,2024-12,32,57,10,2024–2026
hasnainrais,https://github.com/hasnainrais,190879988,2024-12,13,56,10,2024–2026
muneshkumar194,https://github.com/muneshkumar194,191709660,2024-12,7,56,10,2024–2026
Faizan-Bilal402,https://github.com/Faizan-Bilal402,193119310,2024-12,6,56,10,2024–2026
Zeeshan-eng-tech,https://github.com/Zeeshan-eng-tech,190386628,2024-12,6,55,10,2024–2026
Atiyabaleegh,https://github.com/Atiyabaleegh,191288065,2024-12,30,54,10,2024–2026
muhammadwasil4455,https://github.com/muhammadwasil4455,193041747,2024-12,21,54,10,2024–2026
mfakhir26,https://github.com/mfakhir26,192439041,2024-12,7,54,10,2024–2026
Muhammad-Aresh-khan,https://github.com/Muhammad-Aresh-khan,190845392,2024-12,14,51,10,2024–2026
MubashirSiddiqui9800,https://github.com/MubashirSiddiqui9800,190784991,2024-12,45,50,10,2024–2026
NabeelAhmed240106,https://github.com/NabeelAhmed240106,191484273,2024-12,44,50,10,2024–2026
Syed-Zain-bukhari,https://github.com/Syed-Zain-bukhari,192023016,2024-12,36,49,10,2024–2026
waniyah1205,https://github.com/waniyah1205,191250055,2024-12,24,49,10,2024–2026
K-Muskan,https://github.com/K-Muskan,190452184,2024-12,18,49,10,2024–2026
syeda804,https://github.com/syeda804,192702955,2024-12,24,48,10,2024–2026
nausheenzubair,https://github.com/nausheenzubair,191109461,2024-12,13,46,10,2024–2026
dev-affan,https://github.com/dev-affan,190293753,2024-12,30,45,10,2024–2026
sahmerali,https://github.com/sahmerali,191685215,2024-12,24,44,10,2024–2026
MrButtCode,https://github.com/MrButtCode,191742472,2024-12,7,40,10,2024–2026
azmatnoorkp,https://github.com/azmatnoorkp,192102918,2024-12,21,37,10,2024–2026
Sajeehamuhammadhanif,https://github.com/Sajeehamuhammadhanif,191095051,2024-12,16,37,10,2024–2026
moiznisarkhan,https://github.com/moiznisarkhan,191578035,2024-12,24,36,10,2024–2026
farhanahmedtech,https://github.com/farhanahmedtech,190861815,2024-12,13,36,10,2024–2026
shahzaibAmeerHamza,https://github.com/shahzaibAmeerHamza,190389632,2024-12,14,35,10,2024–2026
ZakaUllah29,https://github.com/ZakaUllah29,190688591,2024-12,10,35,10,2024–2026
abdul-qadir12324,https://github.com/abdul-qadir12324,191786194,2024-12,8,35,10,2024–2026
kaifmansoori12,https://github.com/kaifmansoori12,191138788,2024-12,7,35,10,2024–2026
Aiza-dev,https://github.com/Aiza-dev,191094639,2024-12,21,34,10,2024–2026
abdullahhumayunaziz,https://github.com/abdullahhumayunaziz,193074726,2024-12,17,33,10,2024–2026
Syed-Ahmad111,https://github.com/Syed-Ahmad111,190838144,2024-12,32,32,10,2024–2026
waniyaraheel,https://github.com/waniyaraheel,191873162,2024-12,20,32,10,2024–2026
AliZafar121,https://github.com/AliZafar121,190261324,2024-12,12,32,10,2024–2026
Fatimazehrasajjad,https://github.com/Fatimazehrasajjad,193307235,2024-12,10,31,10,2024–2026
Waqar885,https://github.com/Waqar885,190997582,2024-12,7,30,10,2024–2026
Fahad-Ahmed2004,https://github.com/Fahad-Ahmed2004,191268621,2024-12,26,29,10,2024–2026
AnasKhanSiraj,https://github.com/AnasKhanSiraj,191212061,2024-12,15,29,10,2024–2026
murtaza-naeem,https://github.com/murtaza-naeem,190933503,2024-12,8,29,10,2024–2026
Mahnoor-Saleem-57,https://github.com/Mahnoor-Saleem-57,191740506,2024-12,27,28,10,2024–2026
tahour22,https://github.com/tahour22,192071446,2024-12,24,28,10,2024–2026
HamidRaza1012,https://github.com/HamidRaza1012,190421136,2024-12,23,28,10,2024–2026
kinzaabdulghafoor,https://github.com/kinzaabdulghafoor,191796960,2024-12,13,28,10,2024–2026
SajawalAhmed2704f1,https://github.com/SajawalAhmed2704f1,192219462,2024-12,9,28,10,2024–2026
Hasnain2121,https://github.com/Hasnain2121,193267328,2024-12,6,28,10,2024–2026
Abraham12gha,https://github.com/Abraham12gha,192925607,2024-12,13,27,10,2024–2026
RoushaanDev,https://github.com/RoushaanDev,191153045,2024-12,11,27,10,2024–2026
alina-ayub-mayo,https://github.com/alina-ayub-mayo,193348758,2024-12,8,26,10,2024–2026
MuhammadAreebAhmed,https://github.com/MuhammadAreebAhmed,191208549,2024-12,11,25,10,2024–2026
TechTalksOfficial,https://github.com/TechTalksOfficial,190532507,2024-12,8,25,10,2024–2026
Sarfaraz-E,https://github.com/Sarfaraz-E,192941129,2024-12,7,25,10,2024–2026
Aaveezariaz12,https://github.com/Aaveezariaz12,191482046,2024-12,27,24,10,2024–2026
Sk-Sufiyan-khan,https://github.com/Sk-Sufiyan-khan,193218268,2024-12,19,23,10,2024–2026
SyedRabiAli1,https://github.com/SyedRabiAli1,190511691,2024-12,21,22,10,2024–2026
Alinadeemfsz,https://github.com/Alinadeemfsz,191503411,2024-12,19,22,10,2024–2026
Muhammad-Asad-Ibrahim,https://github.com/Muhammad-Asad-Ibrahim,191969606,2024-12,11,21,10,2024–2026
Aliraza233,https://github.com/Aliraza233,191691375,2024-12,16,20,10,2024–2026
shahidhussain962,https://github.com/shahidhussain962,192399857,2024-12,13,20,10,2024–2026
alqama785sheikh,https://github.com/alqama785sheikh,192867386,2024-12,7,20,10,2024–2026
rayyan729926,https://github.com/rayyan729926,192579465,2024-12,6,20,10,2024–2026
Kashanmajeed61,https://github.com/Kashanmajeed61,190412006,2024-12,17,19,10,2024–2026
Jawadakram099,https://github.com/Jawadakram099,191824280,2024-12,20,18,10,2024–2026
UmarBhatti89,https://github.com/UmarBhatti89,191128470,2024-12,8,18,10,2024–2026
awais-developer-coder,https://github.com/awais-developer-coder,193093921,2024-12,11,17,10,2024–2026
mhariskhan87,https://github.com/mhariskhan87,191623592,2024-12,10,17,10,2024–2026
mansoor-farooq,https://github.com/mansoor-farooq,194051735,2025-01,17,722,10,2024–2026
ASHHADgit87,https://github.com/ASHHADgit87,196343109,2025-01,22,605,10,2024–2026
KhuzaimaKhalid,https://github.com/KhuzaimaKhalid,196770564,2025-01,72,467,10,2024–2026
umaimasif,https://github.com/umaimasif,194482524,2025-01,30,326,10,2024–2026
Afshankanwal22,https://github.com/Afshankanwal22,194207395,2025-01,72,274,10,2024–2026
hussainezzi,https://github.com/hussainezzi,194842749,2025-01,80,263,10,2024–2026
sajjadali56,https://github.com/sajjadali56,194790694,2025-01,7,238,10,2024–2026
Hamza-Khan-official,https://github.com/Hamza-Khan-official,193724118,2025-01,38,221,10,2024–2026
Aishasiddiqui97,https://github.com/Aishasiddiqui97,194783309,2025-01,22,221,10,2024–2026
techticsclubpakistan,https://github.com/techticsclubpakistan,193737963,2025-01,10,217,10,2024–2026
BeenaAnam,https://github.com/BeenaAnam,193788223,2025-01,77,208,10,2024–2026
Muhammad-Basit15,https://github.com/Muhammad-Basit15,194550510,2025-01,11,207,10,2024–2026
Aeiman2002,https://github.com/Aeiman2002,194202002,2025-01,24,202,10,2024–2026
Israr29,https://github.com/Israr29,194122838,2025-01,15,192,10,2024–2026
muhammad-abbas-2006,https://github.com/muhammad-abbas-2006,193867421,2025-01,22,172,10,2024–2026
shykhmuhammad07,https://github.com/shykhmuhammad07,194748051,2025-01,47,160,10,2024–2026
mohibali07,https://github.com/mohibali07,194350341,2025-01,18,156,10,2024–2026
fatima-897,https://github.com/fatima-897,195298039,2025-01,32,155,10,2024–2026
MuhammadMobeenArif,https://github.com/MuhammadMobeenArif,194359519,2025-01,39,144,10,2024–2026
arijbaig547,https://github.com/arijbaig547,194073068,2025-01,32,133,10,2024–2026
rajperfattah,https://github.com/rajperfattah,195866559,2025-01,25,127,10,2024–2026
usmanfaroooqi,https://github.com/usmanfaroooqi,194643452,2025-01,8,119,10,2024–2026
MuzammilBaloch-22,https://github.com/MuzammilBaloch-22,193870331,2025-01,51,116,10,2024–2026
UzmaTahir97,https://github.com/UzmaTahir97,195459875,2025-01,23,115,10,2024–2026
M-Shareef-pg,https://github.com/M-Shareef-pg,196436262,2025-01,19,110,10,2024–2026
arfacreation,https://github.com/arfacreation,195670726,2025-01,90,105,10,2024–2026
wishkhan,https://github.com/wishkhan,193631340,2025-01,41,104,10,2024–2026
Aatiqa-kalar,https://github.com/Aatiqa-kalar,193583891,2025-01,37,100,10,2024–2026
Ahmed-Ziaa,https://github.com/Ahmed-Ziaa,196925721,2025-01,20,100,10,2024–2026
shahsawar28032,https://github.com/shahsawar28032,196319819,2025-01,10,100,10,2024–2026
salehpaki,https://github.com/salehpaki,194915503,2025-01,12,99,10,2024–2026
sakinaowais989,https://github.com/sakinaowais989,194627418,2025-01,55,98,10,2024–2026
TheMaryamIsmail,https://github.com/TheMaryamIsmail,195268878,2025-01,13,98,10,2024–2026
ABRO-515,https://github.com/ABRO-515,193812691,2025-01,38,97,10,2024–2026
Rizviblue,https://github.com/Rizviblue,195521533,2025-01,21,96,10,2024–2026
MuhammadFurqangithhub,https://github.com/MuhammadFurqangithhub,193609487,2025-01,6,96,10,2024–2026
anasshazad324,https://github.com/anasshazad324,196945416,2025-01,31,95,10,2024–2026
theadeelahmed,https://github.com/theadeelahmed,194600887,2025-01,23,91,10,2024–2026
Saim-Warsi,https://github.com/Saim-Warsi,196207514,2025-01,10,91,10,2024–2026
sumiayaaim,https://github.com/sumiayaaim,194052984,2025-01,31,88,10,2024–2026
maria-hussain2374,https://github.com/maria-hussain2374,196368272,2025-01,30,88,10,2024–2026
sohaibsaadat,https://github.com/sohaibsaadat,194582128,2025-01,21,87,10,2024–2026
ifrah002,https://github.com/ifrah002,193580078,2025-01,27,86,10,2024–2026
Sabeeh1419,https://github.com/Sabeeh1419,195360121,2025-01,8,83,10,2024–2026
pirahmed6,https://github.com/pirahmed6,193764473,2025-01,57,79,10,2024–2026
hamza07-07,https://github.com/hamza07-07,196163928,2025-01,30,74,10,2024–2026
Maryam-attariya,https://github.com/Maryam-attariya,193584142,2025-01,24,74,10,2024–2026
FarhanSiddiqui2333,https://github.com/FarhanSiddiqui2333,195542870,2025-01,21,71,10,2024–2026
Rayan-Atif-developer,https://github.com/Rayan-Atif-developer,195534573,2025-01,58,69,10,2024–2026
zeeshan2468,https://github.com/zeeshan2468,195471696,2025-01,40,67,10,2024–2026
aliCodesCraft,https://github.com/aliCodesCraft,193378072,2025-01,14,67,10,2024–2026
SalamaTariq,https://github.com/SalamaTariq,193609742,2025-01,50,66,10,2024–2026
mzubairr,https://github.com/mzubairr,193818222,2025-01,24,66,10,2024–2026
MALAIKaALI90,https://github.com/MALAIKaALI90,194907825,2025-01,9,65,10,2024–2026
hamdanwebs,https://github.com/hamdanwebs,193698112,2025-01,37,64,10,2024–2026
shariq-hash,https://github.com/shariq-hash,196540041,2025-01,35,63,10,2024–2026
muzna-naved,https://github.com/muzna-naved,194561331,2025-01,6,63,10,2024–2026
maazanwer0005,https://github.com/maazanwer0005,194428064,2025-01,29,62,10,2024–2026
UfaqFatima,https://github.com/UfaqFatima,195498989,2025-01,31,58,10,2024–2026
MA-mao,https://github.com/MA-mao,194258618,2025-01,44,56,10,2024–2026
AnasDev17,https://github.com/AnasDev17,193597472,2025-01,18,56,10,2024–2026
code-with-sheri,https://github.com/code-with-sheri,194194688,2025-01,10,56,10,2024–2026
A-Haseeb1233,https://github.com/A-Haseeb1233,193568834,2025-01,6,56,10,2024–2026
fahadhabib52,https://github.com/fahadhabib52,196927043,2025-01,22,53,10,2024–2026
ghinaulhasan,https://github.com/ghinaulhasan,196891847,2025-01,15,53,10,2024–2026
MuhammadFasih2311,https://github.com/MuhammadFasih2311,194932371,2025-01,9,53,10,2024–2026
Zayyn-khan,https://github.com/Zayyn-khan,195662143,2025-01,19,51,10,2024–2026
showzib,https://github.com/showzib,196509181,2025-01,27,48,10,2024–2026
sikandar191597341,https://github.com/sikandar191597341,196448743,2025-01,8,48,10,2024–2026
Muneeba-29,https://github.com/Muneeba-29,194726791,2025-01,32,47,10,2024–2026
ribaa-00,https://github.com/ribaa-00,196891635,2025-01,22,47,10,2024–2026
UmaisaVerse,https://github.com/UmaisaVerse,196541304,2025-01,22,45,10,2024–2026
hassan152-art,https://github.com/hassan152-art,194053818,2025-01,23,43,10,2024–2026
Zohaib-Aziz-Panhwar,https://github.com/Zohaib-Aziz-Panhwar,194414179,2025-01,7,43,10,2024–2026
rida-zainab2426,https://github.com/rida-zainab2426,193508211,2025-01,13,42,10,2024–2026
Bilalmubeen11,https://github.com/Bilalmubeen11,194053207,2025-01,12,41,10,2024–2026
mudassir-31265,https://github.com/mudassir-31265,196891599,2025-01,10,40,10,2024–2026
Areeba-02,https://github.com/Areeba-02,196562814,2025-01,44,39,10,2024–2026
Umair412387,https://github.com/Umair412387,197315353,2025-01,41,39,10,2024–2026
Shahwaizkay,https://github.com/Shahwaizkay,195076523,2025-01,18,39,10,2024–2026
TahaKhalid1,https://github.com/TahaKhalid1,195572086,2025-01,12,36,10,2024–2026
muneebaptech,https://github.com/muneebaptech,195521660,2025-01,11,36,10,2024–2026
syedmaaz55,https://github.com/syedmaaz55,194401436,2025-01,24,35,10,2024–2026
basit-02,https://github.com/basit-02,195075425,2025-01,22,34,10,2024–2026
aashir069,https://github.com/aashir069,196891597,2025-01,16,34,10,2024–2026
SUFYAN615,https://github.com/SUFYAN615,197247716,2025-01,14,34,10,2024–2026
Billall123456789,https://github.com/Billall123456789,194247544,2025-01,7,34,10,2024–2026
hasratnazar,https://github.com/hasratnazar,196517157,2025-01,6,33,10,2024–2026
AhmedShahzad00,https://github.com/AhmedShahzad00,194286356,2025-01,6,33,10,2024–2026
SanjayHeerani01,https://github.com/SanjayHeerani01,196293672,2025-01,23,32,10,2024–2026
AriyanNaveed,https://github.com/AriyanNaveed,196047813,2025-01,16,32,10,2024–2026
muhammadasadmatloob,https://github.com/muhammadasadmatloob,194356205,2025-01,11,32,10,2024–2026
UzairUrRehman,https://github.com/UzairUrRehman,195015770,2025-01,6,32,10,2024–2026
UmarAnjum512,https://github.com/UmarAnjum512,194052976,2025-01,8,31,10,2024–2026
Muzzammmiill,https://github.com/Muzzammmiill,195142387,2025-01,7,31,10,2024–2026
rakshanda01-art,https://github.com/rakshanda01-art,194822185,2025-01,6,31,10,2024–2026
ShahzaibKhalid-Frontend-Dev,https://github.com/ShahzaibKhalid-Frontend-Dev,194798378,2025-01,30,30,10,2024–2026
harismemon13,https://github.com/harismemon13,196678154,2025-01,17,29,10,2024–2026
abihashakeel,https://github.com/abihashakeel,196471481,2025-01,28,28,10,2024–2026
zainabkashan,https://github.com/zainabkashan,195470482,2025-01,17,27,10,2024–2026
shairalimemon,https://github.com/shairalimemon,195277885,2025-01,15,26,10,2024–2026
muhammadanus160,https://github.com/muhammadanus160,195283752,2025-01,9,25,10,2024–2026
ahmedraza57,https://github.com/ahmedraza57,196319649,2025-01,8,25,10,2024–2026
musharaf-oss,https://github.com/musharaf-oss,194053907,2025-01,7,25,10,2024–2026
SyedMutahir-Shah,https://github.com/SyedMutahir-Shah,193427744,2025-01,13,24,10,2024–2026
SaadRizwan2008,https://github.com/SaadRizwan2008,195646116,2025-01,9,24,10,2024–2026
raqibali775,https://github.com/raqibali775,193495207,2025-01,8,24,10,2024–2026
aayantasneem,https://github.com/aayantasneem,194345060,2025-01,7,24,10,2024–2026
SyedaFaryyal,https://github.com/SyedaFaryyal,194490349,2025-01,9,22,10,2024–2026
RAZA664,https://github.com/RAZA664,197046191,2025-01,8,22,10,2024–2026
Tahaqayyum,https://github.com/Tahaqayyum,193800186,2025-01,10,19,10,2024–2026
mianmuhammadbilal,https://github.com/mianmuhammadbilal,194485869,2025-01,8,19,10,2024–2026
simraakhann,https://github.com/simraakhann,196892135,2025-01,8,19,10,2024–2026
safa-source,https://github.com/safa-source,196891817,2025-01,8,19,10,2024–2026
saramsail,https://github.com/saramsail,193858991,2025-01,9,18,10,2024–2026
M-Azannn,https://github.com/M-Azannn,196068964,2025-01,16,17,10,2024–2026
Ali-Rozani,https://github.com/Ali-Rozani,198916021,2025-02,18,809,10,2024–2026
malik-tanveer,https://github.com/malik-tanveer,197722550,2025-02,73,656,10,2024–2026
Aashir-Siddiqui,https://github.com/Aashir-Siddiqui,199977346,2025-02,87,628,10,2024–2026
ahrar-shah,https://github.com/ahrar-shah,197424139,2025-02,39,555,10,2024–2026
Asad101001,https://github.com/Asad101001,199239160,2025-02,25,477,10,2024–2026
razazaheer12,https://github.com/razazaheer12,197662421,2025-02,31,343,10,2024–2026
muhammadsadoon,https://github.com/muhammadsadoon,199887665,2025-02,54,320,10,2024–2026
Ahmed0888,https://github.com/Ahmed0888,198800792,2025-02,48,320,10,2024–2026
huzaifadevcloud,https://github.com/huzaifadevcloud,200107639,2025-02,45,283,10,2024–2026
Ahmed-Ali-1,https://github.com/Ahmed-Ali-1,197609081,2025-02,40,265,10,2024–2026
WaleedAfridi-1,https://github.com/WaleedAfridi-1,201253134,2025-02,36,262,10,2024–2026
mFurqan0,https://github.com/mFurqan0,197481032,2025-02,17,262,10,2024–2026
jafferjunaidi,https://github.com/jafferjunaidi,201010876,2025-02,20,260,10,2024–2026
Syed-Muhammad-Ali-git,https://github.com/Syed-Muhammad-Ali-git,201079701,2025-02,40,253,10,2024–2026
SyedAhmedAliRaza,https://github.com/SyedAhmedAliRaza,199983485,2025-02,10,204,10,2024–2026
khanbasiq16,https://github.com/khanbasiq16,198294454,2025-02,21,193,10,2024–2026
Nasir-Hussain786,https://github.com/Nasir-Hussain786,197613757,2025-02,12,185,10,2024–2026
EjazAhmed-Dev,https://github.com/EjazAhmed-Dev,198698001,2025-02,35,174,10,2024–2026
M-Muhaddis-Irshad,https://github.com/M-Muhaddis-Irshad,199905377,2025-02,20,170,10,2024–2026
fuzailahmed-developer,https://github.com/fuzailahmed-developer,200587860,2025-02,21,152,10,2024–2026
Haseeb-cod3r,https://github.com/Haseeb-cod3r,199275317,2025-02,18,151,10,2024–2026
muhammadumair-dev,https://github.com/muhammadumair-dev,198335571,2025-02,35,148,10,2024–2026
KanzulEman1,https://github.com/KanzulEman1,198137513,2025-02,11,135,10,2024–2026
dayyanfahad2010,https://github.com/dayyanfahad2010,199363418,2025-02,25,113,10,2024–2026
MusadiqGujjar,https://github.com/MusadiqGujjar,197380749,2025-02,32,106,10,2024–2026
IFTAKHAR-ALAM,https://github.com/IFTAKHAR-ALAM,200388882,2025-02,10,106,10,2024–2026
SyedaNahalMansoor,https://github.com/SyedaNahalMansoor,200362191,2025-02,41,105,10,2024–2026
shahzaib-khan-niazi,https://github.com/shahzaib-khan-niazi,198456568,2025-02,14,103,10,2024–2026
AnasAliK,https://github.com/AnasAliK,198513325,2025-02,14,96,10,2024–2026
pak-123,https://github.com/pak-123,200105650,2025-02,69,95,10,2024–2026
AliFaisal539,https://github.com/AliFaisal539,201005912,2025-02,11,93,10,2024–2026
Ali6665,https://github.com/Ali6665,197828744,2025-02,22,89,10,2024–2026
Sidra-Amirbux-khonbati,https://github.com/Sidra-Amirbux-khonbati,201109487,2025-02,14,85,10,2024–2026
nabeelahmed0,https://github.com/nabeelahmed0,200592644,2025-02,59,84,10,2024–2026
jazim-alikz,https://github.com/jazim-alikz,198462322,2025-02,10,81,10,2024–2026
ammad-muhammad,https://github.com/ammad-muhammad,200209683,2025-02,53,76,10,2024–2026
khurramanis1,https://github.com/khurramanis1,200830015,2025-02,35,71,10,2024–2026
sherazriazhs01,https://github.com/sherazriazhs01,200201723,2025-02,45,68,10,2024–2026
RoaraxAli,https://github.com/RoaraxAli,198922875,2025-02,10,68,10,2024–2026
FakhirShaukat,https://github.com/FakhirShaukat,199938931,2025-02,16,66,10,2024–2026
meeran11,https://github.com/meeran11,198055345,2025-02,9,64,10,2024–2026
Azzam-Ilyas,https://github.com/Azzam-Ilyas,200584408,2025-02,19,63,10,2024–2026
Saad-Aman-Alvi,https://github.com/Saad-Aman-Alvi,199329300,2025-02,10,63,10,2024–2026
sadaqat14736,https://github.com/sadaqat14736,200487866,2025-02,31,62,10,2024–2026
AghaRazaHaider,https://github.com/AghaRazaHaider,198761578,2025-02,7,59,10,2024–2026
zain1615,https://github.com/zain1615,199393014,2025-02,23,57,10,2024–2026
samarjahanahmedburney,https://github.com/samarjahanahmedburney,200386997,2025-02,12,55,10,2024–2026
HusnainKhanDev,https://github.com/HusnainKhanDev,201087812,2025-02,7,54,10,2024–2026
RAFAQATULLAH,https://github.com/RAFAQATULLAH,200232918,2025-02,29,49,10,2024–2026
AbdullahArif2025,https://github.com/AbdullahArif2025,201080047,2025-02,25,49,10,2024–2026
Saad-Jamil7,https://github.com/Saad-Jamil7,198121755,2025-02,7,49,10,2024–2026
UniDev143,https://github.com/UniDev143,200981199,2025-02,26,47,10,2024–2026
Syeda-Hadiqah08,https://github.com/Syeda-Hadiqah08,198224212,2025-02,10,47,10,2024–2026
naqikhan7089,https://github.com/naqikhan7089,198301750,2025-02,17,46,10,2024–2026
mkashifk1978,https://github.com/mkashifk1978,199194197,2025-02,13,45,10,2024–2026
as3160049,https://github.com/as3160049,200348248,2025-02,13,45,10,2024–2026
blackprogrammer-yt,https://github.com/blackprogrammer-yt,200562215,2025-02,35,44,10,2024–2026
farjadlakho,https://github.com/farjadlakho,200437955,2025-02,29,44,10,2024–2026
haseeb774,https://github.com/haseeb774,199193161,2025-02,10,42,10,2024–2026
sanaullahkhan1266,https://github.com/sanaullahkhan1266,199795962,2025-02,16,39,10,2024–2026
muhammadramzan787,https://github.com/muhammadramzan787,200203895,2025-02,15,39,10,2024–2026
syed-muhammad-hussain-rizvi,https://github.com/syed-muhammad-hussain-rizvi,200131452,2025-02,15,39,10,2024–2026
usamausman-jsx,https://github.com/usamausman-jsx,198900421,2025-02,12,39,10,2024–2026
dev-muhammad-amir,https://github.com/dev-muhammad-amir,200666621,2025-02,6,38,10,2024–2026
ShahbazAli078,https://github.com/ShahbazAli078,198199612,2025-02,39,37,10,2024–2026
dildarraza707,https://github.com/dildarraza707,200552419,2025-02,23,35,10,2024–2026
SaqlainYousuf02,https://github.com/SaqlainYousuf02,198908928,2025-02,15,34,10,2024–2026
Arslanh735,https://github.com/Arslanh735,199661384,2025-02,12,34,10,2024–2026
RamshaMirza220,https://github.com/RamshaMirza220,198969257,2025-02,6,31,10,2024–2026
Eisha-Mushtaq9,https://github.com/Eisha-Mushtaq9,198439570,2025-02,10,29,10,2024–2026
Muhammad-Umar5635,https://github.com/Muhammad-Umar5635,200400255,2025-02,9,26,10,2024–2026
kanwal-prog,https://github.com/kanwal-prog,197958792,2025-02,9,26,10,2024–2026
khushi-Jag,https://github.com/khushi-Jag,197645599,2025-02,8,25,10,2024–2026
AFTAB-BOOP,https://github.com/AFTAB-BOOP,199137697,2025-02,22,24,10,2024–2026
Ihsandanish024,https://github.com/Ihsandanish024,199885570,2025-02,22,24,10,2024–2026
muhammadafham46,https://github.com/muhammadafham46,197752015,2025-02,7,24,10,2024–2026
Abdussubhan1,https://github.com/Abdussubhan1,199909044,2025-02,12,22,10,2024–2026
Asimgul366,https://github.com/Asimgul366,200251470,2025-02,23,21,10,2024–2026
amnasiddiqui846,https://github.com/amnasiddiqui846,198635353,2025-02,6,20,10,2024–2026
Aliparmar-coder,https://github.com/Aliparmar-coder,201105498,2025-02,11,17,10,2024–2026
hassan8537,https://github.com/hassan8537,202547246,2025-03,6,618,10,2024–2026
Arwa-Abbas,https://github.com/Arwa-Abbas,204544001,2025-03,25,455,10,2024–2026
nabil-anis,https://github.com/nabil-anis,202440098,2025-03,63,454,10,2024–2026
tanzeel-khan1,https://github.com/tanzeel-khan1,204762480,2025-03,14,380,10,2024–2026
Shahaam-Sid,https://github.com/Shahaam-Sid,201738443,2025-03,8,347,10,2024–2026
ShayanSheikh1936,https://github.com/ShayanSheikh1936,202553226,2025-03,35,306,10,2024–2026
Syed-Waleed-Hussain,https://github.com/Syed-Waleed-Hussain,202407778,2025-03,17,289,10,2024–2026
abdulfaiq47,https://github.com/abdulfaiq47,204235650,2025-03,14,282,10,2024–2026
SaadIrshadd,https://github.com/SaadIrshadd,204055277,2025-03,16,188,10,2024–2026
huzaifa-2005,https://github.com/huzaifa-2005,201815427,2025-03,7,163,10,2024–2026
LaibaJawaid,https://github.com/LaibaJawaid,201933725,2025-03,21,158,10,2024–2026
AimanVoid,https://github.com/AimanVoid,202695083,2025-03,63,132,10,2024–2026
rsyedalaiba,https://github.com/rsyedalaiba,203290413,2025-03,13,129,10,2024–2026
salmann-khan,https://github.com/salmann-khan,201544282,2025-03,25,126,10,2024–2026
smaasui,https://github.com/smaasui,203041929,2025-03,14,111,10,2024–2026
UROOSAGMD,https://github.com/UROOSAGMD,201329945,2025-03,49,99,10,2024–2026
AusafAhmed-afk,https://github.com/AusafAhmed-afk,205443188,2025-03,6,86,10,2024–2026
Eur105,https://github.com/Eur105,202545713,2025-03,20,85,10,2024–2026
TariqCO,https://github.com/TariqCO,201630576,2025-03,10,85,10,2024–2026
rohaan0-anonymous,https://github.com/rohaan0-anonymous,203690211,2025-03,29,79,10,2024–2026
RiffatRehman,https://github.com/RiffatRehman,204549496,2025-03,52,73,10,2024–2026
ummulfatima33,https://github.com/ummulfatima33,201815714,2025-03,17,72,10,2024–2026
Khuzaima-AI-2112,https://github.com/Khuzaima-AI-2112,203890154,2025-03,18,68,10,2024–2026
Developer-fattah,https://github.com/Developer-fattah,201580791,2025-03,13,64,10,2024–2026
ibad-salman,https://github.com/ibad-salman,202490901,2025-03,36,63,10,2024–2026
alihaider61767,https://github.com/alihaider61767,203907325,2025-03,9,51,10,2024–2026
syedsaad314,https://github.com/syedsaad314,201646713,2025-03,8,50,10,2024–2026
anas-cpp,https://github.com/anas-cpp,202360954,2025-03,34,49,10,2024–2026
salikridwan,https://github.com/salikridwan,204627218,2025-03,6,48,10,2024–2026
shariq-ali-30,https://github.com/shariq-ali-30,201817733,2025-03,22,45,10,2024–2026
Jarri-24-7,https://github.com/Jarri-24-7,203191365,2025-03,10,39,10,2024–2026
Muhammad-Muneer-Hussain,https://github.com/Muhammad-Muneer-Hussain,202984358,2025-03,13,34,10,2024–2026
anasraza16,https://github.com/anasraza16,201406258,2025-03,19,33,10,2024–2026
hypersgamingarena,https://github.com/hypersgamingarena,201595380,2025-03,10,33,10,2024–2026
Gh0st2487,https://github.com/Gh0st2487,205678032,2025-03,7,32,10,2024–2026
Adnan53936,https://github.com/Adnan53936,201517737,2025-03,33,28,10,2024–2026
Malikwahab4793,https://github.com/Malikwahab4793,201807220,2025-03,16,27,10,2024–2026
SAFEERALI173,https://github.com/SAFEERALI173,201739751,2025-03,12,27,10,2024–2026
Sohaib4751,https://github.com/Sohaib4751,205408907,2025-03,8,27,10,2024–2026
DataDrivenRahim,https://github.com/DataDrivenRahim,204347071,2025-03,7,27,10,2024–2026
mairajuddin07,https://github.com/mairajuddin07,203675671,2025-03,12,25,10,2024–2026
Zubair1s,https://github.com/Zubair1s,201338637,2025-03,9,24,10,2024–2026
AyeshaeImtiyaz,https://github.com/AyeshaeImtiyaz,204484871,2025-03,24,22,10,2024–2026
Rayyan-saif,https://github.com/Rayyan-saif,203685513,2025-03,8,22,10,2024–2026
AhmedQureshi1-blip,https://github.com/AhmedQureshi1-blip,201632828,2025-03,6,22,10,2024–2026
itxmerajkhan1,https://github.com/itxmerajkhan1,201532462,2025-03,17,21,10,2024–2026
HunainSuriya,https://github.com/HunainSuriya,203847647,2025-03,15,20,10,2024–2026
muzammilnaeem-hub,https://github.com/muzammilnaeem-hub,201770941,2025-03,11,20,10,2024–2026
kazmih,https://github.com/kazmih,203541431,2025-03,6,20,10,2024–2026
Abrarahmed2005,https://github.com/Abrarahmed2005,204001373,2025-03,19,19,10,2024–2026
Syed177,https://github.com/Syed177,201532924,2025-03,18,19,10,2024–2026
musab-raja,https://github.com/musab-raja,201468654,2025-03,10,19,10,2024–2026
Muhammad-Hamza-Uddin,https://github.com/Muhammad-Hamza-Uddin,202379619,2025-03,13,17,10,2024–2026
Azkaazeem,https://github.com/Azkaazeem,209304245,2025-04,63,351,10,2024–2026
Hassanjaved17,https://github.com/Hassanjaved17,208525506,2025-04,43,333,10,2024–2026
zeeshanwdev27,https://github.com/zeeshanwdev27,208090522,2025-04,30,267,10,2024–2026
AltafMalik99,https://github.com/AltafMalik99,209475153,2025-04,36,223,10,2024–2026
hafeezrafeeq,https://github.com/hafeezrafeeq,206261904,2025-04,18,172,10,2024–2026
TasbeehaKhan9,https://github.com/TasbeehaKhan9,206461459,2025-04,41,159,10,2024–2026
huma515,https://github.com/huma515,209281024,2025-04,56,157,10,2024–2026
ITechKabeer,https://github.com/ITechKabeer,209539833,2025-04,19,151,10,2024–2026
Hiba2725,https://github.com/Hiba2725,207261060,2025-04,108,133,10,2024–2026
mahboobahmad8595,https://github.com/mahboobahmad8595,206593796,2025-04,19,117,10,2024–2026
muhammadnomankhan482,https://github.com/muhammadnomankhan482,209387639,2025-04,36,113,10,2024–2026
nimramukhtar1611,https://github.com/nimramukhtar1611,208446186,2025-04,13,108,10,2024–2026
HAFSA-SHAHID-28,https://github.com/HAFSA-SHAHID-28,207672434,2025-04,32,107,10,2024–2026
imsanghaar,https://github.com/imsanghaar,208341906,2025-04,27,105,10,2024–2026
Amber-cmyk-jpg,https://github.com/Amber-cmyk-jpg,209152685,2025-04,47,101,10,2024–2026
Haider-AliSiddiqui,https://github.com/Haider-AliSiddiqui,209782086,2025-04,36,99,10,2024–2026
M-Hanzala,https://github.com/M-Hanzala,209748629,2025-04,7,99,10,2024–2026
shayanRaza92,https://github.com/shayanRaza92,208374777,2025-04,13,96,10,2024–2026
alihuzaifa2004,https://github.com/alihuzaifa2004,207674766,2025-04,7,89,10,2024–2026
AyaanFarrukh,https://github.com/AyaanFarrukh,206058064,2025-04,14,87,10,2024–2026
fahaddeveloper20,https://github.com/fahaddeveloper20,208522519,2025-04,11,80,10,2024–2026
ayankhan1213,https://github.com/ayankhan1213,208524172,2025-04,57,76,10,2024–2026
Souda09,https://github.com/Souda09,209288699,2025-04,55,74,10,2024–2026
MuhammadMehdi555,https://github.com/MuhammadMehdi555,206760079,2025-04,26,73,10,2024–2026
fizahqureshi,https://github.com/fizahqureshi,209624833,2025-04,41,72,10,2024–2026
nida179,https://github.com/nida179,209113257,2025-04,25,72,10,2024–2026
AbdurrehmanArif,https://github.com/AbdurrehmanArif,209728852,2025-04,17,72,10,2024–2026
hassanahmed1234,https://github.com/hassanahmed1234,206841887,2025-04,52,71,10,2024–2026
Salman-Hanif,https://github.com/Salman-Hanif,206458742,2025-04,19,70,10,2024–2026
dua-muhammad-ibraheem,https://github.com/dua-muhammad-ibraheem,209276656,2025-04,36,66,10,2024–2026
YousraKanwal121,https://github.com/YousraKanwal121,206538466,2025-04,12,65,10,2024–2026
Shahzaidrashdi,https://github.com/Shahzaidrashdi,208198902,2025-04,7,64,10,2024–2026
w3anasahmed,https://github.com/w3anasahmed,207022408,2025-04,14,62,10,2024–2026
muzammilali123456,https://github.com/muzammilali123456,206250167,2025-04,6,59,10,2024–2026
AbdulHaseebcoder,https://github.com/AbdulHaseebcoder,207721759,2025-04,31,52,10,2024–2026
abdulrehman-mk,https://github.com/abdulrehman-mk,209270359,2025-04,12,52,10,2024–2026
talhs999,https://github.com/talhs999,208718854,2025-04,6,52,10,2024–2026
ShayanKhanAfridi,https://github.com/ShayanKhanAfridi,208250479,2025-04,9,50,10,2024–2026
Mujtaba-Sheikh,https://github.com/Mujtaba-Sheikh,207071500,2025-04,35,48,10,2024–2026
MuhammadMoiz-stack,https://github.com/MuhammadMoiz-stack,209160511,2025-04,9,40,10,2024–2026
hafizhasanlodhi,https://github.com/hafizhasanlodhi,207022129,2025-04,18,39,10,2024–2026
IbrahimQureshi07,https://github.com/IbrahimQureshi07,209617742,2025-04,7,38,10,2024–2026
AunRaza13,https://github.com/AunRaza13,209123020,2025-04,37,37,10,2024–2026
Ruhma07,https://github.com/Ruhma07,207579496,2025-04,10,36,10,2024–2026
saddafraheem12,https://github.com/saddafraheem12,207023812,2025-04,27,32,10,2024–2026
IkramdotKhan,https://github.com/IkramdotKhan,209532103,2025-04,7,30,10,2024–2026
SyedaMinahil1707,https://github.com/SyedaMinahil1707,206658928,2025-04,10,25,10,2024–2026
ashharfarooq,https://github.com/ashharfarooq,206820355,2025-04,10,24,10,2024–2026
Adnan99099,https://github.com/Adnan99099,207848646,2025-04,6,24,10,2024–2026
sagarrajani306,https://github.com/sagarrajani306,207404104,2025-04,13,22,10,2024–2026
Abidyounus,https://github.com/Abidyounus,209005378,2025-04,14,20,10,2024–2026
Ammar-khan310,https://github.com/Ammar-khan310,206403087,2025-04,7,20,10,2024–2026
codewithmuhammadareeb,https://github.com/codewithmuhammadareeb,207463956,2025-04,12,18,10,2024–2026
Sakhawat6159,https://github.com/Sakhawat6159,206784321,2025-04,10,18,10,2024–2026
arsalandevelo,https://github.com/arsalandevelo,209024537,2025-04,12,17,10,2024–2026
SufianKhan-Code,https://github.com/SufianKhan-Code,212782008,2025-05,16,740,10,2024–2026
MernArtisan,https://github.com/MernArtisan,212582340,2025-05,16,470,10,2024–2026
Zain-The-Coder,https://github.com/Zain-The-Coder,212206273,2025-05,15,379,10,2024–2026
bilalfarooq056,https://github.com/bilalfarooq056,213788234,2025-05,12,335,10,2024–2026
hmahmd,https://github.com/hmahmd,211526146,2025-05,66,245,10,2024–2026
codebyimran-projects,https://github.com/codebyimran-projects,210901859,2025-05,32,210,10,2024–2026
Ahmed-Devx,https://github.com/Ahmed-Devx,210238583,2025-05,54,173,10,2024–2026
Hassan7628,https://github.com/Hassan7628,214225418,2025-05,23,157,10,2024–2026
uroojzaidi709,https://github.com/uroojzaidi709,209886289,2025-05,9,149,10,2024–2026
Dawood-0007,https://github.com/Dawood-0007,212014371,2025-05,13,138,10,2024–2026
Shehriyal-Aziz,https://github.com/Shehriyal-Aziz,212116414,2025-05,12,132,10,2024–2026
UmerBinKamran,https://github.com/UmerBinKamran,210881606,2025-05,39,105,10,2024–2026
M-Taha-98,https://github.com/M-Taha-98,210059508,2025-05,9,97,10,2024–2026
atifkhalilkhan,https://github.com/atifkhalilkhan,212827827,2025-05,32,87,10,2024–2026
SANIAMIRZA23,https://github.com/SANIAMIRZA23,211558055,2025-05,43,80,10,2024–2026
laibaincyber,https://github.com/laibaincyber,210481656,2025-05,7,79,10,2024–2026
TariqAli97,https://github.com/TariqAli97,212872462,2025-05,13,75,10,2024–2026
hasanahmed47,https://github.com/hasanahmed47,210145729,2025-05,55,73,10,2024–2026
fahadabdulqayyum2000,https://github.com/fahadabdulqayyum2000,212322687,2025-05,13,70,10,2024–2026
mfurqaniftikhar,https://github.com/mfurqaniftikhar,213227825,2025-05,20,65,10,2024–2026
hassaan256,https://github.com/hassaan256,212685006,2025-05,42,62,10,2024–2026
wazbafatima,https://github.com/wazbafatima,214156279,2025-05,14,62,10,2024–2026
Web-Hamza,https://github.com/Web-Hamza,213748298,2025-05,24,61,10,2024–2026
AbdulhadiDeveloper,https://github.com/AbdulhadiDeveloper,212173142,2025-05,18,58,10,2024–2026
ismail99182,https://github.com/ismail99182,211243638,2025-05,24,57,10,2024–2026
MuhammadHassanKhan04,https://github.com/MuhammadHassanKhan04,211989293,2025-05,18,57,10,2024–2026
daniyal-debug,https://github.com/daniyal-debug,212016170,2025-05,16,55,10,2024–2026
Muniba-011,https://github.com/Muniba-011,211949000,2025-05,8,55,10,2024–2026
maaz20-op,https://github.com/maaz20-op,210023594,2025-05,6,55,10,2024–2026
shahzain010,https://github.com/shahzain010,211364969,2025-05,9,49,10,2024–2026
ilyaan-umatia,https://github.com/ilyaan-umatia,213318011,2025-05,10,48,10,2024–2026
Muhammad-Yousuf-k,https://github.com/Muhammad-Yousuf-k,213478416,2025-05,9,45,10,2024–2026
kamran-faiz-0177,https://github.com/kamran-faiz-0177,211634847,2025-05,7,45,10,2024–2026
Kashif-Awan804,https://github.com/Kashif-Awan804,211942995,2025-05,28,42,10,2024–2026
khizarqaimkhani,https://github.com/khizarqaimkhani,210160222,2025-05,28,39,10,2024–2026
abdullahkhan4050,https://github.com/abdullahkhan4050,211108435,2025-05,9,39,10,2024–2026
muhammadali873,https://github.com/muhammadali873,211541384,2025-05,16,36,10,2024–2026
anusha-madani,https://github.com/anusha-madani,213151745,2025-05,14,32,10,2024–2026
momna-amin,https://github.com/momna-amin,213976232,2025-05,19,31,10,2024–2026
shariqshahid1,https://github.com/shariqshahid1,210170860,2025-05,18,31,10,2024–2026
MalikZeeshan356,https://github.com/MalikZeeshan356,213778833,2025-05,15,31,10,2024–2026
uswa-shahjahan,https://github.com/uswa-shahjahan,210910051,2025-05,7,31,10,2024–2026
laiba-ajaz,https://github.com/laiba-ajaz,213151860,2025-05,10,29,10,2024–2026
nehiiakram,https://github.com/nehiiakram,211665311,2025-05,11,28,10,2024–2026
zahoor-laghari,https://github.com/zahoor-laghari,209917216,2025-05,7,28,10,2024–2026
ZAINULABIDEEN-7,https://github.com/ZAINULABIDEEN-7,210175655,2025-05,12,27,10,2024–2026
abdullahjahangir123,https://github.com/abdullahjahangir123,213256755,2025-05,18,26,10,2024–2026
MArbaazHussain,https://github.com/MArbaazHussain,214150459,2025-05,13,25,10,2024–2026
HadiAli13713,https://github.com/HadiAli13713,210593983,2025-05,24,23,10,2024–2026
AyanAhmed1221,https://github.com/AyanAhmed1221,213503703,2025-05,16,21,10,2024–2026
Amresh-Kumar-85,https://github.com/Amresh-Kumar-85,211627854,2025-05,9,21,10,2024–2026
Saqlain110-s,https://github.com/Saqlain110-s,211246937,2025-05,10,19,10,2024–2026
MHIF-19,https://github.com/MHIF-19,213255076,2025-05,6,19,10,2024–2026
dnaiyal,https://github.com/dnaiyal,214057311,2025-05,12,18,10,2024–2026
Bismah-Maher,https://github.com/Bismah-Maher,212947040,2025-05,9,18,10,2024–2026
Muhammad-Javed2005,https://github.com/Muhammad-Javed2005,214324879,2025-06,64,578,10,2024–2026
Saifullah-Khalid-DataScientist,https://github.com/Saifullah-Khalid-DataScientist,218358744,2025-06,27,184,10,2024–2026
syedakiswa,https://github.com/syedakiswa,218407931,2025-06,61,181,10,2024–2026
alirazajiwani,https://github.com/alirazajiwani,218684242,2025-06,10,175,10,2024–2026
Amna7877,https://github.com/Amna7877,217426468,2025-06,59,171,10,2024–2026
sarim-webdev,https://github.com/sarim-webdev,217299086,2025-06,41,169,10,2024–2026
Syed-Saad1,https://github.com/Syed-Saad1,217232096,2025-06,45,163,10,2024–2026
mishba-0,https://github.com/mishba-0,215887159,2025-06,136,160,10,2024–2026
MalikAliyan-Alam,https://github.com/MalikAliyan-Alam,215113130,2025-06,55,150,10,2024–2026
m-asadusman,https://github.com/m-asadusman,215910309,2025-06,58,139,10,2024–2026
imanabshar,https://github.com/imanabshar,218628575,2025-06,15,130,10,2024–2026
manuskhan23,https://github.com/manuskhan23,218290208,2025-06,56,112,10,2024–2026
ubaidur-dev,https://github.com/ubaidur-dev,216018937,2025-06,11,111,10,2024–2026
ayeshanoor-codes,https://github.com/ayeshanoor-codes,214514135,2025-06,25,104,10,2024–2026
skillsstackpro,https://github.com/skillsstackpro,215188376,2025-06,12,102,10,2024–2026
codewith-ibrahim,https://github.com/codewith-ibrahim,216205939,2025-06,34,100,10,2024–2026
Ammarprogrammer,https://github.com/Ammarprogrammer,215831212,2025-06,30,90,10,2024–2026
M-YASEEN16,https://github.com/M-YASEEN16,217970915,2025-06,51,86,10,2024–2026
amirali729,https://github.com/amirali729,217953960,2025-06,6,82,10,2024–2026
daniyal-413,https://github.com/daniyal-413,214352502,2025-06,25,67,10,2024–2026
shumaschohan01,https://github.com/shumaschohan01,216166106,2025-06,16,66,10,2024–2026
Huzaif-khan,https://github.com/Huzaif-khan,216386399,2025-06,12,66,10,2024–2026
warisgulzar123,https://github.com/warisgulzar123,217088149,2025-06,25,55,10,2024–2026
skfatima-codes,https://github.com/skfatima-codes,217187741,2025-06,13,53,10,2024–2026
saqib-dev08,https://github.com/saqib-dev08,217613631,2025-06,29,51,10,2024–2026
SajjadNoor786,https://github.com/SajjadNoor786,218376915,2025-06,7,49,10,2024–2026
ahmedraza9332,https://github.com/ahmedraza9332,216082357,2025-06,9,48,10,2024–2026
syedmuhammadtaha781,https://github.com/syedmuhammadtaha781,217340730,2025-06,22,47,10,2024–2026
OwaisAbdullah644,https://github.com/OwaisAbdullah644,218045751,2025-06,8,47,10,2024–2026
syedsamad1234,https://github.com/syedsamad1234,217306899,2025-06,29,46,10,2024–2026
aafia1,https://github.com/aafia1,216658122,2025-06,12,46,10,2024–2026
AbdulQayyumAhmed,https://github.com/AbdulQayyumAhmed,218465713,2025-06,22,44,10,2024–2026
zobiamasood,https://github.com/zobiamasood,218465312,2025-06,25,43,10,2024–2026
Faizanabubakr786,https://github.com/Faizanabubakr786,217574776,2025-06,29,42,10,2024–2026
Sahil-Muneer-Sario,https://github.com/Sahil-Muneer-Sario,215107277,2025-06,6,41,10,2024–2026
Owais-dev01,https://github.com/Owais-dev01,216659720,2025-06,18,40,10,2024–2026
fardeenkhan112,https://github.com/fardeenkhan112,217274290,2025-06,14,40,10,2024–2026
shoaibalichhajro,https://github.com/shoaibalichhajro,216065193,2025-06,10,40,10,2024–2026
Muhammad9985,https://github.com/Muhammad9985,217871519,2025-06,13,39,10,2024–2026
Zainulabdeendevloper,https://github.com/Zainulabdeendevloper,218659268,2025-06,18,36,10,2024–2026
MuhammadAwais511,https://github.com/MuhammadAwais511,216327698,2025-06,17,36,10,2024–2026
Muhammad-BinSalman,https://github.com/Muhammad-BinSalman,214469567,2025-06,10,31,10,2024–2026
Moizjaveri,https://github.com/Moizjaveri,218294924,2025-06,20,30,10,2024–2026
studenttoanalyst,https://github.com/studenttoanalyst,218227677,2025-06,10,30,10,2024–2026
faizrazaa,https://github.com/faizrazaa,217997612,2025-06,19,29,10,2024–2026
Anandkumar12Ak,https://github.com/Anandkumar12Ak,215962951,2025-06,15,28,10,2024–2026
Hamzaali249,https://github.com/Hamzaali249,216318273,2025-06,25,26,10,2024–2026
HasnainCR7,https://github.com/HasnainCR7,217056297,2025-06,13,26,10,2024–2026
muhammadali0410,https://github.com/muhammadali0410,217429953,2025-06,9,26,10,2024–2026
Mariamsabir,https://github.com/Mariamsabir,218248885,2025-06,12,25,10,2024–2026
nadeemhussain74,https://github.com/nadeemhussain74,216538774,2025-06,10,24,10,2024–2026
IBK2171,https://github.com/IBK2171,215755164,2025-06,16,22,10,2024–2026
muhammadahmed144,https://github.com/muhammadahmed144,216693039,2025-06,6,21,10,2024–2026
bhirawan,https://github.com/bhirawan,215290957,2025-06,11,19,10,2024–2026
syedmoazhussain,https://github.com/syedmoazhussain,217742539,2025-06,6,19,10,2024–2026
MohammadAhmadPiprani,https://github.com/MohammadAhmadPiprani,215893379,2025-06,7,18,10,2024–2026
muhammad-hassan755,https://github.com/muhammad-hassan755,218295571,2025-06,9,17,10,2024–2026
SohailAslamBhatti,https://github.com/SohailAslamBhatti,222012788,2025-07,26,1315,10,2024–2026
sfxdeve,https://github.com/sfxdeve,221442453,2025-07,7,603,10,2024–2026
cyb3erasad,https://github.com/cyb3erasad,222940607,2025-07,21,547,10,2024–2026
Hasnain-Wakeel,https://github.com/Hasnain-Wakeel,221919914,2025-07,20,175,10,2024–2026
M-Ali-Raza-dev,https://github.com/M-Ali-Raza-dev,223270427,2025-07,25,131,10,2024–2026
qayasmehtab,https://github.com/qayasmehtab,220875699,2025-07,27,121,10,2024–2026
khanarmughan71-dev,https://github.com/khanarmughan71-dev,221629724,2025-07,7,117,10,2024–2026
umxrrs,https://github.com/umxrrs,219299562,2025-07,6,116,10,2024–2026
foziaali1122,https://github.com/foziaali1122,223902525,2025-07,27,112,10,2024–2026
ahmedalamyousufzai,https://github.com/ahmedalamyousufzai,222234610,2025-07,8,100,10,2024–2026
abrarghoury,https://github.com/abrarghoury,220350921,2025-07,7,100,10,2024–2026
talibansari147,https://github.com/talibansari147,219031615,2025-07,31,96,10,2024–2026
zohrakareem,https://github.com/zohrakareem,223150898,2025-07,8,94,10,2024–2026
farhan2784,https://github.com/farhan2784,222654742,2025-07,6,91,10,2024–2026
MHuzaifaAhmedd,https://github.com/MHuzaifaAhmedd,221127814,2025-07,8,88,10,2024–2026
sadaankhann,https://github.com/sadaankhann,223844612,2025-07,13,80,10,2024–2026
farheenbalouch25,https://github.com/farheenbalouch25,219019246,2025-07,57,74,10,2024–2026
ZentrixVayne,https://github.com/ZentrixVayne,223226156,2025-07,16,71,10,2024–2026
amnashakir0307,https://github.com/amnashakir0307,219197970,2025-07,37,68,10,2024–2026
Ghulamullah0200,https://github.com/Ghulamullah0200,221867142,2025-07,6,63,10,2024–2026
faisalfarooq1126,https://github.com/faisalfarooq1126,218823238,2025-07,34,58,10,2024–2026
KainatWasim,https://github.com/KainatWasim,221091941,2025-07,21,56,10,2024–2026
Awan-786-creatror,https://github.com/Awan-786-creatror,220568507,2025-07,8,55,10,2024–2026
MuhammadZaid11,https://github.com/MuhammadZaid11,223613533,2025-07,26,53,10,2024–2026
SyedDeveloper19,https://github.com/SyedDeveloper19,223356429,2025-07,17,53,10,2024–2026
Farooq07600,https://github.com/Farooq07600,221392111,2025-07,8,52,10,2024–2026
0wais-raza,https://github.com/0wais-raza,223679580,2025-07,20,51,10,2024–2026
Muhammad-Taha4,https://github.com/Muhammad-Taha4,222557196,2025-07,17,51,10,2024–2026
KashifDev4you,https://github.com/KashifDev4you,219234920,2025-07,11,49,10,2024–2026
Jaideepkumar796,https://github.com/Jaideepkumar796,220526301,2025-07,21,45,10,2024–2026
muhammadsufiyanali,https://github.com/muhammadsufiyanali,218804204,2025-07,32,41,10,2024–2026
muhammadhasan06,https://github.com/muhammadhasan06,218762043,2025-07,20,40,10,2024–2026
eishasohail,https://github.com/eishasohail,223128750,2025-07,14,40,10,2024–2026
dadshah-barkat90,https://github.com/dadshah-barkat90,221551921,2025-07,10,39,10,2024–2026
khanwarda,https://github.com/khanwarda,219783290,2025-07,11,38,10,2024–2026
fatimarizz800,https://github.com/fatimarizz800,221706109,2025-07,8,38,10,2024–2026
syedmaqbolagha000123-alt,https://github.com/syedmaqbolagha000123-alt,222860950,2025-07,7,38,10,2024–2026
AMK-DSAI25,https://github.com/AMK-DSAI25,223003835,2025-07,9,35,10,2024–2026
muhammadali-analyst,https://github.com/muhammadali-analyst,222655616,2025-07,8,35,10,2024–2026
WaliMuhammadid,https://github.com/WaliMuhammadid,222987852,2025-07,9,32,10,2024–2026
umerwaseem12,https://github.com/umerwaseem12,219859703,2025-07,14,31,10,2024–2026
tl-star,https://github.com/tl-star,221815138,2025-07,15,30,10,2024–2026
HaseebHassanAi,https://github.com/HaseebHassanAi,223161646,2025-07,6,30,10,2024–2026
hammadshaikh-dev,https://github.com/hammadshaikh-dev,221540417,2025-07,17,29,10,2024–2026
Faiez-Mehboob,https://github.com/Faiez-Mehboob,218803453,2025-07,7,28,10,2024–2026
eman1701,https://github.com/eman1701,220831418,2025-07,14,27,10,2024–2026
codewithirtiza,https://github.com/codewithirtiza,223836130,2025-07,7,27,10,2024–2026
babarnaseem-bn,https://github.com/babarnaseem-bn,218828998,2025-07,21,26,10,2024–2026
Esha166,https://github.com/Esha166,220357451,2025-07,7,26,10,2024–2026
Memoona80,https://github.com/Memoona80,219145453,2025-07,6,26,10,2024–2026
muhamad-saqib,https://github.com/muhamad-saqib,222618058,2025-07,7,25,10,2024–2026
HasnainMughal27,https://github.com/HasnainMughal27,219559516,2025-07,6,24,10,2024–2026
Munsifali01,https://github.com/Munsifali01,219862011,2025-07,14,22,10,2024–2026
AHSAN-glitch499,https://github.com/AHSAN-glitch499,222392959,2025-07,10,22,10,2024–2026
sodho,https://github.com/sodho,221143107,2025-07,8,22,10,2024–2026
ansari-mannan,https://github.com/ansari-mannan,219533269,2025-07,6,22,10,2024–2026
shayanbhuj50,https://github.com/shayanbhuj50,220395373,2025-07,22,21,10,2024–2026
awahab20,https://github.com/awahab20,223523542,2025-07,15,20,10,2024–2026
javeriasher,https://github.com/javeriasher,220490437,2025-07,12,19,10,2024–2026
usersyeda,https://github.com/usersyeda,221940291,2025-07,10,19,10,2024–2026
AhsanSiddiqi,https://github.com/AhsanSiddiqi,220845743,2025-07,8,19,10,2024–2026
rehanmehsud,https://github.com/rehanmehsud,219399783,2025-07,20,18,10,2024–2026
Hoorya1520,https://github.com/Hoorya1520,218952063,2025-07,16,18,10,2024–2026
hamzaamir29,https://github.com/hamzaamir29,223736144,2025-07,8,18,10,2024–2026
Sajidkbw,https://github.com/Sajidkbw,221671408,2025-07,20,17,10,2024–2026
Naveed725,https://github.com/Naveed725,218913127,2025-07,9,17,10,2024–2026
SufiyanShahidDev,https://github.com/SufiyanShahidDev,224948898,2025-08,67,143370,10,2024–2026
arhammaqsood-dev,https://github.com/arhammaqsood-dev,224722350,2025-08,27,64087,10,2024–2026
umerfareeddev,https://github.com/umerfareeddev,224802957,2025-08,53,44800,10,2024–2026
kumailahmedkakarr,https://github.com/kumailahmedkakarr,227842373,2025-08,9,347,10,2024–2026
hamzaka430,https://github.com/hamzaka430,227961724,2025-08,7,311,10,2024–2026
HammadCB,https://github.com/HammadCB,228658520,2025-08,7,304,10,2024–2026
muhammadhashir786,https://github.com/muhammadhashir786,228694142,2025-08,65,256,10,2024–2026
zarafahad15,https://github.com/zarafahad15,224247626,2025-08,60,200,10,2024–2026
faheem20-WebDev,https://github.com/faheem20-WebDev,225875891,2025-08,21,175,10,2024–2026
sychoxhassan,https://github.com/sychoxhassan,225313344,2025-08,7,163,10,2024–2026
Hashirsheikh1,https://github.com/Hashirsheikh1,228324801,2025-08,105,153,10,2024–2026
Muhammad-Hamza69,https://github.com/Muhammad-Hamza69,225721398,2025-08,25,151,10,2024–2026
ar-rehmanweb,https://github.com/ar-rehmanweb,225076186,2025-08,49,150,10,2024–2026
ghulammustafads,https://github.com/ghulammustafads,228293549,2025-08,18,137,10,2024–2026
GitMeemo,https://github.com/GitMeemo,225376460,2025-08,9,135,10,2024–2026
DevAbdurRafay,https://github.com/DevAbdurRafay,224749164,2025-08,11,116,10,2024–2026
GIAIC-Agents,https://github.com/GIAIC-Agents,224308949,2025-08,10,106,10,2024–2026
syedddsamadd-hub,https://github.com/syedddsamadd-hub,226919193,2025-08,19,94,10,2024–2026
AbdulSamiJuneja,https://github.com/AbdulSamiJuneja,224549616,2025-08,16,81,10,2024–2026
Mudassir33322,https://github.com/Mudassir33322,226367109,2025-08,69,80,10,2024–2026
Subhashrai-dev,https://github.com/Subhashrai-dev,225373765,2025-08,56,79,10,2024–2026
Noor-Ellahi,https://github.com/Noor-Ellahi,225031223,2025-08,9,71,10,2024–2026
ammarali71,https://github.com/ammarali71,228224068,2025-08,6,71,10,2024–2026
Areeb208,https://github.com/Areeb208,225593116,2025-08,14,69,10,2024–2026
muhammadayaan22,https://github.com/muhammadayaan22,224440899,2025-08,21,67,10,2024–2026
alizayousuf442-pixel,https://github.com/alizayousuf442-pixel,227478040,2025-08,15,67,10,2024–2026
innocent0fficial,https://github.com/innocent0fficial,225166206,2025-08,13,61,10,2024–2026
za7081539-blip,https://github.com/za7081539-blip,229164410,2025-08,44,60,10,2024–2026
ghanicodes,https://github.com/ghanicodes,226263455,2025-08,20,60,10,2024–2026
muhammadzaid2009-sudo,https://github.com/muhammadzaid2009-sudo,227209863,2025-08,9,60,10,2024–2026
nazishah78-hub,https://github.com/nazishah78-hub,226833190,2025-08,24,59,10,2024–2026
Abdulrehmansani700,https://github.com/Abdulrehmansani700,227216383,2025-08,19,59,10,2024–2026
balach124,https://github.com/balach124,229300564,2025-08,6,58,10,2024–2026
WASIFISLAM-123,https://github.com/WASIFISLAM-123,226533291,2025-08,9,55,10,2024–2026
MHassan-Shirazi,https://github.com/MHassan-Shirazi,225334577,2025-08,20,54,10,2024–2026
mahadrana054,https://github.com/mahadrana054,228292303,2025-08,7,53,10,2024–2026
asad-developer66,https://github.com/asad-developer66,229420085,2025-08,24,51,10,2024–2026
Jazilbaig1,https://github.com/Jazilbaig1,227216763,2025-08,20,49,10,2024–2026
AnasKhan2310,https://github.com/AnasKhan2310,225261928,2025-08,13,49,10,2024–2026
Systemsetco,https://github.com/Systemsetco,229209947,2025-08,8,49,10,2024–2026
MuhammadHuzaifaAsif,https://github.com/MuhammadHuzaifaAsif,229286595,2025-08,11,45,10,2024–2026
duasayani,https://github.com/duasayani,228213054,2025-08,23,40,10,2024–2026
areeshajaved-298,https://github.com/areeshajaved-298,224627125,2025-08,18,35,10,2024–2026
Minhaj-Dev,https://github.com/Minhaj-Dev,225265090,2025-08,18,34,10,2024–2026
komalnaz-118,https://github.com/komalnaz-118,224627115,2025-08,17,34,10,2024–2026
hunzashahzadi23,https://github.com/hunzashahzadi23,229591627,2025-08,7,33,10,2024–2026
codewithowaim,https://github.com/codewithowaim,226511392,2025-08,20,32,10,2024–2026
madanibro712-hash,https://github.com/madanibro712-hash,228674685,2025-08,14,32,10,2024–2026
wajeehakhursheed8,https://github.com/wajeehakhursheed8,226742329,2025-08,11,32,10,2024–2026
humzaarain51,https://github.com/humzaarain51,225587362,2025-08,10,31,10,2024–2026
mariumzahid709-hue,https://github.com/mariumzahid709-hue,228639773,2025-08,24,30,10,2024–2026
Muhammadhuzaifa-de,https://github.com/Muhammadhuzaifa-de,224824182,2025-08,21,30,10,2024–2026
sanyah16,https://github.com/sanyah16,225973773,2025-08,17,29,10,2024–2026
ZohaibHassan92314,https://github.com/ZohaibHassan92314,225677983,2025-08,12,29,10,2024–2026
Omsherani,https://github.com/Omsherani,225100332,2025-08,9,29,10,2024–2026
CodeWithAliyan,https://github.com/CodeWithAliyan,224254467,2025-08,6,29,10,2024–2026
sheikhdeveloper6talha,https://github.com/sheikhdeveloper6talha,225718901,2025-08,23,28,10,2024–2026
xechcoderasad99,https://github.com/xechcoderasad99,224388462,2025-08,18,28,10,2024–2026
shumailahmedzia,https://github.com/shumailahmedzia,225569098,2025-08,9,28,10,2024–2026
Huzaifa-cloud-crypto,https://github.com/Huzaifa-cloud-crypto,229461211,2025-08,8,28,10,2024–2026
Tanishalohana56,https://github.com/Tanishalohana56,224172068,2025-08,18,25,10,2024–2026
Tahira1234567,https://github.com/Tahira1234567,229510680,2025-08,15,24,10,2024–2026
rumaisabatool,https://github.com/rumaisabatool,227739089,2025-08,25,23,10,2024–2026
muhammadzaid3219-jpg,https://github.com/muhammadzaid3219-jpg,224560840,2025-08,19,23,10,2024–2026
sultanitweb,https://github.com/sultanitweb,227631972,2025-08,8,23,10,2024–2026
muzammilraza8909-star,https://github.com/muzammilraza8909-star,228646898,2025-08,18,21,10,2024–2026
TemoorWaqar1,https://github.com/TemoorWaqar1,224638065,2025-08,8,21,10,2024–2026
mujeeb-codes,https://github.com/mujeeb-codes,229522073,2025-08,6,21,10,2024–2026
naimajamil000-dev,https://github.com/naimajamil000-dev,228778704,2025-08,16,20,10,2024–2026
KhuzaimaAftab-crypto,https://github.com/KhuzaimaAftab-crypto,229429991,2025-08,7,20,10,2024–2026
fatimatabbasum18,https://github.com/fatimatabbasum18,229603548,2025-08,12,19,10,2024–2026
dev-moizz,https://github.com/dev-moizz,224763726,2025-08,10,19,10,2024–2026
Rajesh-java-dev,https://github.com/Rajesh-java-dev,227331874,2025-08,8,19,10,2024–2026
hareesahmed04,https://github.com/hareesahmed04,225909661,2025-08,7,19,10,2024–2026
khansharmeen744-sudo,https://github.com/khansharmeen744-sudo,228236125,2025-08,18,18,10,2024–2026
kinzay08,https://github.com/kinzay08,226693321,2025-08,8,18,10,2024–2026
ardilkhurram-sudo,https://github.com/ardilkhurram-sudo,226987094,2025-08,7,18,10,2024–2026
attaurrehman51996-collab,https://github.com/attaurrehman51996-collab,228593291,2025-08,7,18,10,2024–2026
Nishaparwani17,https://github.com/Nishaparwani17,225905141,2025-08,6,18,10,2024–2026
zaidmehmood147,https://github.com/zaidmehmood147,232760274,2025-09,23,373,10,2024–2026
syedzainalii,https://github.com/syedzainalii,234420512,2025-09,10,262,10,2024–2026
mrmaneditor000820-ui,https://github.com/mrmaneditor000820-ui,232624418,2025-09,26,245,10,2024–2026
Hassan6586,https://github.com/Hassan6586,234182531,2025-09,18,232,10,2024–2026
connect-areeba,https://github.com/connect-areeba,232432650,2025-09,9,196,10,2024–2026
RUSHDA-ABBASI,https://github.com/RUSHDA-ABBASI,232404373,2025-09,6,196,10,2024–2026
angaming102734-design,https://github.com/angaming102734-design,234148508,2025-09,103,185,10,2024–2026
abdullakq6-sketch,https://github.com/abdullakq6-sketch,234829092,2025-09,19,157,10,2024–2026
maheenimran9,https://github.com/maheenimran9,233291574,2025-09,39,150,10,2024–2026
moizwaseem1,https://github.com/moizwaseem1,233802586,2025-09,6,149,10,2024–2026
danish-devx,https://github.com/danish-devx,233950284,2025-09,54,144,10,2024–2026
G-Mustafa9500,https://github.com/G-Mustafa9500,232556408,2025-09,51,130,10,2024–2026
Arif-Umrani,https://github.com/Arif-Umrani,230713462,2025-09,18,116,10,2024–2026
rafiapanjwani7-afk,https://github.com/rafiapanjwani7-afk,234364123,2025-09,39,99,10,2024–2026
zainabmuhammadrafiq8-cpu,https://github.com/zainabmuhammadrafiq8-cpu,233446956,2025-09,36,93,10,2024–2026
muhammaaddomair,https://github.com/muhammaaddomair,234932059,2025-09,9,78,10,2024–2026
Mubashir-Ahmed27,https://github.com/Mubashir-Ahmed27,233119498,2025-09,32,77,10,2024–2026
MuhammadHamza786-web,https://github.com/MuhammadHamza786-web,233147057,2025-09,34,72,10,2024–2026
MuhammadUmar9247,https://github.com/MuhammadUmar9247,232368075,2025-09,23,70,10,2024–2026
Areeba-92,https://github.com/Areeba-92,231225362,2025-09,9,67,10,2024–2026
syedanabiha822-netizen,https://github.com/syedanabiha822-netizen,234173720,2025-09,29,65,10,2024–2026
shahrozkhan-tech,https://github.com/shahrozkhan-tech,233453423,2025-09,21,63,10,2024–2026
hasanshahir,https://github.com/hasanshahir,232662623,2025-09,9,62,10,2024–2026
sufiyanfaisal008,https://github.com/sufiyanfaisal008,231956785,2025-09,51,58,10,2024–2026
Shahid-Div-Tech,https://github.com/Shahid-Div-Tech,233479047,2025-09,24,58,10,2024–2026
hamzanexadev,https://github.com/hamzanexadev,232940629,2025-09,10,56,10,2024–2026
k250134-alt,https://github.com/k250134-alt,230288139,2025-09,24,55,10,2024–2026
MTS3076,https://github.com/MTS3076,229730926,2025-09,17,53,10,2024–2026
saad-imran2891,https://github.com/saad-imran2891,233966528,2025-09,10,50,10,2024–2026
muhammadezaananjum15,https://github.com/muhammadezaananjum15,231078176,2025-09,10,49,10,2024–2026
ayaanahsan19-bit,https://github.com/ayaanahsan19-bit,231869339,2025-09,8,49,10,2024–2026
shanicodes-star,https://github.com/shanicodes-star,231664700,2025-09,7,48,10,2024–2026
asiyadavjani,https://github.com/asiyadavjani,233224488,2025-09,22,47,10,2024–2026
Faizanali1212,https://github.com/Faizanali1212,233460398,2025-09,20,47,10,2024–2026
fj179502-eng,https://github.com/fj179502-eng,229875008,2025-09,25,45,10,2024–2026
iliyaan11,https://github.com/iliyaan11,230285189,2025-09,26,43,10,2024–2026
afiafurqan,https://github.com/afiafurqan,233448075,2025-09,19,43,10,2024–2026
sufyiannizam-blip,https://github.com/sufyiannizam-blip,233105128,2025-09,23,42,10,2024–2026
hakeemdad,https://github.com/hakeemdad,231721509,2025-09,19,42,10,2024–2026
shahmeercodes161,https://github.com/shahmeercodes161,233552348,2025-09,16,41,10,2024–2026
yawar-kashif,https://github.com/yawar-kashif,234027598,2025-09,18,40,10,2024–2026
kanzul766-boop,https://github.com/kanzul766-boop,234217844,2025-09,27,39,10,2024–2026
rafaydev29,https://github.com/rafaydev29,231004792,2025-09,22,39,10,2024–2026
umer824,https://github.com/umer824,231893841,2025-09,22,39,10,2024–2026
25K-3037,https://github.com/25K-3037,231812900,2025-09,12,37,10,2024–2026
imamaali045-cmyk,https://github.com/imamaali045-cmyk,233440609,2025-09,20,36,10,2024–2026
zeeshanahmed49503-blip,https://github.com/zeeshanahmed49503-blip,230986012,2025-09,8,36,10,2024–2026
mustafanagaria23-lgtm,https://github.com/mustafanagaria23-lgtm,231702934,2025-09,22,35,10,2024–2026
Muhammad-HusnainSaqib,https://github.com/Muhammad-HusnainSaqib,231747036,2025-09,21,35,10,2024–2026
hareemsadiq2025-cell,https://github.com/hareemsadiq2025-cell,234408334,2025-09,33,34,10,2024–2026
hbhasnain3-cloud,https://github.com/hbhasnain3-cloud,232306142,2025-09,22,33,10,2024–2026
Aman-Siddiqui122,https://github.com/Aman-Siddiqui122,234775467,2025-09,10,31,10,2024–2026
muhammad-yasir193019,https://github.com/muhammad-yasir193019,232549218,2025-09,15,30,10,2024–2026
Noman-khan25,https://github.com/Noman-khan25,235148320,2025-09,9,30,10,2024–2026
zainabirfannn,https://github.com/zainabirfannn,230562027,2025-09,16,28,10,2024–2026
GhulamMohiuddin22,https://github.com/GhulamMohiuddin22,232335515,2025-09,16,26,10,2024–2026
fatimausman36,https://github.com/fatimausman36,232354948,2025-09,10,25,10,2024–2026
Tanveer036,https://github.com/Tanveer036,233389343,2025-09,7,25,10,2024–2026
aishasehar18-bot,https://github.com/aishasehar18-bot,233496215,2025-09,13,24,10,2024–2026
dev-bilal-12,https://github.com/dev-bilal-12,232930837,2025-09,22,23,10,2024–2026
Asimshiraz,https://github.com/Asimshiraz,232081406,2025-09,18,23,10,2024–2026
misranadeem299-ui,https://github.com/misranadeem299-ui,232015863,2025-09,12,23,10,2024–2026
BrandSocia,https://github.com/BrandSocia,230200418,2025-09,8,23,10,2024–2026
k250790-coder,https://github.com/k250790-coder,230304356,2025-09,17,22,10,2024–2026
MuhammadIbrahimAliKhan,https://github.com/MuhammadIbrahimAliKhan,234137702,2025-09,6,22,10,2024–2026
fatimamanzoor94,https://github.com/fatimamanzoor94,233045265,2025-09,9,21,10,2024–2026
ahmedsaleemdayala,https://github.com/ahmedsaleemdayala,231964236,2025-09,8,21,10,2024–2026
kf49837-pixel,https://github.com/kf49837-pixel,234610678,2025-09,18,20,10,2024–2026
EhteshamMohammadAkbar,https://github.com/EhteshamMohammadAkbar,235154732,2025-09,17,19,10,2024–2026
FASIH-KAMAL,https://github.com/FASIH-KAMAL,230685266,2025-09,14,19,10,2024–2026
ahmedhussaindeveloper-dotcom,https://github.com/ahmedhussaindeveloper-dotcom,233050360,2025-09,11,19,10,2024–2026
rehmanimtiaz-dev,https://github.com/rehmanimtiaz-dev,234692988,2025-09,6,19,10,2024–2026
farisisrar46,https://github.com/farisisrar46,232415861,2025-09,18,18,10,2024–2026
aashirm048-sudo,https://github.com/aashirm048-sudo,232890186,2025-09,12,18,10,2024–2026
izhanwaqar786,https://github.com/izhanwaqar786,232951864,2025-09,9,18,10,2024–2026
ifrafaheem-hub,https://github.com/ifrafaheem-hub,233053571,2025-09,8,18,10,2024–2026
faiqasohail-cell,https://github.com/faiqasohail-cell,235172534,2025-09,10,17,10,2024–2026
NehalAtiq-dev,https://github.com/NehalAtiq-dev,235573352,2025-10,53,245478,10,2024–2026
Tahir-yamin,https://github.com/Tahir-yamin,241110956,2025-10,57,386,10,2024–2026
UfaqFatima786,https://github.com/UfaqFatima786,238200264,2025-10,41,268,10,2024–2026
rameeltanveer-dev,https://github.com/rameeltanveer-dev,236325918,2025-10,14,232,10,2024–2026
AnasDev017,https://github.com/AnasDev017,241148442,2025-10,26,211,10,2024–2026
ammar-software-engineer,https://github.com/ammar-software-engineer,239876843,2025-10,39,112,10,2024–2026
sameerarshad021,https://github.com/sameerarshad021,236064009,2025-10,26,101,10,2024–2026
itgraduate2025-17,https://github.com/itgraduate2025-17,239936404,2025-10,18,93,10,2024–2026
amirabbasiblog,https://github.com/amirabbasiblog,239619854,2025-10,34,91,10,2024–2026
MuhammadIkrash,https://github.com/MuhammadIkrash,240320716,2025-10,42,79,10,2024–2026
sfaisal-sy,https://github.com/sfaisal-sy,239203048,2025-10,33,75,10,2024–2026
ZarrarATU,https://github.com/ZarrarATU,239022100,2025-10,8,74,10,2024–2026
hasnainmujtaba07,https://github.com/hasnainmujtaba07,240146027,2025-10,12,73,10,2024–2026
Muhammadkhan-2008,https://github.com/Muhammadkhan-2008,239735238,2025-10,20,66,10,2024–2026
NoushinIbrahim,https://github.com/NoushinIbrahim,240489871,2025-10,8,63,10,2024–2026
hussaindev2007-png,https://github.com/hussaindev2007-png,237561757,2025-10,29,60,10,2024–2026
mehmoodrj69,https://github.com/mehmoodrj69,240231690,2025-10,35,59,10,2024–2026
Ayesha-umair,https://github.com/Ayesha-umair,237131285,2025-10,50,54,10,2024–2026
areebaa-sajid08,https://github.com/areebaa-sajid08,236192773,2025-10,31,52,10,2024–2026
M-Naqi0789,https://github.com/M-Naqi0789,237668846,2025-10,7,52,10,2024–2026
SaadkamalShaikhdev,https://github.com/SaadkamalShaikhdev,235583355,2025-10,8,50,10,2024–2026
umar-rao-dev,https://github.com/umar-rao-dev,238581179,2025-10,6,49,10,2024–2026
Hassanmhb,https://github.com/Hassanmhb,236815955,2025-10,22,48,10,2024–2026
syeda-sd,https://github.com/syeda-sd,236378847,2025-10,15,48,10,2024–2026
mubashiralidev,https://github.com/mubashiralidev,236449936,2025-10,11,46,10,2024–2026
muhammadfarhan145,https://github.com/muhammadfarhan145,237121415,2025-10,8,41,10,2024–2026
amanamjad000-oss,https://github.com/amanamjad000-oss,238864443,2025-10,21,34,10,2024–2026
farhanarif64,https://github.com/farhanarif64,239552337,2025-10,35,32,10,2024–2026
codebynb,https://github.com/codebynb,241341188,2025-10,11,30,10,2024–2026
saimaanwar6430,https://github.com/saimaanwar6430,237297493,2025-10,32,29,10,2024–2026
sajidahmedkasmani,https://github.com/sajidahmedkasmani,240526215,2025-10,19,25,10,2024–2026
ahsanbikak00-collab,https://github.com/ahsanbikak00-collab,236898232,2025-10,31,23,10,2024–2026
kinza-noor,https://github.com/kinza-noor,237017817,2025-10,17,22,10,2024–2026
KHALIDWAHEED-GIT,https://github.com/KHALIDWAHEED-GIT,240749445,2025-10,17,20,10,2024–2026
SYEDA-ANUSHA-16,https://github.com/SYEDA-ANUSHA-16,239631140,2025-10,7,20,10,2024–2026
abdulsamad2505,https://github.com/abdulsamad2505,241060833,2025-10,6,20,10,2024–2026
jawwad-shah,https://github.com/jawwad-shah,235997292,2025-10,8,19,10,2024–2026
abdul-moiz1687,https://github.com/abdul-moiz1687,235457579,2025-10,15,17,10,2024–2026
Z-Lakho,https://github.com/Z-Lakho,241492830,2025-11,47,193,10,2024–2026
tabish-shamsi,https://github.com/tabish-shamsi,246434051,2025-11,6,133,10,2024–2026
wajihacodeofficial,https://github.com/wajihacodeofficial,241762801,2025-11,8,115,10,2024–2026
roshaanasif,https://github.com/roshaanasif,242768831,2025-11,21,111,10,2024–2026
coding0044,https://github.com/coding0044,244460764,2025-11,17,101,10,2024–2026
muhammadayaan5220-droid,https://github.com/muhammadayaan5220-droid,246820514,2025-11,17,86,10,2024–2026
hiraq-dev,https://github.com/hiraq-dev,246013182,2025-11,8,67,10,2024–2026
anasrajput99112-droid,https://github.com/anasrajput99112-droid,246963398,2025-11,9,57,10,2024–2026
shariquesherry25-sketch,https://github.com/shariquesherry25-sketch,242921884,2025-11,6,57,10,2024–2026
tahalikestocode16,https://github.com/tahalikestocode16,242198625,2025-11,14,50,10,2024–2026
itsol-portfolio,https://github.com/itsol-portfolio,242181807,2025-11,12,50,10,2024–2026
fasihurrehman34,https://github.com/fasihurrehman34,242897167,2025-11,20,48,10,2024–2026
junaidulhaquesheikh208-jpg,https://github.com/junaidulhaquesheikh208-jpg,243621980,2025-11,46,42,10,2024–2026
Madihakhan612,https://github.com/Madihakhan612,244702534,2025-11,6,36,10,2024–2026
MohammadFaizanHaider,https://github.com/MohammadFaizanHaider,245582125,2025-11,6,36,10,2024–2026
rukhsarrasheed05-lab,https://github.com/rukhsarrasheed05-lab,243443780,2025-11,13,34,10,2024–2026
kINGKHAN8971,https://github.com/kINGKHAN8971,243356607,2025-11,17,32,10,2024–2026
malaikashabnum1020-rgb,https://github.com/malaikashabnum1020-rgb,242046127,2025-11,16,30,10,2024–2026
Muhammad-Usman-prog,https://github.com/Muhammad-Usman-prog,242267269,2025-11,8,28,10,2024–2026
Sidrasheikh421,https://github.com/Sidrasheikh421,244704088,2025-11,6,27,10,2024–2026
uroojismail48,https://github.com/uroojismail48,243566617,2025-11,13,26,10,2024–2026
ayanrajput5264,https://github.com/ayanrajput5264,243769894,2025-11,12,25,10,2024–2026
huzaifa02-data,https://github.com/huzaifa02-data,245812785,2025-11,6,24,10,2024–2026
nelofer-chandio,https://github.com/nelofer-chandio,243836049,2025-11,19,22,10,2024–2026
dawerkazmi,https://github.com/dawerkazmi,243419830,2025-11,8,22,10,2024–2026
gulatifshah,https://github.com/gulatifshah,245806458,2025-11,8,22,10,2024–2026
fareedali-dev,https://github.com/fareedali-dev,241708828,2025-11,14,20,10,2024–2026
shahbazchishty21-boop,https://github.com/shahbazchishty21-boop,247438228,2025-12,6,1911,10,2024–2026
abasitbaloch,https://github.com/abasitbaloch,250606456,2025-12,10,165,10,2024–2026
RTS-Sachal,https://github.com/RTS-Sachal,251403748,2025-12,15,142,10,2024–2026
Zaheer-Ali-09,https://github.com/Zaheer-Ali-09,251699481,2025-12,33,122,10,2024–2026
raza-jaun-code,https://github.com/raza-jaun-code,251619860,2025-12,38,71,10,2024–2026
abdulrasheedghazi302-source,https://github.com/abdulrasheedghazi302-source,248254656,2025-12,9,63,10,2024–2026
Huzaifa-Saqib,https://github.com/Huzaifa-Saqib,248462995,2025-12,7,50,10,2024–2026
ABDULSAMADCODEING,https://github.com/ABDULSAMADCODEING,251994941,2025-12,10,40,10,2024–2026
sk-kashan,https://github.com/sk-kashan,250390137,2025-12,6,39,10,2024–2026
m-junaid-dev,https://github.com/m-junaid-dev,250558483,2025-12,13,38,10,2024–2026
Safiullah7911,https://github.com/Safiullah7911,249293433,2025-12,6,33,10,2024–2026
codenet4u-developer,https://github.com/codenet4u-developer,248066860,2025-12,9,32,10,2024–2026
mustafakhan616,https://github.com/mustafakhan616,250481061,2025-12,14,30,10,2024–2026
usmankhan49,https://github.com/usmankhan49,249941988,2025-12,9,29,10,2024–2026
hafsatariq257,https://github.com/hafsatariq257,247395065,2025-12,9,25,10,2024–2026
kabeerahmed0120,https://github.com/kabeerahmed0120,252131934,2025-12,9,24,10,2024–2026
Hassan12211,https://github.com/Hassan12211,251699982,2025-12,10,21,10,2024–2026
adnanbaloch8923-ship-it,https://github.com/adnanbaloch8923-ship-it,247564273,2025-12,17,19,10,2024–2026
zehramisal110-gif,https://github.com/zehramisal110-gif,250013635,2025-12,6,18,10,2024–2026
shahroz-webdeveloper,https://github.com/shahroz-webdeveloper,249786857,2025-12,6,18,10,2024–2026
saboorapython,https://github.com/saboorapython,253227651,2026-01,45,102,10,2024–2026
jahanzaibjaffer111-ship-i,https://github.com/jahanzaibjaffer111-ship-i,254250178,2026-01,31,102,10,2024–2026
abdulrafaykhan11,https://github.com/abdulrafaykhan11,255156336,2026-01,19,97,10,2024–2026
muhammadowais9105,https://github.com/muhammadowais9105,257987446,2026-01,7,84,10,2024–2026
FurqanRaza4343,https://github.com/FurqanRaza4343,255668971,2026-01,17,44,10,2024–2026
Amna-Noor27,https://github.com/Amna-Noor27,256506070,2026-01,9,38,10,2024–2026
wineshkumar,https://github.com/wineshkumar,257065691,2026-01,6,37,10,2024–2026
dua-fatima4,https://github.com/dua-fatima4,253675334,2026-01,8,29,10,2024–2026
arifraza12,https://github.com/arifraza12,254837054,2026-01,24,26,10,2024–2026
Future-Developer295,https://github.com/Future-Developer295,254978135,2026-01,7,26,10,2024–2026
HRK-QaimKhani,https://github.com/HRK-QaimKhani,257493808,2026-01,10,20,10,2024–2026
syeduzair2003,https://github.com/syeduzair2003,259438820,2026-02,8,34,10,2024–2026
zoya-nayab,https://github.com/zoya-nayab,261173161,2026-02,6,20,10,2024–2026
attarehmanrao-source,https://github.com/attarehmanrao-source,258742169,2026-02,9,17,10,2024–2026
