Username,Profile URL,GitHub ID,Year_Group,Public_Repositories,Lifetime_Commits,sector_id,sector_label
itsaboutcode,https://github.com/itsaboutcode,204423,2010-02,112,384,0,2010–2016
yunas,https://github.com/yunas,213712,2010-03,22,250,0,2010–2016
heyyan,https://github.com/heyyan,245355,2010-04,15,81,0,2010–2016
aftabnabi,https://github.com/aftabnabi,261592,2010-05,26,230,0,2010–2016
syedmurtaza,https://github.com/syedmurtaza,272100,2010-05,12,34,0,2010–2016
asifhameed,https://github.com/asifhameed,317149,2010-06,6,28,0,2010–2016
mahhek,https://github.com/mahhek,342844,2010-07,17,1052,0,2010–2016
taimur38,https://github.com/taimur38,362296,2010-08,43,862,0,2010–2016
saqibsarwar,https://github.com/saqibsarwar,358233,2010-08,6,51,0,2010–2016
naveedtariq,https://github.com/naveedtariq,384665,2010-09,16,617,0,2010–2016
shahzadmasud,https://github.com/shahzadmasud,390286,2010-09,28,178,0,2010–2016
mhsnalm,https://github.com/mhsnalm,418755,2010-09,96,133,0,2010–2016
blacksmoke26,https://github.com/blacksmoke26,425744,2010-10,54,3249,0,2010–2016
tigerclawn82,https://github.com/tigerclawn82,457518,2010-10,15,1368,0,2010–2016
profmuhammadjabbar,https://github.com/profmuhammadjabbar,449586,2010-10,10,33,0,2010–2016
hassaniftikhar,https://github.com/hassaniftikhar,469748,2010-11,13,395,0,2010–2016
maxpaynestory,https://github.com/maxpaynestory,462460,2010-11,34,221,0,2010–2016
waqasm86,https://github.com/waqasm86,479827,2010-11,161,211,0,2010–2016
umayrh,https://github.com/umayrh,525221,2010-12,39,588,0,2010–2016
appsdevpk,https://github.com/appsdevpk,516860,2010-12,12,22,0,2010–2016
sustaintopervail,https://github.com/sustaintopervail,585167,2011-01,9,30,0,2010–2016
UsmanMalik,https://github.com/UsmanMalik,552152,2011-01,62,26,0,2010–2016
aijazali12,https://github.com/aijazali12,604537,2011-02,18,119,0,2010–2016
naveed-ahmad,https://github.com/naveed-ahmad,701567,2011-03,260,5469,0,2010–2016
ZubairNabi,https://github.com/ZubairNabi,652955,2011-03,15,276,0,2010–2016
WaqarZahour,https://github.com/WaqarZahour,653014,2011-03,10,108,0,2010–2016
mshahbazsaleem,https://github.com/mshahbazsaleem,698743,2011-03,19,37,0,2010–2016
rashid372,https://github.com/rashid372,745984,2011-04,18,100,0,2010–2016
qureshius,https://github.com/qureshius,818260,2011-05,8,1126,0,2010–2016
nabeelarif,https://github.com/nabeelarif,774255,2011-05,17,143,0,2010–2016
imomer,https://github.com/imomer,773535,2011-05,33,80,0,2010–2016
AdilSoomro,https://github.com/AdilSoomro,856233,2011-06,14,1385,0,2010–2016
srmklive,https://github.com/srmklive,839335,2011-06,27,870,0,2010–2016
noumannaseer,https://github.com/noumannaseer,883788,2011-06,21,101,0,2010–2016
babarlhr,https://github.com/babarlhr,893300,2011-07,387,1555,0,2010–2016
pimedia,https://github.com/pimedia,927225,2011-07,9,83,0,2010–2016
mohsinabbas,https://github.com/mohsinabbas,929646,2011-07,16,22,0,2010–2016
navedrasul,https://github.com/navedrasul,967758,2011-08,52,221,0,2010–2016
qaisarirfan,https://github.com/qaisarirfan,955997,2011-08,17,142,0,2010–2016
sheensol,https://github.com/sheensol,983290,2011-08,40,76,0,2010–2016
yasirveriqual,https://github.com/yasirveriqual,970664,2011-08,7,38,0,2010–2016
saimayaqub,https://github.com/saimayaqub,973457,2011-08,15,26,0,2010–2016
zaidakram,https://github.com/zaidakram,1079660,2011-09,20,205,0,2010–2016
aqibmumtaz,https://github.com/aqibmumtaz,1073190,2011-09,18,142,0,2010–2016
shanijahania,https://github.com/shanijahania,1083549,2011-09,16,63,0,2010–2016
u4umar,https://github.com/u4umar,1032049,2011-09,10,59,0,2010–2016
umair3,https://github.com/umair3,1154874,2011-10,27,663,0,2010–2016
saleemaoc,https://github.com/saleemaoc,1110012,2011-10,24,142,0,2010–2016
mufasser,https://github.com/mufasser,1122310,2011-10,28,75,0,2010–2016
mrhamidraza,https://github.com/mrhamidraza,1135356,2011-10,9,46,0,2010–2016
dr-m-wasim,https://github.com/dr-m-wasim,1250420,2011-12,21,368,0,2010–2016
imranhaider,https://github.com/imranhaider,1235463,2011-12,18,56,0,2010–2016
akhterwahab,https://github.com/akhterwahab,1260959,2011-12,32,34,0,2010–2016
tahiralvi,https://github.com/tahiralvi,1356887,2012-01,17,161,0,2010–2016
haroonabbasi,https://github.com/haroonabbasi,1297226,2012-01,34,128,0,2010–2016
mustafaneguib,https://github.com/mustafaneguib,1302045,2012-01,30,112,0,2010–2016
aftabkhalid,https://github.com/aftabkhalid,1427769,2012-02,22,833,0,2010–2016
msaqib,https://github.com/msaqib,1440165,2012-02,79,517,0,2010–2016
usmanikram,https://github.com/usmanikram,1428373,2012-02,13,229,0,2010–2016
shayananique,https://github.com/shayananique,1432506,2012-02,53,89,0,2010–2016
SaeedIqbal,https://github.com/SaeedIqbal,1551440,2012-03,42,372,0,2010–2016
fahadmahmood8,https://github.com/fahadmahmood8,1487167,2012-03,13,363,0,2010–2016
jawwadfarooq,https://github.com/jawwadfarooq,1543071,2012-03,11,359,0,2010–2016
aalasolutions-zz,https://github.com/aalasolutions-zz,1493178,2012-03,16,268,0,2010–2016
abidiqbalk,https://github.com/abidiqbalk,1542924,2012-03,15,221,0,2010–2016
hmshoaib,https://github.com/hmshoaib,1563460,2012-03,11,217,0,2010–2016
adilbingulzar,https://github.com/adilbingulzar,1535517,2012-03,13,92,0,2010–2016
tanzeelmarwat,https://github.com/tanzeelmarwat,1519214,2012-03,8,23,0,2010–2016
mirmibrahim,https://github.com/mirmibrahim,1684921,2012-04,10,1654,0,2010–2016
Rizstien,https://github.com/Rizstien,1692655,2012-04,31,799,0,2010–2016
mjamilbashir99,https://github.com/mjamilbashir99,1687879,2012-04,43,542,0,2010–2016
karamat,https://github.com/karamat,1622769,2012-04,21,70,0,2010–2016
masghar,https://github.com/masghar,1763453,2012-05,33,1137,0,2010–2016
fahadusman,https://github.com/fahadusman,1799538,2012-05,15,410,0,2010–2016
mohsinhussain,https://github.com/mohsinhussain,1732605,2012-05,23,239,0,2010–2016
arfanmahmood,https://github.com/arfanmahmood,1769734,2012-05,21,82,0,2010–2016
xpertpk,https://github.com/xpertpk,1726210,2012-05,24,70,0,2010–2016
sulemanahmed,https://github.com/sulemanahmed,1697783,2012-05,13,52,0,2010–2016
GulMChaudhary,https://github.com/GulMChaudhary,1748433,2012-05,7,32,0,2010–2016
asadali737,https://github.com/asadali737,1748831,2012-05,49,24,0,2010–2016
fakharkhan,https://github.com/fakharkhan,1877752,2012-06,141,475,0,2010–2016
zah33r,https://github.com/zah33r,1884041,2012-06,24,467,0,2010–2016
faisalhasnain,https://github.com/faisalhasnain,1843760,2012-06,14,221,0,2010–2016
danish-jamil,https://github.com/danish-jamil,1816287,2012-06,26,114,0,2010–2016
bk987,https://github.com/bk987,1844815,2012-06,18,100,0,2010–2016
faheemkhaskheli9,https://github.com/faheemkhaskheli9,1897736,2012-06,59,97,0,2010–2016
omermuneer,https://github.com/omermuneer,1979628,2012-07,22,295,0,2010–2016
omair18,https://github.com/omair18,1974232,2012-07,134,217,0,2010–2016
UzEE,https://github.com/UzEE,2019770,2012-07,37,210,0,2010–2016
ahsan-bilal-786,https://github.com/ahsan-bilal-786,1968160,2012-07,18,199,0,2010–2016
muzzammilh,https://github.com/muzzammilh,1930832,2012-07,14,157,0,2010–2016
sheikhumar93,https://github.com/sheikhumar93,1960593,2012-07,28,125,0,2010–2016
shfaizanali,https://github.com/shfaizanali,1948022,2012-07,19,120,0,2010–2016
gakker,https://github.com/gakker,1956481,2012-07,23,84,0,2010–2016
jawadhadi,https://github.com/jawadhadi,2013749,2012-07,10,70,0,2010–2016
noman-iqbal,https://github.com/noman-iqbal,2044887,2012-07,8,37,0,2010–2016
aliabbas-2012,https://github.com/aliabbas-2012,2234215,2012-08,50,1276,0,2010–2016
asimzeeshan,https://github.com/asimzeeshan,2176442,2012-08,61,791,0,2010–2016
bilalshahzad139,https://github.com/bilalshahzad139,2134984,2012-08,64,753,0,2010–2016
mkirshad,https://github.com/mkirshad,2148913,2012-08,33,576,0,2010–2016
moeenuddin,https://github.com/moeenuddin,2076100,2012-08,22,330,0,2010–2016
taimoor,https://github.com/taimoor,2094450,2012-08,26,250,0,2010–2016
xuleman,https://github.com/xuleman,2203214,2012-08,15,225,0,2010–2016
k-zafar,https://github.com/k-zafar,2161297,2012-08,13,171,0,2010–2016
adnansiddiq,https://github.com/adnansiddiq,2142464,2012-08,14,161,0,2010–2016
ejdogar,https://github.com/ejdogar,2077137,2012-08,12,85,0,2010–2016
shahidnasrullah,https://github.com/shahidnasrullah,2162027,2012-08,8,53,0,2010–2016
sheharyarn,https://github.com/sheharyarn,2355108,2012-09,96,3927,0,2010–2016
fahadgudu,https://github.com/fahadgudu,2296100,2012-09,67,290,0,2010–2016
simplyingenious,https://github.com/simplyingenious,2454136,2012-09,6,249,0,2010–2016
ahsannabi,https://github.com/ahsannabi,2338156,2012-09,40,106,0,2010–2016
zeeshanhasan,https://github.com/zeeshanhasan,2375846,2012-09,7,106,0,2010–2016
techverx,https://github.com/techverx,2278714,2012-09,37,102,0,2010–2016
mraheel,https://github.com/mraheel,2276070,2012-09,18,78,0,2010–2016
mshahbax,https://github.com/mshahbax,2403874,2012-09,13,60,0,2010–2016
junaidshakur,https://github.com/junaidshakur,2305920,2012-09,8,47,0,2010–2016
dawood4pk,https://github.com/dawood4pk,2284671,2012-09,11,40,0,2010–2016
shahzad11,https://github.com/shahzad11,2344779,2012-09,7,28,0,2010–2016
suhaibjanjua,https://github.com/suhaibjanjua,2657332,2012-10,67,561,0,2010–2016
zanysoft,https://github.com/zanysoft,2682072,2012-10,26,257,0,2010–2016
brighteningStar,https://github.com/brighteningStar,2500218,2012-10,11,200,0,2010–2016
Faisalawanisee,https://github.com/Faisalawanisee,2613787,2012-10,174,131,0,2010–2016
nabeel-ahmad,https://github.com/nabeel-ahmad,2583222,2012-10,8,79,0,2010–2016
junaidios,https://github.com/junaidios,2492923,2012-10,21,37,0,2010–2016
tahiriqbalnajam,https://github.com/tahiriqbalnajam,2802893,2012-11,48,875,0,2010–2016
BuildWithLal,https://github.com/BuildWithLal,2900599,2012-11,34,450,0,2010–2016
awaisali88,https://github.com/awaisali88,2724479,2012-11,78,122,0,2010–2016
unzila-zafar,https://github.com/unzila-zafar,2744582,2012-11,7,99,0,2010–2016
jhanzeb12,https://github.com/jhanzeb12,2834453,2012-11,16,93,0,2010–2016
nabeeljavaid,https://github.com/nabeeljavaid,2786954,2012-11,11,41,0,2010–2016
ibrhim123,https://github.com/ibrhim123,2707209,2012-11,11,36,0,2010–2016
waheedahmed,https://github.com/waheedahmed,2851134,2012-11,16,32,0,2010–2016
abduslsamadch,https://github.com/abduslsamadch,2851611,2012-11,11,24,0,2010–2016
mujassir,https://github.com/mujassir,3088783,2012-12,31,356,0,2010–2016
mshahzadtariq,https://github.com/mshahzadtariq,3108179,2012-12,15,141,0,2010–2016
bsienn-khan,https://github.com/bsienn-khan,3149876,2012-12,7,77,0,2010–2016
jaffarhussain1011,https://github.com/jaffarhussain1011,3069478,2012-12,20,60,0,2010–2016
aleemkhan,https://github.com/aleemkhan,3151263,2012-12,18,59,0,2010–2016
m-junaid-butt,https://github.com/m-junaid-butt,3048424,2012-12,17,34,0,2010–2016
mentordeveloper,https://github.com/mentordeveloper,2978959,2012-12,15,28,0,2010–2016
adnanbhatti123,https://github.com/adnanbhatti123,3127684,2012-12,6,24,0,2010–2016
fahadazeem,https://github.com/fahadazeem,2951109,2012-12,17,22,0,2010–2016
sohaibayub,https://github.com/sohaibayub,3404286,2013-01,23,117611,0,2010–2016
abdul-rehman-2050,https://github.com/abdul-rehman-2050,3334022,2013-01,129,662,0,2010–2016
ShaikhAhsan,https://github.com/ShaikhAhsan,3283021,2013-01,6,201,0,2010–2016
MuhammadNadirSE,https://github.com/MuhammadNadirSE,3168036,2013-01,9,156,0,2010–2016
husnain,https://github.com/husnain,3172085,2013-01,15,103,0,2010–2016
Needo,https://github.com/Needo,3175914,2013-01,25,98,0,2010–2016
hassaan39,https://github.com/hassaan39,3386279,2013-01,7,22,0,2010–2016
DarussalamTech,https://github.com/DarussalamTech,3690975,2013-02,28,3493,0,2010–2016
armujahid,https://github.com/armujahid,3725386,2013-02,147,729,0,2010–2016
usama8800,https://github.com/usama8800,3450518,2013-02,40,574,0,2010–2016
thesaad,https://github.com/thesaad,3445416,2013-02,14,570,0,2010–2016
AfzalMasood11,https://github.com/AfzalMasood11,3656279,2013-02,28,521,0,2010–2016
Shajeel-Afzal,https://github.com/Shajeel-Afzal,3718283,2013-02,40,436,0,2010–2016
ahmedbilal,https://github.com/ahmedbilal,3592998,2013-02,55,364,0,2010–2016
faizanhaider,https://github.com/faizanhaider,3539630,2013-02,14,283,0,2010–2016
AhsanAshfaq,https://github.com/AhsanAshfaq,3518086,2013-02,25,191,0,2010–2016
abbassiddiqi,https://github.com/abbassiddiqi,3588103,2013-02,10,158,0,2010–2016
hasnatsaeed,https://github.com/hasnatsaeed,3670165,2013-02,19,100,0,2010–2016
tahirwaseempk,https://github.com/tahirwaseempk,3597273,2013-02,9,99,0,2010–2016
wyounas,https://github.com/wyounas,3581770,2013-02,15,95,0,2010–2016
samyanwahla,https://github.com/samyanwahla,3723271,2013-02,9,42,0,2010–2016
imrantune,https://github.com/imrantune,3593033,2013-02,133,41,0,2010–2016
asifhabib,https://github.com/asifhabib,3713433,2013-02,76,24,0,2010–2016
tauqeer-ahmad,https://github.com/tauqeer-ahmad,3785641,2013-03,40,1040,0,2010–2016
naveedaziz,https://github.com/naveedaziz,3735061,2013-03,20,686,0,2010–2016
TalhaAwan,https://github.com/TalhaAwan,3785025,2013-03,39,657,0,2010–2016
imrankabir,https://github.com/imrankabir,3800243,2013-03,54,524,0,2010–2016
muh-atta,https://github.com/muh-atta,3774803,2013-03,22,242,0,2010–2016
ask4abid,https://github.com/ask4abid,3786121,2013-03,54,188,0,2010–2016
theshahzaib5,https://github.com/theshahzaib5,4003362,2013-03,18,119,0,2010–2016
touseef4pk,https://github.com/touseef4pk,3919262,2013-03,31,68,0,2010–2016
TaimurAdil,https://github.com/TaimurAdil,3815509,2013-03,14,59,0,2010–2016
RahaAkhtar,https://github.com/RahaAkhtar,3853533,2013-03,12,59,0,2010–2016
hishamjaved,https://github.com/hishamjaved,3983097,2013-03,15,40,0,2010–2016
masoodanwar85,https://github.com/masoodanwar85,3944504,2013-03,6,29,0,2010–2016
awaisdar001,https://github.com/awaisdar001,4252738,2013-04,15,440,0,2010–2016
tasawernawaz,https://github.com/tasawernawaz,4245618,2013-04,32,429,0,2010–2016
barkiiqbal,https://github.com/barkiiqbal,4112668,2013-04,18,420,0,2010–2016
bilalbash,https://github.com/bilalbash,4136478,2013-04,47,392,0,2010–2016
usman-jamil,https://github.com/usman-jamil,4136805,2013-04,22,228,0,2010–2016
sm-abdullah,https://github.com/sm-abdullah,4125177,2013-04,21,183,0,2010–2016
mqamarmunir,https://github.com/mqamarmunir,4126664,2013-04,34,156,0,2010–2016
TabraizAhmad,https://github.com/TabraizAhmad,4211775,2013-04,14,97,0,2010–2016
Ajmal-Ismail,https://github.com/Ajmal-Ismail,4178822,2013-04,10,58,0,2010–2016
qmshahzad,https://github.com/qmshahzad,4110553,2013-04,8,55,0,2010–2016
an-nasir,https://github.com/an-nasir,4173058,2013-04,20,49,0,2010–2016
a4amaan,https://github.com/a4amaan,4151574,2013-04,43,46,0,2010–2016
RizwanAshraf1,https://github.com/RizwanAshraf1,4292480,2013-04,6,46,0,2010–2016
aitzaz,https://github.com/aitzaz,4178843,2013-04,16,37,0,2010–2016
sakhawat-ali,https://github.com/sakhawat-ali,4232810,2013-04,12,36,0,2010–2016
ali-hassan,https://github.com/ali-hassan,4496067,2013-05,340,313091,0,2010–2016
ahmedali5530,https://github.com/ahmedali5530,4495669,2013-05,163,400,0,2010–2016
asim019,https://github.com/asim019,4532252,2013-05,11,176,0,2010–2016
bilawal-liaqat,https://github.com/bilawal-liaqat,4446705,2013-05,128,127,0,2010–2016
chwasimarshad,https://github.com/chwasimarshad,4488427,2013-05,15,53,0,2010–2016
hammadfozi,https://github.com/hammadfozi,4557783,2013-05,7,44,0,2010–2016
AKNiazi,https://github.com/AKNiazi,4454540,2013-05,8,35,0,2010–2016
Umer-Hayyat,https://github.com/Umer-Hayyat,4416569,2013-05,52,27,0,2010–2016
attiqrafiq,https://github.com/attiqrafiq,4689887,2013-06,59,2463,0,2010–2016
nomikhokher,https://github.com/nomikhokher,4618863,2013-06,15,1581,0,2010–2016
frazn-sol,https://github.com/frazn-sol,4671391,2013-06,6,699,0,2010–2016
waqaskhan137,https://github.com/waqaskhan137,4752256,2013-06,69,582,0,2010–2016
waleedahmad,https://github.com/waleedahmad,4622791,2013-06,40,471,0,2010–2016
malikfaizanhaider,https://github.com/malikfaizanhaider,4697658,2013-06,37,282,0,2010–2016
themodernturing,https://github.com/themodernturing,4850189,2013-06,91,175,0,2010–2016
umerfarooq381,https://github.com/umerfarooq381,4725812,2013-06,20,117,0,2010–2016
faheem91,https://github.com/faheem91,4745454,2013-06,27,115,0,2010–2016
talhabinkhalil,https://github.com/talhabinkhalil,4687620,2013-06,58,112,0,2010–2016
engrmnaveed-zz,https://github.com/engrmnaveed-zz,4732474,2013-06,9,83,0,2010–2016
bilalasif09,https://github.com/bilalasif09,4834101,2013-06,8,75,0,2010–2016
Ahsanwarsi,https://github.com/Ahsanwarsi,4597244,2013-06,13,44,0,2010–2016
dotriz,https://github.com/dotriz,4737551,2013-06,9,29,0,2010–2016
praisedpk,https://github.com/praisedpk,4748775,2013-06,60,27,0,2010–2016
saeedashraf028,https://github.com/saeedashraf028,4695231,2013-06,6,26,0,2010–2016
msbasit,https://github.com/msbasit,4646756,2013-06,7,23,0,2010–2016
atiqsamtia,https://github.com/atiqsamtia,5112753,2013-07,55,736,0,2010–2016
syedqamara,https://github.com/syedqamara,5058871,2013-07,50,437,0,2010–2016
itskhurrams,https://github.com/itskhurrams,5083361,2013-07,30,427,0,2010–2016
cs-abdulwahab,https://github.com/cs-abdulwahab,5089848,2013-07,92,269,0,2010–2016
azurechamp,https://github.com/azurechamp,4936523,2013-07,82,259,0,2010–2016
aatif-lahore,https://github.com/aatif-lahore,4911191,2013-07,6,73,0,2010–2016
faisalrehmanid,https://github.com/faisalrehmanid,4922068,2013-07,10,66,0,2010–2016
aemwaqas60,https://github.com/aemwaqas60,5037491,2013-07,9,61,0,2010–2016
asimsikka,https://github.com/asimsikka,5064396,2013-07,24,46,0,2010–2016
emraancheema,https://github.com/emraancheema,4929414,2013-07,9,34,0,2010–2016
imvision,https://github.com/imvision,5319789,2013-08,33,41141,0,2010–2016
waleedarshad,https://github.com/waleedarshad,5329697,2013-08,155,18973,0,2010–2016
smhz101,https://github.com/smhz101,5133997,2013-08,38,1036,0,2010–2016
hafsasaleem27,https://github.com/hafsasaleem27,5290219,2013-08,62,473,0,2010–2016
ameerh,https://github.com/ameerh,5346601,2013-08,15,334,0,2010–2016
sarfraz-akhtar,https://github.com/sarfraz-akhtar,5294551,2013-08,26,291,0,2010–2016
Noshaid,https://github.com/Noshaid,5318790,2013-08,48,231,0,2010–2016
ibrahimzahoor,https://github.com/ibrahimzahoor,5284421,2013-08,38,122,0,2010–2016
ssmabidi,https://github.com/ssmabidi,5269269,2013-08,12,121,0,2010–2016
hussain-imtiaz,https://github.com/hussain-imtiaz,5216307,2013-08,22,99,0,2010–2016
HQuser,https://github.com/HQuser,5348773,2013-08,15,93,0,2010–2016
TheEngineerz,https://github.com/TheEngineerz,5149947,2013-08,14,60,0,2010–2016
umerkb,https://github.com/umerkb,5312201,2013-08,9,54,0,2010–2016
munfasil,https://github.com/munfasil,5241809,2013-08,7,51,0,2010–2016
zuhairabbas,https://github.com/zuhairabbas,5308146,2013-08,6,47,0,2010–2016
junaidpk,https://github.com/junaidpk,5153972,2013-08,169,41,0,2010–2016
haider2804,https://github.com/haider2804,5175052,2013-08,9,38,0,2010–2016
Zulqurnain,https://github.com/Zulqurnain,5487047,2013-09,43,186,0,2010–2016
FarazBukhari,https://github.com/FarazBukhari,5357834,2013-09,15,159,0,2010–2016
Arsalan-Javed,https://github.com/Arsalan-Javed,5574291,2013-09,13,119,0,2010–2016
aamir-nazir,https://github.com/aamir-nazir,5459597,2013-09,16,107,0,2010–2016
hasnain095,https://github.com/hasnain095,5565130,2013-09,12,73,0,2010–2016
asifjavaid,https://github.com/asifjavaid,5367376,2013-09,49,43,0,2010–2016
hammaduu,https://github.com/hammaduu,5475505,2013-09,7,32,0,2010–2016
shahzadsab,https://github.com/shahzadsab,5518824,2013-09,33,31,0,2010–2016
basitullah,https://github.com/basitullah,5371253,2013-09,8,23,0,2010–2016
yasirrose,https://github.com/yasirrose,5586359,2013-10,69,2099,0,2010–2016
waqas4346,https://github.com/waqas4346,5762940,2013-10,12,411,0,2010–2016
safoorsafdar,https://github.com/safoorsafdar,5680768,2013-10,28,312,0,2010–2016
mrazadar,https://github.com/mrazadar,5585262,2013-10,33,254,0,2010–2016
JunaidRana,https://github.com/JunaidRana,5653394,2013-10,8,149,0,2010–2016
EngineerKhan,https://github.com/EngineerKhan,5688359,2013-10,181,132,0,2010–2016
mrizwan47,https://github.com/mrizwan47,5583034,2013-10,11,108,0,2010–2016
sirajhussain,https://github.com/sirajhussain,5736083,2013-10,19,67,0,2010–2016
Atabic,https://github.com/Atabic,5627096,2013-10,30,65,0,2010–2016
alishanvr,https://github.com/alishanvr,5610722,2013-10,28,54,0,2010–2016
sfahid,https://github.com/sfahid,5752257,2013-10,12,29,0,2010–2016
hmftj,https://github.com/hmftj,6020256,2013-11,55,326,0,2010–2016
mshahidbhatti,https://github.com/mshahidbhatti,6029814,2013-11,39,263,0,2010–2016
creativehassan,https://github.com/creativehassan,5916519,2013-11,66,87,0,2010–2016
waqas385,https://github.com/waqas385,5830526,2013-11,7,66,0,2010–2016
CodeByHamzaH,https://github.com/CodeByHamzaH,5850048,2013-11,8,60,0,2010–2016
mehboob153,https://github.com/mehboob153,5918556,2013-11,8,33,0,2010–2016
AbdurRehman91,https://github.com/AbdurRehman91,5983733,2013-11,9,31,0,2010–2016
shahzaibhayatkhan,https://github.com/shahzaibhayatkhan,5962509,2013-11,8,31,0,2010–2016
imhassan,https://github.com/imhassan,5956003,2013-11,40,29,0,2010–2016
naveedali,https://github.com/naveedali,5906864,2013-11,7,29,0,2010–2016
adilsaeed31,https://github.com/adilsaeed31,6284410,2013-12,66,3797,0,2010–2016
SuperKXT,https://github.com/SuperKXT,6242472,2013-12,25,2458,0,2010–2016
farooqahmedkhan,https://github.com/farooqahmedkhan,6252389,2013-12,12,395,0,2010–2016
zahoorahmadgorsi,https://github.com/zahoorahmadgorsi,6213980,2013-12,13,370,0,2010–2016
wqsaali,https://github.com/wqsaali,6185387,2013-12,47,188,0,2010–2016
alinawaz,https://github.com/alinawaz,6256576,2013-12,6,121,0,2010–2016
zeburrehman,https://github.com/zeburrehman,6255847,2013-12,29,88,0,2010–2016
fitalfihsak,https://github.com/fitalfihsak,6252595,2013-12,15,31,0,2010–2016
faisalbhatti10,https://github.com/faisalbhatti10,6291627,2013-12,8,31,0,2010–2016
minaamfasihi,https://github.com/minaamfasihi,6429094,2014-01,56,673,0,2010–2016
AtifCh,https://github.com/AtifCh,6317913,2014-01,6,374,0,2010–2016
AbdulAli,https://github.com/AbdulAli,6480345,2014-01,41,351,0,2010–2016
AwaisKamran,https://github.com/AwaisKamran,6302514,2014-01,64,325,0,2010–2016
nouman92,https://github.com/nouman92,6426340,2014-01,45,146,0,2010–2016
asimrafique,https://github.com/asimrafique,6304424,2014-01,6,91,0,2010–2016
axium,https://github.com/axium,6323197,2014-01,9,82,0,2010–2016
ferozpuri,https://github.com/ferozpuri,6311893,2014-01,19,77,0,2010–2016
RizvanWaheed,https://github.com/RizvanWaheed,6370827,2014-01,18,73,0,2010–2016
hassan54,https://github.com/hassan54,6430106,2014-01,49,69,0,2010–2016
aahmed9to6,https://github.com/aahmed9to6,6389152,2014-01,7,54,0,2010–2016
AsadRehman,https://github.com/AsadRehman,6390085,2014-01,43,52,0,2010–2016
zaheer0008,https://github.com/zaheer0008,6391714,2014-01,9,46,0,2010–2016
moizhusnain,https://github.com/moizhusnain,6430450,2014-01,6,35,0,2010–2016
usamasarwar36,https://github.com/usamasarwar36,6407379,2014-01,8,27,0,2010–2016
segmentationfaulter,https://github.com/segmentationfaulter,6733537,2014-02,90,1319,0,2010–2016
rails-hub,https://github.com/rails-hub,6818028,2014-02,25,400,0,2010–2016
AbdulRehmanNazar,https://github.com/AbdulRehmanNazar,6792823,2014-02,39,260,0,2010–2016
munir700,https://github.com/munir700,6803769,2014-02,13,205,0,2010–2016
muhammad-ammar,https://github.com/muhammad-ammar,6767924,2014-02,44,204,0,2010–2016
rabnawaz,https://github.com/rabnawaz,6626248,2014-02,13,170,0,2010–2016
omerfarooX,https://github.com/omerfarooX,6769456,2014-02,19,120,0,2010–2016
zeeshanayub,https://github.com/zeeshanayub,6695581,2014-02,11,112,0,2010–2016
meetmehdi,https://github.com/meetmehdi,6615214,2014-02,17,103,0,2010–2016
aatef,https://github.com/aatef,6780210,2014-02,16,81,0,2010–2016
umerafzal,https://github.com/umerafzal,6577232,2014-02,10,69,0,2010–2016
bilalsulehri,https://github.com/bilalsulehri,6560181,2014-02,11,58,0,2010–2016
adnannazir,https://github.com/adnannazir,6734301,2014-02,10,41,0,2010–2016
shams-144,https://github.com/shams-144,6577489,2014-02,9,36,0,2010–2016
razaHamdani,https://github.com/razaHamdani,6802016,2014-02,8,30,0,2010–2016
saad3074,https://github.com/saad3074,6604062,2014-02,44,27,0,2010–2016
muzamilw,https://github.com/muzamilw,6984169,2014-03,11,8931,0,2010–2016
m-usmansaeed,https://github.com/m-usmansaeed,6871717,2014-03,49,687,0,2010–2016
jfukki,https://github.com/jfukki,7016269,2014-03,43,386,0,2010–2016
naeemakram,https://github.com/naeemakram,6885369,2014-03,36,379,0,2010–2016
MuhammadUsmaann,https://github.com/MuhammadUsmaann,6883945,2014-03,32,181,0,2010–2016
imranaftab,https://github.com/imranaftab,7012444,2014-03,46,111,0,2010–2016
m-hassan31,https://github.com/m-hassan31,6967808,2014-03,22,93,0,2010–2016
muffrank,https://github.com/muffrank,7089257,2014-03,21,37,0,2010–2016
umair321,https://github.com/umair321,7020208,2014-03,15,31,0,2010–2016
NIXKnight,https://github.com/NIXKnight,7325058,2014-04,95,12784,0,2010–2016
taqiniazi,https://github.com/taqiniazi,7150755,2014-04,24,645,0,2010–2016
abaidgulshan,https://github.com/abaidgulshan,7329596,2014-04,90,380,0,2010–2016
nicepal,https://github.com/nicepal,7318931,2014-04,8,263,0,2010–2016
rehanumar,https://github.com/rehanumar,7344714,2014-04,71,188,0,2010–2016
inzamam31294,https://github.com/inzamam31294,7139076,2014-04,19,142,0,2010–2016
sheraz-n,https://github.com/sheraz-n,7424816,2014-04,30,76,0,2010–2016
AsadAlihp,https://github.com/AsadAlihp,7264209,2014-04,56,75,0,2010–2016
sunjava11,https://github.com/sunjava11,7128652,2014-04,23,63,0,2010–2016
abdussami-tayyab,https://github.com/abdussami-tayyab,7189666,2014-04,17,58,0,2010–2016
logiccanvas,https://github.com/logiccanvas,7358229,2014-04,23,42,0,2010–2016
AhmadDawood,https://github.com/AhmadDawood,7128507,2014-04,7,42,0,2010–2016
fahad-larasoft,https://github.com/fahad-larasoft,7126820,2014-04,8,30,0,2010–2016
usikandar,https://github.com/usikandar,7241254,2014-04,16,25,0,2010–2016
naeem95,https://github.com/naeem95,7370319,2014-04,17,21,0,2010–2016
nad33mahm3d,https://github.com/nad33mahm3d,7422985,2014-04,15,21,0,2010–2016
xeeshanqaswar,https://github.com/xeeshanqaswar,7692061,2014-05,34,442,0,2010–2016
saqibomer,https://github.com/saqibomer,7654562,2014-05,30,295,0,2010–2016
Lahori-Jawan,https://github.com/Lahori-Jawan,7579344,2014-05,55,263,0,2010–2016
ArslanAsif,https://github.com/ArslanAsif,7481357,2014-05,7,156,0,2010–2016
mustansarsaeed,https://github.com/mustansarsaeed,7519716,2014-05,17,143,0,2010–2016
davidandorf,https://github.com/davidandorf,7691091,2014-05,14,102,0,2010–2016
attiyaIshaque,https://github.com/attiyaIshaque,7627421,2014-05,11,85,0,2010–2016
nadeemshahzad,https://github.com/nadeemshahzad,7645388,2014-05,16,55,0,2010–2016
imkhan334,https://github.com/imkhan334,7746227,2014-05,13,28,0,2010–2016
hhsadiq,https://github.com/hhsadiq,8002757,2014-06,66,1146,0,2010–2016
asharirfan,https://github.com/asharirfan,8023941,2014-06,73,951,0,2010–2016
wasimhyder09,https://github.com/wasimhyder09,7989112,2014-06,54,657,0,2010–2016
jazib-bashir,https://github.com/jazib-bashir,8025562,2014-06,51,301,0,2010–2016
ahmadpak,https://github.com/ahmadpak,7881486,2014-06,27,280,0,2010–2016
BaqerNaqvi,https://github.com/BaqerNaqvi,7815063,2014-06,28,223,0,2010–2016
adnaanaeem,https://github.com/adnaanaeem,7828436,2014-06,170,221,0,2010–2016
virus-pk,https://github.com/virus-pk,7764805,2014-06,22,221,0,2010–2016
Qubad786,https://github.com/Qubad786,7848408,2014-06,23,138,0,2010–2016
AbdulRayhman,https://github.com/AbdulRayhman,7883179,2014-06,31,131,0,2010–2016
hannangujar,https://github.com/hannangujar,7820157,2014-06,35,118,0,2010–2016
irfannasim,https://github.com/irfannasim,7888775,2014-06,26,112,0,2010–2016
ar5lankhan,https://github.com/ar5lankhan,7760801,2014-06,7,53,0,2010–2016
abbasraza172,https://github.com/abbasraza172,7759268,2014-06,14,46,0,2010–2016
Waseem-Jutt,https://github.com/Waseem-Jutt,8005637,2014-06,12,31,0,2010–2016
JamshadAhmad,https://github.com/JamshadAhmad,8200818,2014-07,15,186,0,2010–2016
ismailzafar,https://github.com/ismailzafar,8110507,2014-07,19,167,0,2010–2016
musman92,https://github.com/musman92,8155538,2014-07,111,156,0,2010–2016
ch-muhammad-adil,https://github.com/ch-muhammad-adil,8264639,2014-07,47,156,0,2010–2016
kjanshair,https://github.com/kjanshair,8051020,2014-07,24,129,0,2010–2016
riskAdi,https://github.com/riskAdi,8045499,2014-07,10,87,0,2010–2016
alikuli,https://github.com/alikuli,8050476,2014-07,7,84,0,2010–2016
nisarahmedrana,https://github.com/nisarahmedrana,8161509,2014-07,16,72,0,2010–2016
MajidBashir,https://github.com/MajidBashir,8158049,2014-07,15,65,0,2010–2016
ehsanabdali,https://github.com/ehsanabdali,8286550,2014-07,11,46,0,2010–2016
dhgillani,https://github.com/dhgillani,8045098,2014-07,9,22,0,2010–2016
alihassan1,https://github.com/alihassan1,8244031,2014-07,8,22,0,2010–2016
BIRL,https://github.com/BIRL,8461275,2014-08,18,1430,0,2010–2016
bilal966,https://github.com/bilal966,8384741,2014-08,27,966,0,2010–2016
AnasMunir,https://github.com/AnasMunir,8572727,2014-08,47,573,0,2010–2016
alisial45,https://github.com/alisial45,8465904,2014-08,10,460,0,2010–2016
aqiftekhar,https://github.com/aqiftekhar,8364171,2014-08,37,310,0,2010–2016
Sohair63,https://github.com/Sohair63,8349026,2014-08,21,250,0,2010–2016
ahsansalaldaha,https://github.com/ahsansalaldaha,8591024,2014-08,14,144,0,2010–2016
imransecrets,https://github.com/imransecrets,8496861,2014-08,31,119,0,2010–2016
Toqeer12,https://github.com/Toqeer12,8415213,2014-08,11,80,0,2010–2016
farhanahmed95,https://github.com/farhanahmed95,8439438,2014-08,18,78,0,2010–2016
imranamanatcom,https://github.com/imranamanatcom,8560409,2014-08,21,56,0,2010–2016
azmatrana,https://github.com/azmatrana,8510334,2014-08,13,39,0,2010–2016
azeesmile,https://github.com/azeesmile,8560713,2014-08,10,35,0,2010–2016
istikharahmad,https://github.com/istikharahmad,8429218,2014-08,14,32,0,2010–2016
MuhammadAdil42,https://github.com/MuhammadAdil42,8567174,2014-08,9,26,0,2010–2016
abCods,https://github.com/abCods,8578353,2014-08,10,23,0,2010–2016
kaleemullah360,https://github.com/kaleemullah360,8653586,2014-09,60,13424,0,2010–2016
zeeshangulzar,https://github.com/zeeshangulzar,8733663,2014-09,50,2270,0,2010–2016
ahmed-raza,https://github.com/ahmed-raza,8687215,2014-09,33,1028,0,2010–2016
rmjahangeer,https://github.com/rmjahangeer,8969664,2014-09,56,225,0,2010–2016
arximughal,https://github.com/arximughal,8762441,2014-09,51,212,0,2010–2016
tabish0027,https://github.com/tabish0027,8677398,2014-09,19,191,0,2010–2016
mataurrehman,https://github.com/mataurrehman,8722283,2014-09,15,151,0,2010–2016
ShoaibSiddiqi,https://github.com/ShoaibSiddiqi,8708509,2014-09,17,110,0,2010–2016
ayazahmadtarar,https://github.com/ayazahmadtarar,8918176,2014-09,17,65,0,2010–2016
masiddique,https://github.com/masiddique,8629089,2014-09,10,56,0,2010–2016
oknasir,https://github.com/oknasir,8960432,2014-09,9,43,0,2010–2016
AmmadJavaid,https://github.com/AmmadJavaid,8874677,2014-09,7,37,0,2010–2016
MuslimMunir,https://github.com/MuslimMunir,8724150,2014-09,10,29,0,2010–2016
samkazmi,https://github.com/samkazmi,8981486,2014-10,24,2199,0,2010–2016
ali-arshad-cs,https://github.com/ali-arshad-cs,9453371,2014-10,15,942,0,2010–2016
shahidali6,https://github.com/shahidali6,9376380,2014-10,19,283,0,2010–2016
awaisjameel,https://github.com/awaisjameel,9046343,2014-10,27,244,0,2010–2016
bilalmaqsood,https://github.com/bilalmaqsood,9247546,2014-10,15,214,0,2010–2016
Hussna1n,https://github.com/Hussna1n,9128437,2014-10,19,115,0,2010–2016
Inzmam,https://github.com/Inzmam,9431143,2014-10,13,62,0,2010–2016
basharat949,https://github.com/basharat949,9382471,2014-10,38,56,0,2010–2016
mhussain654,https://github.com/mhussain654,9291166,2014-10,9,42,0,2010–2016
randinterval,https://github.com/randinterval,9157886,2014-10,19,38,0,2010–2016
iamfaraz,https://github.com/iamfaraz,9098159,2014-10,39,35,0,2010–2016
mehroz1,https://github.com/mehroz1,9348863,2014-10,52,29,0,2010–2016
usmanathar365,https://github.com/usmanathar365,9941004,2014-11,10,586,0,2010–2016
muhammadomer,https://github.com/muhammadomer,9569077,2014-11,11,437,0,2010–2016
SufianBabri,https://github.com/SufianBabri,9989266,2014-11,37,315,0,2010–2016
fayyaz315,https://github.com/fayyaz315,9946816,2014-11,30,89,0,2010–2016
AdnanSattar,https://github.com/AdnanSattar,9499894,2014-11,107,74,0,2010–2016
ai-frontenddeveloper,https://github.com/ai-frontenddeveloper,9724058,2014-11,7,63,0,2010–2016
haider8278,https://github.com/haider8278,9817433,2014-11,19,59,0,2010–2016
KamilQur,https://github.com/KamilQur,9567863,2014-11,11,54,0,2010–2016
damisadam,https://github.com/damisadam,9690517,2014-11,26,41,0,2010–2016
adikhan14,https://github.com/adikhan14,9815721,2014-11,18,33,0,2010–2016
zaars59208,https://github.com/zaars59208,9641467,2014-11,16,33,0,2010–2016
hamin123,https://github.com/hamin123,9874733,2014-11,55,29,0,2010–2016
KashifzGit,https://github.com/KashifzGit,9516934,2014-11,14,27,0,2010–2016
hasnain-ahmad,https://github.com/hasnain-ahmad,10242918,2014-12,10,320,0,2010–2016
MR-NR,https://github.com/MR-NR,10034281,2014-12,69,211,0,2010–2016
InamTaj,https://github.com/InamTaj,10061376,2014-12,16,179,0,2010–2016
AhmadShahid,https://github.com/AhmadShahid,10240075,2014-12,19,173,0,2010–2016
azhrhussain,https://github.com/azhrhussain,10018893,2014-12,45,147,0,2010–2016
aleemnazer,https://github.com/aleemnazer,10340046,2014-12,16,114,0,2010–2016
abdulrehman2,https://github.com/abdulrehman2,10258462,2014-12,12,91,0,2010–2016
MuhammadZahab,https://github.com/MuhammadZahab,10289622,2014-12,17,80,0,2010–2016
sadamameer,https://github.com/sadamameer,10099463,2014-12,7,59,0,2010–2016
irshadalijan,https://github.com/irshadalijan,10339478,2014-12,21,46,0,2010–2016
alitaqishah,https://github.com/alitaqishah,10076239,2014-12,13,45,0,2010–2016
m-fahim,https://github.com/m-fahim,10339702,2014-12,7,41,0,2010–2016
ahsan98,https://github.com/ahsan98,10338510,2014-12,9,33,0,2010–2016
ftahir999,https://github.com/ftahir999,10339098,2014-12,10,25,0,2010–2016
mimrank,https://github.com/mimrank,10322671,2014-12,12,24,0,2010–2016
rizwan3d,https://github.com/rizwan3d,10514337,2015-01,192,1557,0,2010–2016
ch-kashif171,https://github.com/ch-kashif171,10650083,2015-01,17,1127,0,2010–2016
arifpucit,https://github.com/arifpucit,10694441,2015-01,19,587,0,2010–2016
sobanakram,https://github.com/sobanakram,10559510,2015-01,64,421,0,2010–2016
fidelsteiner,https://github.com/fidelsteiner,10419149,2015-01,19,407,0,2010–2016
farhan4648gul,https://github.com/farhan4648gul,10625642,2015-01,94,315,0,2010–2016
KamranAllahYar,https://github.com/KamranAllahYar,10572284,2015-01,9,251,0,2010–2016
xeieshan,https://github.com/xeieshan,10787540,2015-01,31,211,0,2010–2016
alirazzaq,https://github.com/alirazzaq,10696324,2015-01,26,199,0,2010–2016
amir-qayyum-khan,https://github.com/amir-qayyum-khan,10431250,2015-01,26,145,0,2010–2016
khawars,https://github.com/khawars,10417908,2015-01,17,136,0,2010–2016
hassamhassan,https://github.com/hassamhassan,10515963,2015-01,21,65,0,2010–2016
ahmadiqbalpk,https://github.com/ahmadiqbalpk,10520296,2015-01,13,59,0,2010–2016
xitas,https://github.com/xitas,10413660,2015-01,10,42,0,2010–2016
haris1989,https://github.com/haris1989,10742798,2015-01,6,31,0,2010–2016
hasnabbas,https://github.com/hasnabbas,10392852,2015-01,11,30,0,2010–2016
Ammarhassan48,https://github.com/Ammarhassan48,10698527,2015-01,12,21,0,2010–2016
proraheelaslam,https://github.com/proraheelaslam,11072516,2015-02,40,285,0,2010–2016
mabubakarkhan,https://github.com/mabubakarkhan,11230257,2015-02,11,204,0,2010–2016
cwtausif,https://github.com/cwtausif,11017485,2015-02,67,197,0,2010–2016
arafay696,https://github.com/arafay696,11245356,2015-02,11,189,0,2010–2016
uxmankabir,https://github.com/uxmankabir,11192479,2015-02,26,176,0,2010–2016
QaisarRajput,https://github.com/QaisarRajput,11134951,2015-02,52,174,0,2010–2016
khalidmansoor42,https://github.com/khalidmansoor42,11133634,2015-02,6,142,0,2010–2016
Bilal5008,https://github.com/Bilal5008,10980234,2015-02,33,113,0,2010–2016
abdulrehmanch,https://github.com/abdulrehmanch,11248333,2015-02,23,97,0,2010–2016
muneebabbas,https://github.com/muneebabbas,10798643,2015-02,12,87,0,2010–2016
sheikhma3,https://github.com/sheikhma3,10981535,2015-02,19,82,0,2010–2016
waseemkathia,https://github.com/waseemkathia,11134510,2015-02,6,75,0,2010–2016
asim42,https://github.com/asim42,11027790,2015-02,12,69,0,2010–2016
kashifabid1106,https://github.com/kashifabid1106,10995646,2015-02,7,51,0,2010–2016
faisalrazajoura,https://github.com/faisalrazajoura,11181485,2015-02,14,36,0,2010–2016
TalhaBinAfzal,https://github.com/TalhaBinAfzal,10973728,2015-02,11,22,0,2010–2016
MustagheesButt,https://github.com/MustagheesButt,11254644,2015-03,33,471,0,2010–2016
BigWheel92,https://github.com/BigWheel92,11443607,2015-03,50,405,0,2010–2016
candh,https://github.com/candh,11281452,2015-03,30,325,0,2010–2016
SyedHamza0196,https://github.com/SyedHamza0196,11278504,2015-03,10,250,0,2010–2016
rashid-bioinfo,https://github.com/rashid-bioinfo,11457522,2015-03,28,232,0,2010–2016
mabs239,https://github.com/mabs239,11463172,2015-03,32,197,0,2010–2016
saqibmehmood,https://github.com/saqibmehmood,11713500,2015-03,31,177,0,2010–2016
muhammadrizwananjum,https://github.com/muhammadrizwananjum,11352300,2015-03,77,94,0,2010–2016
sbinsaleem,https://github.com/sbinsaleem,11666581,2015-03,105,92,0,2010–2016
awais045,https://github.com/awais045,11708175,2015-03,45,87,0,2010–2016
TheRanaEhtisham,https://github.com/TheRanaEhtisham,11319741,2015-03,26,81,0,2010–2016
nazimwibsoft,https://github.com/nazimwibsoft,11404130,2015-03,22,68,0,2010–2016
yasirrafiq33,https://github.com/yasirrafiq33,11268037,2015-03,10,59,0,2010–2016
SohailRajput,https://github.com/SohailRajput,11309382,2015-03,36,52,0,2010–2016
hamzaiftikhar,https://github.com/hamzaiftikhar,11619073,2015-03,7,50,0,2010–2016
aghaaliabbas,https://github.com/aghaaliabbas,11426692,2015-03,11,48,0,2010–2016
Abbasi393,https://github.com/Abbasi393,11552163,2015-03,33,38,0,2010–2016
ewavetech,https://github.com/ewavetech,11362262,2015-03,13,37,0,2010–2016
trehman-se,https://github.com/trehman-se,11605454,2015-03,9,30,0,2010–2016
musmankhalil,https://github.com/musmankhalil,11559935,2015-03,12,28,0,2010–2016
iMansoorAliKhan,https://github.com/iMansoorAliKhan,11312949,2015-03,9,27,0,2010–2016
nomanfarooq,https://github.com/nomanfarooq,11558695,2015-03,8,25,0,2010–2016
sajjidakr,https://github.com/sajjidakr,11532857,2015-03,14,24,0,2010–2016
zubair-saif,https://github.com/zubair-saif,11749126,2015-04,85,610,0,2010–2016
sami3ullah,https://github.com/sami3ullah,12174076,2015-04,57,401,0,2010–2016
saeedarshad,https://github.com/saeedarshad,12157064,2015-04,27,318,0,2010–2016
NaveedZahoorKhan,https://github.com/NaveedZahoorKhan,11794892,2015-04,37,246,0,2010–2016
arslansiddiq,https://github.com/arslansiddiq,12011591,2015-04,58,228,0,2010–2016
alihassan193,https://github.com/alihassan193,11755970,2015-04,7,193,0,2010–2016
iamhaiderkhan,https://github.com/iamhaiderkhan,12148737,2015-04,53,189,0,2010–2016
icybergenome,https://github.com/icybergenome,12095716,2015-04,37,168,0,2010–2016
zeeforum,https://github.com/zeeforum,11822647,2015-04,81,159,0,2010–2016
wicaodian,https://github.com/wicaodian,12078461,2015-04,24,128,0,2010–2016
zainzafarpro,https://github.com/zainzafarpro,11996287,2015-04,10,95,0,2010–2016
hamzarawal,https://github.com/hamzarawal,11950334,2015-04,7,92,0,2010–2016
owaiskhan772,https://github.com/owaiskhan772,11972556,2015-04,14,75,0,2010–2016
AwaisFayyaz,https://github.com/AwaisFayyaz,11820112,2015-04,37,74,0,2010–2016
rasheedHaroon,https://github.com/rasheedHaroon,11875643,2015-04,8,57,0,2010–2016
usmanasghar,https://github.com/usmanasghar,11860598,2015-04,10,55,0,2010–2016
umairraza101,https://github.com/umairraza101,11915033,2015-04,61,53,0,2010–2016
usmanshery,https://github.com/usmanshery,11929295,2015-04,12,52,0,2010–2016
assadullahchaudhry,https://github.com/assadullahchaudhry,12120726,2015-04,13,47,0,2010–2016
SalehMahmood,https://github.com/SalehMahmood,12122981,2015-04,18,45,0,2010–2016
murtaza096,https://github.com/murtaza096,12185177,2015-04,9,40,0,2010–2016
irealarsi,https://github.com/irealarsi,12094474,2015-04,6,40,0,2010–2016
shoaebkhan,https://github.com/shoaebkhan,12108819,2015-04,17,37,0,2010–2016
waseem1992,https://github.com/waseem1992,11858023,2015-04,6,28,0,2010–2016
imran36,https://github.com/imran36,11810419,2015-04,9,27,0,2010–2016
farqalit,https://github.com/farqalit,12011956,2015-04,8,26,0,2010–2016
usmanrana07,https://github.com/usmanrana07,12212502,2015-05,17,2079,0,2010–2016
janzaheer,https://github.com/janzaheer,12599308,2015-05,29,1102,0,2010–2016
Kun786,https://github.com/Kun786,12573912,2015-05,66,935,0,2010–2016
ranatouqeer,https://github.com/ranatouqeer,12677897,2015-05,25,836,0,2010–2016
isheraz,https://github.com/isheraz,12581068,2015-05,68,544,0,2010–2016
ehsen,https://github.com/ehsen,12255182,2015-05,15,279,0,2010–2016
NabeelAhmadK,https://github.com/NabeelAhmadK,12685162,2015-05,21,234,0,2010–2016
faizanrauf6,https://github.com/faizanrauf6,12374346,2015-05,29,173,0,2010–2016
MJunaidAhmad,https://github.com/MJunaidAhmad,12229238,2015-05,52,132,0,2010–2016
MuhammadQasimHunain,https://github.com/MuhammadQasimHunain,12451314,2015-05,97,111,0,2010–2016
hamzazaidi5,https://github.com/hamzazaidi5,12382465,2015-05,16,88,0,2010–2016
ugintl,https://github.com/ugintl,12570802,2015-05,15,80,0,2010–2016
junaidsaleem,https://github.com/junaidsaleem,12410975,2015-05,18,76,0,2010–2016
ZaeemSattar,https://github.com/ZaeemSattar,12472794,2015-05,19,52,0,2010–2016
azamrashid,https://github.com/azamrashid,12250721,2015-05,44,50,0,2010–2016
waleed0102,https://github.com/waleed0102,12459569,2015-05,21,48,0,2010–2016
syedmuhammadwaqas,https://github.com/syedmuhammadwaqas,12509364,2015-05,16,45,0,2010–2016
tabishhussain,https://github.com/tabishhussain,12895925,2015-06,16,38819,0,2010–2016
umair313,https://github.com/umair313,12728453,2015-06,130,2880,0,2010–2016
arslbbt,https://github.com/arslbbt,12788132,2015-06,18,1885,0,2010–2016
larebsyed,https://github.com/larebsyed,12972892,2015-06,53,892,0,2010–2016
Sohailaslam,https://github.com/Sohailaslam,12890927,2015-06,15,706,0,2010–2016
usman2x,https://github.com/usman2x,12762252,2015-06,207,530,0,2010–2016
FarhanYaseen,https://github.com/FarhanYaseen,12784278,2015-06,38,307,0,2010–2016
DilawarShafiq,https://github.com/DilawarShafiq,12826260,2015-06,12,264,0,2010–2016
adnanafzal565,https://github.com/adnanafzal565,12948048,2015-06,33,239,0,2010–2016
Usama-Tahir,https://github.com/Usama-Tahir,12773816,2015-06,208,205,0,2010–2016
ahmadali1,https://github.com/ahmadali1,13013880,2015-06,9,202,0,2010–2016
farooqkhan003,https://github.com/farooqkhan003,12952510,2015-06,28,191,0,2010–2016
MAN1986,https://github.com/MAN1986,12720285,2015-06,6,167,0,2010–2016
Asim12,https://github.com/Asim12,12710981,2015-06,44,161,0,2010–2016
mohsansaleem,https://github.com/mohsansaleem,12986382,2015-06,31,159,0,2010–2016
fahadnasrullah109,https://github.com/fahadnasrullah109,13019877,2015-06,34,127,0,2010–2016
bitf12m008,https://github.com/bitf12m008,12882575,2015-06,13,99,0,2010–2016
EasyFoodWeb,https://github.com/EasyFoodWeb,12734898,2015-06,10,90,0,2010–2016
baashna514,https://github.com/baashna514,12871804,2015-06,13,57,0,2010–2016
shaharyar64,https://github.com/shaharyar64,12953763,2015-06,14,44,0,2010–2016
IOMarket,https://github.com/IOMarket,12876988,2015-06,15,32,0,2010–2016
Silicon7,https://github.com/Silicon7,12924317,2015-06,6,32,0,2010–2016
shafaat,https://github.com/shafaat,12813125,2015-06,12,29,0,2010–2016
vigosol,https://github.com/vigosol,12930315,2015-06,11,27,0,2010–2016
zeeshansuleman,https://github.com/zeeshansuleman,12757747,2015-06,10,26,0,2010–2016
TalibHussain,https://github.com/TalibHussain,13053382,2015-06,35,22,0,2010–2016
zainaftab44,https://github.com/zainaftab44,13206834,2015-07,32,736,0,2010–2016
Gardezi1,https://github.com/Gardezi1,13199724,2015-07,31,514,0,2010–2016
musaghauri,https://github.com/musaghauri,13300306,2015-07,20,278,0,2010–2016
mosamaasif,https://github.com/mosamaasif,13409110,2015-07,21,276,0,2010–2016
Arslan2,https://github.com/Arslan2,13146628,2015-07,18,243,0,2010–2016
tassawer-hussain,https://github.com/tassawer-hussain,13381479,2015-07,64,178,0,2010–2016
mbilal117,https://github.com/mbilal117,13170452,2015-07,20,174,0,2010–2016
mehrozafzal,https://github.com/mehrozafzal,13368568,2015-07,15,81,0,2010–2016
thewaqasgondal,https://github.com/thewaqasgondal,13292942,2015-07,7,51,0,2010–2016
rizwanranjha,https://github.com/rizwanranjha,13363277,2015-07,6,49,0,2010–2016
irfanahmad7272,https://github.com/irfanahmad7272,13587083,2015-07,18,47,0,2010–2016
talhauzair-28,https://github.com/talhauzair-28,13475617,2015-07,13,46,0,2010–2016
saniakjamil,https://github.com/saniakjamil,13534596,2015-07,16,44,0,2010–2016
bytebunch,https://github.com/bytebunch,13527576,2015-07,9,43,0,2010–2016
saad-tayyab,https://github.com/saad-tayyab,13317414,2015-07,13,35,0,2010–2016
mnasir786,https://github.com/mnasir786,13344589,2015-07,37,27,0,2010–2016
musmannn,https://github.com/musmannn,13219543,2015-07,10,27,0,2010–2016
hj462,https://github.com/hj462,13445092,2015-07,10,24,0,2010–2016
Hamzayy,https://github.com/Hamzayy,13780416,2015-08,8,1342,0,2010–2016
Rabia23,https://github.com/Rabia23,13939335,2015-08,25,587,0,2010–2016
myounus96,https://github.com/myounus96,13608139,2015-08,62,535,0,2010–2016
mzohaibqc,https://github.com/mzohaibqc,13637803,2015-08,49,300,0,2010–2016
HassanSE,https://github.com/HassanSE,14030986,2015-08,13,230,0,2010–2016
raouf-manzoor,https://github.com/raouf-manzoor,13623002,2015-08,11,210,0,2010–2016
imran8811,https://github.com/imran8811,13636545,2015-08,10,210,0,2010–2016
adeelturk,https://github.com/adeelturk,13782135,2015-08,26,181,0,2010–2016
ZoobiDoobi,https://github.com/ZoobiDoobi,13992756,2015-08,19,175,0,2010–2016
hamzatrq,https://github.com/hamzatrq,13986516,2015-08,58,170,0,2010–2016
Mahroz,https://github.com/Mahroz,13939358,2015-08,9,156,0,2010–2016
aliadnan777,https://github.com/aliadnan777,14054123,2015-08,22,129,0,2010–2016
gMabdullah,https://github.com/gMabdullah,14031680,2015-08,64,117,0,2010–2016
charmeem,https://github.com/charmeem,14016166,2015-08,6,116,0,2010–2016
umairkhawaja,https://github.com/umairkhawaja,13720047,2015-08,27,94,0,2010–2016
oaltaf,https://github.com/oaltaf,13938726,2015-08,30,93,0,2010–2016
BurhanUlHaqq,https://github.com/BurhanUlHaqq,13960516,2015-08,21,72,0,2010–2016
syed-awais-ali,https://github.com/syed-awais-ali,13710941,2015-08,27,68,0,2010–2016
bitf2a544,https://github.com/bitf2a544,13861058,2015-08,12,64,0,2010–2016
MobeenAshraf,https://github.com/MobeenAshraf,13708372,2015-08,16,57,0,2010–2016
awaisraad,https://github.com/awaisraad,13929874,2015-08,9,38,0,2010–2016
wajeehaslam,https://github.com/wajeehaslam,13869807,2015-08,10,34,0,2010–2016
muhammadfahadbaig,https://github.com/muhammadfahadbaig,13657302,2015-08,9,30,0,2010–2016
ZeeshanAdilButt,https://github.com/ZeeshanAdilButt,14637849,2015-09,99,1274,0,2010–2016
umerm64,https://github.com/umerm64,14811253,2015-09,19,522,0,2010–2016
HaseebIqbal33,https://github.com/HaseebIqbal33,14105328,2015-09,44,250,0,2010–2016
hassanajazch,https://github.com/hassanajazch,14605604,2015-09,17,233,0,2010–2016
azharmunir43,https://github.com/azharmunir43,14857206,2015-09,10,141,0,2010–2016
Umer-Shoukat,https://github.com/Umer-Shoukat,14308242,2015-09,11,115,0,2010–2016
alisaeed007,https://github.com/alisaeed007,14215700,2015-09,29,85,0,2010–2016
shahzad-tahir,https://github.com/shahzad-tahir,14322176,2015-09,13,85,0,2010–2016
usmanredsoft-zz,https://github.com/usmanredsoft-zz,14720580,2015-09,22,84,0,2010–2016
mianasadali1,https://github.com/mianasadali1,14915443,2015-09,22,64,0,2010–2016
sugandhwafai,https://github.com/sugandhwafai,14197110,2015-09,10,47,0,2010–2016
umairkhalid598,https://github.com/umairkhalid598,14236647,2015-09,11,41,0,2010–2016
ismbwp320,https://github.com/ismbwp320,14327855,2015-09,7,40,0,2010–2016
abdullah1908,https://github.com/abdullah1908,14175927,2015-09,125,36,0,2010–2016
babarbaig92,https://github.com/babarbaig92,14347106,2015-09,13,31,0,2010–2016
mumarwaqas,https://github.com/mumarwaqas,14135269,2015-09,8,23,0,2010–2016
shahraizali,https://github.com/shahraizali,15216270,2015-10,117,1279,0,2010–2016
14Muhammad,https://github.com/14Muhammad,14924671,2015-10,29,509,0,2010–2016
armghan,https://github.com/armghan,15061470,2015-10,8,495,0,2010–2016
Amjad992,https://github.com/Amjad992,15037674,2015-10,15,286,0,2010–2016
Inzimam-Tariq,https://github.com/Inzimam-Tariq,15144674,2015-10,44,172,0,2010–2016
aqeelferoze,https://github.com/aqeelferoze,15244570,2015-10,57,160,0,2010–2016
wasifali,https://github.com/wasifali,15184858,2015-10,28,100,0,2010–2016
ammadpikes,https://github.com/ammadpikes,14972769,2015-10,11,90,0,2010–2016
brishnabatool,https://github.com/brishnabatool,15181281,2015-10,12,73,0,2010–2016
uzairr,https://github.com/uzairr,15120237,2015-10,6,65,0,2010–2016
hassanmustafa008,https://github.com/hassanmustafa008,15232614,2015-10,11,56,0,2010–2016
Maqsood-Honey,https://github.com/Maqsood-Honey,15279149,2015-10,16,48,0,2010–2016
amshehzad,https://github.com/amshehzad,15146578,2015-10,29,47,0,2010–2016
naumanzchaudhry,https://github.com/naumanzchaudhry,15146710,2015-10,17,42,0,2010–2016
zahid-khurshid-kinnect2,https://github.com/zahid-khurshid-kinnect2,15153250,2015-10,10,32,0,2010–2016
Saif03,https://github.com/Saif03,15065985,2015-10,6,26,0,2010–2016
ridarafisyed,https://github.com/ridarafisyed,16000079,2015-11,67,567,0,2010–2016
saqib16,https://github.com/saqib16,15625502,2015-11,9,502,0,2010–2016
rizwanad,https://github.com/rizwanad,16008957,2015-11,51,358,0,2010–2016
usmanilm,https://github.com/usmanilm,16037722,2015-11,9,321,0,2010–2016
adilnesmith,https://github.com/adilnesmith,15865441,2015-11,13,220,0,2010–2016
MKRNaqeebi,https://github.com/MKRNaqeebi,15781272,2015-11,64,188,0,2010–2016
Muaazbinsaeed,https://github.com/Muaazbinsaeed,15821544,2015-11,40,178,0,2010–2016
umair-iftikhar,https://github.com/umair-iftikhar,15830327,2015-11,11,150,0,2010–2016
farazmazhar,https://github.com/farazmazhar,16004843,2015-11,20,121,0,2010–2016
iHaiderAli,https://github.com/iHaiderAli,15903836,2015-11,15,107,0,2010–2016
syeddsherazi,https://github.com/syeddsherazi,16046466,2015-11,14,99,0,2010–2016
hfarhanahmed,https://github.com/hfarhanahmed,15837596,2015-11,23,94,0,2010–2016
hamzahsaleem,https://github.com/hamzahsaleem,15921550,2015-11,14,83,0,2010–2016
zaheerkzz,https://github.com/zaheerkzz,15672880,2015-11,91,79,0,2010–2016
NaqiNick,https://github.com/NaqiNick,15868184,2015-11,12,53,0,2010–2016
exec009,https://github.com/exec009,15655734,2015-11,7,48,0,2010–2016
mbabarbaqar,https://github.com/mbabarbaqar,15702196,2015-11,14,45,0,2010–2016
thewasiullah,https://github.com/thewasiullah,15867100,2015-11,6,30,0,2010–2016
adnansaleemsandhila,https://github.com/adnansaleemsandhila,15811720,2015-11,8,28,0,2010–2016
Shazim,https://github.com/Shazim,16209797,2015-12,22,1497,0,2010–2016
jawadakram20,https://github.com/jawadakram20,16474069,2015-12,29,728,0,2010–2016
ZaifSenpai,https://github.com/ZaifSenpai,16265942,2015-12,48,426,0,2010–2016
malibaig786,https://github.com/malibaig786,16111926,2015-12,37,220,0,2010–2016
saqib-ahmed,https://github.com/saqib-ahmed,16355181,2015-12,38,168,0,2010–2016
shahid017,https://github.com/shahid017,16491650,2015-12,28,137,0,2010–2016
hafsahabib-educator,https://github.com/hafsahabib-educator,16378547,2015-12,39,135,0,2010–2016
irfanahme,https://github.com/irfanahme,16255699,2015-12,63,119,0,2010–2016
Inaam1995,https://github.com/Inaam1995,16388144,2015-12,12,87,0,2010–2016
mtalha91,https://github.com/mtalha91,16341342,2015-12,14,82,0,2010–2016
hannanimtiaz,https://github.com/hannanimtiaz,16126908,2015-12,8,72,0,2010–2016
xeebeast,https://github.com/xeebeast,16164042,2015-12,9,63,0,2010–2016
hasnattariqusuf,https://github.com/hasnattariqusuf,16253673,2015-12,8,51,0,2010–2016
RanaAsadFiaz,https://github.com/RanaAsadFiaz,16138300,2015-12,13,47,0,2010–2016
junaidlodhi7,https://github.com/junaidlodhi7,16134298,2015-12,25,40,0,2010–2016
syedtumair,https://github.com/syedtumair,16441511,2015-12,19,40,0,2010–2016
ch-waqas,https://github.com/ch-waqas,16283881,2015-12,6,40,0,2010–2016
ali-imran786,https://github.com/ali-imran786,16291147,2015-12,6,35,0,2010–2016
zsafder,https://github.com/zsafder,16500212,2015-12,9,33,0,2010–2016
suhprod,https://github.com/suhprod,16405490,2015-12,12,22,0,2010–2016
mzaidannas,https://github.com/mzaidannas,16984127,2016-01,41,22447,0,2010–2016
cemeiq,https://github.com/cemeiq,16964361,2016-01,258,1852,0,2010–2016
faiziali98,https://github.com/faiziali98,16891971,2016-01,53,774,0,2010–2016
bcsf12m522,https://github.com/bcsf12m522,16526615,2016-01,39,591,0,2010–2016
17100262,https://github.com/17100262,16830520,2016-01,27,579,0,2010–2016
wisabd,https://github.com/wisabd,16713028,2016-01,14,295,0,2010–2016
hassanshahzadaheer,https://github.com/hassanshahzadaheer,16832773,2016-01,6,212,0,2010–2016
TRAMPLAR-BAIG,https://github.com/TRAMPLAR-BAIG,16564708,2016-01,45,150,0,2010–2016
kaleemshoukat,https://github.com/kaleemshoukat,16523552,2016-01,23,146,0,2010–2016
talhag3,https://github.com/talhag3,16940319,2016-01,78,138,0,2010–2016
hamzaaltaf,https://github.com/hamzaaltaf,16950718,2016-01,31,138,0,2010–2016
yawarsultan,https://github.com/yawarsultan,16954838,2016-01,10,128,0,2010–2016
saqib1324,https://github.com/saqib1324,16830534,2016-01,8,105,0,2010–2016
vicky92727,https://github.com/vicky92727,16666080,2016-01,13,86,0,2010–2016
ShaikhBilalAmjad,https://github.com/ShaikhBilalAmjad,16971024,2016-01,12,85,0,2010–2016
fyzankhan,https://github.com/fyzankhan,16598535,2016-01,11,71,0,2010–2016
mwaqarshahid,https://github.com/mwaqarshahid,16704649,2016-01,24,67,0,2010–2016
qamarhussain,https://github.com/qamarhussain,16836693,2016-01,10,59,0,2010–2016
joharzmn,https://github.com/joharzmn,16515522,2016-01,30,57,0,2010–2016
getstack,https://github.com/getstack,16554937,2016-01,6,44,0,2010–2016
MirzaShoaibAhmadBaig,https://github.com/MirzaShoaibAhmadBaig,16799025,2016-01,14,43,0,2010–2016
Nauman-Naseer,https://github.com/Nauman-Naseer,16896288,2016-01,7,43,0,2010–2016
mirzahssn,https://github.com/mirzahssn,16690481,2016-01,16,42,0,2010–2016
qamarabbas572,https://github.com/qamarabbas572,16527328,2016-01,13,39,0,2010–2016
muhmmadsharjeel,https://github.com/muhmmadsharjeel,16627910,2016-01,6,28,0,2010–2016
zainzaheer06,https://github.com/zainzaheer06,16946225,2016-01,24,27,0,2010–2016
creative-maz,https://github.com/creative-maz,16931387,2016-01,12,26,0,2010–2016
tanzilch,https://github.com/tanzilch,16562720,2016-01,7,26,0,2010–2016
talhabalaj,https://github.com/talhabalaj,17191475,2016-02,80,1560,0,2010–2016
wasim5390,https://github.com/wasim5390,17472258,2016-02,9,1538,0,2010–2016
w-ahmad,https://github.com/w-ahmad,17172092,2016-02,20,745,0,2010–2016
mfaizan1,https://github.com/mfaizan1,17065546,2016-02,27,349,0,2010–2016
iaz33m,https://github.com/iaz33m,17041893,2016-02,29,273,0,2010–2016
iamhassanhafeez,https://github.com/iamhassanhafeez,17048938,2016-02,34,239,0,2010–2016
HussamCheema,https://github.com/HussamCheema,17239812,2016-02,58,193,0,2010–2016
sherazctn,https://github.com/sherazctn,17463446,2016-02,21,180,0,2010–2016
nabilashraf,https://github.com/nabilashraf,17474605,2016-02,138,178,0,2010–2016
muhammad797,https://github.com/muhammad797,17109531,2016-02,37,148,0,2010–2016
asadziach,https://github.com/asadziach,17467437,2016-02,37,141,0,2010–2016
raoadi20,https://github.com/raoadi20,17297306,2016-02,8,138,0,2010–2016
AbdulWaheedKh,https://github.com/AbdulWaheedKh,17458992,2016-02,60,111,0,2010–2016
usman154,https://github.com/usman154,17249743,2016-02,31,103,0,2010–2016
aliammaar,https://github.com/aliammaar,17489250,2016-02,17,85,0,2010–2016
HafizYasin,https://github.com/HafizYasin,17136738,2016-02,6,84,0,2010–2016
taimurzahid,https://github.com/taimurzahid,17111375,2016-02,16,77,0,2010–2016
hambaloch,https://github.com/hambaloch,17111086,2016-02,25,57,0,2010–2016
usama520,https://github.com/usama520,17271411,2016-02,11,57,0,2010–2016
Frankiz123,https://github.com/Frankiz123,17431855,2016-02,26,55,0,2010–2016
SamarHassan11,https://github.com/SamarHassan11,17203612,2016-02,8,52,0,2010–2016
n0m115,https://github.com/n0m115,17242628,2016-02,19,42,0,2010–2016
theahmedjamal,https://github.com/theahmedjamal,17216187,2016-02,9,31,0,2010–2016
ahmedshabbirawan,https://github.com/ahmedshabbirawan,17059231,2016-02,6,29,0,2010–2016
Rana-Adeel-Ahmad,https://github.com/Rana-Adeel-Ahmad,17109035,2016-02,14,24,0,2010–2016
awaiskhalil,https://github.com/awaiskhalil,17334723,2016-02,14,23,0,2010–2016
Muawaz,https://github.com/Muawaz,18170627,2016-03,24,473,0,2010–2016
kashifghaffarasim,https://github.com/kashifghaffarasim,17811099,2016-03,29,250,0,2010–2016
qazidanishayub,https://github.com/qazidanishayub,17599579,2016-03,34,234,0,2010–2016
Usama-Tariq,https://github.com/Usama-Tariq,17966963,2016-03,35,227,0,2010–2016
usama2762,https://github.com/usama2762,18017046,2016-03,49,204,0,2010–2016
afnankhattak,https://github.com/afnankhattak,17912064,2016-03,25,199,0,2010–2016
fahadachaudhry,https://github.com/fahadachaudhry,18194315,2016-03,37,178,0,2010–2016
Bunny212,https://github.com/Bunny212,17942906,2016-03,23,175,0,2010–2016
wldbaig,https://github.com/wldbaig,17877711,2016-03,15,173,0,2010–2016
dev-alihaider,https://github.com/dev-alihaider,17910040,2016-03,16,107,0,2010–2016
Ilqa,https://github.com/Ilqa,17962067,2016-03,7,97,0,2010–2016
usama-ashraf,https://github.com/usama-ashraf,18006793,2016-03,18,94,0,2010–2016
zubaird2,https://github.com/zubaird2,17570765,2016-03,8,88,0,2010–2016
AsadShakeel,https://github.com/AsadShakeel,17930301,2016-03,37,71,0,2010–2016
usamakasuri,https://github.com/usamakasuri,17977404,2016-03,7,71,0,2010–2016
umar001,https://github.com/umar001,17841271,2016-03,26,69,0,2010–2016
MirzaBaig715,https://github.com/MirzaBaig715,17920974,2016-03,39,66,0,2010–2016
Nabeel965,https://github.com/Nabeel965,17645444,2016-03,16,65,0,2010–2016
sameermian45,https://github.com/sameermian45,17725806,2016-03,14,57,0,2010–2016
ArmanJaved,https://github.com/ArmanJaved,17751976,2016-03,18,49,0,2010–2016
HafizAmeerHamza,https://github.com/HafizAmeerHamza,17925105,2016-03,10,46,0,2010–2016
itaimoorali,https://github.com/itaimoorali,18011349,2016-03,13,33,0,2010–2016
salman0,https://github.com/salman0,17950265,2016-03,84,32,0,2010–2016
zeeshansardar61,https://github.com/zeeshansardar61,18070844,2016-03,16,32,0,2010–2016
kaleem143,https://github.com/kaleem143,18029020,2016-03,10,31,0,2010–2016
talha-rafique,https://github.com/talha-rafique,17812899,2016-03,34,30,0,2010–2016
devtaha,https://github.com/devtaha,17719750,2016-03,12,30,0,2010–2016
Rameel-hassan,https://github.com/Rameel-hassan,17686828,2016-03,40,23,0,2010–2016
ZulqarnainNazir,https://github.com/ZulqarnainNazir,18477282,2016-04,26,5019,0,2010–2016
nadirlatif532,https://github.com/nadirlatif532,18704984,2016-04,17,764,0,2010–2016
mohsinraza1995,https://github.com/mohsinraza1995,18685901,2016-04,10,759,0,2010–2016
mrashidcit,https://github.com/mrashidcit,18638746,2016-04,184,507,0,2010–2016
nominator,https://github.com/nominator,18665871,2016-04,9,434,0,2010–2016
basilmeer,https://github.com/basilmeer,18617547,2016-04,21,349,0,2010–2016
Nishaf,https://github.com/Nishaf,18425536,2016-04,15,292,0,2010–2016
abuzarrizvi,https://github.com/abuzarrizvi,18416092,2016-04,108,274,0,2010–2016
Zain541,https://github.com/Zain541,18334780,2016-04,29,273,0,2010–2016
farhan2742,https://github.com/farhan2742,18634287,2016-04,24,238,0,2010–2016
HamzaShafiq,https://github.com/HamzaShafiq,18363127,2016-04,12,220,0,2010–2016
tayyabejaz,https://github.com/tayyabejaz,18663915,2016-04,251,190,0,2010–2016
QaziAmmar,https://github.com/QaziAmmar,18580340,2016-04,15,190,0,2010–2016
mabdullahz,https://github.com/mabdullahz,18659741,2016-04,14,186,0,2010–2016
talhaamir4130,https://github.com/talhaamir4130,18555977,2016-04,21,172,0,2010–2016
faisal212,https://github.com/faisal212,18368305,2016-04,38,148,0,2010–2016
profahad,https://github.com/profahad,18231224,2016-04,52,134,0,2010–2016
alihamidali,https://github.com/alihamidali,18518696,2016-04,46,131,0,2010–2016
Sohaibsattar,https://github.com/Sohaibsattar,18712672,2016-04,13,131,0,2010–2016
MFarooqAbdullah,https://github.com/MFarooqAbdullah,18505150,2016-04,34,128,0,2010–2016
hhunaid,https://github.com/hhunaid,18462534,2016-04,56,124,0,2010–2016
mansoorbk,https://github.com/mansoorbk,18398189,2016-04,11,122,0,2010–2016
QuratFatima906,https://github.com/QuratFatima906,18738201,2016-04,53,104,0,2010–2016
sohail-shahid,https://github.com/sohail-shahid,18714103,2016-04,19,99,0,2010–2016
faheem2016,https://github.com/faheem2016,18639872,2016-04,16,90,0,2010–2016
fakhir-shad,https://github.com/fakhir-shad,18720182,2016-04,14,87,0,2010–2016
Raibatsu,https://github.com/Raibatsu,18579368,2016-04,19,82,0,2010–2016
ahsanbhatti49,https://github.com/ahsanbhatti49,18699296,2016-04,22,80,0,2010–2016
mhadihafeez,https://github.com/mhadihafeez,18550650,2016-04,41,74,0,2010–2016
riazosama,https://github.com/riazosama,18294190,2016-04,30,54,0,2010–2016
ammarfarooqi,https://github.com/ammarfarooqi,18566821,2016-04,16,49,0,2010–2016
Partom,https://github.com/Partom,18683834,2016-04,18,48,0,2010–2016
mabdullah4,https://github.com/mabdullah4,18432746,2016-04,17,48,0,2010–2016
nadeemhyder09,https://github.com/nadeemhyder09,18328530,2016-04,12,43,0,2010–2016
TalhaNB,https://github.com/TalhaNB,18620884,2016-04,11,41,0,2010–2016
mrtehseen,https://github.com/mrtehseen,18749304,2016-04,9,40,0,2010–2016
itzasifmirza,https://github.com/itzasifmirza,18589062,2016-04,8,38,0,2010–2016
sultan-arshi,https://github.com/sultan-arshi,18505536,2016-04,9,31,0,2010–2016
afaqkhan362,https://github.com/afaqkhan362,18405884,2016-04,8,31,0,2010–2016
RaeesAbbas,https://github.com/RaeesAbbas,18502684,2016-04,9,30,0,2010–2016
azeemiqbal321,https://github.com/azeemiqbal321,18638491,2016-04,7,23,0,2010–2016
HabbashMahmood,https://github.com/HabbashMahmood,18749064,2016-04,38,22,0,2010–2016
KamranKhanI,https://github.com/KamranKhanI,18397695,2016-04,10,22,0,2010–2016
jazib-qhan,https://github.com/jazib-qhan,18442686,2016-04,15,21,0,2010–2016
asimzaka,https://github.com/asimzaka,19589380,2016-05,14,2491,0,2010–2016
gulraiz14,https://github.com/gulraiz14,19302479,2016-05,15,2473,0,2010–2016
nmanumr,https://github.com/nmanumr,19629102,2016-05,61,2389,0,2010–2016
habibqureshi,https://github.com/habibqureshi,19230678,2016-05,29,377,0,2010–2016
UsamaHasan,https://github.com/UsamaHasan,19313963,2016-05,34,270,0,2010–2016
RanaHamza1993,https://github.com/RanaHamza1993,19433630,2016-05,30,270,0,2010–2016
waseemusman17,https://github.com/waseemusman17,19508416,2016-05,27,246,0,2010–2016
MobeenRashid,https://github.com/MobeenRashid,19603857,2016-05,29,209,0,2010–2016
zarksalman,https://github.com/zarksalman,19578389,2016-05,15,203,0,2010–2016
HunnySajid,https://github.com/HunnySajid,19255438,2016-05,39,199,0,2010–2016
asimahsan1990,https://github.com/asimahsan1990,19361382,2016-05,33,198,0,2010–2016
zubairriaz,https://github.com/zubairriaz,19502489,2016-05,28,187,0,2010–2016
Bilalkhaira,https://github.com/Bilalkhaira,19252465,2016-05,12,173,0,2010–2016
mr-aliraza,https://github.com/mr-aliraza,19363693,2016-05,18,156,0,2010–2016
usamarauf93,https://github.com/usamarauf93,19475647,2016-05,30,145,0,2010–2016
sheikhahsan,https://github.com/sheikhahsan,19500703,2016-05,12,116,0,2010–2016
soogoodadnan,https://github.com/soogoodadnan,19388007,2016-05,40,92,0,2010–2016
MujeebUrRehman58,https://github.com/MujeebUrRehman58,19377389,2016-05,12,87,0,2010–2016
shariqmalik,https://github.com/shariqmalik,19536819,2016-05,26,77,0,2010–2016
sohaibminhaas,https://github.com/sohaibminhaas,19366747,2016-05,10,67,0,2010–2016
Muhammad-AhmadRafique,https://github.com/Muhammad-AhmadRafique,19645180,2016-05,9,66,0,2010–2016
Shuja202,https://github.com/Shuja202,19618700,2016-05,23,60,0,2010–2016
Sarohy,https://github.com/Sarohy,19399884,2016-05,10,53,0,2010–2016
Kirito70,https://github.com/Kirito70,19556978,2016-05,16,48,0,2010–2016
Kashan-Ahmed,https://github.com/Kashan-Ahmed,18928304,2016-05,14,40,0,2010–2016
waqaszulfiqar,https://github.com/waqaszulfiqar,19334438,2016-05,14,39,0,2010–2016
fahad210,https://github.com/fahad210,19575251,2016-05,17,36,0,2010–2016
azazelA,https://github.com/azazelA,19649989,2016-05,6,35,0,2010–2016
Ehtezaz,https://github.com/Ehtezaz,19648195,2016-05,16,31,0,2010–2016
haisamhameed,https://github.com/haisamhameed,19407452,2016-05,9,29,0,2010–2016
abdsam1,https://github.com/abdsam1,19171331,2016-05,6,28,0,2010–2016
M-Saqib-Naeem,https://github.com/M-Saqib-Naeem,19650025,2016-05,10,26,0,2010–2016
wasifahmad,https://github.com/wasifahmad,19996732,2016-06,6,1766,0,2010–2016
badarshahzad,https://github.com/badarshahzad,19945367,2016-06,93,835,0,2010–2016
mabubakarriaz,https://github.com/mabubakarriaz,19682500,2016-06,67,625,0,2010–2016
MuhammadSaim,https://github.com/MuhammadSaim,19898499,2016-06,30,350,0,2010–2016
haseebuchiha,https://github.com/haseebuchiha,19784907,2016-06,59,347,0,2010–2016
ranareehanaslam,https://github.com/ranareehanaslam,19831661,2016-06,37,319,0,2010–2016
rizwanbutt314,https://github.com/rizwanbutt314,19694975,2016-06,46,286,0,2010–2016
umairabbasDev,https://github.com/umairabbasDev,19679384,2016-06,33,252,0,2010–2016
arsk92111,https://github.com/arsk92111,19826683,2016-06,10,242,0,2010–2016
Ahmed546,https://github.com/Ahmed546,20061467,2016-06,39,206,0,2010–2016
Hikkigaya,https://github.com/Hikkigaya,20087517,2016-06,10,201,0,2010–2016
abdnafees,https://github.com/abdnafees,19777158,2016-06,27,130,0,2010–2016
SheikhHamza,https://github.com/SheikhHamza,20205649,2016-06,14,97,0,2010–2016
muazzam27,https://github.com/muazzam27,20109871,2016-06,14,92,0,2010–2016
khurram-wasim,https://github.com/khurram-wasim,20108204,2016-06,12,86,0,2010–2016
ImranMunawar123,https://github.com/ImranMunawar123,19832236,2016-06,19,81,0,2010–2016
adnanrafique,https://github.com/adnanrafique,20041254,2016-06,11,69,0,2010–2016
Ahmerbaig02,https://github.com/Ahmerbaig02,19935472,2016-06,87,58,0,2010–2016
zohaibTheMobileDev,https://github.com/zohaibTheMobileDev,19709147,2016-06,17,57,0,2010–2016
Haseebfayyaz,https://github.com/Haseebfayyaz,20073327,2016-06,11,55,0,2010–2016
AhmedVohra,https://github.com/AhmedVohra,19880642,2016-06,21,53,0,2010–2016
faesaliqbal,https://github.com/faesaliqbal,19687860,2016-06,25,51,0,2010–2016
mubeenellahi1,https://github.com/mubeenellahi1,19824665,2016-06,17,49,0,2010–2016
aamiranwar001,https://github.com/aamiranwar001,20069297,2016-06,14,42,0,2010–2016
SyedAbdulWahab,https://github.com/SyedAbdulWahab,19892845,2016-06,10,38,0,2010–2016
daniyaltariq,https://github.com/daniyaltariq,19836118,2016-06,6,30,0,2010–2016
humzatufail47-zz,https://github.com/humzatufail47-zz,20215117,2016-06,12,22,0,2010–2016
umer107,https://github.com/umer107,20552996,2016-07,55,3343,0,2010–2016
RafayGhafoor,https://github.com/RafayGhafoor,20343475,2016-07,211,811,0,2010–2016
Ahwar,https://github.com/Ahwar,20405797,2016-07,13,485,0,2010–2016
asif4347,https://github.com/asif4347,20384859,2016-07,60,217,0,2010–2016
waqasmalik10,https://github.com/waqasmalik10,20343290,2016-07,30,217,0,2010–2016
Muhammad-Shoaib37,https://github.com/Muhammad-Shoaib37,20586082,2016-07,52,142,0,2010–2016
expertbushra,https://github.com/expertbushra,20420538,2016-07,28,122,0,2010–2016
SeAsif,https://github.com/SeAsif,20752956,2016-07,44,95,0,2010–2016
szeeshana,https://github.com/szeeshana,20470964,2016-07,21,90,0,2010–2016
ahmed141,https://github.com/ahmed141,20570128,2016-07,10,87,0,2010–2016
mhamzaaziz1,https://github.com/mhamzaaziz1,20437773,2016-07,22,84,0,2010–2016
mansoorsheikh9,https://github.com/mansoorsheikh9,20531681,2016-07,9,65,0,2010–2016
mianmohsin188,https://github.com/mianmohsin188,20639671,2016-07,11,64,0,2010–2016
farhan-tariq,https://github.com/farhan-tariq,20691885,2016-07,6,63,0,2010–2016
raobabar,https://github.com/raobabar,20361967,2016-07,17,59,0,2010–2016
iyashamihsan,https://github.com/iyashamihsan,20264740,2016-07,56,57,0,2010–2016
waqar247,https://github.com/waqar247,20623428,2016-07,10,48,0,2010–2016
rehmatullah89,https://github.com/rehmatullah89,20662038,2016-07,43,46,0,2010–2016
osmaantahir,https://github.com/osmaantahir,20243625,2016-07,15,34,0,2010–2016
Jawaids,https://github.com/Jawaids,20512093,2016-07,6,34,0,2010–2016
usmr,https://github.com/usmr,20680923,2016-07,17,32,0,2010–2016
DragonRocket,https://github.com/DragonRocket,20631485,2016-07,9,31,0,2010–2016
lordkuface,https://github.com/lordkuface,20253681,2016-07,6,30,0,2010–2016
uxmangulzar,https://github.com/uxmangulzar,20500653,2016-07,11,28,0,2010–2016
h4x33b,https://github.com/h4x33b,20505334,2016-07,10,25,0,2010–2016
amirasghar-ml,https://github.com/amirasghar-ml,20585283,2016-07,12,21,0,2010–2016
Muhammad-Haziq-01,https://github.com/Muhammad-Haziq-01,21345813,2016-08,24,1449,0,2010–2016
Farazqureshi999,https://github.com/Farazqureshi999,21075878,2016-08,28,795,0,2010–2016
sheharzad-developer,https://github.com/sheharzad-developer,20766744,2016-08,53,649,0,2010–2016
shahzebjaved23,https://github.com/shahzebjaved23,20820018,2016-08,35,551,0,2010–2016
zeeshan965,https://github.com/zeeshan965,20789434,2016-08,41,512,0,2010–2016
wadoodislam,https://github.com/wadoodislam,21138064,2016-08,19,502,0,2010–2016
HussainHaider,https://github.com/HussainHaider,21118650,2016-08,30,359,0,2010–2016
nomanarshad20,https://github.com/nomanarshad20,21145225,2016-08,14,346,0,2010–2016
Uthmanhere,https://github.com/Uthmanhere,21316196,2016-08,33,341,0,2010–2016
waqasdilawar,https://github.com/waqasdilawar,20771676,2016-08,69,338,0,2010–2016
ayeshatahreem,https://github.com/ayeshatahreem,20989388,2016-08,106,274,0,2010–2016
Sajid-Ali,https://github.com/Sajid-Ali,20899703,2016-08,36,237,0,2010–2016
taaha161,https://github.com/taaha161,21235756,2016-08,21,233,0,2010–2016
codextech,https://github.com/codextech,21341120,2016-08,42,180,0,2010–2016
meharobaidullah,https://github.com/meharobaidullah,21123534,2016-08,13,152,0,2010–2016
rafaaay,https://github.com/rafaaay,20986287,2016-08,29,132,0,2010–2016
zetawars,https://github.com/zetawars,21155551,2016-08,15,127,0,2010–2016
AdilAmanat,https://github.com/AdilAmanat,21098295,2016-08,16,121,1,2016–2018
shah7008,https://github.com/shah7008,21026380,2016-08,20,114,1,2016–2018
MUmerYasin,https://github.com/MUmerYasin,21262564,2016-08,30,105,1,2016–2018
IftikharZulfiqar,https://github.com/IftikharZulfiqar,20925483,2016-08,13,99,1,2016–2018
khan8698,https://github.com/khan8698,20921081,2016-08,12,89,1,2016–2018
rajaishtiaq6,https://github.com/rajaishtiaq6,21305160,2016-08,102,86,1,2016–2018
SamamaSaleem,https://github.com/SamamaSaleem,21266398,2016-08,9,81,1,2016–2018
samazon,https://github.com/samazon,21267492,2016-08,17,79,1,2016–2018
MuhammadKhizerJaved,https://github.com/MuhammadKhizerJaved,20904313,2016-08,15,78,1,2016–2018
haider00727,https://github.com/haider00727,21104133,2016-08,82,67,1,2016–2018
skydowx,https://github.com/skydowx,20842390,2016-08,26,61,1,2016–2018
rehan99000,https://github.com/rehan99000,20854114,2016-08,8,52,1,2016–2018
sulehree,https://github.com/sulehree,21353010,2016-08,14,50,1,2016–2018
muhammadmoazzam,https://github.com/muhammadmoazzam,21063329,2016-08,20,46,1,2016–2018
imhamza333,https://github.com/imhamza333,21076135,2016-08,9,44,1,2016–2018
macheema,https://github.com/macheema,21282615,2016-08,11,42,1,2016–2018
AbdulMMalik,https://github.com/AbdulMMalik,20934437,2016-08,25,38,1,2016–2018
umar142,https://github.com/umar142,20809955,2016-08,8,38,1,2016–2018
Tanv33rA,https://github.com/Tanv33rA,21142894,2016-08,8,30,1,2016–2018
naumanpitafi,https://github.com/naumanpitafi,21080719,2016-08,11,29,1,2016–2018
SajidNawaz993,https://github.com/SajidNawaz993,20920564,2016-08,10,28,1,2016–2018
asifsultan,https://github.com/asifsultan,20926925,2016-08,7,22,1,2016–2018
nasirhjafri,https://github.com/nasirhjafri,22004703,2016-09,25,1273,1,2016–2018
rehannali,https://github.com/rehannali,22426977,2016-09,83,738,1,2016–2018
subtainishfaq7175,https://github.com/subtainishfaq7175,22244147,2016-09,39,641,1,2016–2018
AhsanGillani,https://github.com/AhsanGillani,21990751,2016-09,18,553,1,2016–2018
qaixerabbas,https://github.com/qaixerabbas,22142102,2016-09,58,512,1,2016–2018
zobad16,https://github.com/zobad16,22009685,2016-09,48,266,1,2016–2018
smhnaqvi,https://github.com/smhnaqvi,22330581,2016-09,47,242,1,2016–2018
sobanarshad85,https://github.com/sobanarshad85,22500153,2016-09,41,221,1,2016–2018
zabi90,https://github.com/zabi90,22497829,2016-09,23,215,1,2016–2018
codewithabdulrahman,https://github.com/codewithabdulrahman,22428662,2016-09,40,199,1,2016–2018
HassanShafiq,https://github.com/HassanShafiq,21983159,2016-09,20,197,1,2016–2018
tabassumLatif,https://github.com/tabassumLatif,22514898,2016-09,32,177,1,2016–2018
mabubakarAR,https://github.com/mabubakarAR,22465441,2016-09,22,172,1,2016–2018
asadshiekh,https://github.com/asadshiekh,22203374,2016-09,20,164,1,2016–2018
mtachaudhary,https://github.com/mtachaudhary,22431578,2016-09,13,163,1,2016–2018
haseebkhan611,https://github.com/haseebkhan611,22520568,2016-09,20,124,1,2016–2018
AhsanSiddique,https://github.com/AhsanSiddique,22415155,2016-09,32,120,1,2016–2018
imkhubaibraza,https://github.com/imkhubaibraza,22439327,2016-09,59,116,1,2016–2018
abdul99j,https://github.com/abdul99j,22100888,2016-09,18,99,1,2016–2018
AliRaza1844,https://github.com/AliRaza1844,22351781,2016-09,31,91,1,2016–2018
awais-codes,https://github.com/awais-codes,22499873,2016-09,16,84,1,2016–2018
tal95shah,https://github.com/tal95shah,22220681,2016-09,6,65,1,2016–2018
hammadrfq3,https://github.com/hammadrfq3,22193606,2016-09,14,58,1,2016–2018
mqacim,https://github.com/mqacim,22043890,2016-09,9,54,1,2016–2018
HK321,https://github.com/HK321,22403863,2016-09,18,51,1,2016–2018
hashim-sohail,https://github.com/hashim-sohail,22448789,2016-09,22,49,1,2016–2018
FaiqLaiq,https://github.com/FaiqLaiq,21985208,2016-09,13,45,1,2016–2018
naveedmcs,https://github.com/naveedmcs,21976150,2016-09,227,41,1,2016–2018
namxuqureshi,https://github.com/namxuqureshi,22425732,2016-09,13,35,1,2016–2018
umarmajeed786,https://github.com/umarmajeed786,21971231,2016-09,11,33,1,2016–2018
mustaneer,https://github.com/mustaneer,21961398,2016-09,12,28,1,2016–2018
mehmood925,https://github.com/mehmood925,23010344,2016-10,13,3263,1,2016–2018
hamzasatti57,https://github.com/hamzasatti57,23104975,2016-10,34,1387,1,2016–2018
Shakir-Afridi,https://github.com/Shakir-Afridi,22850268,2016-10,23,463,1,2016–2018
DaniyalZiaAwan,https://github.com/DaniyalZiaAwan,23167757,2016-10,23,247,1,2016–2018
adeelasghar,https://github.com/adeelasghar,22743520,2016-10,12,238,1,2016–2018
arslanismail,https://github.com/arslanismail,22810790,2016-10,41,132,1,2016–2018
sherazahmedvaival,https://github.com/sherazahmedvaival,23093692,2016-10,16,130,1,2016–2018
gr8ahmad,https://github.com/gr8ahmad,22700237,2016-10,14,111,1,2016–2018
mobeen7asif,https://github.com/mobeen7asif,22974439,2016-10,17,82,1,2016–2018
SyedAliAriz,https://github.com/SyedAliAriz,23029996,2016-10,15,82,1,2016–2018
Hamza29199,https://github.com/Hamza29199,23167040,2016-10,21,77,1,2016–2018
safi786,https://github.com/safi786,23081825,2016-10,12,71,1,2016–2018
tehseenahmed1995,https://github.com/tehseenahmed1995,22965896,2016-10,23,63,1,2016–2018
rohaantahir,https://github.com/rohaantahir,22777330,2016-10,18,58,1,2016–2018
farhanmubasher,https://github.com/farhanmubasher,22928889,2016-10,6,56,1,2016–2018
RanaEhtashamAli,https://github.com/RanaEhtashamAli,23178205,2016-10,14,55,1,2016–2018
hamoudchohan,https://github.com/hamoudchohan,22560667,2016-10,6,55,1,2016–2018
shehrozegul,https://github.com/shehrozegul,22721897,2016-10,27,39,1,2016–2018
RIPT1DE,https://github.com/RIPT1DE,23010111,2016-10,32,37,1,2016–2018
ubaidurrehmanmadani,https://github.com/ubaidurrehmanmadani,23032800,2016-10,11,36,1,2016–2018
saadbhatti01,https://github.com/saadbhatti01,23030297,2016-10,7,29,1,2016–2018
usman0910,https://github.com/usman0910,22769151,2016-10,9,28,1,2016–2018
faizaanshah,https://github.com/faizaanshah,22859078,2016-10,8,28,1,2016–2018
Kashif-Nadeem,https://github.com/Kashif-Nadeem,23696110,2016-11,20,13783,1,2016–2018
mohsinht,https://github.com/mohsinht,23508720,2016-11,58,1424,1,2016–2018
ibtisamasif,https://github.com/ibtisamasif,23448045,2016-11,25,1069,1,2016–2018
umaid-hassan,https://github.com/umaid-hassan,23503271,2016-11,20,819,1,2016–2018
ShahzadNaser,https://github.com/ShahzadNaser,23234359,2016-11,81,732,1,2016–2018
pbadr,https://github.com/pbadr,24255685,2016-11,9,678,1,2016–2018
SaqibAMA,https://github.com/SaqibAMA,24204968,2016-11,53,524,1,2016–2018
Mohibtech,https://github.com/Mohibtech,23183736,2016-11,26,407,1,2016–2018
MuhammadSulman,https://github.com/MuhammadSulman,23367323,2016-11,24,372,1,2016–2018
bilalzaib,https://github.com/bilalzaib,23631051,2016-11,15,252,1,2016–2018
AbubakarSiddiqueQC,https://github.com/AbubakarSiddiqueQC,23188800,2016-11,14,202,1,2016–2018
gohar2,https://github.com/gohar2,23434373,2016-11,19,186,1,2016–2018
ammaarrahmed,https://github.com/ammaarrahmed,23737368,2016-11,18,183,1,2016–2018
naeemqaswar,https://github.com/naeemqaswar,23404445,2016-11,17,156,1,2016–2018
mukarramishaq,https://github.com/mukarramishaq,23583670,2016-11,18,142,1,2016–2018
abuzarmushtaq,https://github.com/abuzarmushtaq,23284509,2016-11,57,136,1,2016–2018
faizandilbaz,https://github.com/faizandilbaz,24212972,2016-11,14,130,1,2016–2018
im-atif,https://github.com/im-atif,23293784,2016-11,15,121,1,2016–2018
hakeemrehman,https://github.com/hakeemrehman,23183309,2016-11,23,120,1,2016–2018
mzulqarnain1,https://github.com/mzulqarnain1,23311265,2016-11,36,107,1,2016–2018
hamaad-latif,https://github.com/hamaad-latif,23340694,2016-11,20,92,1,2016–2018
waqasjuttt,https://github.com/waqasjuttt,24193724,2016-11,8,92,1,2016–2018
MuhammadTayyab26,https://github.com/MuhammadTayyab26,23265498,2016-11,76,89,1,2016–2018
faizanfareed,https://github.com/faizanfareed,24263597,2016-11,12,88,1,2016–2018
KamranBabar16,https://github.com/KamranBabar16,23693439,2016-11,10,87,1,2016–2018
alimojiz1,https://github.com/alimojiz1,23655175,2016-11,43,79,1,2016–2018
umairmunir-95,https://github.com/umairmunir-95,23713916,2016-11,25,64,1,2016–2018
anasheikh,https://github.com/anasheikh,23478083,2016-11,40,63,1,2016–2018
NaeemAkhtarDev,https://github.com/NaeemAkhtarDev,23357931,2016-11,22,56,1,2016–2018
abrar1515,https://github.com/abrar1515,23272418,2016-11,6,47,1,2016–2018
UMAR6545,https://github.com/UMAR6545,23625871,2016-11,10,38,1,2016–2018
iamSamrashafiq,https://github.com/iamSamrashafiq,23354395,2016-11,16,29,1,2016–2018
osafahmad,https://github.com/osafahmad,23560192,2016-11,13,28,1,2016–2018
AliAkber0,https://github.com/AliAkber0,23415128,2016-11,14,26,1,2016–2018
HamzaShaikh1480,https://github.com/HamzaShaikh1480,23615428,2016-11,7,26,1,2016–2018
Ali-Tahir,https://github.com/Ali-Tahir,23420177,2016-11,38,22,1,2016–2018
mudssrali,https://github.com/mudssrali,24487349,2016-12,131,916,1,2016–2018
imzza,https://github.com/imzza,24793405,2016-12,39,523,1,2016–2018
YaqoobAslam,https://github.com/YaqoobAslam,24461725,2016-12,14,314,1,2016–2018
TaniiSR,https://github.com/TaniiSR,24851483,2016-12,17,262,1,2016–2018
raitalharehman,https://github.com/raitalharehman,24564189,2016-12,33,250,1,2016–2018
habibwebdev,https://github.com/habibwebdev,24292893,2016-12,16,223,1,2016–2018
shoaib9121,https://github.com/shoaib9121,24590278,2016-12,39,205,1,2016–2018
Muazzam001,https://github.com/Muazzam001,24399579,2016-12,46,195,1,2016–2018
wajahathassan64,https://github.com/wajahathassan64,24484696,2016-12,12,191,1,2016–2018
tawabshakeel,https://github.com/tawabshakeel,24355495,2016-12,47,189,1,2016–2018
ahmadlatif1084,https://github.com/ahmadlatif1084,24588818,2016-12,34,188,1,2016–2018
aliadnanaslam,https://github.com/aliadnanaslam,24605097,2016-12,48,186,1,2016–2018
hassan-2040,https://github.com/hassan-2040,24449895,2016-12,21,167,1,2016–2018
Ezzu,https://github.com/Ezzu,24781010,2016-12,17,165,1,2016–2018
touqeerhassan,https://github.com/touqeerhassan,24702052,2016-12,15,145,1,2016–2018
engr-usman,https://github.com/engr-usman,24782468,2016-12,52,104,1,2016–2018
UsamaIslam,https://github.com/UsamaIslam,24495238,2016-12,50,99,1,2016–2018
mzahidimran,https://github.com/mzahidimran,24607284,2016-12,42,91,1,2016–2018
Haris-DS,https://github.com/Haris-DS,24592544,2016-12,10,78,1,2016–2018
rshdkhan,https://github.com/rshdkhan,24436164,2016-12,15,75,1,2016–2018
tahir97,https://github.com/tahir97,24545111,2016-12,7,75,1,2016–2018
ShahzaibRiaz,https://github.com/ShahzaibRiaz,24587038,2016-12,29,67,1,2016–2018
irtzamazhar,https://github.com/irtzamazhar,24386185,2016-12,11,55,1,2016–2018
ahsanucp,https://github.com/ahsanucp,24814547,2016-12,10,53,1,2016–2018
ZoraizEjaz,https://github.com/ZoraizEjaz,24309405,2016-12,10,50,1,2016–2018
chaudhryarslan,https://github.com/chaudhryarslan,24655222,2016-12,11,24,1,2016–2018
Zeeshanshahzadali,https://github.com/Zeeshanshahzadali,24592415,2016-12,7,22,1,2016–2018
CapKenway,https://github.com/CapKenway,25009845,2017-01,35,1815,1,2016–2018
syedehsans1,https://github.com/syedehsans1,24965664,2017-01,11,1307,1,2016–2018
Hadid-Ali,https://github.com/Hadid-Ali,25228138,2017-01,32,675,1,2016–2018
i-am-ijaz,https://github.com/i-am-ijaz,25157495,2017-01,47,440,1,2016–2018
emanijaz,https://github.com/emanijaz,24871433,2017-01,32,428,1,2016–2018
yohamza,https://github.com/yohamza,25034775,2017-01,78,301,1,2016–2018
fmunirdev,https://github.com/fmunirdev,25113752,2017-01,12,253,1,2016–2018
ultraammar,https://github.com/ultraammar,24992383,2017-01,29,237,1,2016–2018
javediqbal1419,https://github.com/javediqbal1419,25152336,2017-01,22,237,1,2016–2018
m-umarali,https://github.com/m-umarali,25325001,2017-01,116,212,1,2016–2018
UsmanLhrPk,https://github.com/UsmanLhrPk,25181063,2017-01,23,184,1,2016–2018
BilalHarry344,https://github.com/BilalHarry344,25345546,2017-01,7,178,1,2016–2018
amirmughal123,https://github.com/amirmughal123,24978715,2017-01,27,161,1,2016–2018
tahairfan13,https://github.com/tahairfan13,24940046,2017-01,38,156,1,2016–2018
qaisbayabani,https://github.com/qaisbayabani,25330219,2017-01,7,138,1,2016–2018
sufyanahmadkamboh,https://github.com/sufyanahmadkamboh,25397028,2017-01,16,121,1,2016–2018
Uzair11,https://github.com/Uzair11,25241330,2017-01,29,114,1,2016–2018
Ansar-Nawaz,https://github.com/Ansar-Nawaz,24876991,2017-01,7,86,1,2016–2018
humayunazaz,https://github.com/humayunazaz,25375497,2017-01,27,76,1,2016–2018
muhammadowais75,https://github.com/muhammadowais75,24890474,2017-01,14,68,1,2016–2018
hamzazeb,https://github.com/hamzazeb,25295075,2017-01,13,67,1,2016–2018
umair-1994,https://github.com/umair-1994,25304440,2017-01,6,67,1,2016–2018
Basitdiyal,https://github.com/Basitdiyal,25417403,2017-01,9,62,1,2016–2018
TehseenHasan,https://github.com/TehseenHasan,25352528,2017-01,20,55,1,2016–2018
Ali1067,https://github.com/Ali1067,25032829,2017-01,20,55,1,2016–2018
orafi202,https://github.com/orafi202,25272694,2017-01,9,55,1,2016–2018
Nabeekh,https://github.com/Nabeekh,24873867,2017-01,7,50,1,2016–2018
SaadDeveloper,https://github.com/SaadDeveloper,25006932,2017-01,30,46,1,2016–2018
ZainMobe,https://github.com/ZainMobe,25037272,2017-01,6,38,1,2016–2018
raoinam92,https://github.com/raoinam92,25131933,2017-01,15,26,1,2016–2018
syedmujtabahassan,https://github.com/syedmujtabahassan,25131729,2017-01,9,25,1,2016–2018
digitaShadow,https://github.com/digitaShadow,26072564,2017-02,9,2518,1,2016–2018
Zunaib,https://github.com/Zunaib,25710588,2017-02,35,791,1,2016–2018
DivineDemon,https://github.com/DivineDemon,25560888,2017-02,15,488,1,2016–2018
hantash07,https://github.com/hantash07,25788735,2017-02,21,314,1,2016–2018
ahtashamabbasse,https://github.com/ahtashamabbasse,25702074,2017-02,14,278,1,2016–2018
Mushi42,https://github.com/Mushi42,25501919,2017-02,17,276,1,2016–2018
nan-af,https://github.com/nan-af,25750500,2017-02,7,254,1,2016–2018
isamabdullah88,https://github.com/isamabdullah88,25727314,2017-02,10,252,1,2016–2018
theshahzaibc,https://github.com/theshahzaibc,25490859,2017-02,29,234,1,2016–2018
thinkmuneeb,https://github.com/thinkmuneeb,25934750,2017-02,25,198,1,2016–2018
tayyab12oct,https://github.com/tayyab12oct,25907205,2017-02,18,179,1,2016–2018
RaffaySajjad,https://github.com/RaffaySajjad,25899678,2017-02,26,159,1,2016–2018
mtabba,https://github.com/mtabba,25504584,2017-02,11,137,1,2016–2018
farhan,https://github.com/farhan,25842457,2017-02,38,136,1,2016–2018
sohaibabbas,https://github.com/sohaibabbas,25837314,2017-02,31,133,1,2016–2018
asadabbas-dev,https://github.com/asadabbas-dev,25719810,2017-02,22,131,1,2016–2018
ibraveboy,https://github.com/ibraveboy,25956671,2017-02,30,125,1,2016–2018
junaidNadeem,https://github.com/junaidNadeem,26093681,2017-02,22,103,1,2016–2018
hamzahafeez7,https://github.com/hamzahafeez7,25812695,2017-02,40,95,1,2016–2018
mhamzagithub,https://github.com/mhamzagithub,25481044,2017-02,18,90,1,2016–2018
MAbuBakar2808,https://github.com/MAbuBakar2808,25772492,2017-02,6,74,1,2016–2018
waqar300,https://github.com/waqar300,25472371,2017-02,53,69,1,2016–2018
spyhunk,https://github.com/spyhunk,25902840,2017-02,7,66,1,2016–2018
zainasghar200,https://github.com/zainasghar200,25928974,2017-02,25,65,1,2016–2018
HananMehmood5,https://github.com/HananMehmood5,26093740,2017-02,16,55,1,2016–2018
Tech-Virus,https://github.com/Tech-Virus,25563791,2017-02,7,49,1,2016–2018
junaid6141,https://github.com/junaid6141,25963228,2017-02,11,45,1,2016–2018
ashertoqeer,https://github.com/ashertoqeer,26039136,2017-02,6,35,1,2016–2018
Zeeshan-Nasar,https://github.com/Zeeshan-Nasar,25931391,2017-02,26,31,1,2016–2018
syedtehrimabbas,https://github.com/syedtehrimabbas,26393867,2017-03,22,5050,1,2016–2018
Hamid-Ayub,https://github.com/Hamid-Ayub,26459143,2017-03,13,4250,1,2016–2018
shahidullahkhankhattak,https://github.com/shahidullahkhankhattak,26232066,2017-03,28,1312,1,2016–2018
cacadil123,https://github.com/cacadil123,26658182,2017-03,23,1171,1,2016–2018
abdulrauf11,https://github.com/abdulrauf11,26784406,2017-03,17,872,1,2016–2018
awaislabs,https://github.com/awaislabs,26200703,2017-03,33,561,1,2016–2018
wajidalii,https://github.com/wajidalii,26400060,2017-03,19,347,1,2016–2018
StackZombie,https://github.com/StackZombie,26197260,2017-03,34,303,1,2016–2018
Saqib-Azhar,https://github.com/Saqib-Azhar,26276596,2017-03,20,245,1,2016–2018
mhamzaasif,https://github.com/mhamzaasif,26824434,2017-03,34,177,1,2016–2018
mynamebilalkhan,https://github.com/mynamebilalkhan,26444960,2017-03,37,159,1,2016–2018
devrizwanali,https://github.com/devrizwanali,26557936,2017-03,30,150,1,2016–2018
zainbokhari96,https://github.com/zainbokhari96,26528142,2017-03,24,145,1,2016–2018
abdulrehman3725,https://github.com/abdulrehman3725,26308666,2017-03,23,137,1,2016–2018
instanceofMA,https://github.com/instanceofMA,26253942,2017-03,20,129,1,2016–2018
MShoaibAkram,https://github.com/MShoaibAkram,26576700,2017-03,10,128,1,2016–2018
nabeeltahir785,https://github.com/nabeeltahir785,26375807,2017-03,25,127,1,2016–2018
mhhamza123,https://github.com/mhhamza123,26177868,2017-03,9,121,1,2016–2018
H-AbdulMateen,https://github.com/H-AbdulMateen,26539935,2017-03,23,114,1,2016–2018
Mayo46,https://github.com/Mayo46,26111585,2017-03,6,110,1,2016–2018
SalmanZahid96,https://github.com/SalmanZahid96,26418489,2017-03,14,94,1,2016–2018
Hassan-Khalid,https://github.com/Hassan-Khalid,26489075,2017-03,9,84,1,2016–2018
iammuhammadumar,https://github.com/iammuhammadumar,26816979,2017-03,21,74,1,2016–2018
mashkoorq,https://github.com/mashkoorq,26274725,2017-03,9,68,1,2016–2018
Mohsannaeem,https://github.com/Mohsannaeem,26227899,2017-03,20,66,1,2016–2018
alinafatima,https://github.com/alinafatima,26784413,2017-03,8,61,1,2016–2018
Faisal2736,https://github.com/Faisal2736,26627538,2017-03,6,61,1,2016–2018
AhtishamShahid,https://github.com/AhtishamShahid,26253150,2017-03,32,58,1,2016–2018
Shahzaib52,https://github.com/Shahzaib52,26239787,2017-03,56,55,1,2016–2018
abdullahshakir,https://github.com/abdullahshakir,26214806,2017-03,17,51,1,2016–2018
bilalarif093,https://github.com/bilalarif093,26606415,2017-03,17,51,1,2016–2018
abdulghaffar349,https://github.com/abdulghaffar349,26119011,2017-03,26,46,1,2016–2018
RAOMMA,https://github.com/RAOMMA,26431524,2017-03,19,46,1,2016–2018
aqeel371,https://github.com/aqeel371,26341580,2017-03,36,45,1,2016–2018
usmansharif525,https://github.com/usmansharif525,26167426,2017-03,29,44,1,2016–2018
saddamkhalil,https://github.com/saddamkhalil,26467589,2017-03,12,44,1,2016–2018
Harisarshad,https://github.com/Harisarshad,26823612,2017-03,8,42,1,2016–2018
AtifJaved1,https://github.com/AtifJaved1,26598012,2017-03,24,35,1,2016–2018
SaadullahNaeem,https://github.com/SaadullahNaeem,26626289,2017-03,11,28,1,2016–2018
ahsanzaid,https://github.com/ahsanzaid,26465445,2017-03,13,21,1,2016–2018
aamirmursleen,https://github.com/aamirmursleen,27009001,2017-04,31,947,1,2016–2018
mubshrx,https://github.com/mubshrx,28213822,2017-04,59,872,1,2016–2018
ShehzadaSalman,https://github.com/ShehzadaSalman,26926282,2017-04,58,584,1,2016–2018
Sheikhharis50,https://github.com/Sheikhharis50,27058522,2017-04,88,568,1,2016–2018
uzair2299,https://github.com/uzair2299,26867566,2017-04,28,514,1,2016–2018
mdkabir1,https://github.com/mdkabir1,27065403,2017-04,7,491,1,2016–2018
Awais-cb,https://github.com/Awais-cb,27766561,2017-04,95,335,1,2016–2018
R4333,https://github.com/R4333,27858105,2017-04,19,267,1,2016–2018
abidmaqbool20,https://github.com/abidmaqbool20,26866661,2017-04,22,236,1,2016–2018
wajihh,https://github.com/wajihh,28185153,2017-04,40,221,1,2016–2018
shaheerkhalid,https://github.com/shaheerkhalid,27809736,2017-04,16,208,1,2016–2018
zaeemyousaf,https://github.com/zaeemyousaf,27825403,2017-04,19,194,1,2016–2018
lionuncle,https://github.com/lionuncle,26841850,2017-04,68,173,1,2016–2018
taimoortahir7,https://github.com/taimoortahir7,27434352,2017-04,25,131,1,2016–2018
jbsethi,https://github.com/jbsethi,27204988,2017-04,12,129,1,2016–2018
amjad07,https://github.com/amjad07,26897162,2017-04,49,117,1,2016–2018
AmirShehzadDev,https://github.com/AmirShehzadDev,26855812,2017-04,30,99,1,2016–2018
BilalSaeedAlam,https://github.com/BilalSaeedAlam,27331348,2017-04,18,99,1,2016–2018
shahidkanwal,https://github.com/shahidkanwal,27012024,2017-04,6,97,1,2016–2018
shahnizarbaloch,https://github.com/shahnizarbaloch,28158590,2017-04,11,87,1,2016–2018
sajid-hussain-qa,https://github.com/sajid-hussain-qa,27945485,2017-04,8,87,1,2016–2018
mnoumanhanif,https://github.com/mnoumanhanif,26955510,2017-04,13,84,1,2016–2018
ussama125,https://github.com/ussama125,26874541,2017-04,10,84,1,2016–2018
abdul-sam,https://github.com/abdul-sam,27701751,2017-04,14,80,1,2016–2018
HashimJaved09,https://github.com/HashimJaved09,27362494,2017-04,19,73,1,2016–2018
mikeh160,https://github.com/mikeh160,27803552,2017-04,11,73,1,2016–2018
M-Arslan,https://github.com/M-Arslan,28117889,2017-04,14,65,1,2016–2018
jalalkhan121,https://github.com/jalalkhan121,27844393,2017-04,13,65,1,2016–2018
cresidian,https://github.com/cresidian,28092346,2017-04,8,60,1,2016–2018
HamzaAyub,https://github.com/HamzaAyub,27816967,2017-04,12,54,1,2016–2018
raoaliahmad,https://github.com/raoaliahmad,26854318,2017-04,17,49,1,2016–2018
FaranTech,https://github.com/FaranTech,27894224,2017-04,17,47,1,2016–2018
zainuamalik,https://github.com/zainuamalik,27958341,2017-04,6,44,1,2016–2018
talha1135,https://github.com/talha1135,28112526,2017-04,16,43,1,2016–2018
haiderali02,https://github.com/haiderali02,27474474,2017-04,10,39,1,2016–2018
MuhammadFarazAhmed,https://github.com/MuhammadFarazAhmed,27334436,2017-04,8,32,1,2016–2018
MuhammadIbrahimSE,https://github.com/MuhammadIbrahimSE,27722011,2017-04,7,31,1,2016–2018
fazi8808,https://github.com/fazi8808,26847943,2017-04,7,28,1,2016–2018
maqsoodh19,https://github.com/maqsoodh19,27891248,2017-04,16,27,1,2016–2018
thatisusama,https://github.com/thatisusama,27433171,2017-04,14,26,1,2016–2018
mansoorbilalrana,https://github.com/mansoorbilalrana,26927233,2017-04,23,24,1,2016–2018
adeelsaeed0308,https://github.com/adeelsaeed0308,26922594,2017-04,9,22,1,2016–2018
hamzakhalil121,https://github.com/hamzakhalil121,28058891,2017-04,32,21,1,2016–2018
akhzarna,https://github.com/akhzarna,29035027,2017-05,143,900,1,2016–2018
mozinomer,https://github.com/mozinomer,28697746,2017-05,50,833,1,2016–2018
achillesion,https://github.com/achillesion,28636656,2017-05,58,718,1,2016–2018
ammar127,https://github.com/ammar127,28692197,2017-05,33,609,1,2016–2018
ranahaani,https://github.com/ranahaani,28961554,2017-05,27,480,1,2016–2018
bilalimrani,https://github.com/bilalimrani,28981186,2017-05,26,468,1,2016–2018
KShehzadi,https://github.com/KShehzadi,28604191,2017-05,92,399,1,2016–2018
Rmsharks4,https://github.com/Rmsharks4,29046516,2017-05,23,349,1,2016–2018
usman1234567,https://github.com/usman1234567,28395871,2017-05,12,297,1,2016–2018
haissamtariqzaman,https://github.com/haissamtariqzaman,28836523,2017-05,10,292,1,2016–2018
MuhammadBilal325,https://github.com/MuhammadBilal325,28643949,2017-05,23,269,1,2016–2018
RazaAkmal,https://github.com/RazaAkmal,28752240,2017-05,14,255,1,2016–2018
fadihere,https://github.com/fadihere,28988215,2017-05,42,204,1,2016–2018
criticalmiind,https://github.com/criticalmiind,28355416,2017-05,29,193,1,2016–2018
Faysalali534,https://github.com/Faysalali534,29105699,2017-05,26,184,1,2016–2018
afrazahmad21,https://github.com/afrazahmad21,28558332,2017-05,14,168,1,2016–2018
waseemchishti,https://github.com/waseemchishti,28856707,2017-05,36,164,1,2016–2018
awebartisan,https://github.com/awebartisan,29105478,2017-05,58,159,1,2016–2018
Muzaffar-Munir,https://github.com/Muzaffar-Munir,28933547,2017-05,28,158,1,2016–2018
ShakirAliSWE,https://github.com/ShakirAliSWE,28749532,2017-05,25,127,1,2016–2018
arehmanAzam,https://github.com/arehmanAzam,29056479,2017-05,31,119,1,2016–2018
AltafHussain4748,https://github.com/AltafHussain4748,28758144,2017-05,9,112,1,2016–2018
realmoieen,https://github.com/realmoieen,28924938,2017-05,36,111,1,2016–2018
ahsanmemon,https://github.com/ahsanmemon,28605862,2017-05,14,111,1,2016–2018
syedrizwan-ali,https://github.com/syedrizwan-ali,28711711,2017-05,18,73,1,2016–2018
shehryar-malik,https://github.com/shehryar-malik,28758711,2017-05,9,72,1,2016–2018
ehteshamshahzad,https://github.com/ehteshamshahzad,29104620,2017-05,10,63,1,2016–2018
mawshd,https://github.com/mawshd,28724392,2017-05,14,58,1,2016–2018
hassanrafay,https://github.com/hassanrafay,28713860,2017-05,10,58,1,2016–2018
Muhammad1Nouman,https://github.com/Muhammad1Nouman,29055622,2017-05,16,56,1,2016–2018
amoo34,https://github.com/amoo34,29004820,2017-05,17,51,1,2016–2018
yaxirpaxha,https://github.com/yaxirpaxha,28594910,2017-05,10,47,1,2016–2018
muhammadumar321,https://github.com/muhammadumar321,29040068,2017-05,22,39,1,2016–2018
abdulrafeytahir,https://github.com/abdulrafeytahir,28260039,2017-05,12,36,1,2016–2018
usman-mohyuddin,https://github.com/usman-mohyuddin,28729302,2017-05,27,27,1,2016–2018
usama7628674,https://github.com/usama7628674,29252277,2017-06,589,1387,1,2016–2018
usmanmanii,https://github.com/usmanmanii,29162578,2017-06,63,923,1,2016–2018
VenoM9078,https://github.com/VenoM9078,29145950,2017-06,31,522,1,2016–2018
khunshan97,https://github.com/khunshan97,29686980,2017-06,24,495,1,2016–2018
Hashamjavedofficial,https://github.com/Hashamjavedofficial,29484440,2017-06,29,448,1,2016–2018
Luqman-Ud-Din,https://github.com/Luqman-Ud-Din,29246328,2017-06,17,286,1,2016–2018
Nabeegh-Ahmed,https://github.com/Nabeegh-Ahmed,29403249,2017-06,41,279,1,2016–2018
AhmadAyyaz1993,https://github.com/AhmadAyyaz1993,29758152,2017-06,25,207,1,2016–2018
gmbajwa,https://github.com/gmbajwa,29371007,2017-06,60,174,1,2016–2018
Safi-Ullah,https://github.com/Safi-Ullah,29250597,2017-06,49,167,1,2016–2018
UsmannShahid,https://github.com/UsmannShahid,29502845,2017-06,34,165,1,2016–2018
SabaKanwal45,https://github.com/SabaKanwal45,29206573,2017-06,26,163,1,2016–2018
Jamisyed,https://github.com/Jamisyed,29350019,2017-06,16,130,1,2016–2018
osamahu95,https://github.com/osamahu95,29368983,2017-06,56,94,1,2016–2018
HarisTanveer,https://github.com/HarisTanveer,29237048,2017-06,12,82,1,2016–2018
saboorelahi,https://github.com/saboorelahi,29389394,2017-06,18,76,1,2016–2018
Shayanzahid,https://github.com/Shayanzahid,29674378,2017-06,11,47,1,2016–2018
tee4tayyab,https://github.com/tee4tayyab,29449625,2017-06,21,46,1,2016–2018
Talhaz,https://github.com/Talhaz,29279151,2017-06,42,43,1,2016–2018
ahmed-faraz46,https://github.com/ahmed-faraz46,29256866,2017-06,13,42,1,2016–2018
ammarmallik,https://github.com/ammarmallik,29196434,2017-06,14,41,1,2016–2018
naumanmir,https://github.com/naumanmir,29778659,2017-06,8,40,1,2016–2018
MNad48,https://github.com/MNad48,29222686,2017-06,11,37,1,2016–2018
AhsenSaeed,https://github.com/AhsenSaeed,29353663,2017-06,15,29,1,2016–2018
Abuzar-93,https://github.com/Abuzar-93,29437613,2017-06,10,29,1,2016–2018
fakharmakhtar,https://github.com/fakharmakhtar,29225073,2017-06,11,26,1,2016–2018
mubtadaali,https://github.com/mubtadaali,29425401,2017-06,8,23,1,2016–2018
shahbazhassan42000,https://github.com/shahbazhassan42000,30266968,2017-07,52,8597,1,2016–2018
Umersaeed81,https://github.com/Umersaeed81,30271642,2017-07,24,4012,1,2016–2018
cricketjanoon,https://github.com/cricketjanoon,30217962,2017-07,48,729,1,2016–2018
Bilal14078,https://github.com/Bilal14078,29977481,2017-07,6,713,1,2016–2018
SAhmed48,https://github.com/SAhmed48,30372547,2017-07,29,367,1,2016–2018
GreatHayat,https://github.com/GreatHayat,30028457,2017-07,81,335,1,2016–2018
zuhranahmed,https://github.com/zuhranahmed,29872146,2017-07,66,200,1,2016–2018
bali48,https://github.com/bali48,29855101,2017-07,33,185,1,2016–2018
Asim26,https://github.com/Asim26,29840949,2017-07,34,181,1,2016–2018
saddamakhtarly,https://github.com/saddamakhtarly,29877634,2017-07,41,140,1,2016–2018
hafizhumza,https://github.com/hafizhumza,29938767,2017-07,12,124,1,2016–2018
HamzaKhurshid,https://github.com/HamzaKhurshid,30055456,2017-07,12,120,1,2016–2018
umarishfaq037,https://github.com/umarishfaq037,30416629,2017-07,6,116,1,2016–2018
ranausama48,https://github.com/ranausama48,30395925,2017-07,46,91,1,2016–2018
allroundexperts,https://github.com/allroundexperts,30054992,2017-07,35,82,1,2016–2018
chimranbilal34,https://github.com/chimranbilal34,29893909,2017-07,23,79,1,2016–2018
AiniMalik,https://github.com/AiniMalik,30411856,2017-07,11,76,1,2016–2018
raza241,https://github.com/raza241,30479137,2017-07,35,74,1,2016–2018
KashifAli5,https://github.com/KashifAli5,30140229,2017-07,21,74,1,2016–2018
desimcnuggets,https://github.com/desimcnuggets,29954744,2017-07,8,66,1,2016–2018
usamarashid94,https://github.com/usamarashid94,30428583,2017-07,14,60,1,2016–2018
hadi845,https://github.com/hadi845,30381079,2017-07,6,60,1,2016–2018
abdkhan01,https://github.com/abdkhan01,30290175,2017-07,12,58,1,2016–2018
AHmadKhalil97,https://github.com/AHmadKhalil97,30392574,2017-07,12,53,1,2016–2018
kamo4598,https://github.com/kamo4598,30361973,2017-07,7,47,1,2016–2018
shrhawk-entertainer,https://github.com/shrhawk-entertainer,30106364,2017-07,10,46,1,2016–2018
hafizzuhaib,https://github.com/hafizzuhaib,29946129,2017-07,13,39,1,2016–2018
mohsinfort,https://github.com/mohsinfort,30087663,2017-07,7,38,1,2016–2018
rohailiqbal,https://github.com/rohailiqbal,30309646,2017-07,14,37,1,2016–2018
jazibhumayun,https://github.com/jazibhumayun,30023768,2017-07,19,35,1,2016–2018
waleedt93,https://github.com/waleedt93,30047357,2017-07,9,34,1,2016–2018
khalilchoudhry,https://github.com/khalilchoudhry,29918905,2017-07,14,33,1,2016–2018
RehmanAhmadRT,https://github.com/RehmanAhmadRT,30407785,2017-07,15,30,1,2016–2018
UsmanMalik748,https://github.com/UsmanMalik748,29902419,2017-07,12,27,1,2016–2018
Asad-r-Rehman,https://github.com/Asad-r-Rehman,30494809,2017-07,8,27,1,2016–2018
sulman15,https://github.com/sulman15,29914265,2017-07,7,27,1,2016–2018
xplodig,https://github.com/xplodig,30243781,2017-07,6,26,1,2016–2018
farhadakramm,https://github.com/farhadakramm,30578773,2017-07,9,25,1,2016–2018
tahirmahm123,https://github.com/tahirmahm123,30719791,2017-08,68,2601,1,2016–2018
AhmedArshed,https://github.com/AhmedArshed,31464251,2017-08,33,2225,1,2016–2018
hdr-js,https://github.com/hdr-js,30725074,2017-08,15,1566,1,2016–2018
shahiryar,https://github.com/shahiryar,30659393,2017-08,64,975,1,2016–2018
abdulhaqshah,https://github.com/abdulhaqshah,31206021,2017-08,7,839,1,2016–2018
hammadpitafi32,https://github.com/hammadpitafi32,30821378,2017-08,13,513,1,2016–2018
ameerhmzx,https://github.com/ameerhmzx,31469896,2017-08,24,504,1,2016–2018
mubeenghauri,https://github.com/mubeenghauri,31207216,2017-08,52,380,1,2016–2018
saadsoft1993,https://github.com/saadsoft1993,31469212,2017-08,12,360,1,2016–2018
zenalytiks,https://github.com/zenalytiks,31138706,2017-08,21,286,1,2016–2018
kashif-sol,https://github.com/kashif-sol,30724786,2017-08,17,283,1,2016–2018
ahmedmirza994,https://github.com/ahmedmirza994,30725333,2017-08,62,280,1,2016–2018
AsharSal,https://github.com/AsharSal,30969762,2017-08,66,161,1,2016–2018
mealiraza,https://github.com/mealiraza,31430556,2017-08,36,157,1,2016–2018
sajjadafridi,https://github.com/sajjadafridi,31101975,2017-08,15,146,1,2016–2018
krkhalil,https://github.com/krkhalil,30638388,2017-08,93,141,1,2016–2018
MalikHamidJaved,https://github.com/MalikHamidJaved,31132389,2017-08,17,127,1,2016–2018
bhittaywad,https://github.com/bhittaywad,30681096,2017-08,22,121,1,2016–2018
nabeelnazir163,https://github.com/nabeelnazir163,30865060,2017-08,6,99,1,2016–2018
bassamhashmi,https://github.com/bassamhashmi,30646789,2017-08,13,97,1,2016–2018
Junaidtahir90,https://github.com/Junaidtahir90,30620901,2017-08,9,96,1,2016–2018
rehan-azaz,https://github.com/rehan-azaz,31043504,2017-08,20,91,1,2016–2018
Jawad445,https://github.com/Jawad445,31069650,2017-08,18,90,1,2016–2018
SUMAR7,https://github.com/SUMAR7,30860969,2017-08,23,82,1,2016–2018
skndrali22,https://github.com/skndrali22,31464281,2017-08,13,81,1,2016–2018
ShahzadHafeez,https://github.com/ShahzadHafeez,31142459,2017-08,31,66,1,2016–2018
ChAqeelZafar,https://github.com/ChAqeelZafar,30660180,2017-08,28,62,1,2016–2018
faisalkhokher,https://github.com/faisalkhokher,31187090,2017-08,19,62,1,2016–2018
shah-arbisoft,https://github.com/shah-arbisoft,31237820,2017-08,30,57,1,2016–2018
supportgreengrapez,https://github.com/supportgreengrapez,31160754,2017-08,23,55,1,2016–2018
Marie619,https://github.com/Marie619,31289765,2017-08,12,53,1,2016–2018
Muneeb147,https://github.com/Muneeb147,31257991,2017-08,19,52,1,2016–2018
DaniyalBasit,https://github.com/DaniyalBasit,30935570,2017-08,12,52,1,2016–2018
adil7475,https://github.com/adil7475,31503600,2017-08,10,44,1,2016–2018
marslanabdulrauf,https://github.com/marslanabdulrauf,30854880,2017-08,15,41,1,2016–2018
UmairPervaiz,https://github.com/UmairPervaiz,31058192,2017-08,9,36,1,2016–2018
NabeelHaris,https://github.com/NabeelHaris,30952189,2017-08,13,35,1,2016–2018
KaifRabi,https://github.com/KaifRabi,30978437,2017-08,11,35,1,2016–2018
mehrozechughtai,https://github.com/mehrozechughtai,31098566,2017-08,9,33,1,2016–2018
OmerAnwaar,https://github.com/OmerAnwaar,31045808,2017-08,8,29,1,2016–2018
Zaraahmad,https://github.com/Zaraahmad,31160927,2017-08,12,26,1,2016–2018
thisismahboob,https://github.com/thisismahboob,30807590,2017-08,14,25,1,2016–2018
mudassar-ublox,https://github.com/mudassar-ublox,31336299,2017-08,10,25,1,2016–2018
ShehryarZaheer,https://github.com/ShehryarZaheer,31164406,2017-08,9,22,1,2016–2018
IrfanMurtaza93,https://github.com/IrfanMurtaza93,31175267,2017-08,12,21,1,2016–2018
binidrees0492,https://github.com/binidrees0492,31996263,2017-09,16,1303,1,2016–2018
naveedanwarbhatti,https://github.com/naveedanwarbhatti,31959719,2017-09,12,971,1,2016–2018
smartdev09,https://github.com/smartdev09,31584129,2017-09,70,891,1,2016–2018
ShahzaibAnwar,https://github.com/ShahzaibAnwar,32087649,2017-09,8,832,1,2016–2018
farazmalik180,https://github.com/farazmalik180,31965956,2017-09,62,340,1,2016–2018
mrsalmanahmad,https://github.com/mrsalmanahmad,31615269,2017-09,164,338,1,2016–2018
Toqeernaqvi,https://github.com/Toqeernaqvi,31595287,2017-09,40,250,1,2016–2018
Ahtisham92,https://github.com/Ahtisham92,32047796,2017-09,13,239,1,2016–2018
thismehmood,https://github.com/thismehmood,31704209,2017-09,40,224,1,2016–2018
Muhammad-Nabeel,https://github.com/Muhammad-Nabeel,32187997,2017-09,6,203,1,2016–2018
moeezkashif13,https://github.com/moeezkashif13,31861118,2017-09,17,197,1,2016–2018
tasawar-hussain,https://github.com/tasawar-hussain,31658686,2017-09,34,190,1,2016–2018
OmarFarooq908,https://github.com/OmarFarooq908,31627402,2017-09,35,181,1,2016–2018
abdullahjavaid86,https://github.com/abdullahjavaid86,31802757,2017-09,33,155,1,2016–2018
fazal26,https://github.com/fazal26,31815563,2017-09,11,154,1,2016–2018
mujadadrao,https://github.com/mujadadrao,31551716,2017-09,26,149,1,2016–2018
Hafiz313,https://github.com/Hafiz313,31885843,2017-09,21,114,1,2016–2018
adilhussain540,https://github.com/adilhussain540,31884506,2017-09,12,110,1,2016–2018
azizullah2017,https://github.com/azizullah2017,31694122,2017-09,151,86,1,2016–2018
AmmanMunawar,https://github.com/AmmanMunawar,32075202,2017-09,8,73,1,2016–2018
zahrasameen,https://github.com/zahrasameen,31727481,2017-09,10,72,1,2016–2018
saimanidrees,https://github.com/saimanidrees,32018992,2017-09,10,63,1,2016–2018
hamza24farrukh,https://github.com/hamza24farrukh,31820096,2017-09,8,63,1,2016–2018
mzain512,https://github.com/mzain512,32124157,2017-09,8,60,1,2016–2018
ikramulmustafa,https://github.com/ikramulmustafa,32255014,2017-09,18,59,1,2016–2018
ahsan-asif,https://github.com/ahsan-asif,31828240,2017-09,10,59,1,2016–2018
tijarat,https://github.com/tijarat,31877131,2017-09,8,49,1,2016–2018
iamdanishjaved,https://github.com/iamdanishjaved,32013844,2017-09,13,46,1,2016–2018
Huma12345,https://github.com/Huma12345,32298287,2017-09,12,43,1,2016–2018
FasihHaider,https://github.com/FasihHaider,31963217,2017-09,8,38,1,2016–2018
nisarbalti4,https://github.com/nisarbalti4,31960378,2017-09,11,33,1,2016–2018
hasyarshad,https://github.com/hasyarshad,31601195,2017-09,14,32,1,2016–2018
ZaheerUDDinBaber,https://github.com/ZaheerUDDinBaber,32245235,2017-09,14,30,1,2016–2018
mbasitmukhtar,https://github.com/mbasitmukhtar,32217572,2017-09,18,29,1,2016–2018
wasee-wahla,https://github.com/wasee-wahla,32175129,2017-09,10,28,1,2016–2018
x-ciphers,https://github.com/x-ciphers,32043748,2017-09,11,24,1,2016–2018
billybutt60,https://github.com/billybutt60,32039617,2017-09,13,22,1,2016–2018
usamabaig,https://github.com/usamabaig,32928864,2017-10,10,2199,1,2016–2018
SHABIR0786,https://github.com/SHABIR0786,32631452,2017-10,28,1982,1,2016–2018
heyFahad,https://github.com/heyFahad,32978752,2017-10,34,1467,1,2016–2018
Hashir-Umar,https://github.com/Hashir-Umar,32617270,2017-10,26,340,1,2016–2018
amugldx,https://github.com/amugldx,32811629,2017-10,39,331,1,2016–2018
irfansadiq030,https://github.com/irfansadiq030,32975448,2017-10,42,313,1,2016–2018
abdulbasitjs,https://github.com/abdulbasitjs,32615704,2017-10,10,305,1,2016–2018
AmmadMughal20,https://github.com/AmmadMughal20,32610419,2017-10,55,284,1,2016–2018
noumanalisyed,https://github.com/noumanalisyed,33029215,2017-10,159,265,1,2016–2018
TayyabChohan,https://github.com/TayyabChohan,33210220,2017-10,47,261,1,2016–2018
imhusnainali,https://github.com/imhusnainali,32488523,2017-10,276,256,1,2016–2018
mhamzasakhi,https://github.com/mhamzasakhi,32600505,2017-10,51,247,1,2016–2018
Umar-Mughal,https://github.com/Umar-Mughal,33097722,2017-10,11,243,1,2016–2018
H4seeb45,https://github.com/H4seeb45,33157614,2017-10,13,211,1,2016–2018
zohaibasghar,https://github.com/zohaibasghar,32808057,2017-10,20,162,1,2016–2018
Zeshan7061,https://github.com/Zeshan7061,32492608,2017-10,28,149,1,2016–2018
shahbaz-shabbir05,https://github.com/shahbaz-shabbir05,32649010,2017-10,21,146,1,2016–2018
sherySSH,https://github.com/sherySSH,32700434,2017-10,14,131,1,2016–2018
Nauman007,https://github.com/Nauman007,32773342,2017-10,8,130,1,2016–2018
zain505,https://github.com/zain505,32788650,2017-10,12,123,1,2016–2018
bilalk1,https://github.com/bilalk1,32847311,2017-10,26,120,1,2016–2018
absahl,https://github.com/absahl,32447435,2017-10,16,115,1,2016–2018
AtifSayings,https://github.com/AtifSayings,33127335,2017-10,18,113,1,2016–2018
sultanaslam,https://github.com/sultanaslam,32766377,2017-10,28,107,1,2016–2018
mrumair,https://github.com/mrumair,33027331,2017-10,21,103,1,2016–2018
raahim97,https://github.com/raahim97,32812938,2017-10,23,101,1,2016–2018
AyyazAli,https://github.com/AyyazAli,32508210,2017-10,8,86,1,2016–2018
Naveed1234,https://github.com/Naveed1234,32640837,2017-10,28,85,1,2016–2018
ArifHeer3366,https://github.com/ArifHeer3366,33114805,2017-10,30,83,1,2016–2018
zubairdev,https://github.com/zubairdev,33218247,2017-10,15,68,1,2016–2018
r-hamid,https://github.com/r-hamid,32512858,2017-10,10,66,1,2016–2018
MuzammilAhmad,https://github.com/MuzammilAhmad,32789251,2017-10,19,65,1,2016–2018
usamawajid23,https://github.com/usamawajid23,32578715,2017-10,8,65,1,2016–2018
Akmalkhan786,https://github.com/Akmalkhan786,32540398,2017-10,17,62,1,2016–2018
shanmunir,https://github.com/shanmunir,32775181,2017-10,8,54,1,2016–2018
ammar-yasir,https://github.com/ammar-yasir,32488967,2017-10,9,51,1,2016–2018
TalhaaaYaqoob,https://github.com/TalhaaaYaqoob,33151995,2017-10,14,50,1,2016–2018
ranaraheeltariq,https://github.com/ranaraheeltariq,33024130,2017-10,14,48,1,2016–2018
786shahnawaz786,https://github.com/786shahnawaz786,32966404,2017-10,10,48,1,2016–2018
jawadalishah5,https://github.com/jawadalishah5,32700496,2017-10,32,46,1,2016–2018
Zulqarnain-Haider,https://github.com/Zulqarnain-Haider,32629812,2017-10,10,46,1,2016–2018
arslanfarooq389,https://github.com/arslanfarooq389,32771087,2017-10,7,46,1,2016–2018
joomza,https://github.com/joomza,32563542,2017-10,9,35,1,2016–2018
usmankhawar22,https://github.com/usmankhawar22,32700384,2017-10,8,28,1,2016–2018
mrshahzadakram,https://github.com/mrshahzadakram,32796306,2017-10,12,24,1,2016–2018
FunlabStudio,https://github.com/FunlabStudio,32960936,2017-10,6,23,1,2016–2018
ranawaleed64,https://github.com/ranawaleed64,32880861,2017-10,15,22,1,2016–2018
talhajaved024,https://github.com/talhajaved024,32852224,2017-10,8,22,1,2016–2018
inzkhan,https://github.com/inzkhan,33628287,2017-11,475,11476,1,2016–2018
omarfarooq47,https://github.com/omarfarooq47,33841001,2017-11,14,9311,1,2016–2018
jawad-ahmed23,https://github.com/jawad-ahmed23,34104787,2017-11,41,3261,1,2016–2018
bismanaeem,https://github.com/bismanaeem,33456107,2017-11,38,2907,1,2016–2018
mohsinrazaq,https://github.com/mohsinrazaq,33516879,2017-11,41,923,1,2016–2018
mbilalabid800,https://github.com/mbilalabid800,33954697,2017-11,9,556,1,2016–2018
tariqsulehri,https://github.com/tariqsulehri,34034923,2017-11,43,290,1,2016–2018
Horroon,https://github.com/Horroon,33396995,2017-11,42,287,1,2016–2018
raminrafi,https://github.com/raminrafi,33839096,2017-11,17,205,1,2016–2018
mzeeshanwahid,https://github.com/mzeeshanwahid,33454051,2017-11,28,204,1,2016–2018
abbas2157,https://github.com/abbas2157,34020402,2017-11,13,161,1,2016–2018
MuhammadJazab,https://github.com/MuhammadJazab,34067718,2017-11,129,157,1,2016–2018
Talha-Zubair-Mayo,https://github.com/Talha-Zubair-Mayo,33620631,2017-11,57,155,1,2016–2018
ArxlanAli,https://github.com/ArxlanAli,33700214,2017-11,22,153,1,2016–2018
hasankhn1,https://github.com/hasankhn1,34059875,2017-11,20,109,1,2016–2018
zubair-ce07,https://github.com/zubair-ce07,33825083,2017-11,11,106,1,2016–2018
mtalharana,https://github.com/mtalharana,33700651,2017-11,17,88,1,2016–2018
aafaq01,https://github.com/aafaq01,33451925,2017-11,15,59,1,2016–2018
asim23663,https://github.com/asim23663,33566866,2017-11,13,57,1,2016–2018
IbrarHussainM,https://github.com/IbrarHussainM,34052169,2017-11,6,51,1,2016–2018
devsubhani,https://github.com/devsubhani,33650608,2017-11,405,49,1,2016–2018
MMohsinM,https://github.com/MMohsinM,34002949,2017-11,11,45,1,2016–2018
MuhammadSohail1992,https://github.com/MuhammadSohail1992,33443124,2017-11,13,44,1,2016–2018
maheennasir18,https://github.com/maheennasir18,33524723,2017-11,11,43,1,2016–2018
Bhatti97,https://github.com/Bhatti97,33466415,2017-11,12,36,1,2016–2018
fhd98,https://github.com/fhd98,33628826,2017-11,10,35,1,2016–2018
awais305,https://github.com/awais305,33759138,2017-11,16,34,1,2016–2018
jahanzaib1234,https://github.com/jahanzaib1234,33343908,2017-11,9,22,1,2016–2018
ArslanAmeer,https://github.com/ArslanAmeer,34485088,2017-12,75,4486,1,2016–2018
shahzaib-manzoor,https://github.com/shahzaib-manzoor,34761350,2017-12,50,810,1,2016–2018
hallucinogenizer,https://github.com/hallucinogenizer,34311857,2017-12,41,722,1,2016–2018
uonliaquat,https://github.com/uonliaquat,34278522,2017-12,62,498,1,2016–2018
aaqibsheikh,https://github.com/aaqibsheikh,34779208,2017-12,48,330,1,2016–2018
Yasir896,https://github.com/Yasir896,34884045,2017-12,69,266,1,2016–2018
m-tariq,https://github.com/m-tariq,34348594,2017-12,34,265,1,2016–2018
MughalUsama,https://github.com/MughalUsama,34839748,2017-12,33,191,1,2016–2018
danifaiz,https://github.com/danifaiz,34271074,2017-12,16,181,1,2016–2018
hassanrazadev,https://github.com/hassanrazadev,34765719,2017-12,34,159,1,2016–2018
irfan112,https://github.com/irfan112,34466333,2017-12,17,144,1,2016–2018
Sufyanraza50,https://github.com/Sufyanraza50,34751328,2017-12,31,125,1,2016–2018
kawaki122,https://github.com/kawaki122,34861964,2017-12,19,119,1,2016–2018
waseelmufti,https://github.com/waseelmufti,34870285,2017-12,17,92,1,2016–2018
awaisrafiq410,https://github.com/awaisrafiq410,34163916,2017-12,56,72,1,2016–2018
harisalimansoor,https://github.com/harisalimansoor,34652302,2017-12,17,62,1,2016–2018
kashanahmed867,https://github.com/kashanahmed867,34817202,2017-12,115,60,1,2016–2018
FarrukhAmiir,https://github.com/FarrukhAmiir,34297140,2017-12,7,60,1,2016–2018
VJ65,https://github.com/VJ65,34576820,2017-12,33,59,1,2016–2018
ali-husnain-brainx,https://github.com/ali-husnain-brainx,34652054,2017-12,16,58,1,2016–2018
hassaan-dev,https://github.com/hassaan-dev,34338953,2017-12,6,56,1,2016–2018
wqrana,https://github.com/wqrana,34522798,2017-12,9,54,1,2016–2018
Mohsin2686,https://github.com/Mohsin2686,34504229,2017-12,11,53,1,2016–2018
muzamilshahbaz,https://github.com/muzamilshahbaz,34721486,2017-12,10,53,1,2016–2018
faruqimuneeb,https://github.com/faruqimuneeb,34445160,2017-12,11,51,1,2016–2018
amirsavvy,https://github.com/amirsavvy,34218559,2017-12,29,50,1,2016–2018
ShahzadBashir,https://github.com/ShahzadBashir,34317002,2017-12,10,38,1,2016–2018
aslamhamza004,https://github.com/aslamhamza004,34625069,2017-12,12,36,1,2016–2018
ahmadshafique,https://github.com/ahmadshafique,34188745,2017-12,12,35,1,2016–2018
usman9114,https://github.com/usman9114,34581208,2017-12,10,30,1,2016–2018
umairliaqatali,https://github.com/umairliaqatali,34477437,2017-12,10,29,1,2016–2018
mhassam,https://github.com/mhassam,34833449,2017-12,8,27,1,2016–2018
shabazkhalid,https://github.com/shabazkhalid,34819295,2017-12,11,24,1,2016–2018
arslanrajput,https://github.com/arslanrajput,34910643,2017-12,14,23,1,2016–2018
harry8205,https://github.com/harry8205,34982983,2017-12,23,22,1,2016–2018
faizanafzal54,https://github.com/faizanafzal54,35985070,2018-01,7,1497805,1,2016–2018
obaidashfaq20,https://github.com/obaidashfaq20,35074155,2018-01,24,3613,1,2016–2018
thestackcoder,https://github.com/thestackcoder,35034320,2018-01,27,3072,1,2016–2018
hashirshoaeb,https://github.com/hashirshoaeb,35165481,2018-01,41,1265,1,2016–2018
thejawadali,https://github.com/thejawadali,35111495,2018-01,41,751,1,2016–2018
hamzamanzoor8234,https://github.com/hamzamanzoor8234,35131572,2018-01,57,621,1,2016–2018
hamza-iqbal,https://github.com/hamza-iqbal,35447092,2018-01,9,441,1,2016–2018
irtza33,https://github.com/irtza33,35235789,2018-01,13,396,1,2016–2018
zahid208,https://github.com/zahid208,35032673,2018-01,30,328,1,2016–2018
AzeemAli14,https://github.com/AzeemAli14,35036926,2018-01,50,243,1,2016–2018
Cyanide334,https://github.com/Cyanide334,35006051,2018-01,13,179,1,2016–2018
shobishani,https://github.com/shobishani,35090677,2018-01,20,174,1,2016–2018
Mutaharaslam,https://github.com/Mutaharaslam,35948170,2018-01,24,162,1,2016–2018
MShirazAhmad,https://github.com/MShirazAhmad,35538879,2018-01,46,156,1,2016–2018
NaaeemMalik,https://github.com/NaaeemMalik,35663485,2018-01,10,92,1,2016–2018
Ahmadh1,https://github.com/Ahmadh1,35145621,2018-01,30,88,1,2016–2018
ahmedanwar100,https://github.com/ahmedanwar100,35097422,2018-01,25,88,1,2016–2018
kashifjhanjaria,https://github.com/kashifjhanjaria,35094497,2018-01,29,86,1,2016–2018
Abdullahhameed,https://github.com/Abdullahhameed,35057845,2018-01,34,74,1,2016–2018
HusnainAslam,https://github.com/HusnainAslam,35519624,2018-01,11,68,1,2016–2018
Mohsinraza880,https://github.com/Mohsinraza880,35626099,2018-01,11,67,1,2016–2018
farhan101,https://github.com/farhan101,35829656,2018-01,6,62,1,2016–2018
aniqurrehman042,https://github.com/aniqurrehman042,35418807,2018-01,20,61,1,2016–2018
hassan475,https://github.com/hassan475,35660549,2018-01,17,58,1,2016–2018
ssaannwwaall,https://github.com/ssaannwwaall,35718539,2018-01,9,58,1,2016–2018
bbrali,https://github.com/bbrali,35129216,2018-01,10,51,1,2016–2018
BasitAmin,https://github.com/BasitAmin,35036635,2018-01,7,50,1,2016–2018
zaighumghazali,https://github.com/zaighumghazali,35923536,2018-01,8,46,1,2016–2018
Nokhaiz-haider,https://github.com/Nokhaiz-haider,35010013,2018-01,15,43,1,2016–2018
wallirashid,https://github.com/wallirashid,35719740,2018-01,25,40,1,2016–2018
WaleedNaveed,https://github.com/WaleedNaveed,35847314,2018-01,13,40,1,2016–2018
asad2597,https://github.com/asad2597,35697635,2018-01,10,39,1,2016–2018
maherAbubakar,https://github.com/maherAbubakar,35396978,2018-01,6,38,1,2016–2018
Raza889,https://github.com/Raza889,35452336,2018-01,15,34,1,2016–2018
HammadTufail,https://github.com/HammadTufail,35926452,2018-01,15,33,1,2016–2018
TechAbout,https://github.com/TechAbout,35007596,2018-01,37,31,1,2016–2018
AbdulHannanButt,https://github.com/AbdulHannanButt,35297041,2018-01,11,31,1,2016–2018
razigohar,https://github.com/razigohar,35684450,2018-01,8,23,1,2016–2018
FullStackkDev,https://github.com/FullStackkDev,36064269,2018-02,39,41026,1,2016–2018
iamawaisakram,https://github.com/iamawaisakram,36075652,2018-02,55,1062,1,2016–2018
AadiMalik,https://github.com/AadiMalik,36914160,2018-02,32,727,1,2016–2018
mustafakhokhar,https://github.com/mustafakhokhar,36676309,2018-02,13,443,1,2016–2018
emZubair,https://github.com/emZubair,36886070,2018-02,53,437,1,2016–2018
realshahiq,https://github.com/realshahiq,36496428,2018-02,17,427,1,2016–2018
Shahzaib342,https://github.com/Shahzaib342,36406476,2018-02,28,391,1,2016–2018
Junaidiqbal35,https://github.com/Junaidiqbal35,36359186,2018-02,61,368,1,2016–2018
106AbdulBasit,https://github.com/106AbdulBasit,36159918,2018-02,39,307,1,2016–2018
saif003,https://github.com/saif003,36731927,2018-02,8,287,1,2016–2018
ahsanGoheer,https://github.com/ahsanGoheer,36065735,2018-02,71,263,1,2016–2018
sayedbilalhussain,https://github.com/sayedbilalhussain,36416671,2018-02,13,260,1,2016–2018
usamabasharat,https://github.com/usamabasharat,36359558,2018-02,20,207,1,2016–2018
Irshad-Khan,https://github.com/Irshad-Khan,36558758,2018-02,51,184,1,2016–2018
shariqansari1819,https://github.com/shariqansari1819,36818105,2018-02,18,144,1,2016–2018
aliiqbal436,https://github.com/aliiqbal436,36224038,2018-02,25,140,1,2016–2018
Fahad300,https://github.com/Fahad300,36202033,2018-02,10,137,1,2016–2018
HassanXhaudhry,https://github.com/HassanXhaudhry,36174447,2018-02,28,134,1,2016–2018
mhmd-noman,https://github.com/mhmd-noman,36780231,2018-02,13,129,1,2016–2018
fahadtufail007,https://github.com/fahadtufail007,36541768,2018-02,20,117,1,2016–2018
abubakar491,https://github.com/abubakar491,36887009,2018-02,18,116,1,2016–2018
zararashraf,https://github.com/zararashraf,36181292,2018-02,17,91,1,2016–2018
1abdulhaseeb,https://github.com/1abdulhaseeb,36897158,2018-02,14,77,1,2016–2018
Rafiudin,https://github.com/Rafiudin,36598860,2018-02,26,73,1,2016–2018
muneebrana414,https://github.com/muneebrana414,36512513,2018-02,9,65,1,2016–2018
RanaRaaj,https://github.com/RanaRaaj,36886757,2018-02,12,63,1,2016–2018
waseemanwar1,https://github.com/waseemanwar1,36723089,2018-02,31,62,1,2016–2018
rehanaslam328,https://github.com/rehanaslam328,36721148,2018-02,20,53,1,2016–2018
UmerFrooq,https://github.com/UmerFrooq,36208310,2018-02,15,48,1,2016–2018
Nimra786,https://github.com/Nimra786,36774404,2018-02,10,46,1,2016–2018
1FahadShakeel,https://github.com/1FahadShakeel,36270297,2018-02,15,42,1,2016–2018
waqar1361,https://github.com/waqar1361,36884993,2018-02,6,42,1,2016–2018
AdilSikanderMiranz123,https://github.com/AdilSikanderMiranz123,36267425,2018-02,16,37,1,2016–2018
MrImranJaved,https://github.com/MrImranJaved,36789905,2018-02,95,35,1,2016–2018
Rashid1152,https://github.com/Rashid1152,36787638,2018-02,9,35,1,2016–2018
husnainyousaf88,https://github.com/husnainyousaf88,36299367,2018-02,17,34,1,2016–2018
Muazzam-Khokhar,https://github.com/Muazzam-Khokhar,36333228,2018-02,6,34,1,2016–2018
waqar354,https://github.com/waqar354,36369178,2018-02,11,33,1,2016–2018
fawadhasssan,https://github.com/fawadhasssan,36822428,2018-02,25,32,1,2016–2018
shakeel-khan-sial,https://github.com/shakeel-khan-sial,36134551,2018-02,14,30,1,2016–2018
FahadUllahKhan,https://github.com/FahadUllahKhan,36761211,2018-02,6,27,1,2016–2018
123light321,https://github.com/123light321,36398497,2018-02,12,26,1,2016–2018
MudassirAsghar22,https://github.com/MudassirAsghar22,36185733,2018-02,11,26,1,2016–2018
shahhassan018,https://github.com/shahhassan018,36438474,2018-02,12,24,1,2016–2018
FarooqTahir,https://github.com/FarooqTahir,36289436,2018-02,12,23,1,2016–2018
hassanfarooq644,https://github.com/hassanfarooq644,36379912,2018-02,6,23,1,2016–2018
MA-Ahmad,https://github.com/MA-Ahmad,37842853,2018-03,76,3882,1,2016–2018
abeel50,https://github.com/abeel50,37096740,2018-03,52,2478,1,2016–2018
ShehrozIrfan,https://github.com/ShehrozIrfan,36946330,2018-03,60,1194,1,2016–2018
NumanArshad,https://github.com/NumanArshad,37812712,2018-03,92,431,1,2016–2018
muhammadhaseebsohail,https://github.com/muhammadhaseebsohail,37294317,2018-03,78,410,1,2016–2018
salman-rafii,https://github.com/salman-rafii,37796342,2018-03,28,384,1,2016–2018
mohsin4li,https://github.com/mohsin4li,37651160,2018-03,20,307,1,2016–2018
danishshafiq030,https://github.com/danishshafiq030,37380879,2018-03,15,296,1,2016–2018
TayyabAslam123,https://github.com/TayyabAslam123,37731492,2018-03,44,255,1,2016–2018
Yousaf184,https://github.com/Yousaf184,37771791,2018-03,12,246,1,2016–2018
jawadulhassan,https://github.com/jawadulhassan,37399548,2018-03,42,211,1,2016–2018
aftabanjum4451,https://github.com/aftabanjum4451,37651181,2018-03,34,204,1,2016–2018
FurqanAnwar,https://github.com/FurqanAnwar,37766405,2018-03,14,200,1,2016–2018
rashidafzaal,https://github.com/rashidafzaal,37862752,2018-03,18,167,1,2016–2018
MehboobMaitla,https://github.com/MehboobMaitla,37031410,2018-03,38,155,1,2016–2018
FaizUlHassan123,https://github.com/FaizUlHassan123,37914870,2018-03,29,153,1,2016–2018
saadkhalidkhan,https://github.com/saadkhalidkhan,37332584,2018-03,31,150,1,2016–2018
umairgujjar,https://github.com/umairgujjar,37044171,2018-03,24,149,1,2016–2018
haider-kamran,https://github.com/haider-kamran,37815528,2018-03,25,144,1,2016–2018
zuhaibasad,https://github.com/zuhaibasad,37726791,2018-03,11,127,1,2016–2018
Shafaq19,https://github.com/Shafaq19,37625703,2018-03,21,124,1,2016–2018
jaweria321,https://github.com/jaweria321,36949053,2018-03,35,110,1,2016–2018
SalmanMalyk,https://github.com/SalmanMalyk,37849208,2018-03,26,109,1,2016–2018
waqar903,https://github.com/waqar903,37924887,2018-03,22,106,1,2016–2018
Awais9,https://github.com/Awais9,37929195,2018-03,9,93,1,2016–2018
hammad-rauf,https://github.com/hammad-rauf,37281617,2018-03,58,78,1,2016–2018
EVSMAZHAR,https://github.com/EVSMAZHAR,37352926,2018-03,57,68,1,2016–2018
bealinawaz,https://github.com/bealinawaz,37860902,2018-03,19,51,1,2016–2018
muhammadjawadofficial,https://github.com/muhammadjawadofficial,37437158,2018-03,12,50,1,2016–2018
kiani007,https://github.com/kiani007,37160333,2018-03,18,48,1,2016–2018
Malik-Abdulaziz-Akbar,https://github.com/Malik-Abdulaziz-Akbar,37701187,2018-03,17,48,1,2016–2018
UsaMaH11,https://github.com/UsaMaH11,37779044,2018-03,12,46,1,2016–2018
salman2151,https://github.com/salman2151,37214575,2018-03,8,45,1,2016–2018
alihaider121,https://github.com/alihaider121,37376691,2018-03,6,43,1,2016–2018
adilhussain003,https://github.com/adilhussain003,37101044,2018-03,6,42,1,2016–2018
sufyanraza66,https://github.com/sufyanraza66,37052078,2018-03,9,39,1,2016–2018
AffanAli,https://github.com/AffanAli,37137775,2018-03,12,36,1,2016–2018
MuhammadHarisAli,https://github.com/MuhammadHarisAli,37837560,2018-03,6,34,1,2016–2018
hmbilalriaz,https://github.com/hmbilalriaz,37171418,2018-03,8,30,1,2016–2018
htimran,https://github.com/htimran,37382050,2018-03,10,28,1,2016–2018
SaadSalman95,https://github.com/SaadSalman95,37036104,2018-03,6,23,1,2016–2018
786mab,https://github.com/786mab,37148143,2018-03,56,22,1,2016–2018
Atifhasnain,https://github.com/Atifhasnain,38203390,2018-04,67,9544,1,2016–2018
minahilhussain,https://github.com/minahilhussain,38785636,2018-04,22,1410,1,2016–2018
masadchattha,https://github.com/masadchattha,38839059,2018-04,48,789,1,2016–2018
NotTahaAli,https://github.com/NotTahaAli,38587607,2018-04,19,736,1,2016–2018
paxha,https://github.com/paxha,38579192,2018-04,24,721,1,2016–2018
Hassansajjad4it,https://github.com/Hassansajjad4it,38569672,2018-04,24,576,1,2016–2018
AliBabr,https://github.com/AliBabr,38595649,2018-04,14,571,1,2016–2018
muhammadshahbaz08,https://github.com/muhammadshahbaz08,38607213,2018-04,26,499,1,2016–2018
theumairtahir,https://github.com/theumairtahir,38358557,2018-04,89,491,1,2016–2018
malihamza,https://github.com/malihamza,38091732,2018-04,28,416,1,2016–2018
abdullahshafiq63,https://github.com/abdullahshafiq63,38658052,2018-04,14,413,1,2016–2018
madeeldev,https://github.com/madeeldev,38476650,2018-04,35,340,1,2016–2018
Adnan-Aashiq,https://github.com/Adnan-Aashiq,38394927,2018-04,20,290,1,2016–2018
FarhanShoukat,https://github.com/FarhanShoukat,38003319,2018-04,26,270,1,2016–2018
ashirali44,https://github.com/ashirali44,38634960,2018-04,28,263,1,2016–2018
Daniyal-Qureshi,https://github.com/Daniyal-Qureshi,38805792,2018-04,50,261,1,2016–2018
razibaig,https://github.com/razibaig,38754771,2018-04,21,226,1,2016–2018
wasihaider,https://github.com/wasihaider,38087038,2018-04,7,216,1,2016–2018
mazam1573,https://github.com/mazam1573,38784568,2018-04,72,194,1,2016–2018
naumanm355,https://github.com/naumanm355,38404779,2018-04,31,178,1,2016–2018
IsmaeelGoraya,https://github.com/IsmaeelGoraya,38508376,2018-04,8,158,1,2016–2018
Shaheerramzan,https://github.com/Shaheerramzan,38084480,2018-04,18,154,1,2016–2018
nabeelasjid1,https://github.com/nabeelasjid1,38663040,2018-04,38,149,1,2016–2018
ahmadh2d,https://github.com/ahmadh2d,38376104,2018-04,20,140,1,2016–2018
sakulachi8,https://github.com/sakulachi8,38859127,2018-04,29,130,1,2016–2018
usmankhandev,https://github.com/usmankhandev,38478718,2018-04,53,117,1,2016–2018
IrtazaHussain1,https://github.com/IrtazaHussain1,38260167,2018-04,20,115,1,2016–2018
ialihaider75,https://github.com/ialihaider75,38242769,2018-04,15,111,1,2016–2018
sulemankhalid128,https://github.com/sulemankhalid128,38862324,2018-04,19,102,1,2016–2018
mtaha3249,https://github.com/mtaha3249,38559882,2018-04,13,99,1,2016–2018
Aamirkhan10218,https://github.com/Aamirkhan10218,38729443,2018-04,29,91,1,2016–2018
danish-NW12,https://github.com/danish-NW12,38202502,2018-04,51,83,1,2016–2018
MuhammadTahseenurRehman,https://github.com/MuhammadTahseenurRehman,38027842,2018-04,25,81,1,2016–2018
hamidu34,https://github.com/hamidu34,37995827,2018-04,24,81,1,2016–2018
mehdi514,https://github.com/mehdi514,38223998,2018-04,16,81,1,2016–2018
ProProgrammer15,https://github.com/ProProgrammer15,38700727,2018-04,16,81,1,2016–2018
Nadeem035,https://github.com/Nadeem035,38680072,2018-04,32,69,1,2016–2018
ahmadamjad09,https://github.com/ahmadamjad09,38067967,2018-04,10,59,1,2016–2018
muneebahmad0600,https://github.com/muneebahmad0600,38345528,2018-04,16,56,1,2016–2018
nabeelawan00,https://github.com/nabeelawan00,38720624,2018-04,8,48,1,2016–2018
hafsayasin2018,https://github.com/hafsayasin2018,38451915,2018-04,13,45,1,2016–2018
muhammad-umair-brainx,https://github.com/muhammad-umair-brainx,38714630,2018-04,12,45,1,2016–2018
umairbajwa,https://github.com/umairbajwa,38785717,2018-04,28,44,1,2016–2018
aalishanjami,https://github.com/aalishanjami,38133947,2018-04,23,40,1,2016–2018
iamsaadvirk,https://github.com/iamsaadvirk,38689830,2018-04,11,40,1,2016–2018
awdil,https://github.com/awdil,38063514,2018-04,16,36,1,2016–2018
Iqra-Mumtax,https://github.com/Iqra-Mumtax,38084355,2018-04,11,28,1,2016–2018
SyedAhmad49,https://github.com/SyedAhmad49,38759030,2018-04,9,25,1,2016–2018
alichampion,https://github.com/alichampion,38204661,2018-04,33,22,1,2016–2018
ahmadrazach,https://github.com/ahmadrazach,39387314,2018-05,51,1121,1,2016–2018
umarraza,https://github.com/umarraza,38977209,2018-05,20,410,1,2016–2018
ansargondal,https://github.com/ansargondal,39655343,2018-05,15,364,1,2016–2018
aleeraza12,https://github.com/aleeraza12,39170898,2018-05,22,333,1,2016–2018
umersaeed81h,https://github.com/umersaeed81h,38946298,2018-05,14,290,1,2016–2018
Shahid412,https://github.com/Shahid412,38976943,2018-05,43,280,1,2016–2018
meetmuhammad,https://github.com/meetmuhammad,39131385,2018-05,24,210,1,2016–2018
DANYALAHMED94,https://github.com/DANYALAHMED94,39615296,2018-05,9,204,1,2016–2018
raiamna0,https://github.com/raiamna0,38879011,2018-05,31,183,1,2016–2018
shakayhere,https://github.com/shakayhere,39100981,2018-05,22,147,1,2016–2018
Ayyan420,https://github.com/Ayyan420,39267085,2018-05,20,122,1,2016–2018
ijazalideveloper,https://github.com/ijazalideveloper,39155275,2018-05,7,114,1,2016–2018
im-amir,https://github.com/im-amir,39588645,2018-05,21,112,1,2016–2018
algo-encoders,https://github.com/algo-encoders,39210426,2018-05,36,106,1,2016–2018
khalilahmd,https://github.com/khalilahmd,39052310,2018-05,11,99,1,2016–2018
sulemaanhamza,https://github.com/sulemaanhamza,39214679,2018-05,15,97,1,2016–2018
adeelghumman,https://github.com/adeelghumman,39371745,2018-05,18,93,1,2016–2018
IAMNABEEL,https://github.com/IAMNABEEL,39550162,2018-05,13,91,1,2016–2018
AfzaalQader,https://github.com/AfzaalQader,38922111,2018-05,24,87,1,2016–2018
waqarumer,https://github.com/waqarumer,39170484,2018-05,14,83,1,2016–2018
awaisdevm,https://github.com/awaisdevm,39625632,2018-05,12,83,1,2016–2018
Jibran1998,https://github.com/Jibran1998,39130889,2018-05,25,81,1,2016–2018
farah321,https://github.com/farah321,39621543,2018-05,10,81,1,2016–2018
usmanakmalcs,https://github.com/usmanakmalcs,39236634,2018-05,21,68,1,2016–2018
naeem2290,https://github.com/naeem2290,39695795,2018-05,14,64,1,2016–2018
kaleemullahmoon,https://github.com/kaleemullahmoon,39799781,2018-05,37,63,1,2016–2018
mr-aybee,https://github.com/mr-aybee,39078635,2018-05,16,50,1,2016–2018
brightbhutta,https://github.com/brightbhutta,39510752,2018-05,45,47,1,2016–2018
OmerAtiq,https://github.com/OmerAtiq,39440135,2018-05,9,41,1,2016–2018
ms-masood,https://github.com/ms-masood,39122869,2018-05,12,33,1,2016–2018
amirwahla,https://github.com/amirwahla,39020081,2018-05,16,29,1,2016–2018
ahmed-buksh,https://github.com/ahmed-buksh,38909200,2018-05,8,28,1,2016–2018
junaidsarwarpk,https://github.com/junaidsarwarpk,38899195,2018-05,7,27,1,2016–2018
urwahumer,https://github.com/urwahumer,38886616,2018-05,10,26,1,2016–2018
aneelabashir,https://github.com/aneelabashir,39691657,2018-05,9,22,1,2016–2018
Mukarram-1,https://github.com/Mukarram-1,40638674,2018-06,22,3017,1,2016–2018
hamza-saqib,https://github.com/hamza-saqib,40230169,2018-06,45,704,1,2016–2018
assohail,https://github.com/assohail,40453975,2018-06,60,696,1,2016–2018
mujtaba-saboor,https://github.com/mujtaba-saboor,39899184,2018-06,11,608,1,2016–2018
mehran108,https://github.com/mehran108,40468352,2018-06,18,541,1,2016–2018
shahbazshoukat,https://github.com/shahbazshoukat,40296298,2018-06,11,406,1,2016–2018
rxalimurad,https://github.com/rxalimurad,40003230,2018-06,29,405,1,2016–2018
faizan3165,https://github.com/faizan3165,39873595,2018-06,58,382,1,2016–2018
markhaur,https://github.com/markhaur,40026186,2018-06,34,339,1,2016–2018
AsadKhalil,https://github.com/AsadKhalil,40663983,2018-06,44,299,1,2016–2018
Maleehak,https://github.com/Maleehak,39943018,2018-06,31,253,1,2016–2018
MunimIftikhar,https://github.com/MunimIftikhar,40567828,2018-06,31,216,1,2016–2018
ShafqatAliRafaqat,https://github.com/ShafqatAliRafaqat,40540478,2018-06,43,189,1,2016–2018
xorostar,https://github.com/xorostar,40715170,2018-06,52,183,1,2016–2018
abdulmuqeet1,https://github.com/abdulmuqeet1,39890909,2018-06,19,173,1,2016–2018
awaiskazmi,https://github.com/awaiskazmi,40502100,2018-06,14,163,1,2016–2018
muhammadirfandev,https://github.com/muhammadirfandev,40514051,2018-06,23,146,1,2016–2018
muneeb50,https://github.com/muneeb50,40180015,2018-06,20,130,1,2016–2018
SajjadAliZaidi,https://github.com/SajjadAliZaidi,40227896,2018-06,21,113,1,2016–2018
sohaibaslam,https://github.com/sohaibaslam,40566755,2018-06,10,110,1,2016–2018
mfaisal59,https://github.com/mfaisal59,40632568,2018-06,9,99,1,2016–2018
muhammadhamxa1,https://github.com/muhammadhamxa1,40244379,2018-06,19,98,1,2016–2018
shakeelnasrullah,https://github.com/shakeelnasrullah,40653745,2018-06,15,90,1,2016–2018
teenaxta,https://github.com/teenaxta,40537445,2018-06,20,74,1,2016–2018
Adnan5000,https://github.com/Adnan5000,40514554,2018-06,6,72,1,2016–2018
tayyabgoose,https://github.com/tayyabgoose,40181908,2018-06,7,71,1,2016–2018
talhaitexpert,https://github.com/talhaitexpert,40380763,2018-06,20,62,1,2016–2018
umar-daraz-techverx,https://github.com/umar-daraz-techverx,39954535,2018-06,81,59,1,2016–2018
hazimbinijaz,https://github.com/hazimbinijaz,40684815,2018-06,13,59,1,2016–2018
HamzaBilal527,https://github.com/HamzaBilal527,40301424,2018-06,16,54,1,2016–2018
MianAsadullah,https://github.com/MianAsadullah,40606525,2018-06,25,53,1,2016–2018
SD-Khan,https://github.com/SD-Khan,39886711,2018-06,6,43,1,2016–2018
CodeTalker007,https://github.com/CodeTalker007,40020293,2018-06,12,42,1,2016–2018
aleemjamil,https://github.com/aleemjamil,40163459,2018-06,10,42,1,2016–2018
sultan-haider,https://github.com/sultan-haider,40316175,2018-06,9,34,1,2016–2018
munawarAshlar17,https://github.com/munawarAshlar17,40594398,2018-06,6,26,1,2016–2018
musmanilyas,https://github.com/musmanilyas,40567542,2018-06,10,25,1,2016–2018
MNMaqsood,https://github.com/MNMaqsood,40123300,2018-06,10,23,1,2016–2018
mhassan4641,https://github.com/mhassan4641,40346261,2018-06,19,22,1,2016–2018
aflat0o0n,https://github.com/aflat0o0n,40789088,2018-07,6,2678,1,2016–2018
ihusnainalii,https://github.com/ihusnainalii,41187664,2018-07,340,1089,1,2016–2018
moizchauhdry,https://github.com/moizchauhdry,40860743,2018-07,12,875,1,2016–2018
MNADEEMCH,https://github.com/MNADEEMCH,41412759,2018-07,9,737,1,2016–2018
zeeshanweb-official,https://github.com/zeeshanweb-official,41875129,2018-07,78,672,1,2016–2018
UsamaSadiq,https://github.com/UsamaSadiq,41958659,2018-07,13,570,1,2016–2018
AliWisam,https://github.com/AliWisam,41972437,2018-07,224,522,1,2016–2018
goharattiq,https://github.com/goharattiq,41502110,2018-07,24,504,1,2016–2018
dawoodaijaz97,https://github.com/dawoodaijaz97,41577025,2018-07,31,461,1,2016–2018
detroit007,https://github.com/detroit007,41494244,2018-07,23,372,1,2016–2018
usman-maqbool,https://github.com/usman-maqbool,40736258,2018-07,52,292,1,2016–2018
umairansar,https://github.com/umairansar,41548595,2018-07,24,262,1,2016–2018
mustafashykh,https://github.com/mustafashykh,41143843,2018-07,43,234,1,2016–2018
shahrukh-ijaz,https://github.com/shahrukh-ijaz,41616030,2018-07,22,232,1,2016–2018
iamfzii,https://github.com/iamfzii,41945860,2018-07,10,187,1,2016–2018
tahir-jamil,https://github.com/tahir-jamil,40952630,2018-07,54,177,1,2016–2018
rizwanmanzoor,https://github.com/rizwanmanzoor,41851419,2018-07,19,164,1,2016–2018
ikramkhizer,https://github.com/ikramkhizer,40732015,2018-07,13,157,1,2016–2018
imhamzaimran,https://github.com/imhamzaimran,40744095,2018-07,15,143,1,2016–2018
BurhanAtique,https://github.com/BurhanAtique,41119179,2018-07,14,121,1,2016–2018
hamza-56,https://github.com/hamza-56,41573849,2018-07,33,108,1,2016–2018
UmerYasin1,https://github.com/UmerYasin1,40846948,2018-07,22,108,1,2016–2018
saqlainrasheed,https://github.com/saqlainrasheed,41280524,2018-07,26,105,1,2016–2018
harib475,https://github.com/harib475,41010988,2018-07,26,98,1,2016–2018
mohsiniqbalcui,https://github.com/mohsiniqbalcui,41267719,2018-07,114,97,1,2016–2018
mybringback22,https://github.com/mybringback22,41610039,2018-07,7,76,1,2016–2018
mobeen887,https://github.com/mobeen887,41565155,2018-07,21,68,1,2016–2018
Faisal700,https://github.com/Faisal700,41481034,2018-07,6,66,1,2016–2018
saqibkhan2523,https://github.com/saqibkhan2523,41151726,2018-07,23,64,1,2016–2018
abd612,https://github.com/abd612,40907265,2018-07,25,63,1,2016–2018
NumanRJ,https://github.com/NumanRJ,40766650,2018-07,63,50,1,2016–2018
manzoor77,https://github.com/manzoor77,40731682,2018-07,27,50,1,2016–2018
DanishShafi,https://github.com/DanishShafi,41150679,2018-07,20,50,1,2016–2018
muhsinahm,https://github.com/muhsinahm,40764716,2018-07,11,50,1,2016–2018
abbasdevelopers,https://github.com/abbasdevelopers,41482947,2018-07,23,43,1,2016–2018
theabdul129,https://github.com/theabdul129,40855311,2018-07,12,43,1,2016–2018
sardarahmedkhan505,https://github.com/sardarahmedkhan505,40921085,2018-07,21,38,1,2016–2018
muneebriaz,https://github.com/muneebriaz,41466852,2018-07,18,29,1,2016–2018
danialmalik,https://github.com/danialmalik,42166091,2018-08,90,833,1,2016–2018
talhafayyaz123,https://github.com/talhafayyaz123,42764771,2018-08,23,715,1,2016–2018
usman1100,https://github.com/usman1100,42866718,2018-08,22,512,1,2016–2018
hammadbinsajjad,https://github.com/hammadbinsajjad,42431919,2018-08,36,416,1,2016–2018
MDanialSaleem,https://github.com/MDanialSaleem,42477240,2018-08,13,376,1,2016–2018
usmanghulam,https://github.com/usmanghulam,42275178,2018-08,29,360,1,2016–2018
Hbrehman,https://github.com/Hbrehman,42462183,2018-08,23,347,1,2016–2018
asyncvibe,https://github.com/asyncvibe,42043633,2018-08,60,328,1,2016–2018
mail2chromium,https://github.com/mail2chromium,42235538,2018-08,16,294,1,2016–2018
hamza12233,https://github.com/hamza12233,42089365,2018-08,7,277,1,2016–2018
Noumannomi123,https://github.com/Noumannomi123,42030674,2018-08,28,270,1,2016–2018
Muzzamil75,https://github.com/Muzzamil75,42649485,2018-08,24,245,1,2016–2018
mumarkhan999,https://github.com/mumarkhan999,42294172,2018-08,68,224,1,2016–2018
haiderali171,https://github.com/haiderali171,42643626,2018-08,9,189,1,2016–2018
Aanish97,https://github.com/Aanish97,42184311,2018-08,33,187,1,2016–2018
FarooqBukhari,https://github.com/FarooqBukhari,42795245,2018-08,10,181,1,2016–2018
zzuun,https://github.com/zzuun,42733934,2018-08,23,178,1,2016–2018
mdsulemanr,https://github.com/mdsulemanr,42205023,2018-08,18,172,1,2016–2018
aizaz58,https://github.com/aizaz58,42834056,2018-08,24,135,1,2016–2018
Tooba3Naseer,https://github.com/Tooba3Naseer,42033832,2018-08,11,134,1,2016–2018
moeedcodes,https://github.com/moeedcodes,42123103,2018-08,8,134,1,2016–2018
Codingmasster,https://github.com/Codingmasster,42047968,2018-08,26,125,1,2016–2018
alihassan-info,https://github.com/alihassan-info,42827660,2018-08,69,97,1,2016–2018
MNouman9,https://github.com/MNouman9,42667913,2018-08,16,93,1,2016–2018
numanijaz119,https://github.com/numanijaz119,42541576,2018-08,11,90,1,2016–2018
MuhamadAlee,https://github.com/MuhamadAlee,42331561,2018-08,16,89,1,2016–2018
JunaidJaved248,https://github.com/JunaidJaved248,42333336,2018-08,52,76,1,2016–2018
abdullahwaheed,https://github.com/abdullahwaheed,42172960,2018-08,21,72,1,2016–2018
HaiderRizvi993,https://github.com/HaiderRizvi993,42101438,2018-08,16,69,1,2016–2018
shahzaibalidev,https://github.com/shahzaibalidev,42471684,2018-08,8,57,1,2016–2018
muhammadali286,https://github.com/muhammadali286,42408263,2018-08,13,54,1,2016–2018
smsajjadzaidi,https://github.com/smsajjadzaidi,42830344,2018-08,17,52,1,2016–2018
aaaintegrations,https://github.com/aaaintegrations,42415906,2018-08,8,42,1,2016–2018
shahrukhijaz31,https://github.com/shahrukhijaz31,42470652,2018-08,18,40,1,2016–2018
faisii,https://github.com/faisii,42357170,2018-08,14,39,1,2016–2018
AliHassanUOS,https://github.com/AliHassanUOS,42064199,2018-08,23,38,1,2016–2018
fahad-shawal,https://github.com/fahad-shawal,42406925,2018-08,6,38,1,2016–2018
nabeel-zubair,https://github.com/nabeel-zubair,42337674,2018-08,7,33,1,2016–2018
amnsr17,https://github.com/amnsr17,42863139,2018-08,6,33,1,2016–2018
khadijahafeez,https://github.com/khadijahafeez,42414304,2018-08,7,28,1,2016–2018
tanveer-pucit,https://github.com/tanveer-pucit,42764591,2018-08,12,27,1,2016–2018
hammad99885,https://github.com/hammad99885,42814505,2018-08,8,27,1,2016–2018
hwaliashraf,https://github.com/hwaliashraf,42206696,2018-08,6,26,1,2016–2018
arbabkhan7901,https://github.com/arbabkhan7901,42472611,2018-08,12,24,1,2016–2018
abdulsamad17,https://github.com/abdulsamad17,42313243,2018-08,11,23,1,2016–2018
moeezsaiyam,https://github.com/moeezsaiyam,42515773,2018-08,10,22,1,2016–2018
aliwaqar981,https://github.com/aliwaqar981,43547698,2018-09,28,24144,1,2016–2018
in-techouse,https://github.com/in-techouse,43533388,2018-09,37,1534,2,2018–2019
hamza-choudhary,https://github.com/hamza-choudhary,43321236,2018-09,38,1128,2,2018–2019
Najeebahmed11,https://github.com/Najeebahmed11,43084585,2018-09,61,696,2,2018–2019
MuhammadZeeshanAshraf,https://github.com/MuhammadZeeshanAshraf,43716301,2018-09,74,693,2,2018–2019
ahmadnoorniazi,https://github.com/ahmadnoorniazi,43009813,2018-09,58,521,2,2018–2019
ArqumFarooq,https://github.com/ArqumFarooq,43130175,2018-09,34,484,2,2018–2019
Touseef-ahmad,https://github.com/Touseef-ahmad,43235697,2018-09,43,356,2,2018–2019
mudasir3,https://github.com/mudasir3,43152151,2018-09,56,341,2,2018–2019
veonim,https://github.com/veonim,42927914,2018-09,40,308,2,2018–2019
mawaissaeed,https://github.com/mawaissaeed,43026684,2018-09,22,307,2,2018–2019
mfakharealam,https://github.com/mfakharealam,43419750,2018-09,33,256,2,2018–2019
Abtaha,https://github.com/Abtaha,43382762,2018-09,36,223,2,2018–2019
hamzawaleed0102,https://github.com/hamzawaleed0102,43571677,2018-09,20,184,2,2018–2019
faheemmalik11,https://github.com/faheemmalik11,43372555,2018-09,21,178,2,2018–2019
Hammad5626,https://github.com/Hammad5626,43605789,2018-09,11,168,2,2018–2019
aurangg,https://github.com/aurangg,43051547,2018-09,12,156,2,2018–2019
usm076,https://github.com/usm076,43332999,2018-09,18,149,2,2018–2019
Alishan-1,https://github.com/Alishan-1,43717880,2018-09,12,145,2,2018–2019
JafeelKhanZada,https://github.com/JafeelKhanZada,43251309,2018-09,26,139,2,2018–2019
MatloobAltaf,https://github.com/MatloobAltaf,43729293,2018-09,28,127,2,2018–2019
salman240,https://github.com/salman240,43170920,2018-09,51,126,2,2018–2019
SaadShoaib,https://github.com/SaadShoaib,43353837,2018-09,29,116,2,2018–2019
nax4t,https://github.com/nax4t,43629116,2018-09,21,111,2,2018–2019
SohaibAli9,https://github.com/SohaibAli9,43256484,2018-09,17,105,2,2018–2019
shaeelabbas96,https://github.com/shaeelabbas96,43287467,2018-09,21,98,2,2018–2019
nadeem01,https://github.com/nadeem01,43214763,2018-09,16,88,2,2018–2019
AttayRasool,https://github.com/AttayRasool,43139224,2018-09,28,84,2,2018–2019
RaeedAsif,https://github.com/RaeedAsif,43045102,2018-09,14,82,2,2018–2019
muhammadmoiza,https://github.com/muhammadmoiza,43073474,2018-09,9,80,2,2018–2019
Goosho,https://github.com/Goosho,43430590,2018-09,22,77,2,2018–2019
aeceshfq,https://github.com/aeceshfq,43481625,2018-09,18,73,2,2018–2019
zain-ali-dev,https://github.com/zain-ali-dev,43292565,2018-09,11,73,2,2018–2019
adeeljt,https://github.com/adeeljt,43661036,2018-09,9,72,2,2018–2019
khurram40,https://github.com/khurram40,43464947,2018-09,30,70,2,2018–2019
Hassaangithub,https://github.com/Hassaangithub,43084152,2018-09,7,64,2,2018–2019
talhajunaid63,https://github.com/talhajunaid63,42940312,2018-09,10,63,2,2018–2019
alikamranch,https://github.com/alikamranch,43109679,2018-09,9,63,2,2018–2019
arqambinrehan,https://github.com/arqambinrehan,43051032,2018-09,16,60,2,2018–2019
hamzasafdar01,https://github.com/hamzasafdar01,42969550,2018-09,15,56,2,2018–2019
itahirmasood,https://github.com/itahirmasood,43320483,2018-09,26,51,2,2018–2019
bcsf17m543,https://github.com/bcsf17m543,43643519,2018-09,36,44,2,2018–2019
ZishaanAhmad,https://github.com/ZishaanAhmad,43702439,2018-09,16,44,2,2018–2019
codelignitor,https://github.com/codelignitor,43165945,2018-09,17,43,2,2018–2019
ali22gali,https://github.com/ali22gali,43200200,2018-09,24,40,2,2018–2019
mohammedrehman33,https://github.com/mohammedrehman33,43561419,2018-09,12,39,2,2018–2019
MuhammadWaseem9579,https://github.com/MuhammadWaseem9579,43707527,2018-09,6,39,2,2018–2019
waqaswaseer,https://github.com/waqaswaseer,42886614,2018-09,10,38,2,2018–2019
hafizjee,https://github.com/hafizjee,43178443,2018-09,16,36,2,2018–2019
SikoVerilog,https://github.com/SikoVerilog,43127720,2018-09,9,36,2,2018–2019
moazzam-qureshi,https://github.com/moazzam-qureshi,43521491,2018-09,7,34,2,2018–2019
nottahagilani,https://github.com/nottahagilani,43296138,2018-09,6,29,2,2018–2019
khadijatabassum1,https://github.com/khadijatabassum1,43231687,2018-09,32,28,2,2018–2019
usamach85,https://github.com/usamach85,43116869,2018-09,6,28,2,2018–2019
mahmedbutt,https://github.com/mahmedbutt,43074599,2018-09,22,27,2,2018–2019
Hassan14003,https://github.com/Hassan14003,42908914,2018-09,19,27,2,2018–2019
markhor1999,https://github.com/markhor1999,42957228,2018-09,37,25,2,2018–2019
KainatAslam,https://github.com/KainatAslam,43731071,2018-09,9,22,2,2018–2019
fahadashiq12,https://github.com/fahadashiq12,44393684,2018-10,194,2156,2,2018–2019
codeqasim,https://github.com/codeqasim,44278286,2018-10,147,2074,2,2018–2019
ammar299,https://github.com/ammar299,43796948,2018-10,23,1425,2,2018–2019
iamhassanmasood,https://github.com/iamhassanmasood,44364329,2018-10,63,1070,2,2018–2019
zeeshansafdar48,https://github.com/zeeshansafdar48,44399893,2018-10,34,967,2,2018–2019
mshahzaib1629,https://github.com/mshahzaib1629,44423562,2018-10,64,468,2,2018–2019
rishat5081,https://github.com/rishat5081,43773752,2018-10,29,455,2,2018–2019
UsamaKhushnood,https://github.com/UsamaKhushnood,44152071,2018-10,41,437,2,2018–2019
abdualRehman,https://github.com/abdualRehman,43822653,2018-10,30,407,2,2018–2019
faixan23,https://github.com/faixan23,43760911,2018-10,19,402,2,2018–2019
SheharyarAnwar,https://github.com/SheharyarAnwar,43964105,2018-10,47,370,2,2018–2019
asifahsaan,https://github.com/asifahsaan,44509822,2018-10,40,344,2,2018–2019
DeathNet123,https://github.com/DeathNet123,44554334,2018-10,22,339,2,2018–2019
waqasmustafa,https://github.com/waqasmustafa,44637432,2018-10,34,330,2,2018–2019
wasay048,https://github.com/wasay048,44596579,2018-10,12,315,2,2018–2019
sheikh-bilal,https://github.com/sheikh-bilal,44543819,2018-10,24,295,2,2018–2019
UmairMirza1,https://github.com/UmairMirza1,44190606,2018-10,24,283,2,2018–2019
sabir-1,https://github.com/sabir-1,44398067,2018-10,10,281,2,2018–2019
farrukhras,https://github.com/farrukhras,43905121,2018-10,23,261,2,2018–2019
Mwaseemzakir,https://github.com/Mwaseemzakir,44539744,2018-10,11,247,2,2018–2019
engrghulamali,https://github.com/engrghulamali,44402785,2018-10,56,205,2,2018–2019
MansoorUmer,https://github.com/MansoorUmer,44344456,2018-10,10,194,2,2018–2019
engrinzamam,https://github.com/engrinzamam,44340734,2018-10,14,189,2,2018–2019
m-sabih,https://github.com/m-sabih,44111978,2018-10,24,179,2,2018–2019
fazalrai,https://github.com/fazalrai,44302504,2018-10,22,175,2,2018–2019
AqeelAaqi,https://github.com/AqeelAaqi,44490854,2018-10,19,162,2,2018–2019
ProITDeveloper,https://github.com/ProITDeveloper,44401041,2018-10,13,138,2,2018–2019
bilal1203,https://github.com/bilal1203,44605014,2018-10,12,127,2,2018–2019
usmanisofficial,https://github.com/usmanisofficial,44544860,2018-10,17,118,2,2018–2019
MujeebUrRehmanKhan,https://github.com/MujeebUrRehmanKhan,44405642,2018-10,6,118,2,2018–2019
Unvohra,https://github.com/Unvohra,44435041,2018-10,9,112,2,2018–2019
Aazka,https://github.com/Aazka,44495305,2018-10,24,99,2,2018–2019
HassanFCS,https://github.com/HassanFCS,44069225,2018-10,11,98,2,2018–2019
arknamal,https://github.com/arknamal,44089922,2018-10,7,98,2,2018–2019
usamamohsin2113,https://github.com/usamamohsin2113,43842610,2018-10,13,92,2,2018–2019
Zohaib-Javed,https://github.com/Zohaib-Javed,43737540,2018-10,8,80,2,2018–2019
shiza-arslan,https://github.com/shiza-arslan,44635618,2018-10,6,76,2,2018–2019
sm1gr8,https://github.com/sm1gr8,44205839,2018-10,10,75,2,2018–2019
harissadaqat,https://github.com/harissadaqat,44143933,2018-10,11,71,2,2018–2019
saqibs98,https://github.com/saqibs98,44200707,2018-10,12,66,2,2018–2019
IkramKhanNiazi,https://github.com/IkramKhanNiazi,44160462,2018-10,12,64,2,2018–2019
shakaib-arif,https://github.com/shakaib-arif,43804012,2018-10,11,62,2,2018–2019
amirhameed,https://github.com/amirhameed,44427575,2018-10,8,61,2,2018–2019
usman0388,https://github.com/usman0388,44601684,2018-10,15,59,2,2018–2019
SufyanQadeer,https://github.com/SufyanQadeer,44398138,2018-10,9,59,2,2018–2019
syedmeharalishah,https://github.com/syedmeharalishah,44433507,2018-10,7,49,2,2018–2019
anwaarul,https://github.com/anwaarul,44162384,2018-10,9,46,2,2018–2019
AsfandYar2,https://github.com/AsfandYar2,43804517,2018-10,14,42,2,2018–2019
nomanabid2016,https://github.com/nomanabid2016,44409771,2018-10,20,41,2,2018–2019
iamalihamza,https://github.com/iamalihamza,44543611,2018-10,6,39,2,2018–2019
danisid404,https://github.com/danisid404,44109978,2018-10,7,38,2,2018–2019
afaqch115,https://github.com/afaqch115,44061109,2018-10,14,36,2,2018–2019
fahadtahir1,https://github.com/fahadtahir1,44495451,2018-10,15,34,2,2018–2019
MZS-Git,https://github.com/MZS-Git,44111449,2018-10,6,31,2,2018–2019
Basitshaabaz,https://github.com/Basitshaabaz,44444909,2018-10,18,27,2,2018–2019
usamaabutt,https://github.com/usamaabutt,44516486,2018-10,14,21,2,2018–2019
abdullahdevelops,https://github.com/abdullahdevelops,44782056,2018-11,19,3370,2,2018–2019
jazimabbas,https://github.com/jazimabbas,44744039,2018-11,42,850,2,2018–2019
waliabdul144,https://github.com/waliabdul144,45476042,2018-11,28,790,2,2018–2019
hassanhamza930,https://github.com/hassanhamza930,45227042,2018-11,21,745,2,2018–2019
muqeetmughal,https://github.com/muqeetmughal,44946691,2018-11,154,706,2,2018–2019
abdulrafey183,https://github.com/abdulrafey183,45163447,2018-11,20,553,2,2018–2019
bakrrrrr,https://github.com/bakrrrrr,45357601,2018-11,62,485,2,2018–2019
shehzarr,https://github.com/shehzarr,45310787,2018-11,35,421,2,2018–2019
Moiz1524,https://github.com/Moiz1524,45170413,2018-11,52,361,2,2018–2019
QasimJaffry,https://github.com/QasimJaffry,45127014,2018-11,28,337,2,2018–2019
abdullah0307,https://github.com/abdullah0307,44797454,2018-11,52,312,2,2018–2019
MBadarr,https://github.com/MBadarr,44946634,2018-11,14,249,2,2018–2019
starwalker12,https://github.com/starwalker12,44929437,2018-11,23,235,2,2018–2019
haseebasim,https://github.com/haseebasim,45163316,2018-11,28,227,2,2018–2019
zulkifelff,https://github.com/zulkifelff,45070594,2018-11,17,224,2,2018–2019
Naveed333,https://github.com/Naveed333,45207328,2018-11,25,175,2,2018–2019
Syed-Hassan-Raza,https://github.com/Syed-Hassan-Raza,45295410,2018-11,21,175,2,2018–2019
ali-tx,https://github.com/ali-tx,45204357,2018-11,12,161,2,2018–2019
MamoonTariq,https://github.com/MamoonTariq,44664610,2018-11,14,149,2,2018–2019
zeerakt,https://github.com/zeerakt,45472756,2018-11,66,141,2,2018–2019
hassan-dev,https://github.com/hassan-dev,45118917,2018-11,19,124,2,2018–2019
Junaidejaz111,https://github.com/Junaidejaz111,45161344,2018-11,9,113,2,2018–2019
abdul-muhamin,https://github.com/abdul-muhamin,45276640,2018-11,15,104,2,2018–2019
zaheer-bashir,https://github.com/zaheer-bashir,45309386,2018-11,8,101,2,2018–2019
arsx9,https://github.com/arsx9,45168557,2018-11,13,98,2,2018–2019
hktime9,https://github.com/hktime9,44712629,2018-11,14,93,2,2018–2019
usmanjoiya,https://github.com/usmanjoiya,45451919,2018-11,25,91,2,2018–2019
mustaqeem302,https://github.com/mustaqeem302,45351057,2018-11,7,83,2,2018–2019
khaw235,https://github.com/khaw235,44757833,2018-11,22,76,2,2018–2019
tahir-aslam,https://github.com/tahir-aslam,45305675,2018-11,11,69,2,2018–2019
Faheemuaf,https://github.com/Faheemuaf,45369831,2018-11,20,55,2,2018–2019
Umar888,https://github.com/Umar888,44860615,2018-11,15,55,2,2018–2019
RanaKhalid123,https://github.com/RanaKhalid123,45462819,2018-11,16,53,2,2018–2019
qaiser1996,https://github.com/qaiser1996,45069268,2018-11,12,53,2,2018–2019
mdameerhamza,https://github.com/mdameerhamza,44665193,2018-11,47,50,2,2018–2019
SaibAliK,https://github.com/SaibAliK,44877834,2018-11,13,50,2,2018–2019
raveedahmad,https://github.com/raveedahmad,45259686,2018-11,13,49,2,2018–2019
mudassir-sultan,https://github.com/mudassir-sultan,44690782,2018-11,10,45,2,2018–2019
Zakria-K,https://github.com/Zakria-K,45489630,2018-11,7,44,2,2018–2019
uqayyum-zz,https://github.com/uqayyum-zz,44831055,2018-11,6,43,2,2018–2019
WaqarRaza,https://github.com/WaqarRaza,44795942,2018-11,10,42,2,2018–2019
K8shi,https://github.com/K8shi,45180317,2018-11,8,38,2,2018–2019
latif165,https://github.com/latif165,44716334,2018-11,7,37,2,2018–2019
muhammadtaha97,https://github.com/muhammadtaha97,44802150,2018-11,18,36,2,2018–2019
NaumanRashid164,https://github.com/NaumanRashid164,44918240,2018-11,6,36,2,2018–2019
manirana94,https://github.com/manirana94,44939410,2018-11,6,34,2,2018–2019
ArhumAlI,https://github.com/ArhumAlI,44776371,2018-11,10,33,2,2018–2019
HamzaAkhtar090,https://github.com/HamzaAkhtar090,45310075,2018-11,11,32,2,2018–2019
RetR0-hex,https://github.com/RetR0-hex,44807890,2018-11,12,27,2,2018–2019
arslanafzal077,https://github.com/arslanafzal077,45261002,2018-11,8,23,2,2018–2019
shahlatifg,https://github.com/shahlatifg,44792524,2018-11,6,22,2,2018–2019
akmelalee,https://github.com/akmelalee,45192117,2018-11,6,22,2,2018–2019
wahajnintyeight,https://github.com/wahajnintyeight,45949453,2018-12,34,639,2,2018–2019
Sanan4li,https://github.com/Sanan4li,45590156,2018-12,81,606,2,2018–2019
M-Jawad338211,https://github.com/M-Jawad338211,45765446,2018-12,38,555,2,2018–2019
imeMFK01,https://github.com/imeMFK01,45854202,2018-12,183,505,2,2018–2019
muiz6,https://github.com/muiz6,45783758,2018-12,25,492,2,2018–2019
huzaifa207,https://github.com/huzaifa207,46231127,2018-12,19,449,2,2018–2019
AhmadNaeemK,https://github.com/AhmadNaeemK,46021475,2018-12,17,413,2,2018–2019
mrdanishsaleem,https://github.com/mrdanishsaleem,45586773,2018-12,36,400,2,2018–2019
muhammadhassanb111,https://github.com/muhammadhassanb111,46229535,2018-12,134,292,2,2018–2019
Umer-Iqbal,https://github.com/Umer-Iqbal,46032685,2018-12,20,280,2,2018–2019
ahmedtahami,https://github.com/ahmedtahami,45856609,2018-12,42,253,2,2018–2019
yasir128,https://github.com/yasir128,46045690,2018-12,31,248,2,2018–2019
talhaejaz539,https://github.com/talhaejaz539,46125258,2018-12,28,242,2,2018–2019
Hamaad616,https://github.com/Hamaad616,46200983,2018-12,44,232,2,2018–2019
Usamass,https://github.com/Usamass,45649927,2018-12,10,225,2,2018–2019
aimanmuzaffar95,https://github.com/aimanmuzaffar95,45842393,2018-12,22,197,2,2018–2019
m-abdullah-aziz,https://github.com/m-abdullah-aziz,45502038,2018-12,19,194,2,2018–2019
umair8794,https://github.com/umair8794,45810378,2018-12,21,192,2,2018–2019
khawarshehzad786,https://github.com/khawarshehzad786,46210816,2018-12,27,190,2,2018–2019
junaidnasir1001,https://github.com/junaidnasir1001,45687809,2018-12,22,186,2,2018–2019
UsamaAdilGhumman,https://github.com/UsamaAdilGhumman,45844495,2018-12,48,183,2,2018–2019
KratosvsEzio,https://github.com/KratosvsEzio,45562464,2018-12,18,178,2,2018–2019
farooqahmadm1,https://github.com/farooqahmadm1,45784284,2018-12,28,169,2,2018–2019
saadiftkhar,https://github.com/saadiftkhar,46082644,2018-12,19,163,2,2018–2019
burhanudinarshad,https://github.com/burhanudinarshad,45567298,2018-12,17,150,2,2018–2019
abilal82,https://github.com/abilal82,46030291,2018-12,15,145,2,2018–2019
danish866,https://github.com/danish866,45795062,2018-12,8,135,2,2018–2019
MuhammadAyazRao,https://github.com/MuhammadAyazRao,45942032,2018-12,9,131,2,2018–2019
Usama0121,https://github.com/Usama0121,45640516,2018-12,18,126,2,2018–2019
IsfandKhan,https://github.com/IsfandKhan,46033835,2018-12,38,117,2,2018–2019
zainonrails,https://github.com/zainonrails,45653859,2018-12,17,114,2,2018–2019
hamxam1,https://github.com/hamxam1,45703637,2018-12,34,112,2,2018–2019
yousaf4995,https://github.com/yousaf4995,45572794,2018-12,9,105,2,2018–2019
Awais-Rasheed,https://github.com/Awais-Rasheed,46028223,2018-12,17,104,2,2018–2019
faisalarshadciit,https://github.com/faisalarshadciit,45668389,2018-12,20,97,2,2018–2019
shahbaz-idea,https://github.com/shahbaz-idea,45758502,2018-12,7,87,2,2018–2019
ThunderMind2019,https://github.com/ThunderMind2019,46158218,2018-12,23,81,2,2018–2019
smqd19,https://github.com/smqd19,46005395,2018-12,30,80,2,2018–2019
danited1234,https://github.com/danited1234,45851755,2018-12,15,80,2,2018–2019
ammarbinshakir,https://github.com/ammarbinshakir,45857324,2018-12,24,78,2,2018–2019
UsmanFarooq77,https://github.com/UsmanFarooq77,46015325,2018-12,11,78,2,2018–2019
muhammadumerfarooq786,https://github.com/muhammadumerfarooq786,45636911,2018-12,22,76,2,2018–2019
sherazmahar,https://github.com/sherazmahar,46155161,2018-12,61,75,2,2018–2019
arslannoorpansota,https://github.com/arslannoorpansota,45531079,2018-12,13,75,2,2018–2019
AliKazim7,https://github.com/AliKazim7,46217302,2018-12,10,72,2,2018–2019
saadqu,https://github.com/saadqu,46056598,2018-12,14,70,2,2018–2019
bilal6300,https://github.com/bilal6300,46007394,2018-12,7,69,2,2018–2019
abdullah-abid-dev,https://github.com/abdullah-abid-dev,45850839,2018-12,11,66,2,2018–2019
kashif043,https://github.com/kashif043,45821008,2018-12,8,63,2,2018–2019
muhammadahmad665,https://github.com/muhammadahmad665,45578399,2018-12,27,60,2,2018–2019
Ahmed-Mujahid,https://github.com/Ahmed-Mujahid,45769608,2018-12,78,56,2,2018–2019
MAwaisMansoor,https://github.com/MAwaisMansoor,46061923,2018-12,14,54,2,2018–2019
Sadaf-Rafiq,https://github.com/Sadaf-Rafiq,45686400,2018-12,8,49,2,2018–2019
baabar69-zz,https://github.com/baabar69-zz,45961946,2018-12,16,48,2,2018–2019
mehsan1,https://github.com/mehsan1,45680018,2018-12,12,48,2,2018–2019
Faizanshah21,https://github.com/Faizanshah21,46111848,2018-12,15,34,2,2018–2019
nofalfayyaz,https://github.com/nofalfayyaz,45706834,2018-12,10,34,2,2018–2019
atif-riaz-ar,https://github.com/atif-riaz-ar,45739199,2018-12,16,33,2,2018–2019
ali48293,https://github.com/ali48293,45876168,2018-12,13,30,2,2018–2019
injuo,https://github.com/injuo,45656294,2018-12,13,27,2,2018–2019
makertoy32,https://github.com/makertoy32,45689128,2018-12,7,23,2,2018–2019
sllark,https://github.com/sllark,46328158,2019-01,33,3006,2,2018–2019
MuzammalRamzan,https://github.com/MuzammalRamzan,47156927,2019-01,47,2190,2,2018–2019
muhammadk1607,https://github.com/muhammadk1607,47133639,2019-01,101,1252,2,2018–2019
hmabubakar313,https://github.com/hmabubakar313,47010808,2019-01,74,876,2,2018–2019
TayyabAsghar,https://github.com/TayyabAsghar,46403585,2019-01,19,728,2,2018–2019
zohaibirshad,https://github.com/zohaibirshad,46435716,2019-01,24,681,2,2018–2019
engineerFayyaz,https://github.com/engineerFayyaz,46473857,2019-01,44,636,2,2018–2019
noraizch1,https://github.com/noraizch1,47038104,2019-01,11,635,2,2018–2019
hassanarifbinarif,https://github.com/hassanarifbinarif,46750893,2019-01,20,587,2,2018–2019
EishaRathore,https://github.com/EishaRathore,46721882,2019-01,32,568,2,2018–2019
fahadprod,https://github.com/fahadprod,47104096,2019-01,54,261,2,2018–2019
sharozijaz,https://github.com/sharozijaz,46896548,2019-01,45,240,2,2018–2019
ImranZahoor,https://github.com/ImranZahoor,46653811,2019-01,13,201,2,2018–2019
TaymoorAk,https://github.com/TaymoorAk,46746524,2019-01,31,186,2,2018–2019
attachaudhury,https://github.com/attachaudhury,46752524,2019-01,18,174,2,2018–2019
furqanyasin,https://github.com/furqanyasin,46965750,2019-01,34,166,2,2018–2019
aamirhusnain,https://github.com/aamirhusnain,46522779,2019-01,24,163,2,2018–2019
hamza-faroooq,https://github.com/hamza-faroooq,47077174,2019-01,8,160,2,2018–2019
junmaq,https://github.com/junmaq,46624988,2019-01,6,156,2,2018–2019
SalmanSaleem1,https://github.com/SalmanSaleem1,46968758,2019-01,19,155,2,2018–2019
liaqatBaltistani,https://github.com/liaqatBaltistani,46621339,2019-01,17,153,2,2018–2019
mohdaamir8182,https://github.com/mohdaamir8182,47109535,2019-01,23,117,2,2018–2019
muhammad-usman-anwar,https://github.com/muhammad-usman-anwar,46624268,2019-01,11,113,2,2018–2019
Haseebtanveer,https://github.com/Haseebtanveer,46789806,2019-01,15,106,2,2018–2019
Syed-AliHamza,https://github.com/Syed-AliHamza,46610321,2019-01,16,100,2,2018–2019
abdulwaseybutt,https://github.com/abdulwaseybutt,46901248,2019-01,15,82,2,2018–2019
arslannawaz,https://github.com/arslannawaz,46641425,2019-01,13,79,2,2018–2019
abdullahrazzaq120,https://github.com/abdullahrazzaq120,46789427,2019-01,16,76,2,2018–2019
Talha511,https://github.com/Talha511,46758184,2019-01,9,59,2,2018–2019
ZuhaibSohail163,https://github.com/ZuhaibSohail163,46867178,2019-01,9,59,2,2018–2019
hassanamjad91,https://github.com/hassanamjad91,46449577,2019-01,6,56,2,2018–2019
irfaniOSdev,https://github.com/irfaniOSdev,46619359,2019-01,10,52,2,2018–2019
malik19995,https://github.com/malik19995,46687299,2019-01,24,45,2,2018–2019
Mahnoor-B,https://github.com/Mahnoor-B,47009449,2019-01,9,42,2,2018–2019
oukaasha,https://github.com/oukaasha,46538044,2019-01,11,39,2,2018–2019
NomanShahid8278,https://github.com/NomanShahid8278,46923122,2019-01,11,37,2,2018–2019
ayazjutt,https://github.com/ayazjutt,46706530,2019-01,6,36,2,2018–2019
maazoo7,https://github.com/maazoo7,47156405,2019-01,15,28,2,2018–2019
MuhammadKaleemUllah,https://github.com/MuhammadKaleemUllah,46365546,2019-01,9,26,2,2018–2019
mafnankhan,https://github.com/mafnankhan,46496106,2019-01,16,21,2,2018–2019
AliAhmad-spl,https://github.com/AliAhmad-spl,48085264,2019-02,19,39316,2,2018–2019
de-ar,https://github.com/de-ar,47880584,2019-02,23,1481,2,2018–2019
ihusnainaali,https://github.com/ihusnainaali,47973843,2019-02,367,997,2,2018–2019
JahanzaibTayyab,https://github.com/JahanzaibTayyab,48027944,2019-02,43,672,2,2018–2019
asifmehmood101,https://github.com/asifmehmood101,48026322,2019-02,76,566,2,2018–2019
waqarahmad134,https://github.com/waqarahmad134,47711874,2019-02,74,524,2,2018–2019
ashirasif,https://github.com/ashirasif,47670709,2019-02,24,430,2,2018–2019
mrqasimasif,https://github.com/mrqasimasif,47949328,2019-02,60,389,2,2018–2019
Tariqali13,https://github.com/Tariqali13,47392100,2019-02,30,375,2,2018–2019
murtaza-khan,https://github.com/murtaza-khan,48007179,2019-02,15,333,2,2018–2019
AhmedFarhan252,https://github.com/AhmedFarhan252,47603421,2019-02,12,278,2,2018–2019
Imrankhankhattar,https://github.com/Imrankhankhattar,47532402,2019-02,77,212,2,2018–2019
usman151mrd,https://github.com/usman151mrd,47254903,2019-02,63,203,2,2018–2019
techbyamir,https://github.com/techbyamir,48028053,2019-02,14,180,2,2018–2019
iZeeshanDhillon,https://github.com/iZeeshanDhillon,47497504,2019-02,9,171,2,2018–2019
NabeelJaan,https://github.com/NabeelJaan,47273004,2019-02,33,165,2,2018–2019
devTayyabAli,https://github.com/devTayyabAli,47892812,2019-02,43,160,2,2018–2019
mobilal951,https://github.com/mobilal951,47916719,2019-02,34,157,2,2018–2019
hassan-baig,https://github.com/hassan-baig,47500774,2019-02,15,152,2,2018–2019
Malik-Muneeb,https://github.com/Malik-Muneeb,47572370,2019-02,28,145,2,2018–2019
toseef847,https://github.com/toseef847,47262334,2019-02,16,125,2,2018–2019
saadjavaidalvi,https://github.com/saadjavaidalvi,47794020,2019-02,16,124,2,2018–2019
sharukmsd,https://github.com/sharukmsd,47911050,2019-02,36,123,2,2018–2019
kinzakanwal,https://github.com/kinzakanwal,48015166,2019-02,29,123,2,2018–2019
Aliraza777,https://github.com/Aliraza777,47527115,2019-02,41,120,2,2018–2019
afnanmahmood52,https://github.com/afnanmahmood52,47634321,2019-02,25,109,2,2018–2019
muhammadtalha007,https://github.com/muhammadtalha007,47242951,2019-02,9,106,2,2018–2019
Dr-Usman,https://github.com/Dr-Usman,48102385,2019-02,21,103,2,2018–2019
Saqib-Mahmood,https://github.com/Saqib-Mahmood,47942820,2019-02,15,95,2,2018–2019
ahmadrao,https://github.com/ahmadrao,47619340,2019-02,47,89,2,2018–2019
ImranBashir43,https://github.com/ImranBashir43,47963406,2019-02,10,78,2,2018–2019
SaadiWorld,https://github.com/SaadiWorld,47448144,2019-02,6,70,2,2018–2019
basra06,https://github.com/basra06,47266546,2019-02,24,68,2,2018–2019
Ahmad-Khalid97,https://github.com/Ahmad-Khalid97,47846640,2019-02,14,68,2,2018–2019
muhammad-ahmad-yousaf,https://github.com/muhammad-ahmad-yousaf,48064002,2019-02,6,67,2,2018–2019
ranaasad43,https://github.com/ranaasad43,47915349,2019-02,10,61,2,2018–2019
moazzamabbasmirza,https://github.com/moazzamabbasmirza,47514727,2019-02,12,56,2,2018–2019
hassanj47,https://github.com/hassanj47,47520980,2019-02,7,52,2,2018–2019
Talhanouman,https://github.com/Talhanouman,47992675,2019-02,15,45,2,2018–2019
rejectedbycrush,https://github.com/rejectedbycrush,47707222,2019-02,12,41,2,2018–2019
abidaslam,https://github.com/abidaslam,47294944,2019-02,6,38,2,2018–2019
suhaibshahid007,https://github.com/suhaibshahid007,47347220,2019-02,12,36,2,2018–2019
Gullzaib143,https://github.com/Gullzaib143,47901145,2019-02,10,36,2,2018–2019
muhammadhamzaali101,https://github.com/muhammadhamzaali101,47609938,2019-02,20,34,2,2018–2019
zohaibakber,https://github.com/zohaibakber,47459673,2019-02,18,34,2,2018–2019
m-danish-riaz,https://github.com/m-danish-riaz,47732863,2019-02,7,30,2,2018–2019
Nauman0711,https://github.com/Nauman0711,47433366,2019-02,7,28,2,2018–2019
RaoTouseefAhmad,https://github.com/RaoTouseefAhmad,47990229,2019-02,7,26,2,2018–2019
mominrohail1,https://github.com/mominrohail1,48238850,2019-03,16,1553,2,2018–2019
aliahmadcse,https://github.com/aliahmadcse,48627277,2019-03,67,1317,2,2018–2019
seeebbii,https://github.com/seeebbii,48883653,2019-03,98,1170,2,2018–2019
GhazanfarAteeb,https://github.com/GhazanfarAteeb,48875358,2019-03,35,1015,2,2018–2019
farooqsanaullah,https://github.com/farooqsanaullah,48545729,2019-03,28,940,2,2018–2019
RashidKhaliq,https://github.com/RashidKhaliq,48545362,2019-03,7,889,2,2018–2019
R-jee,https://github.com/R-jee,48676778,2019-03,236,553,2,2018–2019
hamzanadeem1996,https://github.com/hamzanadeem1996,48988227,2019-03,13,530,2,2018–2019
AfaqNasir,https://github.com/AfaqNasir,48288031,2019-03,109,503,2,2018–2019
mujtabashamas,https://github.com/mujtabashamas,48798448,2019-03,54,474,2,2018–2019
muhammadashfaq,https://github.com/muhammadashfaq,48868012,2019-03,86,337,2,2018–2019
alitheDev,https://github.com/alitheDev,48137657,2019-03,65,313,2,2018–2019
wasibiit,https://github.com/wasibiit,48654021,2019-03,34,291,2,2018–2019
uzairshah866,https://github.com/uzairshah866,48344938,2019-03,14,285,2,2018–2019
UmarAlyas0078,https://github.com/UmarAlyas0078,48212129,2019-03,15,244,2,2018–2019
mirzamudassir,https://github.com/mirzamudassir,48181118,2019-03,50,235,2,2018–2019
hammzagee,https://github.com/hammzagee,48604013,2019-03,15,201,2,2018–2019
mgulbazilyas,https://github.com/mgulbazilyas,48383560,2019-03,43,200,2,2018–2019
khuramzahid,https://github.com/khuramzahid,48673890,2019-03,21,188,2,2018–2019
yasirali179,https://github.com/yasirali179,49075250,2019-03,22,182,2,2018–2019
M-M-Mujtaba,https://github.com/M-M-Mujtaba,48154614,2019-03,26,181,2,2018–2019
faizanxgp,https://github.com/faizanxgp,48166205,2019-03,56,172,2,2018–2019
UmairHabib,https://github.com/UmairHabib,49059951,2019-03,33,167,2,2018–2019
AasharWahla,https://github.com/AasharWahla,48863334,2019-03,31,154,2,2018–2019
ToqeerAfzal,https://github.com/ToqeerAfzal,48534849,2019-03,15,146,2,2018–2019
danyyal,https://github.com/danyyal,49082161,2019-03,22,144,2,2018–2019
Mehtabkazmi,https://github.com/Mehtabkazmi,48345571,2019-03,45,133,2,2018–2019
Sabyh11,https://github.com/Sabyh11,48311742,2019-03,207,130,2,2018–2019
the-alitech,https://github.com/the-alitech,48327153,2019-03,56,112,2,2018–2019
danialasghar5,https://github.com/danialasghar5,48994827,2019-03,12,109,2,2018–2019
babarameen,https://github.com/babarameen,48354924,2019-03,20,106,2,2018–2019
mrahmadusama,https://github.com/mrahmadusama,48976847,2019-03,69,102,2,2018–2019
hassaantahir,https://github.com/hassaantahir,48333831,2019-03,16,97,2,2018–2019
mtafseerhaider,https://github.com/mtafseerhaider,48315685,2019-03,70,95,2,2018–2019
muazhar,https://github.com/muazhar,48376727,2019-03,26,89,2,2018–2019
Adeel1069,https://github.com/Adeel1069,48244417,2019-03,10,89,2,2018–2019
mianalirazaminhas,https://github.com/mianalirazaminhas,48697296,2019-03,36,82,2,2018–2019
SufyanQureshi,https://github.com/SufyanQureshi,48130151,2019-03,9,77,2,2018–2019
hassaannahmed,https://github.com/hassaannahmed,48407579,2019-03,14,75,2,2018–2019
talha7t,https://github.com/talha7t,48598366,2019-03,9,74,2,2018–2019
mohsinmugha1l,https://github.com/mohsinmugha1l,48623034,2019-03,19,72,2,2018–2019
Ansarabbas4200,https://github.com/Ansarabbas4200,48711690,2019-03,31,71,2,2018–2019
faridalvi,https://github.com/faridalvi,48332293,2019-03,7,67,2,2018–2019
aizanAhmed,https://github.com/aizanAhmed,48803047,2019-03,11,65,2,2018–2019
TheUsmanMirza,https://github.com/TheUsmanMirza,48524353,2019-03,17,64,2,2018–2019
AbdulrehmanSheikh007,https://github.com/AbdulrehmanSheikh007,48272722,2019-03,9,60,2,2018–2019
asadrazaa1,https://github.com/asadrazaa1,48964278,2019-03,16,48,2,2018–2019
mkhawaraslam,https://github.com/mkhawaraslam,48641552,2019-03,8,42,2,2018–2019
TariqMahmood1352,https://github.com/TariqMahmood1352,48837538,2019-03,7,41,2,2018–2019
Abubakkar052,https://github.com/Abubakkar052,49098525,2019-03,6,39,2,2018–2019
akbarahmadshah,https://github.com/akbarahmadshah,48123863,2019-03,12,38,2,2018–2019
fahad12398,https://github.com/fahad12398,48366592,2019-03,13,36,2,2018–2019
junaid11,https://github.com/junaid11,48553154,2019-03,12,33,2,2018–2019
WaseemVirk00,https://github.com/WaseemVirk00,48316969,2019-03,8,32,2,2018–2019
mujtabamushtaq,https://github.com/mujtabamushtaq,48491520,2019-03,6,30,2,2018–2019
qa-majeed,https://github.com/qa-majeed,49094836,2019-03,30,29,2,2018–2019
NaeemHHassan,https://github.com/NaeemHHassan,48307958,2019-03,24,27,2,2018–2019
Asim-IRIL,https://github.com/Asim-IRIL,48246552,2019-03,8,26,2,2018–2019
saifa1i,https://github.com/saifa1i,48475814,2019-03,11,24,2,2018–2019
muhammadahsanijaz,https://github.com/muhammadahsanijaz,48589567,2019-03,6,24,2,2018–2019
ahsan7541,https://github.com/ahsan7541,48394941,2019-03,6,22,2,2018–2019
abrarahmadkhan,https://github.com/abrarahmadkhan,48179184,2019-03,6,22,2,2018–2019
sheikhshab,https://github.com/sheikhshab,49321000,2019-04,10,3122,2,2018–2019
arslansherazi,https://github.com/arslansherazi,49757918,2019-04,32,884,2,2018–2019
Arslan49sp,https://github.com/Arslan49sp,49227101,2019-04,45,840,2,2018–2019
AzherSaeed,https://github.com/AzherSaeed,50141079,2019-04,30,580,2,2018–2019
sheralim012,https://github.com/sheralim012,49383675,2019-04,32,567,2,2018–2019
rajput-abdullah,https://github.com/rajput-abdullah,49528813,2019-04,52,565,2,2018–2019
dev-mrahsansaleem,https://github.com/dev-mrahsansaleem,49436321,2019-04,64,434,2,2018–2019
AzeemShahzad005,https://github.com/AzeemShahzad005,49363483,2019-04,8,364,2,2018–2019
kamranansariofficial,https://github.com/kamranansariofficial,49868934,2019-04,18,349,2,2018–2019
zohaib304,https://github.com/zohaib304,49250491,2019-04,108,316,2,2018–2019
abdullahprince7717,https://github.com/abdullahprince7717,49672466,2019-04,24,311,2,2018–2019
hafizjavaid,https://github.com/hafizjavaid,49143414,2019-04,82,295,2,2018–2019
Usmanchd,https://github.com/Usmanchd,49609596,2019-04,25,287,2,2018–2019
EngZeeshanAli,https://github.com/EngZeeshanAli,49408549,2019-04,33,286,2,2018–2019
yasoon13,https://github.com/yasoon13,49785758,2019-04,6,257,2,2018–2019
rafayqayyum,https://github.com/rafayqayyum,49898477,2019-04,39,251,2,2018–2019
alam121,https://github.com/alam121,49236887,2019-04,32,230,2,2018–2019
abaidabbott,https://github.com/abaidabbott,49604057,2019-04,30,214,2,2018–2019
Mtaimoorakmal,https://github.com/Mtaimoorakmal,49532419,2019-04,18,210,2,2018–2019
ShahFaisalGfG,https://github.com/ShahFaisalGfG,49835509,2019-04,9,196,2,2018–2019
kanwartaimoor,https://github.com/kanwartaimoor,50153681,2019-04,13,176,2,2018–2019
samoousama,https://github.com/samoousama,49640491,2019-04,23,170,2,2018–2019
Ahssan18,https://github.com/Ahssan18,49828571,2019-04,38,169,2,2018–2019
zafarnajmi1,https://github.com/zafarnajmi1,49428439,2019-04,21,156,2,2018–2019
hammadyasir,https://github.com/hammadyasir,49805944,2019-04,103,152,2,2018–2019
devwadood,https://github.com/devwadood,49836993,2019-04,25,145,2,2018–2019
asadullahaziz,https://github.com/asadullahaziz,49657616,2019-04,22,139,2,2018–2019
adeelshafi79,https://github.com/adeelshafi79,49460005,2019-04,24,132,2,2018–2019
Muntazir86,https://github.com/Muntazir86,49554809,2019-04,27,127,2,2018–2019
zubairhassan652,https://github.com/zubairhassan652,49283976,2019-04,22,125,2,2018–2019
ghulam-farid,https://github.com/ghulam-farid,50044688,2019-04,78,117,2,2018–2019
MuneebDevs,https://github.com/MuneebDevs,49975243,2019-04,6,115,2,2018–2019
FarzanKhan009,https://github.com/FarzanKhan009,50040961,2019-04,11,114,2,2018–2019
numan8,https://github.com/numan8,49655439,2019-04,29,113,2,2018–2019
pyDiablo,https://github.com/pyDiablo,49705418,2019-04,7,106,2,2018–2019
jamalkhanjay,https://github.com/jamalkhanjay,49797069,2019-04,15,102,2,2018–2019
Mateen-Ahmad,https://github.com/Mateen-Ahmad,49470299,2019-04,23,91,2,2018–2019
DEVSINC399,https://github.com/DEVSINC399,49399936,2019-04,9,91,2,2018–2019
usamasiddiqui04,https://github.com/usamasiddiqui04,50084616,2019-04,18,89,2,2018–2019
QaisarAbbasPK,https://github.com/QaisarAbbasPK,49864326,2019-04,35,86,2,2018–2019
EhsanIjaz,https://github.com/EhsanIjaz,49880526,2019-04,29,84,2,2018–2019
MustafaAbbasi98,https://github.com/MustafaAbbasi98,49376975,2019-04,6,79,2,2018–2019
Umer8627,https://github.com/Umer8627,49708591,2019-04,17,70,2,2018–2019
hamza2262,https://github.com/hamza2262,50030808,2019-04,7,69,2,2018–2019
umaii,https://github.com/umaii,50112406,2019-04,65,60,2,2018–2019
naan-binary-ribbit,https://github.com/naan-binary-ribbit,49285000,2019-04,10,60,2,2018–2019
Sharjeel2,https://github.com/Sharjeel2,50070220,2019-04,8,60,2,2018–2019
abdulqadeerserwer,https://github.com/abdulqadeerserwer,49161726,2019-04,23,58,2,2018–2019
magenuts,https://github.com/magenuts,50058148,2019-04,14,57,2,2018–2019
sabahatatta,https://github.com/sabahatatta,50008506,2019-04,18,54,2,2018–2019
bilal-07,https://github.com/bilal-07,49366524,2019-04,27,53,2,2018–2019
Zagham-Arif,https://github.com/Zagham-Arif,49917625,2019-04,13,49,2,2018–2019
kaleemnadeem16,https://github.com/kaleemnadeem16,49152658,2019-04,6,45,2,2018–2019
qureshi0197,https://github.com/qureshi0197,49371224,2019-04,9,44,2,2018–2019
hamza-saleem,https://github.com/hamza-saleem,50026474,2019-04,8,44,2,2018–2019
growwithjawad,https://github.com/growwithjawad,49939174,2019-04,7,44,2,2018–2019
HusnainNasir,https://github.com/HusnainNasir,49236508,2019-04,8,43,2,2018–2019
ch-kashif,https://github.com/ch-kashif,50038947,2019-04,7,43,2,2018–2019
SyedAunZaidi,https://github.com/SyedAunZaidi,49536143,2019-04,7,41,2,2018–2019
HamzaAnsari22,https://github.com/HamzaAnsari22,49493073,2019-04,24,40,2,2018–2019
MuhammadMattiullah,https://github.com/MuhammadMattiullah,50130127,2019-04,6,36,2,2018–2019
FakharAbbas5,https://github.com/FakharAbbas5,49827946,2019-04,15,35,2,2018–2019
farhan11333,https://github.com/farhan11333,49912157,2019-04,9,35,2,2018–2019
AliAmjadHassan,https://github.com/AliAmjadHassan,49251197,2019-04,9,31,2,2018–2019
mobii47,https://github.com/mobii47,49252101,2019-04,9,29,2,2018–2019
bilaltariq7479,https://github.com/bilaltariq7479,49745558,2019-04,7,25,2,2018–2019
anshakeel,https://github.com/anshakeel,49350815,2019-04,18,23,2,2018–2019
ahmadkamboh,https://github.com/ahmadkamboh,49200794,2019-04,6,23,2,2018–2019
muhammad-abdullah-personal,https://github.com/muhammad-abdullah-personal,49808448,2019-04,6,23,2,2018–2019
AliahmadRaza401,https://github.com/AliahmadRaza401,50954563,2019-05,65,907,2,2018–2019
mahtab2003,https://github.com/mahtab2003,50697282,2019-05,12,587,2,2018–2019
bilalsagheer13,https://github.com/bilalsagheer13,50838573,2019-05,9,504,2,2018–2019
abdulrehman25,https://github.com/abdulrehman25,51014352,2019-05,72,498,2,2018–2019
UmairSaifullah01,https://github.com/UmairSaifullah01,50673971,2019-05,27,498,2,2018–2019
m-awaisnazeer,https://github.com/m-awaisnazeer,50645184,2019-05,60,430,2,2018–2019
haroon26,https://github.com/haroon26,51189276,2019-05,23,404,2,2018–2019
RehanShakir,https://github.com/RehanShakir,51226214,2019-05,74,389,2,2018–2019
asimsolehria,https://github.com/asimsolehria,50212203,2019-05,72,231,2,2018–2019
axad1,https://github.com/axad1,50461955,2019-05,53,229,2,2018–2019
RashidNaveed,https://github.com/RashidNaveed,50597705,2019-05,19,194,2,2018–2019
aleemdx,https://github.com/aleemdx,50486070,2019-05,8,176,2,2018–2019
MuhammadWaleedAmir,https://github.com/MuhammadWaleedAmir,51195207,2019-05,20,170,2,2018–2019
arshmancodes,https://github.com/arshmancodes,50379538,2019-05,33,146,2,2018–2019
babuibrar93,https://github.com/babuibrar93,51041999,2019-05,34,123,2,2018–2019
hamzashaikhcan,https://github.com/hamzashaikhcan,50967908,2019-05,18,113,2,2018–2019
AwaisBinKaleem,https://github.com/AwaisBinKaleem,51041559,2019-05,126,108,2,2018–2019
ArslanChaudhry007,https://github.com/ArslanChaudhry007,51151820,2019-05,22,107,2,2018–2019
mufeez1,https://github.com/mufeez1,51206151,2019-05,25,102,2,2018–2019
Tallhaa,https://github.com/Tallhaa,50717327,2019-05,17,102,2,2018–2019
zaheeruddinfaiz,https://github.com/zaheeruddinfaiz,50898382,2019-05,47,99,2,2018–2019
abdurrahman-asad,https://github.com/abdurrahman-asad,51022010,2019-05,9,96,2,2018–2019
jawadSajid,https://github.com/jawadSajid,51077637,2019-05,67,94,2,2018–2019
farazmalick,https://github.com/farazmalick,50991059,2019-05,19,86,2,2018–2019
Abdul-Hannan-98,https://github.com/Abdul-Hannan-98,50613799,2019-05,6,82,2,2018–2019
ultrasol,https://github.com/ultrasol,51077310,2019-05,64,79,2,2018–2019
ifhams98,https://github.com/ifhams98,51059216,2019-05,7,78,2,2018–2019
HamxaSarwar,https://github.com/HamxaSarwar,50580615,2019-05,14,71,2,2018–2019
NaveedKhan66,https://github.com/NaveedKhan66,50180704,2019-05,9,67,2,2018–2019
Ali-Rizwan-Ashraf,https://github.com/Ali-Rizwan-Ashraf,50499432,2019-05,7,64,2,2018–2019
arbirali,https://github.com/arbirali,51116673,2019-05,15,63,2,2018–2019
mianlabib,https://github.com/mianlabib,50488915,2019-05,7,59,2,2018–2019
khRehman,https://github.com/khRehman,50298158,2019-05,31,57,2,2018–2019
baig13,https://github.com/baig13,50787229,2019-05,16,57,2,2018–2019
akhzarjaved,https://github.com/akhzarjaved,50201631,2019-05,15,57,2,2018–2019
Zuwayr,https://github.com/Zuwayr,50750289,2019-05,11,56,2,2018–2019
AhmedYarZahid,https://github.com/AhmedYarZahid,50700860,2019-05,7,53,2,2018–2019
irfanahmadaulakh,https://github.com/irfanahmadaulakh,50363876,2019-05,6,53,2,2018–2019
Waqas-Ali421,https://github.com/Waqas-Ali421,51240429,2019-05,16,50,2,2018–2019
shoaibjakhar,https://github.com/shoaibjakhar,50395554,2019-05,10,47,2,2018–2019
jfayyaz945,https://github.com/jfayyaz945,51156093,2019-05,12,45,2,2018–2019
mubashir-rehman,https://github.com/mubashir-rehman,51048830,2019-05,47,43,2,2018–2019
TahaKhanAbdalli,https://github.com/TahaKhanAbdalli,50602678,2019-05,20,37,2,2018–2019
Abdullah-faiz,https://github.com/Abdullah-faiz,51081501,2019-05,9,36,2,2018–2019
Aqib-web-dev,https://github.com/Aqib-web-dev,50766520,2019-05,13,35,2,2018–2019
alihassan2203,https://github.com/alihassan2203,50858006,2019-05,7,35,2,2018–2019
bash-ali-rana,https://github.com/bash-ali-rana,50381723,2019-05,11,31,2,2018–2019
shamsi007,https://github.com/shamsi007,50927187,2019-05,16,30,2,2018–2019
DevExpert-360,https://github.com/DevExpert-360,50641668,2019-05,9,30,2,2018–2019
ahmedali63,https://github.com/ahmedali63,51227412,2019-05,9,26,2,2018–2019
AliShanawar,https://github.com/AliShanawar,50408666,2019-05,8,25,2,2018–2019
sabanoor97,https://github.com/sabanoor97,50546992,2019-05,14,24,2,2018–2019
jaleeskhani,https://github.com/jaleeskhani,50164123,2019-05,7,23,2,2018–2019
hisham-asghar,https://github.com/hisham-asghar,52102248,2019-06,25,2795,2,2018–2019
irtazaakram,https://github.com/irtazaakram,51848298,2019-06,116,1835,2,2018–2019
hirashahid,https://github.com/hirashahid,52228672,2019-06,56,1759,2,2018–2019
ghulamghousdev,https://github.com/ghulamghousdev,52177956,2019-06,73,1450,2,2018–2019
TalhaHunter101,https://github.com/TalhaHunter101,51529912,2019-06,45,702,2,2018–2019
talhawaqar,https://github.com/talhawaqar,52281966,2019-06,74,538,2,2018–2019
aboubakarch,https://github.com/aboubakarch,52155275,2019-06,27,396,2,2018–2019
waleedalikhan,https://github.com/waleedalikhan,52169199,2019-06,83,350,2,2018–2019
msarimhassan,https://github.com/msarimhassan,51859017,2019-06,59,313,2,2018–2019
arslantoor,https://github.com/arslantoor,52174141,2019-06,54,215,2,2018–2019
Mubashar-javed,https://github.com/Mubashar-javed,52074420,2019-06,15,200,2,2018–2019
junaid1840,https://github.com/junaid1840,51792110,2019-06,10,199,2,2018–2019
haris1998-web,https://github.com/haris1998-web,51850461,2019-06,48,192,2,2018–2019
MUHAMMADASIF123,https://github.com/MUHAMMADASIF123,52148492,2019-06,37,188,2,2018–2019
SanaAkram,https://github.com/SanaAkram,52094487,2019-06,35,183,2,2018–2019
WajahatMubashir,https://github.com/WajahatMubashir,51463500,2019-06,31,165,2,2018–2019
zubairaltaf10,https://github.com/zubairaltaf10,52136365,2019-06,22,158,2,2018–2019
bilal-shuja,https://github.com/bilal-shuja,52290660,2019-06,38,143,2,2018–2019
MusaBukhari237,https://github.com/MusaBukhari237,51749565,2019-06,39,135,2,2018–2019
alishahzil,https://github.com/alishahzil,52203884,2019-06,49,130,2,2018–2019
asadyasin,https://github.com/asadyasin,51986208,2019-06,13,130,2,2018–2019
yousufcs50,https://github.com/yousufcs50,52100471,2019-06,25,127,2,2018–2019
muhammad-rahman647,https://github.com/muhammad-rahman647,51505470,2019-06,20,126,2,2018–2019
ZiaMalik5315,https://github.com/ZiaMalik5315,52329691,2019-06,11,118,2,2018–2019
JunaidDev1,https://github.com/JunaidDev1,51758839,2019-06,17,115,2,2018–2019
Muzammal32,https://github.com/Muzammal32,51789911,2019-06,7,106,2,2018–2019
HannanHaseeb,https://github.com/HannanHaseeb,52100180,2019-06,20,99,2,2018–2019
uskhaan,https://github.com/uskhaan,51319106,2019-06,24,95,2,2018–2019
SaadurrehmanSid,https://github.com/SaadurrehmanSid,51860160,2019-06,21,88,2,2018–2019
DevAqsaShahzad,https://github.com/DevAqsaShahzad,51342811,2019-06,16,87,2,2018–2019
adawood002,https://github.com/adawood002,51494401,2019-06,8,74,2,2018–2019
tayyabarif41,https://github.com/tayyabarif41,51982376,2019-06,16,67,2,2018–2019
AwaisIbrar8,https://github.com/AwaisIbrar8,51789464,2019-06,16,66,2,2018–2019
asadgulxar10,https://github.com/asadgulxar10,51773651,2019-06,18,56,2,2018–2019
HuzaifahZia,https://github.com/HuzaifahZia,51661325,2019-06,21,54,2,2018–2019
nimraarif21,https://github.com/nimraarif21,51995814,2019-06,13,51,2,2018–2019
ZillKhan,https://github.com/ZillKhan,52318632,2019-06,41,47,2,2018–2019
HusnainAbbaas,https://github.com/HusnainAbbaas,51602354,2019-06,15,47,2,2018–2019
shahzad035,https://github.com/shahzad035,52150583,2019-06,6,47,2,2018–2019
bk-az,https://github.com/bk-az,52160329,2019-06,11,41,2,2018–2019
ahmad4372,https://github.com/ahmad4372,52283498,2019-06,12,38,2,2018–2019
yassalahmad,https://github.com/yassalahmad,51922271,2019-06,12,37,2,2018–2019
bilaljee76,https://github.com/bilaljee76,51508122,2019-06,18,36,2,2018–2019
root4417,https://github.com/root4417,52351610,2019-06,11,34,2,2018–2019
syedbaqirraza,https://github.com/syedbaqirraza,51535531,2019-06,10,33,2,2018–2019
NoobScorpio7,https://github.com/NoobScorpio7,51863027,2019-06,6,33,2,2018–2019
umaraliCIIT,https://github.com/umaraliCIIT,51948219,2019-06,11,29,2,2018–2019
AbdullahThatsIt,https://github.com/AbdullahThatsIt,51906648,2019-06,7,28,2,2018–2019
AhsanSheraz,https://github.com/AhsanSheraz,51913596,2019-06,7,25,2,2018–2019
dinssaif,https://github.com/dinssaif,51289764,2019-06,10,24,2,2018–2019
ali-ahmad98,https://github.com/ali-ahmad98,51714591,2019-06,9,24,2,2018–2019
afrozopsy,https://github.com/afrozopsy,51536094,2019-06,6,24,2,2018–2019
tajwarbilal,https://github.com/tajwarbilal,52238063,2019-06,20,22,2,2018–2019
muzamil5,https://github.com/muzamil5,51794175,2019-06,9,22,2,2018–2019
Faisal-Hussain,https://github.com/Faisal-Hussain,53234393,2019-07,17,10186,2,2018–2019
hassantahawar,https://github.com/hassantahawar,53495126,2019-07,12,9247,2,2018–2019
abdullah-jaffer,https://github.com/abdullah-jaffer,52912202,2019-07,23,1377,2,2018–2019
TashfeenRao,https://github.com/TashfeenRao,52947888,2019-07,86,1225,2,2018–2019
farhanashrafdev,https://github.com/farhanashrafdev,53370109,2019-07,74,1192,2,2018–2019
ahsanshareef21,https://github.com/ahsanshareef21,53422199,2019-07,22,812,2,2018–2019
gulraiznaseer,https://github.com/gulraiznaseer,52410216,2019-07,15,798,2,2018–2019
kudos112,https://github.com/kudos112,53150433,2019-07,62,723,2,2018–2019
bot-killer-dot,https://github.com/bot-killer-dot,53222049,2019-07,40,690,2,2018–2019
Hassibayub,https://github.com/Hassibayub,53309104,2019-07,39,622,2,2018–2019
arsxlanali,https://github.com/arsxlanali,53117861,2019-07,56,556,2,2018–2019
sidrakhandev,https://github.com/sidrakhandev,53394560,2019-07,43,414,2,2018–2019
Shehroz4477,https://github.com/Shehroz4477,53359040,2019-07,8,412,2,2018–2019
furqancodes,https://github.com/furqancodes,53150895,2019-07,25,353,2,2018–2019
kashifjaved1,https://github.com/kashifjaved1,53248414,2019-07,61,349,2,2018–2019
UffanMehmoodKhan,https://github.com/UffanMehmoodKhan,52833092,2019-07,16,314,2,2018–2019
farooqzafarawan,https://github.com/farooqzafarawan,53262137,2019-07,20,286,2,2018–2019
hamayungill,https://github.com/hamayungill,53151216,2019-07,14,277,2,2018–2019
m-salman-afzal,https://github.com/m-salman-afzal,53542416,2019-07,29,244,2,2018–2019
muneebaa,https://github.com/muneebaa,52759656,2019-07,48,226,2,2018–2019
AbdulMuqsit112,https://github.com/AbdulMuqsit112,52594409,2019-07,14,216,2,2018–2019
Saifix,https://github.com/Saifix,52735942,2019-07,43,205,2,2018–2019
bilalahhmedd,https://github.com/bilalahhmedd,52611463,2019-07,16,203,2,2018–2019
muneeb71999,https://github.com/muneeb71999,52492342,2019-07,55,178,2,2018–2019
usman-khan-01,https://github.com/usman-khan-01,53503561,2019-07,11,176,2,2018–2019
Waqas-Akram,https://github.com/Waqas-Akram,52405087,2019-07,22,171,2,2018–2019
sohail-rasool,https://github.com/sohail-rasool,53522337,2019-07,30,170,2,2018–2019
ahmohil,https://github.com/ahmohil,53046043,2019-07,34,169,2,2018–2019
awaisjavaid930,https://github.com/awaisjavaid930,53362912,2019-07,23,168,2,2018–2019
afzalali27,https://github.com/afzalali27,52553046,2019-07,22,166,2,2018–2019
AtaUllahB,https://github.com/AtaUllahB,53036114,2019-07,16,139,2,2018–2019
alijunaidkhan,https://github.com/alijunaidkhan,52736457,2019-07,6,134,2,2018–2019
MWaseemAkram11,https://github.com/MWaseemAkram11,53184296,2019-07,36,120,2,2018–2019
zunaira119,https://github.com/zunaira119,52774935,2019-07,43,104,2,2018–2019
arslanahmad5978,https://github.com/arslanahmad5978,53128996,2019-07,13,90,2,2018–2019
theaafofficial,https://github.com/theaafofficial,52921754,2019-07,9,90,2,2018–2019
QamarShehzad100,https://github.com/QamarShehzad100,52770638,2019-07,10,77,2,2018–2019
inam700,https://github.com/inam700,53471757,2019-07,20,76,2,2018–2019
attaurrahman294,https://github.com/attaurrahman294,52472923,2019-07,20,75,2,2018–2019
mubidotjs,https://github.com/mubidotjs,52626181,2019-07,10,70,2,2018–2019
tayyabjamshaid,https://github.com/tayyabjamshaid,53150601,2019-07,38,63,2,2018–2019
naseeb88900,https://github.com/naseeb88900,52892919,2019-07,20,63,2,2018–2019
Syedmoizulhassanshah,https://github.com/Syedmoizulhassanshah,52605353,2019-07,14,62,2,2018–2019
arslanali4343,https://github.com/arslanali4343,53410060,2019-07,25,60,2,2018–2019
h-Usman,https://github.com/h-Usman,52568602,2019-07,14,58,2,2018–2019
ShoaibShaukatOfficial,https://github.com/ShoaibShaukatOfficial,53047794,2019-07,7,58,2,2018–2019
mshoaib007,https://github.com/mshoaib007,52824589,2019-07,7,58,2,2018–2019
irfaanraza,https://github.com/irfaanraza,52914975,2019-07,16,57,2,2018–2019
WaseemAbbasSoftSol,https://github.com/WaseemAbbasSoftSol,53165164,2019-07,6,56,2,2018–2019
wqafzal,https://github.com/wqafzal,52920664,2019-07,16,55,2,2018–2019
AbdulQadir1998,https://github.com/AbdulQadir1998,52572214,2019-07,16,52,2,2018–2019
talhashahzad1,https://github.com/talhashahzad1,52604704,2019-07,19,50,2,2018–2019
usman4677,https://github.com/usman4677,52812753,2019-07,9,47,2,2018–2019
babarSemantics,https://github.com/babarSemantics,53036300,2019-07,8,46,2,2018–2019
MAbdurrehman1,https://github.com/MAbdurrehman1,52558124,2019-07,6,42,2,2018–2019
AllahWasya,https://github.com/AllahWasya,52521019,2019-07,14,40,2,2018–2019
harisijazwarraich,https://github.com/harisijazwarraich,52984021,2019-07,44,37,2,2018–2019
shahwarkhalid,https://github.com/shahwarkhalid,52937035,2019-07,7,37,2,2018–2019
nadeem53,https://github.com/nadeem53,53378408,2019-07,7,37,2,2018–2019
arslan2419,https://github.com/arslan2419,52423060,2019-07,14,36,2,2018–2019
Abubakkar-Siddique,https://github.com/Abubakkar-Siddique,53335129,2019-07,14,33,2,2018–2019
dawoodilyas82,https://github.com/dawoodilyas82,52783022,2019-07,7,29,2,2018–2019
shavaiz-hussain,https://github.com/shavaiz-hussain,52816086,2019-07,14,28,2,2018–2019
tahzeeb536,https://github.com/tahzeeb536,53435829,2019-07,9,26,2,2018–2019
iamtaimi,https://github.com/iamtaimi,53346928,2019-07,6,26,2,2018–2019
laibaikram,https://github.com/laibaikram,53267433,2019-07,6,25,2,2018–2019
hamza556,https://github.com/hamza556,52734133,2019-07,7,23,2,2018–2019
sohaibsalman,https://github.com/sohaibsalman,53570067,2019-08,64,2238,2,2018–2019
samiullahsaleem,https://github.com/samiullahsaleem,54318487,2019-08,89,1471,2,2018–2019
izxxr,https://github.com/izxxr,54180221,2019-08,64,1344,2,2018–2019
nomankhokhar,https://github.com/nomankhokhar,54282116,2019-08,64,988,2,2018–2019
fazeelkhalid,https://github.com/fazeelkhalid,53637960,2019-08,68,775,2,2018–2019
sarmadhassanpk,https://github.com/sarmadhassanpk,54359291,2019-08,25,599,2,2018–2019
arshanaslam1,https://github.com/arshanaslam1,54641847,2019-08,23,555,2,2018–2019
NoumanNaeem6686,https://github.com/NoumanNaeem6686,54278279,2019-08,29,511,2,2018–2019
mAsadSiddique,https://github.com/mAsadSiddique,53949022,2019-08,66,476,2,2018–2019
abdulrafayn001,https://github.com/abdulrafayn001,54246840,2019-08,64,458,2,2018–2019
alidevhere,https://github.com/alidevhere,53839118,2019-08,64,442,2,2018–2019
ubaidmanzoor987,https://github.com/ubaidmanzoor987,54735602,2019-08,52,400,2,2018–2019
Adil8083,https://github.com/Adil8083,54416942,2019-08,11,389,2,2018–2019
humza-dev,https://github.com/humza-dev,54350959,2019-08,59,306,2,2018–2019
Abuzar-JS,https://github.com/Abuzar-JS,54638297,2019-08,12,266,2,2018–2019
Harisleghari,https://github.com/Harisleghari,54736339,2019-08,57,235,2,2018–2019
ezaanamin,https://github.com/ezaanamin,54580594,2019-08,22,231,2,2018–2019
abbas-uet,https://github.com/abbas-uet,54166807,2019-08,27,230,2,2018–2019
khawarzia,https://github.com/khawarzia,53947398,2019-08,15,226,2,2018–2019
UzairRiaz,https://github.com/UzairRiaz,53599131,2019-08,20,221,2,2018–2019
farrukhayazqazi,https://github.com/farrukhayazqazi,54480112,2019-08,20,217,2,2018–2019
asadbinkhalid,https://github.com/asadbinkhalid,54309765,2019-08,6,216,2,2018–2019
mohsinnazakat1,https://github.com/mohsinnazakat1,54424753,2019-08,46,208,2,2018–2019
ahmadsiddiquech,https://github.com/ahmadsiddiquech,54178390,2019-08,21,200,2,2018–2019
khuramhaf,https://github.com/khuramhaf,54737781,2019-08,23,199,2,2018–2019
AliRazaSaqib,https://github.com/AliRazaSaqib,54444136,2019-08,61,198,2,2018–2019
heydawood,https://github.com/heydawood,53611407,2019-08,28,192,2,2018–2019
zamanalisandhu,https://github.com/zamanalisandhu,53684585,2019-08,10,189,2,2018–2019
Attiarulhasan,https://github.com/Attiarulhasan,53873252,2019-08,10,186,2,2018–2019
mrzahidfaiz,https://github.com/mrzahidfaiz,53649049,2019-08,31,171,2,2018–2019
kirmani512,https://github.com/kirmani512,54227756,2019-08,13,159,2,2018–2019
sheraz-rao,https://github.com/sheraz-rao,54544733,2019-08,9,156,2,2018–2019
Subhankhalid1,https://github.com/Subhankhalid1,54278253,2019-08,68,153,2,2018–2019
ammaralizahid,https://github.com/ammaralizahid,53705118,2019-08,21,152,2,2018–2019
faisalfarooqqq,https://github.com/faisalfarooqqq,53616522,2019-08,29,151,2,2018–2019
abubakarwaqas33,https://github.com/abubakarwaqas33,53994692,2019-08,24,139,2,2018–2019
Ali478,https://github.com/Ali478,54278016,2019-08,31,137,2,2018–2019
sohaib57,https://github.com/sohaib57,54361139,2019-08,31,128,2,2018–2019
MuflahNasir,https://github.com/MuflahNasir,53937186,2019-08,28,122,2,2018–2019
saimintech,https://github.com/saimintech,53660940,2019-08,11,122,2,2018–2019
ahmaddmuneeb,https://github.com/ahmaddmuneeb,54245615,2019-08,16,121,2,2018–2019
saiban-ali,https://github.com/saiban-ali,54078672,2019-08,27,120,2,2018–2019
husnain1243,https://github.com/husnain1243,53654414,2019-08,27,105,2,2018–2019
KamranMaqbool,https://github.com/KamranMaqbool,53546053,2019-08,18,103,2,2018–2019
mirzaaamir,https://github.com/mirzaaamir,53567128,2019-08,27,91,2,2018–2019
waseem-mehr,https://github.com/waseem-mehr,54299629,2019-08,49,86,2,2018–2019
HammadShahzad,https://github.com/HammadShahzad,54584402,2019-08,11,76,2,2018–2019
HafsaHS,https://github.com/HafsaHS,53981229,2019-08,13,71,2,2018–2019
shaheer904,https://github.com/shaheer904,54603049,2019-08,16,57,2,2018–2019
WaqarMakki,https://github.com/WaqarMakki,53892108,2019-08,12,56,2,2018–2019
bilaliftikhar-arbisoft,https://github.com/bilaliftikhar-arbisoft,53901448,2019-08,10,56,2,2018–2019
Salman464,https://github.com/Salman464,54491107,2019-08,10,56,2,2018–2019
OfficialEvilDevil,https://github.com/OfficialEvilDevil,54027269,2019-08,8,55,2,2018–2019
ranaahmmi,https://github.com/ranaahmmi,54743022,2019-08,12,53,2,2018–2019
zohaibmanzoorkushwahaa,https://github.com/zohaibmanzoorkushwahaa,54199310,2019-08,11,53,2,2018–2019
muhammad-asif07-ml,https://github.com/muhammad-asif07-ml,54409477,2019-08,10,52,2,2018–2019
harisahmad000005,https://github.com/harisahmad000005,54105365,2019-08,8,52,2,2018–2019
Wasehdev,https://github.com/Wasehdev,54233738,2019-08,22,49,2,2018–2019
gliterpoint,https://github.com/gliterpoint,54293435,2019-08,19,46,2,2018–2019
murtaza12,https://github.com/murtaza12,54303274,2019-08,8,46,2,2018–2019
aqib668,https://github.com/aqib668,54639254,2019-08,6,46,2,2018–2019
irfan-murtaza,https://github.com/irfan-murtaza,54722462,2019-08,11,44,2,2018–2019
Shaheen665,https://github.com/Shaheen665,53758619,2019-08,11,40,2,2018–2019
awaisehsan727,https://github.com/awaisehsan727,53927997,2019-08,10,37,2,2018–2019
Amaan299,https://github.com/Amaan299,54581925,2019-08,10,37,2,2018–2019
jimykhan,https://github.com/jimykhan,54398168,2019-08,12,34,2,2018–2019
palwashakmalik,https://github.com/palwashakmalik,53579380,2019-08,20,33,2,2018–2019
im-khalidbutt,https://github.com/im-khalidbutt,53585981,2019-08,11,31,2,2018–2019
Arbab519,https://github.com/Arbab519,54347639,2019-08,8,30,2,2018–2019
MUmairMalik,https://github.com/MUmairMalik,54508489,2019-08,16,29,2,2018–2019
MuhammadHannan,https://github.com/MuhammadHannan,54529564,2019-08,7,29,2,2018–2019
Duaa-12345,https://github.com/Duaa-12345,54553775,2019-08,7,26,2,2018–2019
Naeem125,https://github.com/Naeem125,53903331,2019-08,6,26,2,2018–2019
naumansamtia,https://github.com/naumansamtia,54471713,2019-08,10,25,2,2018–2019
hmzaidamjad,https://github.com/hmzaidamjad,55539659,2019-09,6,17971,2,2018–2019
samiwarraich,https://github.com/samiwarraich,55091638,2019-09,19,5038,2,2018–2019
thezaeemaanwar,https://github.com/thezaeemaanwar,55206089,2019-09,91,3230,2,2018–2019
Arehmanali,https://github.com/Arehmanali,55204040,2019-09,82,1615,2,2018–2019
asadahmad27,https://github.com/asadahmad27,55286141,2019-09,35,1492,2,2018–2019
faatehsultan,https://github.com/faatehsultan,54814772,2019-09,76,1380,2,2018–2019
imuqeetchaudhary,https://github.com/imuqeetchaudhary,55202773,2019-09,38,1303,2,2018–2019
JMMirza,https://github.com/JMMirza,54987816,2019-09,28,932,2,2018–2019
uzair1080p,https://github.com/uzair1080p,55022419,2019-09,16,812,2,2018–2019
misalazeem,https://github.com/misalazeem,55094882,2019-09,46,803,2,2018–2019
asadmukhtarr,https://github.com/asadmukhtarr,55097220,2019-09,49,771,2,2018–2019
AhmadJavaidWork,https://github.com/AhmadJavaidWork,55482592,2019-09,44,705,2,2018–2019
msulemvn,https://github.com/msulemvn,55737191,2019-09,29,657,2,2018–2019
Moeez1999,https://github.com/Moeez1999,55261847,2019-09,18,652,2,2018–2019
fahad39,https://github.com/fahad39,54923717,2019-09,38,647,2,2018–2019
UmerQaisar,https://github.com/UmerQaisar,55172718,2019-09,29,586,2,2018–2019
wbkhalid,https://github.com/wbkhalid,54771036,2019-09,61,583,2,2018–2019
aliraza93,https://github.com/aliraza93,55763702,2019-09,32,520,2,2018–2019
Younas22,https://github.com/Younas22,55877886,2019-09,37,512,2,2018–2019
abdullah-afzal,https://github.com/abdullah-afzal,55042278,2019-09,47,510,2,2018–2019
MARIA-AZRAR,https://github.com/MARIA-AZRAR,55192319,2019-09,42,497,2,2018–2019
Mehr-un-nisa,https://github.com/Mehr-un-nisa,55224607,2019-09,52,492,2,2018–2019
ZohaibX,https://github.com/ZohaibX,55362173,2019-09,25,479,2,2018–2019
alizaib512,https://github.com/alizaib512,54837148,2019-09,6,470,2,2018–2019
AsadUrRehmanCs111,https://github.com/AsadUrRehmanCs111,55739556,2019-09,41,443,2,2018–2019
ShahnawazKakarh,https://github.com/ShahnawazKakarh,55447546,2019-09,19,438,2,2018–2019
actuaryhafeez,https://github.com/actuaryhafeez,55107467,2019-09,107,416,2,2018–2019
ahmadaurwahaj,https://github.com/ahmadaurwahaj,55436728,2019-09,35,410,2,2018–2019
eazisols-company,https://github.com/eazisols-company,55804241,2019-09,11,403,2,2018–2019
ranawaqarahmad,https://github.com/ranawaqarahmad,55029599,2019-09,69,375,2,2018–2019
OmerBhatti,https://github.com/OmerBhatti,55941481,2019-09,64,362,2,2018–2019
huzaifabhutta,https://github.com/huzaifabhutta,55208374,2019-09,32,361,2,2018–2019
FullStack-web-dev,https://github.com/FullStack-web-dev,55584698,2019-09,26,342,2,2018–2019
ahmad-raza1,https://github.com/ahmad-raza1,54940472,2019-09,29,331,2,2018–2019
consolebyfahad,https://github.com/consolebyfahad,55500446,2019-09,32,328,2,2018–2019
raoabdullah07,https://github.com/raoabdullah07,54791534,2019-09,7,313,2,2018–2019
usmanhashmis,https://github.com/usmanhashmis,55950977,2019-09,28,305,2,2018–2019
Abdullah0332,https://github.com/Abdullah0332,55477609,2019-09,72,296,2,2018–2019
thehassantahir,https://github.com/thehassantahir,54933420,2019-09,37,291,2,2018–2019
Alinawaz-786,https://github.com/Alinawaz-786,55326140,2019-09,33,265,2,2018–2019
AliShaheen232,https://github.com/AliShaheen232,54819672,2019-09,27,245,2,2018–2019
TabishShafi,https://github.com/TabishShafi,55992155,2019-09,16,241,2,2018–2019
Noor648,https://github.com/Noor648,55416412,2019-09,15,238,2,2018–2019
hamzashakeel348,https://github.com/hamzashakeel348,55921857,2019-09,57,231,2,2018–2019
haseebasifdev,https://github.com/haseebasifdev,55667122,2019-09,38,226,2,2018–2019
MsAnamtaKhan,https://github.com/MsAnamtaKhan,55185654,2019-09,40,217,2,2018–2019
UsmanIlamdin,https://github.com/UsmanIlamdin,55306553,2019-09,42,212,2,2018–2019
USA19,https://github.com/USA19,55426626,2019-09,51,207,2,2018–2019
LybaFatimaNasir,https://github.com/LybaFatimaNasir,55187190,2019-09,25,197,2,2018–2019
realkabeerahmad,https://github.com/realkabeerahmad,55357150,2019-09,23,189,2,2018–2019
wajeehamushtaq,https://github.com/wajeehamushtaq,55188521,2019-09,75,185,2,2018–2019
AbdulSamad11,https://github.com/AbdulSamad11,55202643,2019-09,52,180,2,2018–2019
ShahidMinhasGill,https://github.com/ShahidMinhasGill,55877850,2019-09,27,166,2,2018–2019
MohammadAbuzar945,https://github.com/MohammadAbuzar945,55307690,2019-09,56,162,2,2018–2019
FaizanAhmed239,https://github.com/FaizanAhmed239,55249644,2019-09,9,161,2,2018–2019
haideru448,https://github.com/haideru448,55750307,2019-09,29,150,2,2018–2019
sapnauroojiqbal,https://github.com/sapnauroojiqbal,55201113,2019-09,47,145,2,2018–2019
floan,https://github.com/floan,54922458,2019-09,9,144,2,2018–2019
SaffiUllah1999,https://github.com/SaffiUllah1999,55308067,2019-09,28,138,2,2018–2019
muhammadhamzach,https://github.com/muhammadhamzach,55653205,2019-09,15,137,2,2018–2019
laibanasirdev,https://github.com/laibanasirdev,55222206,2019-09,45,127,2,2018–2019
Coderacadmy,https://github.com/Coderacadmy,55001998,2019-09,29,117,2,2018–2019
faizan-185,https://github.com/faizan-185,55195711,2019-09,13,117,2,2018–2019
abidbajwa951,https://github.com/abidbajwa951,55593165,2019-09,10,114,2,2018–2019
Abdulqadeer4122,https://github.com/Abdulqadeer4122,55345980,2019-09,34,108,2,2018–2019
saad2696,https://github.com/saad2696,54813551,2019-09,18,107,2,2018–2019
HoshiHamza,https://github.com/HoshiHamza,55294741,2019-09,12,107,2,2018–2019
DaaniDev,https://github.com/DaaniDev,55408411,2019-09,30,104,2,2018–2019
Moiz-Asad,https://github.com/Moiz-Asad,55780601,2019-09,24,101,2,2018–2019
A-Rehman10,https://github.com/A-Rehman10,55871733,2019-09,7,100,2,2018–2019
hamzabinshahzad,https://github.com/hamzabinshahzad,55319451,2019-09,14,97,2,2018–2019
Mr-Mudasir,https://github.com/Mr-Mudasir,55431264,2019-09,31,96,2,2018–2019
zain-abb,https://github.com/zain-abb,55325326,2019-09,34,95,2,2018–2019
Mubbasher-Ashraf,https://github.com/Mubbasher-Ashraf,55390359,2019-09,29,90,2,2018–2019
Hassan-Latif,https://github.com/Hassan-Latif,55191361,2019-09,27,88,2,2018–2019
jawad5,https://github.com/jawad5,55332289,2019-09,9,88,2,2018–2019
TahaNaveed,https://github.com/TahaNaveed,55650837,2019-09,11,86,2,2018–2019
Dawood-Gondal,https://github.com/Dawood-Gondal,54835389,2019-09,39,85,2,2018–2019
EishaAnwar,https://github.com/EishaAnwar,55197552,2019-09,14,80,2,2018–2019
Zulqarnainishaq,https://github.com/Zulqarnainishaq,55938064,2019-09,19,79,2,2018–2019
MuhammadRazaNaqvi,https://github.com/MuhammadRazaNaqvi,55186324,2019-09,30,73,2,2018–2019
abdullah-akram,https://github.com/abdullah-akram,55365736,2019-09,14,69,2,2018–2019
SharazHaider80,https://github.com/SharazHaider80,55837058,2019-09,18,68,2,2018–2019
zaibniaz,https://github.com/zaibniaz,55830683,2019-09,11,67,2,2018–2019
mrabdullahdev,https://github.com/mrabdullahdev,55082390,2019-09,17,64,2,2018–2019
hamzasaeed2029,https://github.com/hamzasaeed2029,55932058,2019-09,105,61,2,2018–2019
ahsan-cell,https://github.com/ahsan-cell,55620980,2019-09,27,59,2,2018–2019
zershsalman,https://github.com/zershsalman,55665052,2019-09,8,57,2,2018–2019
devfatimalatif,https://github.com/devfatimalatif,55202716,2019-09,31,54,2,2018–2019
Muhammad-Umer-Android,https://github.com/Muhammad-Umer-Android,54957195,2019-09,38,50,2,2018–2019
shaoors,https://github.com/shaoors,55801182,2019-09,10,50,2,2018–2019
MRNaqvi,https://github.com/MRNaqvi,55532506,2019-09,6,50,2,2018–2019
sheharyaar-Furqan,https://github.com/sheharyaar-Furqan,55719027,2019-09,32,49,2,2018–2019
noumanali0,https://github.com/noumanali0,54880099,2019-09,17,49,2,2018–2019
ahmad837,https://github.com/ahmad837,55914693,2019-09,14,49,2,2018–2019
raza0268,https://github.com/raza0268,54926117,2019-09,10,49,2,2018–2019
ArslanYounis,https://github.com/ArslanYounis,55507466,2019-09,7,49,2,2018–2019
AhxanFarooq,https://github.com/AhxanFarooq,55750636,2019-09,14,48,2,2018–2019
talhabutt111,https://github.com/talhabutt111,55873522,2019-09,7,48,2,2018–2019
iamhamzamatloob,https://github.com/iamhamzamatloob,55356381,2019-09,16,47,2,2018–2019
bilal255,https://github.com/bilal255,55201628,2019-09,15,47,2,2018–2019
mianusman44,https://github.com/mianusman44,54813550,2019-09,15,43,2,2018–2019
UMAIR936,https://github.com/UMAIR936,55293602,2019-09,16,42,2,2018–2019
furqanalam61,https://github.com/furqanalam61,55455442,2019-09,9,42,2,2018–2019
muhammadattaullahbhatti,https://github.com/muhammadattaullahbhatti,55228804,2019-09,15,40,2,2018–2019
ShoaibMoeen,https://github.com/ShoaibMoeen,55253915,2019-09,14,40,2,2018–2019
TariqJaved7,https://github.com/TariqJaved7,55314564,2019-09,18,38,2,2018–2019
UmerShahidengr,https://github.com/UmerShahidengr,55623682,2019-09,26,36,2,2018–2019
yousafhanif6186,https://github.com/yousafhanif6186,54760193,2019-09,7,36,2,2018–2019
asifkhalid03,https://github.com/asifkhalid03,55079043,2019-09,54,35,2,2018–2019
danishali98,https://github.com/danishali98,55227195,2019-09,10,34,2,2018–2019
ObaidShahzad,https://github.com/ObaidShahzad,55599902,2019-09,6,34,2,2018–2019
Alibinmaqsood,https://github.com/Alibinmaqsood,55096547,2019-09,11,31,2,2018–2019
adeeelahmad,https://github.com/adeeelahmad,55646292,2019-09,15,30,2,2018–2019
MKhizerSajjad,https://github.com/MKhizerSajjad,55743623,2019-09,10,29,2,2018–2019
M-Haseeb-Akram,https://github.com/M-Haseeb-Akram,55538886,2019-09,11,28,2,2018–2019
AdeelWajid,https://github.com/AdeelWajid,56066183,2019-10,23,78667,2,2018–2019
D3nii,https://github.com/D3nii,56127751,2019-10,33,2050,2,2018–2019
mudasirhayat,https://github.com/mudasirhayat,56861065,2019-10,32,1657,2,2018–2019
devtayyab,https://github.com/devtayyab,57056497,2019-10,147,671,2,2018–2019
asadbukhari2,https://github.com/asadbukhari2,57019121,2019-10,31,457,2,2018–2019
chowais181,https://github.com/chowais181,56623836,2019-10,74,337,2,2018–2019
IbrahimTG99,https://github.com/IbrahimTG99,56555560,2019-10,22,267,2,2018–2019
asjidtahir,https://github.com/asjidtahir,56044793,2019-10,31,251,2,2018–2019
UsamaAyub-EE,https://github.com/UsamaAyub-EE,56035043,2019-10,41,249,2,2018–2019
naseeraslam,https://github.com/naseeraslam,56691274,2019-10,23,200,2,2018–2019
bilal1031,https://github.com/bilal1031,56048741,2019-10,32,184,2,2018–2019
UmairMughal901,https://github.com/UmairMughal901,56846748,2019-10,84,168,2,2018–2019
talatghafoor,https://github.com/talatghafoor,56864628,2019-10,25,168,2,2018–2019
arslanyousaf77,https://github.com/arslanyousaf77,56795382,2019-10,18,161,2,2018–2019
huzaifakhan771,https://github.com/huzaifakhan771,56702423,2019-10,23,152,2,2018–2019
rasaalahmad,https://github.com/rasaalahmad,56187211,2019-10,23,140,2,2018–2019
mmuneeburahman,https://github.com/mmuneeburahman,56772228,2019-10,19,117,2,2018–2019
NabeelAhmed-090,https://github.com/NabeelAhmed-090,56081414,2019-10,12,107,2,2018–2019
hafizmuhammadfarooq786,https://github.com/hafizmuhammadfarooq786,56085557,2019-10,14,100,2,2018–2019
BilalBashirDEV,https://github.com/BilalBashirDEV,56160232,2019-10,20,96,2,2018–2019
MubeenAhmad571,https://github.com/MubeenAhmad571,56739319,2019-10,23,86,2,2018–2019
ansar-javaid,https://github.com/ansar-javaid,56737332,2019-10,21,79,2,2018–2019
codewithwaheed,https://github.com/codewithwaheed,57209119,2019-10,16,78,2,2018–2019
ali-husnain,https://github.com/ali-husnain,56598032,2019-10,15,77,2,2018–2019
cheema14,https://github.com/cheema14,57087914,2019-10,15,74,2,2018–2019
zia-ullah-sarwar,https://github.com/zia-ullah-sarwar,57185558,2019-10,21,71,2,2018–2019
DoubleZee-0005,https://github.com/DoubleZee-0005,57056639,2019-10,15,71,2,2018–2019
Ibrahim-Arif,https://github.com/Ibrahim-Arif,56690151,2019-10,9,70,2,2018–2019
Junaid43,https://github.com/Junaid43,56622638,2019-10,26,64,2,2018–2019
taimoorsultani,https://github.com/taimoorsultani,56692735,2019-10,19,63,2,2018–2019
wkhaliddev,https://github.com/wkhaliddev,56092156,2019-10,20,56,2,2018–2019
Afifa-Aslam,https://github.com/Afifa-Aslam,56047555,2019-10,13,51,2,2018–2019
MuhammadAsimZafar,https://github.com/MuhammadAsimZafar,56079823,2019-10,18,50,2,2018–2019
Haseebshah936,https://github.com/Haseebshah936,56692446,2019-10,13,41,2,2018–2019
muhammad-saqlain-tahir,https://github.com/muhammad-saqlain-tahir,56048928,2019-10,11,37,2,2018–2019
HamdaAnees,https://github.com/HamdaAnees,56044626,2019-10,12,36,2,2018–2019
Hassanali40,https://github.com/Hassanali40,58006404,2019-11,11,11205,2,2018–2019
ahmadbhatti016,https://github.com/ahmadbhatti016,57696284,2019-11,11,2381,2,2018–2019
Ahmed-Zaman,https://github.com/Ahmed-Zaman,57289380,2019-11,9,2091,2,2018–2019
gamer00001,https://github.com/gamer00001,58110212,2019-11,7,388,2,2018–2019
Arslanmajeed270,https://github.com/Arslanmajeed270,57796650,2019-11,23,345,2,2018–2019
oneebkhan,https://github.com/oneebkhan,57562547,2019-11,20,290,2,2018–2019
asad-amjad,https://github.com/asad-amjad,57917600,2019-11,39,286,2,2018–2019
FaixyX,https://github.com/FaixyX,57293276,2019-11,39,281,2,2018–2019
ahmedjaved753,https://github.com/ahmedjaved753,57434777,2019-11,29,224,2,2018–2019
saifuullah,https://github.com/saifuullah,57560567,2019-11,36,223,2,2018–2019
AHMAD1812,https://github.com/AHMAD1812,58299512,2019-11,36,206,2,2018–2019
bakar-dev,https://github.com/bakar-dev,57257668,2019-11,30,185,2,2018–2019
MuhammadAhsan7866,https://github.com/MuhammadAhsan7866,58080907,2019-11,27,185,2,2018–2019
JibKh,https://github.com/JibKh,57240333,2019-11,10,182,2,2018–2019
Zohaibb-m,https://github.com/Zohaibb-m,58335474,2019-11,17,180,2,2018–2019
hariszulfiqar054,https://github.com/hariszulfiqar054,57320391,2019-11,44,174,2,2018–2019
musman013,https://github.com/musman013,57948489,2019-11,34,174,2,2018–2019
amir067,https://github.com/amir067,58249296,2019-11,91,155,2,2018–2019
iNadeemDev,https://github.com/iNadeemDev,57495097,2019-11,17,138,2,2018–2019
imargorsi,https://github.com/imargorsi,57457362,2019-11,15,137,2,2018–2019
fahad12121,https://github.com/fahad12121,58298975,2019-11,7,137,2,2018–2019
asad53,https://github.com/asad53,57832676,2019-11,24,134,2,2018–2019
ahmerarain,https://github.com/ahmerarain,57433886,2019-11,13,130,2,2018–2019
Abdullah-10xe,https://github.com/Abdullah-10xe,57434354,2019-11,9,121,2,2018–2019
MrGul1997,https://github.com/MrGul1997,57715473,2019-11,51,115,2,2018–2019
hamzaansarics,https://github.com/hamzaansarics,57999738,2019-11,33,115,2,2018–2019
mtalhaashraf,https://github.com/mtalhaashraf,58243566,2019-11,18,104,2,2018–2019
iamAbdulAhad3481,https://github.com/iamAbdulAhad3481,58077182,2019-11,11,103,2,2018–2019
salmansaeed507,https://github.com/salmansaeed507,57698224,2019-11,9,101,2,2018–2019
faryal20,https://github.com/faryal20,57558029,2019-11,13,100,2,2018–2019
ZamranxD,https://github.com/ZamranxD,57960961,2019-11,26,94,2,2018–2019
UmairAwan128,https://github.com/UmairAwan128,57530715,2019-11,19,85,2,2018–2019
AhsanAli2546,https://github.com/AhsanAli2546,57401174,2019-11,10,80,2,2018–2019
areebhashir786,https://github.com/areebhashir786,57328072,2019-11,29,76,2,2018–2019
Abdullahtahir2022,https://github.com/Abdullahtahir2022,57463081,2019-11,24,75,2,2018–2019
rashidkhokhar98,https://github.com/rashidkhokhar98,57320667,2019-11,17,75,2,2018–2019
engrmalikmubashir,https://github.com/engrmalikmubashir,57788343,2019-11,67,72,2,2018–2019
Rashid-LDR,https://github.com/Rashid-LDR,58354085,2019-11,10,72,2,2018–2019
ZainUlAbideen-2000,https://github.com/ZainUlAbideen-2000,57444610,2019-11,16,64,2,2018–2019
wallxstone,https://github.com/wallxstone,58216270,2019-11,25,58,2,2018–2019
Hadiqaa,https://github.com/Hadiqaa,57297404,2019-11,12,58,2,2018–2019
nimramubashir,https://github.com/nimramubashir,57935111,2019-11,30,49,2,2018–2019
ahmedlhrpk,https://github.com/ahmedlhrpk,57264010,2019-11,13,48,2,2018–2019
raousama391,https://github.com/raousama391,57822040,2019-11,17,46,2,2018–2019
GoCodeAbdullah,https://github.com/GoCodeAbdullah,57711589,2019-11,16,45,2,2018–2019
eemaanamir,https://github.com/eemaanamir,57627710,2019-11,17,43,2,2018–2019
HafizAzeem,https://github.com/HafizAzeem,57300077,2019-11,13,43,2,2018–2019
shabbir789ahmad,https://github.com/shabbir789ahmad,58200046,2019-11,16,42,2,2018–2019
ahmedsaeed548,https://github.com/ahmedsaeed548,57411594,2019-11,21,39,2,2018–2019
lara-j567,https://github.com/lara-j567,58148996,2019-11,6,38,2,2018–2019
Numansiddiquee,https://github.com/Numansiddiquee,58168419,2019-11,6,35,2,2018–2019
shahriyarRahman,https://github.com/shahriyarRahman,58167217,2019-11,7,33,2,2018–2019
mohsen-abbas,https://github.com/mohsen-abbas,57518608,2019-11,6,31,2,2018–2019
Usama-Laeeq,https://github.com/Usama-Laeeq,57287126,2019-11,12,29,2,2018–2019
ahmadhassan52519,https://github.com/ahmadhassan52519,57883708,2019-11,10,29,2,2018–2019
iabdulqadeem,https://github.com/iabdulqadeem,58244969,2019-11,7,29,2,2018–2019
mAlIkaMJiD,https://github.com/mAlIkaMJiD,58315475,2019-11,7,28,2,2018–2019
Ahsanvip,https://github.com/Ahsanvip,57367399,2019-11,8,24,2,2018–2019
ranaumer8344,https://github.com/ranaumer8344,57542159,2019-11,7,23,2,2018–2019
princesajid786,https://github.com/princesajid786,58854678,2019-12,17,6146,2,2018–2019
1MuhammadFarhanAslam,https://github.com/1MuhammadFarhanAslam,59208164,2019-12,17,1809,2,2018–2019
workOfYasir,https://github.com/workOfYasir,58635184,2019-12,52,963,2,2018–2019
hassamulhaq,https://github.com/hassamulhaq,58927204,2019-12,54,893,2,2018–2019
marsad11223,https://github.com/marsad11223,58562380,2019-12,24,748,2,2018–2019
HaiderSultanArc,https://github.com/HaiderSultanArc,59045242,2019-12,35,577,3,2019–2020
Munawarhussain729,https://github.com/Munawarhussain729,59243242,2019-12,42,472,3,2019–2020
Hami0095,https://github.com/Hami0095,59124007,2019-12,95,463,3,2019–2020
abdulrehman996,https://github.com/abdulrehman996,58827592,2019-12,24,436,3,2019–2020
moeez506,https://github.com/moeez506,58481032,2019-12,40,412,3,2019–2020
codewithalihamza,https://github.com/codewithalihamza,59261458,2019-12,58,404,3,2019–2020
Osama-Sultan189,https://github.com/Osama-Sultan189,59367747,2019-12,19,389,3,2019–2020
arbishakram,https://github.com/arbishakram,58566628,2019-12,12,331,3,2019–2020
devzohaib,https://github.com/devzohaib,58664161,2019-12,96,325,3,2019–2020
ali-sajjad-rizavi,https://github.com/ali-sajjad-rizavi,58586026,2019-12,31,304,3,2019–2020
zain1472,https://github.com/zain1472,58382525,2019-12,13,297,3,2019–2020
jawad-ul-hassan,https://github.com/jawad-ul-hassan,58787511,2019-12,27,291,3,2019–2020
mubashirjabbar,https://github.com/mubashirjabbar,59145326,2019-12,26,250,3,2019–2020
mohdanss,https://github.com/mohdanss,58670177,2019-12,35,211,3,2019–2020
M4DGENIUS0,https://github.com/M4DGENIUS0,58657340,2019-12,34,205,3,2019–2020
DawoodAli23,https://github.com/DawoodAli23,59256614,2019-12,42,203,3,2019–2020
asaleem029,https://github.com/asaleem029,58424888,2019-12,10,188,3,2019–2020
chtahir797,https://github.com/chtahir797,58529341,2019-12,21,187,3,2019–2020
FaizanMunsaf,https://github.com/FaizanMunsaf,58481164,2019-12,74,184,3,2019–2020
rizwanch786,https://github.com/rizwanch786,58412444,2019-12,50,179,3,2019–2020
Taimoor-hassan,https://github.com/Taimoor-hassan,58907587,2019-12,19,178,3,2019–2020
1hanzla100,https://github.com/1hanzla100,59178380,2019-12,21,176,3,2019–2020
saddammsk,https://github.com/saddammsk,58511380,2019-12,50,167,3,2019–2020
abdulwasay11,https://github.com/abdulwasay11,58778373,2019-12,20,163,3,2019–2020
TheAli711,https://github.com/TheAli711,59325559,2019-12,29,160,3,2019–2020
hussnaindev,https://github.com/hussnaindev,59045485,2019-12,15,160,3,2019–2020
Tayyab-Ejaz,https://github.com/Tayyab-Ejaz,58702229,2019-12,24,156,3,2019–2020
shaheer-javed,https://github.com/shaheer-javed,59045584,2019-12,15,150,3,2019–2020
waqar-ahmad-dev,https://github.com/waqar-ahmad-dev,59165076,2019-12,7,143,3,2019–2020
chahmedejaz,https://github.com/chahmedejaz,59338032,2019-12,32,139,3,2019–2020
mrmimran,https://github.com/mrmimran,59293025,2019-12,8,137,3,2019–2020
QaisSultani,https://github.com/QaisSultani,58773189,2019-12,31,136,3,2019–2020
TehArooj,https://github.com/TehArooj,58910327,2019-12,19,136,3,2019–2020
SeeratSalman64,https://github.com/SeeratSalman64,58492483,2019-12,14,134,3,2019–2020
Usama-dev182,https://github.com/Usama-dev182,59333425,2019-12,154,133,3,2019–2020
mhassa204,https://github.com/mhassa204,58529870,2019-12,11,122,3,2019–2020
Dilshadworks,https://github.com/Dilshadworks,58944736,2019-12,17,120,3,2019–2020
haseebbhatti742,https://github.com/haseebbhatti742,59063435,2019-12,22,117,3,2019–2020
its-shahzaib58,https://github.com/its-shahzaib58,59190557,2019-12,16,109,3,2019–2020
Hammad-Ikhlaq,https://github.com/Hammad-Ikhlaq,59362939,2019-12,25,103,3,2019–2020
AbdulAhad114,https://github.com/AbdulAhad114,58906395,2019-12,17,103,3,2019–2020
bilal-alam5491,https://github.com/bilal-alam5491,58681978,2019-12,27,76,3,2019–2020
khawaja-dawood,https://github.com/khawaja-dawood,59370070,2019-12,20,75,3,2019–2020
bilalogist,https://github.com/bilalogist,59091496,2019-12,20,75,3,2019–2020
sheikhHassaan,https://github.com/sheikhHassaan,58779035,2019-12,9,72,3,2019–2020
I-am-Zain,https://github.com/I-am-Zain,58477980,2019-12,11,70,3,2019–2020
amnashahid,https://github.com/amnashahid,59327942,2019-12,15,65,3,2019–2020
yasirpucit,https://github.com/yasirpucit,59232790,2019-12,11,64,3,2019–2020
MAsad-Nawaz,https://github.com/MAsad-Nawaz,58543905,2019-12,31,60,3,2019–2020
zahidcoder,https://github.com/zahidcoder,58654029,2019-12,18,57,3,2019–2020
alikhan1999,https://github.com/alikhan1999,59228131,2019-12,15,57,3,2019–2020
mhashim-sama,https://github.com/mhashim-sama,58433925,2019-12,9,56,3,2019–2020
muhammadumairdev,https://github.com/muhammadumairdev,58565103,2019-12,21,53,3,2019–2020
AimenJaved,https://github.com/AimenJaved,59394816,2019-12,22,50,3,2019–2020
Kashif-Ali786,https://github.com/Kashif-Ali786,59044695,2019-12,18,47,3,2019–2020
hashamnadeem21,https://github.com/hashamnadeem21,58515457,2019-12,6,43,3,2019–2020
salman-ux70,https://github.com/salman-ux70,58728923,2019-12,23,38,3,2019–2020
idreesarif,https://github.com/idreesarif,58763762,2019-12,18,36,3,2019–2020
jasimmir,https://github.com/jasimmir,59131935,2019-12,15,36,3,2019–2020
abdulhaseeb06,https://github.com/abdulhaseeb06,58945720,2019-12,9,36,3,2019–2020
Ali-Raza-Parhar,https://github.com/Ali-Raza-Parhar,59278772,2019-12,17,34,3,2019–2020
codingwithmujeeb,https://github.com/codingwithmujeeb,58514212,2019-12,6,33,3,2019–2020
shaarifsabah,https://github.com/shaarifsabah,58669957,2019-12,11,32,3,2019–2020
Sunlimetech,https://github.com/Sunlimetech,58732989,2019-12,9,29,3,2019–2020
hamzaanwarjanjua,https://github.com/hamzaanwarjanjua,58809403,2019-12,6,26,3,2019–2020
Mr-Gillani,https://github.com/Mr-Gillani,58636225,2019-12,10,25,3,2019–2020
momerlk,https://github.com/momerlk,59614020,2020-01,37,1066,3,2019–2020
kami922,https://github.com/kami922,60187709,2020-01,81,961,3,2019–2020
Hafiz-M-Subhan,https://github.com/Hafiz-M-Subhan,60008769,2020-01,8,694,3,2019–2020
ibrar-web,https://github.com/ibrar-web,60141885,2020-01,16,687,3,2019–2020
Nauman-Arshad,https://github.com/Nauman-Arshad,60134017,2020-01,72,512,3,2019–2020
Nadeem-png,https://github.com/Nadeem-png,59850010,2020-01,35,465,3,2019–2020
maanizfar,https://github.com/maanizfar,60314538,2020-01,44,411,3,2019–2020
Muhammad-Shayan-Haider,https://github.com/Muhammad-Shayan-Haider,60185211,2020-01,36,371,3,2019–2020
griffin-k,https://github.com/griffin-k,59467481,2020-01,61,322,3,2019–2020
salmanj4466,https://github.com/salmanj4466,60132075,2020-01,48,297,3,2019–2020
mrsaifullah52,https://github.com/mrsaifullah52,60331864,2020-01,60,293,3,2019–2020
muneebbukhari555,https://github.com/muneebbukhari555,59598346,2020-01,8,268,3,2019–2020
AreebMughal,https://github.com/AreebMughal,59660097,2020-01,24,254,3,2019–2020
99muneeb,https://github.com/99muneeb,59506227,2020-01,30,248,3,2019–2020
awais-khokhar,https://github.com/awais-khokhar,59440693,2020-01,48,244,3,2019–2020
RaiSufian,https://github.com/RaiSufian,60252207,2020-01,30,223,3,2019–2020
hasham56,https://github.com/hasham56,59485404,2020-01,31,222,3,2019–2020
MuhammadHuzaifa881,https://github.com/MuhammadHuzaifa881,60007935,2020-01,34,216,3,2019–2020
faisal8373,https://github.com/faisal8373,59798752,2020-01,55,214,3,2019–2020
afaqIbrar,https://github.com/afaqIbrar,60314748,2020-01,14,194,3,2019–2020
muhammadumairmubasher,https://github.com/muhammadumairmubasher,59522109,2020-01,16,193,3,2019–2020
BilalAbbas78,https://github.com/BilalAbbas78,59434652,2020-01,29,192,3,2019–2020
Usman-Ahmad673,https://github.com/Usman-Ahmad673,60317741,2020-01,25,159,3,2019–2020
usmankhan3304,https://github.com/usmankhan3304,59886172,2020-01,24,148,3,2019–2020
khawarjaved,https://github.com/khawarjaved,60272722,2020-01,13,138,3,2019–2020
M-desi,https://github.com/M-desi,59605747,2020-01,40,133,3,2019–2020
m-mohsin-iqbal,https://github.com/m-mohsin-iqbal,59695838,2020-01,31,131,3,2019–2020
mrbilalashraf,https://github.com/mrbilalashraf,59407383,2020-01,20,125,3,2019–2020
ijaz-sarwar,https://github.com/ijaz-sarwar,60298450,2020-01,42,122,3,2019–2020
Naila-Malik,https://github.com/Naila-Malik,60380585,2020-01,23,121,3,2019–2020
ibrar-dev,https://github.com/ibrar-dev,59825067,2020-01,27,112,3,2019–2020
abdulhanan5643,https://github.com/abdulhanan5643,59803552,2020-01,11,111,3,2019–2020
khizar-hayyat-72,https://github.com/khizar-hayyat-72,59996130,2020-01,26,105,3,2019–2020
Talha-Rao,https://github.com/Talha-Rao,60220164,2020-01,11,96,3,2019–2020
faisalseraj,https://github.com/faisalseraj,59417212,2020-01,18,86,3,2019–2020
DANIYAL-MALIK,https://github.com/DANIYAL-MALIK,60063474,2020-01,26,85,3,2019–2020
usmankamboh,https://github.com/usmankamboh,60146013,2020-01,38,81,3,2019–2020
wjamilaion,https://github.com/wjamilaion,60421492,2020-01,12,71,3,2019–2020
MohammadIrfanAli,https://github.com/MohammadIrfanAli,59440376,2020-01,11,69,3,2019–2020
momin37,https://github.com/momin37,60110436,2020-01,19,61,3,2019–2020
SIRMED,https://github.com/SIRMED,59916784,2020-01,12,61,3,2019–2020
usamasindhu,https://github.com/usamasindhu,59410006,2020-01,26,56,3,2019–2020
usmanfarooq619,https://github.com/usmanfarooq619,60200345,2020-01,17,56,3,2019–2020
RasoolBux123,https://github.com/RasoolBux123,59928743,2020-01,135,55,3,2019–2020
smash-96,https://github.com/smash-96,60149135,2020-01,19,54,3,2019–2020
SajjadMalik0008,https://github.com/SajjadMalik0008,60421539,2020-01,45,53,3,2019–2020
ranafarooqaslam,https://github.com/ranafarooqaslam,59947164,2020-01,6,49,3,2019–2020
Aliamjad93,https://github.com/Aliamjad93,60213582,2020-01,34,48,3,2019–2020
hamzashakir99,https://github.com/hamzashakir99,60213466,2020-01,11,43,3,2019–2020
amirsarfraz,https://github.com/amirsarfraz,60516163,2020-01,21,42,3,2019–2020
NumanBytes,https://github.com/NumanBytes,59526643,2020-01,19,42,3,2019–2020
zeethecyber,https://github.com/zeethecyber,59500966,2020-01,8,41,3,2019–2020
zainjanjua,https://github.com/zainjanjua,60418535,2020-01,19,40,3,2019–2020
alincbian,https://github.com/alincbian,59689182,2020-01,8,40,3,2019–2020
muneebashfaq,https://github.com/muneebashfaq,59503868,2020-01,22,31,3,2019–2020
safiullahkhan45,https://github.com/safiullahkhan45,60439014,2020-01,12,31,3,2019–2020
MalikAhmed0,https://github.com/MalikAhmed0,59923480,2020-01,10,31,3,2019–2020
shahidzikria,https://github.com/shahidzikria,60249934,2020-01,8,31,3,2019–2020
Muhammad-Kamran967,https://github.com/Muhammad-Kamran967,60073088,2020-01,9,29,3,2019–2020
tanveersys,https://github.com/tanveersys,60293574,2020-01,12,28,3,2019–2020
hananbabar98,https://github.com/hananbabar98,60232569,2020-01,6,28,3,2019–2020
zee-shan000,https://github.com/zee-shan000,60416988,2020-01,14,25,3,2019–2020
Mubashir0pi,https://github.com/Mubashir0pi,59951407,2020-01,7,24,3,2019–2020
umarijaz04,https://github.com/umarijaz04,60422606,2020-01,11,23,3,2019–2020
Sheraz031,https://github.com/Sheraz031,59519983,2020-01,8,23,3,2019–2020
dev-asadhameed,https://github.com/dev-asadhameed,59414040,2020-01,6,23,3,2019–2020
waqasbashir615,https://github.com/waqasbashir615,59905869,2020-01,18,21,3,2019–2020
MuaazZakria,https://github.com/MuaazZakria,60637386,2020-02,25,25432,3,2019–2020
sharjeelyunus,https://github.com/sharjeelyunus,61178058,2020-02,96,1549,3,2019–2020
HAMZA-NASIR-PU,https://github.com/HAMZA-NASIR-PU,60808055,2020-02,45,876,3,2019–2020
ibra,https://github.com/ibra,61324615,2020-02,13,751,3,2019–2020
AsjadIftikhar,https://github.com/AsjadIftikhar,61617966,2020-02,34,736,3,2019–2020
usmanbinnaeem,https://github.com/usmanbinnaeem,61014982,2020-02,92,624,3,2019–2020
MuhammadAbdullahHabib-github,https://github.com/MuhammadAbdullahHabib-github,61126235,2020-02,47,579,3,2019–2020
imArmanAli,https://github.com/imArmanAli,60715505,2020-02,11,518,3,2019–2020
AbubakarWebDev,https://github.com/AbubakarWebDev,61361764,2020-02,40,507,3,2019–2020
umarshafiq9433,https://github.com/umarshafiq9433,61325815,2020-02,20,466,3,2019–2020
ahmad2001hotmailyahoo,https://github.com/ahmad2001hotmailyahoo,60889933,2020-02,38,454,3,2019–2020
Ali-Bhatti,https://github.com/Ali-Bhatti,60929796,2020-02,43,370,3,2019–2020
murtazaali1999,https://github.com/murtazaali1999,61330248,2020-02,72,258,3,2019–2020
fahadwaseem8,https://github.com/fahadwaseem8,60786655,2020-02,12,233,3,2019–2020
abubakarmalik,https://github.com/abubakarmalik,60976031,2020-02,27,219,3,2019–2020
faaizsultan,https://github.com/faaizsultan,60936764,2020-02,22,213,3,2019–2020
madildev,https://github.com/madildev,61344433,2020-02,18,196,3,2019–2020
anaspucit2015,https://github.com/anaspucit2015,61489174,2020-02,16,196,3,2019–2020
saadali18,https://github.com/saadali18,61346412,2020-02,27,187,3,2019–2020
AzeemWaqarRao,https://github.com/AzeemWaqarRao,61060465,2020-02,29,181,3,2019–2020
Faiquekhan15,https://github.com/Faiquekhan15,60546073,2020-02,11,171,3,2019–2020
Sajid-Rajput,https://github.com/Sajid-Rajput,61330707,2020-02,25,169,3,2019–2020
MunawarRaza,https://github.com/MunawarRaza,60610263,2020-02,23,163,3,2019–2020
Muhamad-Usama,https://github.com/Muhamad-Usama,60971535,2020-02,14,163,3,2019–2020
Amjad-Afridi,https://github.com/Amjad-Afridi,61548869,2020-02,22,155,3,2019–2020
Soban-Suleman,https://github.com/Soban-Suleman,60773949,2020-02,38,149,3,2019–2020
ranarashadmahmood,https://github.com/ranarashadmahmood,61593676,2020-02,11,135,3,2019–2020
UzairIshfaq1234,https://github.com/UzairIshfaq1234,61427327,2020-02,35,133,3,2019–2020
codepyth,https://github.com/codepyth,61559417,2020-02,31,131,3,2019–2020
WajahatRiaz,https://github.com/WajahatRiaz,61377755,2020-02,93,129,3,2019–2020
habibly,https://github.com/habibly,61365368,2020-02,15,120,3,2019–2020
Hamzadar007,https://github.com/Hamzadar007,61282568,2020-02,11,110,3,2019–2020
MrHammaddev,https://github.com/MrHammaddev,61023733,2020-02,22,109,3,2019–2020
salmanafzal775,https://github.com/salmanafzal775,60782041,2020-02,11,99,3,2019–2020
Syed-Ahmad-Arshad,https://github.com/Syed-Ahmad-Arshad,60936423,2020-02,19,95,3,2019–2020
samranawazish,https://github.com/samranawazish,60664322,2020-02,19,95,3,2019–2020
afzaale01,https://github.com/afzaale01,60592691,2020-02,37,77,3,2019–2020
alinasir10,https://github.com/alinasir10,60759115,2020-02,15,74,3,2019–2020
ahmedayoub95,https://github.com/ahmedayoub95,60698754,2020-02,51,70,3,2019–2020
qurban-18,https://github.com/qurban-18,61090991,2020-02,21,70,3,2019–2020
ahsansheikh94,https://github.com/ahsansheikh94,60807660,2020-02,20,63,3,2019–2020
HassanRaza1313,https://github.com/HassanRaza1313,61215448,2020-02,10,62,3,2019–2020
naveedqamar650,https://github.com/naveedqamar650,60569200,2020-02,26,61,3,2019–2020
baigwadood,https://github.com/baigwadood,61112911,2020-02,14,60,3,2019–2020
HarrixK,https://github.com/HarrixK,60642714,2020-02,16,59,3,2019–2020
messixpy,https://github.com/messixpy,60840152,2020-02,12,59,3,2019–2020
MuhammadFurqan786,https://github.com/MuhammadFurqan786,61119770,2020-02,11,59,3,2019–2020
qamarkhan1,https://github.com/qamarkhan1,61321972,2020-02,8,59,3,2019–2020
asmersafi,https://github.com/asmersafi,60669277,2020-02,33,56,3,2019–2020
LaeeqAhmed,https://github.com/LaeeqAhmed,60816483,2020-02,15,56,3,2019–2020
dev-fahadaslam,https://github.com/dev-fahadaslam,61346544,2020-02,14,55,3,2019–2020
AsadHassanFarooqi,https://github.com/AsadHassanFarooqi,60753884,2020-02,15,52,3,2019–2020
farhanzuk,https://github.com/farhanzuk,60786383,2020-02,11,51,3,2019–2020
SyedaAyesha1000,https://github.com/SyedaAyesha1000,60692667,2020-02,8,51,3,2019–2020
mumarse,https://github.com/mumarse,61001668,2020-02,15,50,3,2019–2020
ahmadaijaz,https://github.com/ahmadaijaz,60893472,2020-02,11,47,3,2019–2020
talha786-wahid,https://github.com/talha786-wahid,61241549,2020-02,8,47,3,2019–2020
awahab994,https://github.com/awahab994,61448773,2020-02,16,45,3,2019–2020
qulzamsyed,https://github.com/qulzamsyed,60942964,2020-02,14,42,3,2019–2020
ehtishamuldin,https://github.com/ehtishamuldin,61542057,2020-02,20,40,3,2019–2020
ibrahim121a1,https://github.com/ibrahim121a1,60752286,2020-02,15,40,3,2019–2020
rm-Umar,https://github.com/rm-Umar,60544227,2020-02,10,39,3,2019–2020
shahzadijaweria,https://github.com/shahzadijaweria,61611922,2020-02,7,39,3,2019–2020
aftab123Tab,https://github.com/aftab123Tab,60645904,2020-02,10,37,3,2019–2020
mudasarali88,https://github.com/mudasarali88,61039484,2020-02,7,34,3,2019–2020
AliAshraf7868,https://github.com/AliAshraf7868,61000982,2020-02,13,30,3,2019–2020
razakhokhar4409,https://github.com/razakhokhar4409,61024803,2020-02,11,27,3,2019–2020
nowsmart,https://github.com/nowsmart,61306446,2020-02,16,25,3,2019–2020
itshaider01,https://github.com/itshaider01,61574206,2020-02,9,24,3,2019–2020
malikkabdullahhh,https://github.com/malikkabdullahhh,60567246,2020-02,10,23,3,2019–2020
Ali-Hamza-Gi,https://github.com/Ali-Hamza-Gi,61486737,2020-02,6,22,3,2019–2020
ZahidNoor7,https://github.com/ZahidNoor7,62716893,2020-03,15,18162,3,2019–2020
NumanNaseerNomi,https://github.com/NumanNaseerNomi,61705661,2020-03,25,2186,3,2019–2020
maazshakeel,https://github.com/maazshakeel,62890173,2020-03,88,865,3,2019–2020
Azeemaj101,https://github.com/Azeemaj101,61928905,2020-03,80,861,3,2019–2020
haris18896,https://github.com/haris18896,62644887,2020-03,57,814,3,2019–2020
ibrarramzan-dev,https://github.com/ibrarramzan-dev,62572620,2020-03,25,767,3,2019–2020
usamafarhat,https://github.com/usamafarhat,61818692,2020-03,16,579,3,2019–2020
codebyalisher,https://github.com/codebyalisher,62823194,2020-03,35,473,3,2019–2020
Ramzan52,https://github.com/Ramzan52,62610512,2020-03,17,446,3,2019–2020
Abidkhan389,https://github.com/Abidkhan389,62151418,2020-03,27,429,3,2019–2020
mazanaqvi,https://github.com/mazanaqvi,62441196,2020-03,47,409,3,2019–2020
daniyal-fullstack-engineer,https://github.com/daniyal-fullstack-engineer,61905200,2020-03,12,359,3,2019–2020
MehranAyub,https://github.com/MehranAyub,61822514,2020-03,17,310,3,2019–2020
tehmansardar,https://github.com/tehmansardar,62337866,2020-03,38,305,3,2019–2020
alihassan4198-tech,https://github.com/alihassan4198-tech,61900292,2020-03,24,281,3,2019–2020
Usama809,https://github.com/Usama809,62556162,2020-03,30,276,3,2019–2020
MrVenomYT,https://github.com/MrVenomYT,62616894,2020-03,56,272,3,2019–2020
obaidrock78,https://github.com/obaidrock78,61709888,2020-03,46,267,3,2019–2020
AliQadeer,https://github.com/AliQadeer,62496411,2020-03,16,254,3,2019–2020
thejunaidiqbal,https://github.com/thejunaidiqbal,62721687,2020-03,25,248,3,2019–2020
nabeelahmed1699,https://github.com/nabeelahmed1699,62593855,2020-03,33,246,3,2019–2020
ZeeshanAmjad0495,https://github.com/ZeeshanAmjad0495,62217382,2020-03,98,238,3,2019–2020
AhsanMehdi,https://github.com/AhsanMehdi,62194299,2020-03,11,211,3,2019–2020
mtiTayyab,https://github.com/mtiTayyab,61645474,2020-03,6,204,3,2019–2020
umerarif01,https://github.com/umerarif01,62794724,2020-03,32,203,3,2019–2020
farissalman12,https://github.com/farissalman12,62236752,2020-03,14,201,3,2019–2020
Kaneez98Fatima,https://github.com/Kaneez98Fatima,62844824,2020-03,15,198,3,2019–2020
ijaz-ali-dev,https://github.com/ijaz-ali-dev,62906306,2020-03,38,182,3,2019–2020
MuhammadYasir1,https://github.com/MuhammadYasir1,62954050,2020-03,46,170,3,2019–2020
theaamirlatif,https://github.com/theaamirlatif,62649066,2020-03,38,168,3,2019–2020
muhammadwaqarsaleem,https://github.com/muhammadwaqarsaleem,62956888,2020-03,11,167,3,2019–2020
arsiihere,https://github.com/arsiihere,62607128,2020-03,44,162,3,2019–2020
alihassant,https://github.com/alihassant,62383138,2020-03,33,159,3,2019–2020
SufyanAbbada,https://github.com/SufyanAbbada,62093556,2020-03,23,159,3,2019–2020
harismehar5,https://github.com/harismehar5,62936864,2020-03,23,158,3,2019–2020
fhd-codes,https://github.com/fhd-codes,62441766,2020-03,18,153,3,2019–2020
fawadta,https://github.com/fawadta,61843735,2020-03,20,152,3,2019–2020
usmankh07,https://github.com/usmankh07,61740758,2020-03,71,150,3,2019–2020
sameerwasim,https://github.com/sameerwasim,61859079,2020-03,14,145,3,2019–2020
SarfrazAhmad307,https://github.com/SarfrazAhmad307,62807567,2020-03,10,145,3,2019–2020
AbdulWajid768,https://github.com/AbdulWajid768,62804593,2020-03,26,144,3,2019–2020
zumair12,https://github.com/zumair12,62342523,2020-03,10,144,3,2019–2020
iAskShahram,https://github.com/iAskShahram,61822936,2020-03,36,120,3,2019–2020
Alihassanc5,https://github.com/Alihassanc5,62539376,2020-03,11,118,3,2019–2020
shamxali,https://github.com/shamxali,61931686,2020-03,16,117,3,2019–2020
aisha947,https://github.com/aisha947,62277607,2020-03,22,112,3,2019–2020
munib-ehman,https://github.com/munib-ehman,62784910,2020-03,31,107,3,2019–2020
MuhammadAbdullah-hash,https://github.com/MuhammadAbdullah-hash,62114210,2020-03,29,106,3,2019–2020
usama-murtaza0,https://github.com/usama-murtaza0,61801944,2020-03,19,105,3,2019–2020
KhyzerSaleem,https://github.com/KhyzerSaleem,62766582,2020-03,10,103,3,2019–2020
Muttahar-Farooq,https://github.com/Muttahar-Farooq,62167849,2020-03,16,99,3,2019–2020
engr-mujahidabdullah,https://github.com/engr-mujahidabdullah,61884536,2020-03,13,95,3,2019–2020
SufyanEjaz,https://github.com/SufyanEjaz,62943273,2020-03,21,92,3,2019–2020
msaifmumtaz,https://github.com/msaifmumtaz,61733631,2020-03,7,87,3,2019–2020
asadishfaq,https://github.com/asadishfaq,62933407,2020-03,17,85,3,2019–2020
Balongi,https://github.com/Balongi,62468041,2020-03,6,83,3,2019–2020
rafaayyyy,https://github.com/rafaayyyy,62147535,2020-03,20,81,3,2019–2020
shehsawarali,https://github.com/shehsawarali,62473058,2020-03,6,80,3,2019–2020
Ali-ch88,https://github.com/Ali-ch88,61835503,2020-03,17,75,3,2019–2020
abubakarsabir,https://github.com/abubakarsabir,62670122,2020-03,14,65,3,2019–2020
Ahsan-803,https://github.com/Ahsan-803,62590318,2020-03,17,61,3,2019–2020
benSami1,https://github.com/benSami1,61906583,2020-03,13,61,3,2019–2020
FarhanSE,https://github.com/FarhanSE,62321659,2020-03,18,60,3,2019–2020
yasir-mughal1998,https://github.com/yasir-mughal1998,62559035,2020-03,17,60,3,2019–2020
MuneebNazir,https://github.com/MuneebNazir,61650286,2020-03,25,58,3,2019–2020
haseeb-codex,https://github.com/haseeb-codex,62075801,2020-03,15,53,3,2019–2020
Hamaad-Siddiqui,https://github.com/Hamaad-Siddiqui,62789084,2020-03,18,52,3,2019–2020
FateAhmed,https://github.com/FateAhmed,61917034,2020-03,7,52,3,2019–2020
zaryabzaheer,https://github.com/zaryabzaheer,61710803,2020-03,14,50,3,2019–2020
hassaan-techie,https://github.com/hassaan-techie,61788151,2020-03,14,47,3,2019–2020
faheemakram686,https://github.com/faheemakram686,62496123,2020-03,6,47,3,2019–2020
Inaamullah899,https://github.com/Inaamullah899,61803536,2020-03,14,46,3,2019–2020
mkashifraja22,https://github.com/mkashifraja22,61824372,2020-03,21,44,3,2019–2020
musaibahmed830,https://github.com/musaibahmed830,62064751,2020-03,14,44,3,2019–2020
ZEY-RO,https://github.com/ZEY-RO,62953440,2020-03,12,44,3,2019–2020
ShahkarHassan,https://github.com/ShahkarHassan,62255873,2020-03,6,44,3,2019–2020
Msalmannasir,https://github.com/Msalmannasir,62464818,2020-03,12,40,3,2019–2020
numairawan,https://github.com/numairawan,62851858,2020-03,9,39,3,2019–2020
AhmadR-Coder-max,https://github.com/AhmadR-Coder-max,62565626,2020-03,8,39,3,2019–2020
Shahzaib096,https://github.com/Shahzaib096,61833621,2020-03,20,36,3,2019–2020
AmirBalti2,https://github.com/AmirBalti2,61861267,2020-03,15,35,3,2019–2020
tayyabakmal1,https://github.com/tayyabakmal1,62791376,2020-03,6,31,3,2019–2020
Ali00728,https://github.com/Ali00728,61882304,2020-03,11,30,3,2019–2020
ranahassaan1,https://github.com/ranahassaan1,62419404,2020-03,7,30,3,2019–2020
alirazaaslam324,https://github.com/alirazaaslam324,61656070,2020-03,12,26,3,2019–2020
DevDaemon2,https://github.com/DevDaemon2,62242504,2020-03,9,26,3,2019–2020
asifmalick347,https://github.com/asifmalick347,62373294,2020-03,10,23,3,2019–2020
mudassir060,https://github.com/mudassir060,64356441,2020-04,56,1178,3,2019–2020
SaqibSyed1014,https://github.com/SaqibSyed1014,64460289,2020-04,23,1134,3,2019–2020
islahuddinn,https://github.com/islahuddinn,63556688,2020-04,44,802,3,2019–2020
basitali111,https://github.com/basitali111,63063973,2020-04,59,680,3,2019–2020
HuzaifaYaqoob,https://github.com/HuzaifaYaqoob,63970159,2020-04,38,622,3,2019–2020
muaaz9329,https://github.com/muaaz9329,63157500,2020-04,44,581,3,2019–2020
sharaizk,https://github.com/sharaizk,64202206,2020-04,41,569,3,2019–2020
AyeshaIftikhar,https://github.com/AyeshaIftikhar,63361634,2020-04,64,551,3,2019–2020
abdulwaqar844,https://github.com/abdulwaqar844,63345475,2020-04,120,546,3,2019–2020
Bilalkhan4086,https://github.com/Bilalkhan4086,63542485,2020-04,77,469,3,2019–2020
HamzaAshfaq01,https://github.com/HamzaAshfaq01,64256376,2020-04,79,446,3,2019–2020
aneebiqbal,https://github.com/aneebiqbal,63883440,2020-04,14,381,3,2019–2020
Haseeb420,https://github.com/Haseeb420,63384019,2020-04,26,359,3,2019–2020
talhamasood0000,https://github.com/talhamasood0000,64506978,2020-04,23,318,3,2019–2020
JuGit-pk,https://github.com/JuGit-pk,64588251,2020-04,34,315,3,2019–2020
saadahmad888,https://github.com/saadahmad888,63650033,2020-04,58,304,3,2019–2020
RizwanAmjad,https://github.com/RizwanAmjad,64077067,2020-04,41,286,3,2019–2020
AbdulRehman-Pro,https://github.com/AbdulRehman-Pro,63792921,2020-04,22,276,3,2019–2020
AazamJutt,https://github.com/AazamJutt,64076939,2020-04,27,266,3,2019–2020
Malik434,https://github.com/Malik434,63952531,2020-04,31,245,3,2019–2020
Wahab3917,https://github.com/Wahab3917,63443048,2020-04,26,226,3,2019–2020
aneelaoad,https://github.com/aneelaoad,63118445,2020-04,26,221,3,2019–2020
myasirbabar,https://github.com/myasirbabar,63312240,2020-04,28,217,3,2019–2020
M-Umr,https://github.com/M-Umr,63047865,2020-04,29,214,3,2019–2020
AhmedDevOpsGenius,https://github.com/AhmedDevOpsGenius,64609713,2020-04,22,207,3,2019–2020
qureshi90,https://github.com/qureshi90,63734893,2020-04,15,196,3,2019–2020
KomailKhan,https://github.com/KomailKhan,64368068,2020-04,21,176,3,2019–2020
ammad-ahmed1,https://github.com/ammad-ahmed1,63580683,2020-04,20,167,3,2019–2020
adeel146,https://github.com/adeel146,63370879,2020-04,16,163,3,2019–2020
IqrarH,https://github.com/IqrarH,63500004,2020-04,27,162,3,2019–2020
Sohaib63,https://github.com/Sohaib63,63156195,2020-04,44,159,3,2019–2020
UsamaNawaz1,https://github.com/UsamaNawaz1,63736389,2020-04,23,157,3,2019–2020
MasabAli,https://github.com/MasabAli,64524843,2020-04,44,153,3,2019–2020
iammohssin,https://github.com/iammohssin,64266755,2020-04,23,142,3,2019–2020
jamaghafoor,https://github.com/jamaghafoor,63901999,2020-04,27,140,3,2019–2020
MuhammadSahimBhaur,https://github.com/MuhammadSahimBhaur,64275858,2020-04,17,140,3,2019–2020
Senarios,https://github.com/Senarios,63293682,2020-04,24,134,3,2019–2020
ahsanrazapk,https://github.com/ahsanrazapk,63299931,2020-04,317,126,3,2019–2020
Afaqhaider20,https://github.com/Afaqhaider20,63417766,2020-04,19,125,3,2019–2020
iamfouzan,https://github.com/iamfouzan,63598800,2020-04,24,120,3,2019–2020
afzaaljavaid47,https://github.com/afzaaljavaid47,64521405,2020-04,32,117,3,2019–2020
Muhammad-uzair029,https://github.com/Muhammad-uzair029,63614075,2020-04,19,114,3,2019–2020
waheedshabeer,https://github.com/waheedshabeer,63425832,2020-04,27,113,3,2019–2020
saqib147,https://github.com/saqib147,64369006,2020-04,19,112,3,2019–2020
aksamiftikhar,https://github.com/aksamiftikhar,63608373,2020-04,11,108,3,2019–2020
HWaqarKhan,https://github.com/HWaqarKhan,63134244,2020-04,11,106,3,2019–2020
Ibrahim-7x,https://github.com/Ibrahim-7x,64436976,2020-04,8,106,3,2019–2020
Aftab77985,https://github.com/Aftab77985,63061838,2020-04,22,103,3,2019–2020
mirzaghalib4726,https://github.com/mirzaghalib4726,64379502,2020-04,24,100,3,2019–2020
Ghulam913-adil,https://github.com/Ghulam913-adil,63853407,2020-04,6,99,3,2019–2020
RazaMunir824,https://github.com/RazaMunir824,64375853,2020-04,22,98,3,2019–2020
Nabeel-Muzafar,https://github.com/Nabeel-Muzafar,63162848,2020-04,11,97,3,2019–2020
MuhammadRizwan1,https://github.com/MuhammadRizwan1,64395519,2020-04,6,91,3,2019–2020
Hammad-Qureshi,https://github.com/Hammad-Qureshi,64109414,2020-04,11,84,3,2019–2020
Pathegon,https://github.com/Pathegon,63511092,2020-04,8,84,3,2019–2020
faheemriaz-eng,https://github.com/faheemriaz-eng,63358637,2020-04,10,80,3,2019–2020
wajeehassan123,https://github.com/wajeehassan123,63207271,2020-04,8,80,3,2019–2020
mudassarhayatai,https://github.com/mudassarhayatai,64309904,2020-04,46,78,3,2019–2020
mudaseriqbalshah,https://github.com/mudaseriqbalshah,63508619,2020-04,23,77,3,2019–2020
im-rahman1,https://github.com/im-rahman1,63861321,2020-04,10,77,3,2019–2020
muneeb063,https://github.com/muneeb063,64090480,2020-04,9,76,3,2019–2020
farhanch67,https://github.com/farhanch67,63118189,2020-04,32,72,3,2019–2020
AsadRazaJutt1,https://github.com/AsadRazaJutt1,63910341,2020-04,17,71,3,2019–2020
furqanshahid85-python,https://github.com/furqanshahid85-python,64357624,2020-04,15,68,3,2019–2020
abdullah-warraich23,https://github.com/abdullah-warraich23,63715814,2020-04,14,65,3,2019–2020
Zubair404,https://github.com/Zubair404,63250398,2020-04,8,64,3,2019–2020
sabirhussain14,https://github.com/sabirhussain14,64063446,2020-04,8,63,3,2019–2020
Haziqa-coder,https://github.com/Haziqa-coder,64564911,2020-04,21,59,3,2019–2020
AhsanNawaz1,https://github.com/AhsanNawaz1,63430184,2020-04,12,58,3,2019–2020
abdullahaish,https://github.com/abdullahaish,63402976,2020-04,8,57,3,2019–2020
rizwan-atta,https://github.com/rizwan-atta,64606025,2020-04,16,56,3,2019–2020
MuhammadMouaz,https://github.com/MuhammadMouaz,63545820,2020-04,66,50,3,2019–2020
tjbaba,https://github.com/tjbaba,64358186,2020-04,11,50,3,2019–2020
schal-hasnain,https://github.com/schal-hasnain,63582840,2020-04,7,50,3,2019–2020
mhmdahmed97,https://github.com/mhmdahmed97,63552526,2020-04,8,49,3,2019–2020
Ali-Hassan-1,https://github.com/Ali-Hassan-1,64583834,2020-04,20,48,3,2019–2020
syedasara98,https://github.com/syedasara98,63257111,2020-04,12,45,3,2019–2020
pro-akbar,https://github.com/pro-akbar,64289497,2020-04,45,42,3,2019–2020
hassansaleempro,https://github.com/hassansaleempro,64208514,2020-04,14,41,3,2019–2020
RimshaArif,https://github.com/RimshaArif,63360776,2020-04,6,40,3,2019–2020
arbabijaz,https://github.com/arbabijaz,64186604,2020-04,18,37,3,2019–2020
farmanalibhatti,https://github.com/farmanalibhatti,63158775,2020-04,12,37,3,2019–2020
sheikh-muhammad-umar,https://github.com/sheikh-muhammad-umar,63772944,2020-04,9,37,3,2019–2020
AzhakAnwar,https://github.com/AzhakAnwar,63529734,2020-04,8,34,3,2019–2020
asifimrofficial,https://github.com/asifimrofficial,63271346,2020-04,23,33,3,2019–2020
ghulamsabir5353,https://github.com/ghulamsabir5353,64205298,2020-04,9,32,3,2019–2020
hmzaSaleem,https://github.com/hmzaSaleem,63590618,2020-04,16,31,3,2019–2020
HammadRiaz,https://github.com/HammadRiaz,63054271,2020-04,12,31,3,2019–2020
SulemanBhatti912,https://github.com/SulemanBhatti912,64375862,2020-04,7,31,3,2019–2020
itsmuhammadasif,https://github.com/itsmuhammadasif,63506635,2020-04,7,30,3,2019–2020
TheMoozo,https://github.com/TheMoozo,64162330,2020-04,9,26,3,2019–2020
FariaaFaheem,https://github.com/FariaaFaheem,64204062,2020-04,9,24,3,2019–2020
AwaisAhmad660,https://github.com/AwaisAhmad660,64486623,2020-04,6,23,3,2019–2020
Tehreem-Arshad,https://github.com/Tehreem-Arshad,63339625,2020-04,16,21,3,2019–2020
Salman87-r,https://github.com/Salman87-r,63772469,2020-04,13,21,3,2019–2020
Yilliee,https://github.com/Yilliee,64653228,2020-05,46,731257,3,2019–2020
tagent-dotcom,https://github.com/tagent-dotcom,65946187,2020-05,146,1920,3,2019–2020
Muhammad-Tayyab1,https://github.com/Muhammad-Tayyab1,66192491,2020-05,73,1738,3,2019–2020
MuhammadZeeshanYousaf,https://github.com/MuhammadZeeshanYousaf,65414920,2020-05,47,1310,3,2019–2020
Affaq-Ahmed,https://github.com/Affaq-Ahmed,65063390,2020-05,37,917,3,2019–2020
SydAliHsn,https://github.com/SydAliHsn,64855395,2020-05,28,661,3,2019–2020
AbdullahMansoor123,https://github.com/AbdullahMansoor123,65755411,2020-05,49,595,3,2019–2020
Sajjal-Malik,https://github.com/Sajjal-Malik,65106438,2020-05,32,510,3,2019–2020
elishahyousaf,https://github.com/elishahyousaf,65106812,2020-05,103,478,3,2019–2020
Shiraz08,https://github.com/Shiraz08,65015611,2020-05,9,464,3,2019–2020
baeziy,https://github.com/baeziy,65911694,2020-05,39,450,3,2019–2020
Talha1818,https://github.com/Talha1818,65563164,2020-05,86,349,3,2019–2020
kamranalig,https://github.com/kamranalig,64631298,2020-05,72,288,3,2019–2020
rabbiyasana,https://github.com/rabbiyasana,64980654,2020-05,26,278,3,2019–2020
abdullah12-alt,https://github.com/abdullah12-alt,65224472,2020-05,73,266,3,2019–2020
Sharjeel-Akram,https://github.com/Sharjeel-Akram,65490295,2020-05,55,239,3,2019–2020
syedusmanzafar,https://github.com/syedusmanzafar,65255393,2020-05,57,235,3,2019–2020
M-Naveed-Ashraf,https://github.com/M-Naveed-Ashraf,66177180,2020-05,49,228,3,2019–2020
MuhammadAbdullah-17,https://github.com/MuhammadAbdullah-17,65252218,2020-05,18,203,3,2019–2020
muhammadawais05,https://github.com/muhammadawais05,65153732,2020-05,17,197,3,2019–2020
sikandar-saleem,https://github.com/sikandar-saleem,65168816,2020-05,25,185,3,2019–2020
Hamza-b93,https://github.com/Hamza-b93,64713510,2020-05,20,182,3,2019–2020
arslandevpy,https://github.com/arslandevpy,65185229,2020-05,37,156,3,2019–2020
Zafarkhan06,https://github.com/Zafarkhan06,65030364,2020-05,40,155,3,2019–2020
Mask02,https://github.com/Mask02,66055399,2020-05,23,150,3,2019–2020
Minerva-007,https://github.com/Minerva-007,64977439,2020-05,25,136,3,2019–2020
umairahmad89,https://github.com/umairahmad89,64757177,2020-05,15,135,3,2019–2020
daitoch,https://github.com/daitoch,64630583,2020-05,24,133,3,2019–2020
Hassankhan86,https://github.com/Hassankhan86,65119723,2020-05,34,128,3,2019–2020
musasyed,https://github.com/musasyed,66136377,2020-05,46,125,3,2019–2020
SumairShaukat,https://github.com/SumairShaukat,64867296,2020-05,26,125,3,2019–2020
khhamdan,https://github.com/khhamdan,65400938,2020-05,27,121,3,2019–2020
abdullah5naveed,https://github.com/abdullah5naveed,65069989,2020-05,28,119,3,2019–2020
AMujtaba57,https://github.com/AMujtaba57,65533890,2020-05,27,115,3,2019–2020
redripper480,https://github.com/redripper480,65467589,2020-05,14,115,3,2019–2020
umerghori786,https://github.com/umerghori786,65702036,2020-05,8,103,3,2019–2020
wajeehulhussain,https://github.com/wajeehulhussain,64942366,2020-05,7,102,3,2019–2020
SaadAhmedGit,https://github.com/SaadAhmedGit,65092551,2020-05,21,100,3,2019–2020
Muhammad-Samiullah,https://github.com/Muhammad-Samiullah,65542715,2020-05,49,98,3,2019–2020
ZakriyaAmir,https://github.com/ZakriyaAmir,65645990,2020-05,10,97,3,2019–2020
mumerasghar,https://github.com/mumerasghar,65743226,2020-05,37,95,3,2019–2020
AliTaha22,https://github.com/AliTaha22,65419617,2020-05,9,92,3,2019–2020
NasirSherAli,https://github.com/NasirSherAli,65511949,2020-05,13,91,3,2019–2020
hassan-rehan,https://github.com/hassan-rehan,65247955,2020-05,7,88,3,2019–2020
MuhammadIbrahim0,https://github.com/MuhammadIbrahim0,64721208,2020-05,40,87,3,2019–2020
qasimSubhani786,https://github.com/qasimSubhani786,65420900,2020-05,15,86,3,2019–2020
arslanvirk,https://github.com/arslanvirk,66115871,2020-05,22,85,3,2019–2020
AbdullahJaved-dev,https://github.com/AbdullahJaved-dev,66158133,2020-05,32,82,3,2019–2020
Bisma-Ijaz-1618,https://github.com/Bisma-Ijaz-1618,65322268,2020-05,9,80,3,2019–2020
50ajmalkhan,https://github.com/50ajmalkhan,66157886,2020-05,17,74,3,2019–2020
AfaqToufeeq,https://github.com/AfaqToufeeq,64623274,2020-05,23,71,3,2019–2020
arslanghaffar12,https://github.com/arslanghaffar12,65671623,2020-05,22,70,3,2019–2020
AbdulMoiez,https://github.com/AbdulMoiez,64961673,2020-05,36,67,3,2019–2020
Trintusly,https://github.com/Trintusly,65451545,2020-05,10,66,3,2019–2020
Ahsan-001,https://github.com/Ahsan-001,65842070,2020-05,25,65,3,2019–2020
HassanMatloob,https://github.com/HassanMatloob,65994649,2020-05,19,65,3,2019–2020
ehtisham-badar,https://github.com/ehtisham-badar,65074594,2020-05,11,65,3,2019–2020
S0haibR0mie,https://github.com/S0haibR0mie,65510108,2020-05,15,64,3,2019–2020
Awaisikram788,https://github.com/Awaisikram788,65084765,2020-05,20,62,3,2019–2020
faizaaslam,https://github.com/faizaaslam,65510688,2020-05,11,61,3,2019–2020
EngrHassaan,https://github.com/EngrHassaan,64745722,2020-05,19,59,3,2019–2020
AfrazAsher,https://github.com/AfrazAsher,65652768,2020-05,14,59,3,2019–2020
ceoasim,https://github.com/ceoasim,65061113,2020-05,22,58,3,2019–2020
salkhan-ops,https://github.com/salkhan-ops,65277891,2020-05,22,54,3,2019–2020
SohaNoor2000,https://github.com/SohaNoor2000,64960864,2020-05,21,52,3,2019–2020
YahyaHaq,https://github.com/YahyaHaq,64690363,2020-05,13,51,3,2019–2020
iem-wahab,https://github.com/iem-wahab,64918755,2020-05,21,44,3,2019–2020
Durraiz-Waseem,https://github.com/Durraiz-Waseem,64831431,2020-05,11,44,3,2019–2020
usmanali15329,https://github.com/usmanali15329,66012883,2020-05,9,44,3,2019–2020
chudaryzain422,https://github.com/chudaryzain422,65753454,2020-05,11,42,3,2019–2020
AhmedAbbasi786,https://github.com/AhmedAbbasi786,64658257,2020-05,9,38,3,2019–2020
MuhammadArshadJaved,https://github.com/MuhammadArshadJaved,66181944,2020-05,6,37,3,2019–2020
UsamaUmer109,https://github.com/UsamaUmer109,66095107,2020-05,8,34,3,2019–2020
AbdullahKhhalid,https://github.com/AbdullahKhhalid,65861141,2020-05,6,32,3,2019–2020
farazahmadvaival,https://github.com/farazahmadvaival,65384170,2020-05,18,28,3,2019–2020
YousufRasheed,https://github.com/YousufRasheed,64773849,2020-05,7,28,3,2019–2020
abidali22,https://github.com/abidali22,65712061,2020-05,11,24,3,2019–2020
mateenbhatti4,https://github.com/mateenbhatti4,66117088,2020-05,6,22,3,2019–2020
zainkhan89,https://github.com/zainkhan89,67059106,2020-06,12,5900,3,2019–2020
aallee716,https://github.com/aallee716,66726916,2020-06,8,4451,3,2019–2020
Amir-ali-anwar,https://github.com/Amir-ali-anwar,67230630,2020-06,80,1911,3,2019–2020
waqarilyas,https://github.com/waqarilyas,66460686,2020-06,43,1623,3,2019–2020
NumanAnees,https://github.com/NumanAnees,67089723,2020-06,69,1332,3,2019–2020
m-umairaftab,https://github.com/m-umairaftab,67587588,2020-06,30,1050,3,2019–2020
Ansi007,https://github.com/Ansi007,66660507,2020-06,20,1043,3,2019–2020
ahmadali-2,https://github.com/ahmadali-2,67253549,2020-06,7,723,3,2019–2020
eehab-saadat,https://github.com/eehab-saadat,67224017,2020-06,22,608,3,2019–2020
ahmedbashir-dev,https://github.com/ahmedbashir-dev,66797075,2020-06,75,469,3,2019–2020
bilaltariq360,https://github.com/bilaltariq360,67186564,2020-06,24,460,3,2019–2020
irtiza7,https://github.com/irtiza7,66883048,2020-06,29,416,3,2019–2020
mubashirhussainkhadim,https://github.com/mubashirhussainkhadim,66620586,2020-06,63,407,3,2019–2020
fabwaseem,https://github.com/fabwaseem,66861984,2020-06,65,406,3,2019–2020
Mohamad-hammad,https://github.com/Mohamad-hammad,66684303,2020-06,26,404,3,2019–2020
ruwaifatahir,https://github.com/ruwaifatahir,66880814,2020-06,40,383,3,2019–2020
huzaifa215,https://github.com/huzaifa215,66369515,2020-06,44,353,3,2019–2020
AbdurRehmanMalik1,https://github.com/AbdurRehmanMalik1,66472675,2020-06,7,348,3,2019–2020
MuhammadAhmad522,https://github.com/MuhammadAhmad522,66472557,2020-06,42,305,3,2019–2020
ahmadthakur,https://github.com/ahmadthakur,67330141,2020-06,33,281,3,2019–2020
MohabbatRJ,https://github.com/MohabbatRJ,66492969,2020-06,39,267,3,2019–2020
AhsanulHaq777,https://github.com/AhsanulHaq777,66363908,2020-06,32,267,3,2019–2020
Arhamirfan,https://github.com/Arhamirfan,67455750,2020-06,60,266,3,2019–2020
maq796113,https://github.com/maq796113,67544354,2020-06,39,244,3,2019–2020
aakib7,https://github.com/aakib7,66258625,2020-06,40,242,3,2019–2020
MuhammadSaad000,https://github.com/MuhammadSaad000,67402416,2020-06,29,237,3,2019–2020
Hamma111,https://github.com/Hamma111,66253496,2020-06,18,222,3,2019–2020
mahen2-cmd,https://github.com/mahen2-cmd,67423345,2020-06,32,206,3,2019–2020
zaeeeeeem,https://github.com/zaeeeeeem,66414430,2020-06,27,194,3,2019–2020
ZeeshanML,https://github.com/ZeeshanML,67405028,2020-06,23,190,3,2019–2020
Muhammad-Nabeel-Asif,https://github.com/Muhammad-Nabeel-Asif,67420774,2020-06,28,188,3,2019–2020
AliRazaSharafat,https://github.com/AliRazaSharafat,66284565,2020-06,56,184,3,2019–2020
mjehanzaib999,https://github.com/mjehanzaib999,66511746,2020-06,16,181,3,2019–2020
Adan-Asim,https://github.com/Adan-Asim,67644268,2020-06,16,175,3,2019–2020
tahseen-kakar,https://github.com/tahseen-kakar,66653938,2020-06,6,171,3,2019–2020
shamaskaramat,https://github.com/shamaskaramat,66851695,2020-06,41,165,3,2019–2020
razzaa,https://github.com/razzaa,67221209,2020-06,74,160,3,2019–2020
ahdilaw,https://github.com/ahdilaw,66545611,2020-06,13,160,3,2019–2020
ahmaadaziz,https://github.com/ahmaadaziz,67054797,2020-06,18,156,3,2019–2020
irtazaahmed714,https://github.com/irtazaahmed714,66567115,2020-06,18,146,3,2019–2020
FocusedKognition,https://github.com/FocusedKognition,66900555,2020-06,9,142,3,2019–2020
shoaibleghari123,https://github.com/shoaibleghari123,66933343,2020-06,18,140,3,2019–2020
muhammadimran-dev,https://github.com/muhammadimran-dev,66685633,2020-06,25,138,3,2019–2020
Sarmad-Khalique,https://github.com/Sarmad-Khalique,66265577,2020-06,30,132,3,2019–2020
BaqirMalik,https://github.com/BaqirMalik,66567239,2020-06,16,121,3,2019–2020
mubasharakram786,https://github.com/mubasharakram786,66990778,2020-06,15,120,3,2019–2020
SyedMuhammadRehan,https://github.com/SyedMuhammadRehan,66793824,2020-06,34,119,3,2019–2020
IzzaKhawar,https://github.com/IzzaKhawar,67406228,2020-06,7,119,3,2019–2020
umairahmed30,https://github.com/umairahmed30,67389587,2020-06,18,117,3,2019–2020
ahmed-dev-chain,https://github.com/ahmed-dev-chain,66315915,2020-06,23,111,3,2019–2020
nabeelshoukat,https://github.com/nabeelshoukat,66872292,2020-06,28,106,3,2019–2020
mubasharofficial,https://github.com/mubasharofficial,67159263,2020-06,49,105,3,2019–2020
mrinzamamasghar,https://github.com/mrinzamamasghar,67293413,2020-06,9,105,3,2019–2020
abbasnaumani,https://github.com/abbasnaumani,67100369,2020-06,8,103,3,2019–2020
abdul-raheem-old,https://github.com/abdul-raheem-old,67295466,2020-06,13,98,3,2019–2020
Sanaullah49,https://github.com/Sanaullah49,66859477,2020-06,19,95,3,2019–2020
FindHussnain,https://github.com/FindHussnain,66754014,2020-06,6,95,3,2019–2020
m-nouman-ashraf,https://github.com/m-nouman-ashraf,66721567,2020-06,20,94,3,2019–2020
shumaim11,https://github.com/shumaim11,67385698,2020-06,13,88,3,2019–2020
asadmehdii,https://github.com/asadmehdii,66443072,2020-06,48,86,3,2019–2020
HammadAshrafDev,https://github.com/HammadAshrafDev,67382081,2020-06,28,84,3,2019–2020
khadijatahira2001,https://github.com/khadijatahira2001,67519765,2020-06,12,83,3,2019–2020
aqleemasajid,https://github.com/aqleemasajid,67157834,2020-06,12,79,3,2019–2020
Junaid300,https://github.com/Junaid300,66414908,2020-06,55,78,3,2019–2020
SheheryarQadir007,https://github.com/SheheryarQadir007,67105588,2020-06,14,78,3,2019–2020
Punjtani,https://github.com/Punjtani,66311326,2020-06,37,75,3,2019–2020
Bilal9275,https://github.com/Bilal9275,67200698,2020-06,35,75,3,2019–2020
hammadsaed,https://github.com/hammadsaed,67064313,2020-06,20,74,3,2019–2020
abdulmonum,https://github.com/abdulmonum,67368497,2020-06,20,71,3,2019–2020
Tanassar-Hussain,https://github.com/Tanassar-Hussain,66405806,2020-06,15,71,3,2019–2020
jfarooq1,https://github.com/jfarooq1,66785000,2020-06,14,70,3,2019–2020
Shahzaib1414,https://github.com/Shahzaib1414,66240525,2020-06,23,69,3,2019–2020
AmmarMohib,https://github.com/AmmarMohib,66912469,2020-06,26,68,3,2019–2020
Saadi-cloud,https://github.com/Saadi-cloud,67655486,2020-06,25,66,3,2019–2020
WardaLiaqat01,https://github.com/WardaLiaqat01,66422097,2020-06,12,66,3,2019–2020
XboyAbdullah,https://github.com/XboyAbdullah,67580804,2020-06,12,65,3,2019–2020
rai-shahnawaz,https://github.com/rai-shahnawaz,67221173,2020-06,6,64,3,2019–2020
Titus1414,https://github.com/Titus1414,66386862,2020-06,13,63,3,2019–2020
Hassaan-khalid,https://github.com/Hassaan-khalid,66246889,2020-06,45,58,3,2019–2020
shaheer741,https://github.com/shaheer741,67532816,2020-06,9,57,3,2019–2020
Zainapplicon152,https://github.com/Zainapplicon152,66625704,2020-06,13,56,3,2019–2020
aamirashid,https://github.com/aamirashid,66682973,2020-06,12,56,3,2019–2020
BurhanSabir,https://github.com/BurhanSabir,66506305,2020-06,14,55,3,2019–2020
wparslan,https://github.com/wparslan,66727492,2020-06,12,54,3,2019–2020
AnoshkaTariq,https://github.com/AnoshkaTariq,66677383,2020-06,14,53,3,2019–2020
mahnoor-rizwan,https://github.com/mahnoor-rizwan,66634154,2020-06,8,52,3,2019–2020
SulamanJaffar,https://github.com/SulamanJaffar,66751914,2020-06,24,51,3,2019–2020
hksunny86,https://github.com/hksunny86,67000883,2020-06,12,51,3,2019–2020
ali-murtaxa,https://github.com/ali-murtaxa,66904420,2020-06,19,50,3,2019–2020
mrhatia,https://github.com/mrhatia,67601646,2020-06,12,50,3,2019–2020
Tahir-webDeveloper,https://github.com/Tahir-webDeveloper,66906557,2020-06,8,47,3,2019–2020
Hassaan0316,https://github.com/Hassaan0316,66375359,2020-06,7,47,3,2019–2020
mudasarahmad501,https://github.com/mudasarahmad501,66483932,2020-06,22,44,3,2019–2020
Dragneel1050,https://github.com/Dragneel1050,67046467,2020-06,14,42,3,2019–2020
zeshanashraf829,https://github.com/zeshanashraf829,66409700,2020-06,8,42,3,2019–2020
iqrarkhan123,https://github.com/iqrarkhan123,66423819,2020-06,6,42,3,2019–2020
abidalishafique,https://github.com/abidalishafique,67268459,2020-06,20,41,3,2019–2020
uzairanjum,https://github.com/uzairanjum,66280698,2020-06,13,41,3,2019–2020
Rehan0546,https://github.com/Rehan0546,67542903,2020-06,13,41,3,2019–2020
salimdevOs,https://github.com/salimdevOs,66565091,2020-06,11,41,3,2019–2020
mhuzaifa27,https://github.com/mhuzaifa27,66817837,2020-06,7,41,3,2019–2020
dev-adnan56,https://github.com/dev-adnan56,66543071,2020-06,15,40,3,2019–2020
hamza-Jaral,https://github.com/hamza-Jaral,66299051,2020-06,15,39,3,2019–2020
alihamza-datics,https://github.com/alihamza-datics,66749557,2020-06,6,39,3,2019–2020
moizshiekh,https://github.com/moizshiekh,67465759,2020-06,21,38,3,2019–2020
Zain-ul-Abedin87,https://github.com/Zain-ul-Abedin87,66695724,2020-06,7,37,3,2019–2020
Hussnain-Ali,https://github.com/Hussnain-Ali,66781384,2020-06,15,34,3,2019–2020
Jawad79Ahmad,https://github.com/Jawad79Ahmad,66966537,2020-06,12,34,3,2019–2020
Faizan-Ahmed646,https://github.com/Faizan-Ahmed646,66848966,2020-06,6,34,3,2019–2020
Ayesha-Naeem,https://github.com/Ayesha-Naeem,66264114,2020-06,13,33,3,2019–2020
Mominaarif,https://github.com/Mominaarif,66367792,2020-06,13,32,3,2019–2020
moosa150,https://github.com/moosa150,66585373,2020-06,11,32,3,2019–2020
moiz97,https://github.com/moiz97,66901779,2020-06,8,32,3,2019–2020
OsamaGhafoor,https://github.com/OsamaGhafoor,67558024,2020-06,18,29,3,2019–2020
mirzaahmergull,https://github.com/mirzaahmergull,67520989,2020-06,13,27,3,2019–2020
talha112197,https://github.com/talha112197,67512109,2020-06,22,26,3,2019–2020
ammad-tariq,https://github.com/ammad-tariq,67507549,2020-06,6,26,3,2019–2020
MalvinNasim01,https://github.com/MalvinNasim01,67460715,2020-06,17,24,3,2019–2020
ahmad5149,https://github.com/ahmad5149,66243399,2020-06,11,24,3,2019–2020
hafizimranmehmood,https://github.com/hafizimranmehmood,66446584,2020-06,12,21,3,2019–2020
alihassan18,https://github.com/alihassan18,67674808,2020-07,89,19697,3,2019–2020
musarat496,https://github.com/musarat496,68442160,2020-07,11,3213,3,2019–2020
avcton,https://github.com/avcton,67834876,2020-07,14,1996,3,2019–2020
AnatoNamikaza,https://github.com/AnatoNamikaza,68745687,2020-07,6,1069,3,2019–2020
MUmarShahbaz,https://github.com/MUmarShahbaz,68814294,2020-07,62,949,3,2019–2020
adnanhassan23,https://github.com/adnanhassan23,68327919,2020-07,45,872,3,2019–2020
haxxanali512,https://github.com/haxxanali512,68467749,2020-07,17,613,3,2019–2020
usman-shaheen,https://github.com/usman-shaheen,68580402,2020-07,11,605,3,2019–2020
BilalJaved15,https://github.com/BilalJaved15,68804204,2020-07,28,579,3,2019–2020
AbuzarZaidi,https://github.com/AbuzarZaidi,68502527,2020-07,48,563,3,2019–2020
TahirAlauddin,https://github.com/TahirAlauddin,68107808,2020-07,47,508,3,2019–2020
ABIDULLAH786,https://github.com/ABIDULLAH786,67856787,2020-07,82,462,3,2019–2020
WaseemSabir,https://github.com/WaseemSabir,68365040,2020-07,27,449,3,2019–2020
mtalha-prodev,https://github.com/mtalha-prodev,68323602,2020-07,43,407,3,2019–2020
saad0259,https://github.com/saad0259,68280236,2020-07,44,394,3,2019–2020
aqeel-spec,https://github.com/aqeel-spec,67902032,2020-07,74,363,3,2019–2020
talhaa99,https://github.com/talhaa99,68240954,2020-07,18,305,3,2019–2020
razajohri,https://github.com/razajohri,67861738,2020-07,19,283,3,2019–2020
HarisAli-git,https://github.com/HarisAli-git,68730185,2020-07,44,261,3,2019–2020
muneeb-rashid-cyan,https://github.com/muneeb-rashid-cyan,67705338,2020-07,73,236,3,2019–2020
abdulmoeedm2020,https://github.com/abdulmoeedm2020,67968476,2020-07,32,235,3,2019–2020
UsmanTariq786,https://github.com/UsmanTariq786,68990685,2020-07,17,235,3,2019–2020
ijowadali,https://github.com/ijowadali,68377497,2020-07,55,226,3,2019–2020
ZabairGhoss,https://github.com/ZabairGhoss,67940585,2020-07,52,226,3,2019–2020
Muhammad-Umer3,https://github.com/Muhammad-Umer3,68787176,2020-07,14,188,3,2019–2020
ShezaMunir,https://github.com/ShezaMunir,68891347,2020-07,19,183,3,2019–2020
mhammad22,https://github.com/mhammad22,68895316,2020-07,22,180,3,2019–2020
zeeshan-noor,https://github.com/zeeshan-noor,68992539,2020-07,67,159,3,2019–2020
MHarisAshfaq,https://github.com/MHarisAshfaq,68734123,2020-07,29,157,3,2019–2020
renderloungestudio,https://github.com/renderloungestudio,67955283,2020-07,30,156,3,2019–2020
Sufyan009,https://github.com/Sufyan009,68279449,2020-07,27,134,3,2019–2020
kashiflab,https://github.com/kashiflab,68441963,2020-07,41,125,3,2019–2020
usman-ali-cpu,https://github.com/usman-ali-cpu,67776694,2020-07,29,125,3,2019–2020
ameerhamzabutt555,https://github.com/ameerhamzabutt555,68582585,2020-07,38,124,3,2019–2020
inabeeldev,https://github.com/inabeeldev,68820352,2020-07,12,118,3,2019–2020
aqibsaeed126,https://github.com/aqibsaeed126,68870589,2020-07,40,116,3,2019–2020
naveedgeh,https://github.com/naveedgeh,68542256,2020-07,28,114,3,2019–2020
BilalAhmad7723,https://github.com/BilalAhmad7723,68903027,2020-07,7,113,3,2019–2020
HASSAN5077,https://github.com/HASSAN5077,67961962,2020-07,46,106,3,2019–2020
HiraIjaz,https://github.com/HiraIjaz,68460038,2020-07,16,104,3,2019–2020
Mohsin121,https://github.com/Mohsin121,67753029,2020-07,13,104,3,2019–2020
Muhammad-Arsan,https://github.com/Muhammad-Arsan,68609737,2020-07,33,100,3,2019–2020
Abdullah-Ajmal147,https://github.com/Abdullah-Ajmal147,68160230,2020-07,33,95,3,2019–2020
emadzaid,https://github.com/emadzaid,68856730,2020-07,25,95,3,2019–2020
AliHaider104,https://github.com/AliHaider104,69018787,2020-07,23,95,3,2019–2020
tell2abrar,https://github.com/tell2abrar,68222535,2020-07,26,94,3,2019–2020
ZarrarAhmedKhan,https://github.com/ZarrarAhmedKhan,68603708,2020-07,33,93,3,2019–2020
AbdullahSajjadDeveloper,https://github.com/AbdullahSajjadDeveloper,67973697,2020-07,7,91,3,2019–2020
ArbazKhan5117,https://github.com/ArbazKhan5117,68884805,2020-07,21,90,3,2019–2020
muzammal-dev780,https://github.com/muzammal-dev780,68580607,2020-07,10,90,3,2019–2020
fawidev,https://github.com/fawidev,68170866,2020-07,8,89,3,2019–2020
xeedev1,https://github.com/xeedev1,67719665,2020-07,33,86,3,2019–2020
HaseebAhmadButt,https://github.com/HaseebAhmadButt,67764636,2020-07,13,86,3,2019–2020
ZubairAAC,https://github.com/ZubairAAC,68662310,2020-07,11,84,3,2019–2020
yahyaammar-dev,https://github.com/yahyaammar-dev,68354179,2020-07,9,84,3,2019–2020
muf148,https://github.com/muf148,67912744,2020-07,6,84,3,2019–2020
hassaanatif,https://github.com/hassaanatif,67798561,2020-07,21,83,3,2019–2020
Burhan336,https://github.com/Burhan336,68920381,2020-07,19,83,3,2019–2020
fakhar-ud-din,https://github.com/fakhar-ud-din,68846543,2020-07,10,83,3,2019–2020
Ghulam-Qadir,https://github.com/Ghulam-Qadir,68844510,2020-07,9,82,3,2019–2020
aunali1932,https://github.com/aunali1932,68739329,2020-07,13,78,3,2019–2020
rmrao12,https://github.com/rmrao12,69012629,2020-07,11,78,3,2019–2020
amjadkamboh,https://github.com/amjadkamboh,68283013,2020-07,22,77,3,2019–2020
osamaarshad20,https://github.com/osamaarshad20,67906610,2020-07,8,73,3,2019–2020
awais3323,https://github.com/awais3323,68497720,2020-07,8,71,3,2019–2020
kamranAhmad2aa3,https://github.com/kamranAhmad2aa3,68790390,2020-07,9,70,3,2019–2020
Tehreemfatima489,https://github.com/Tehreemfatima489,68489885,2020-07,8,70,3,2019–2020
rehansiddiqui27,https://github.com/rehansiddiqui27,68271899,2020-07,16,68,3,2019–2020
WaizKhan7,https://github.com/WaizKhan7,67906932,2020-07,8,64,3,2019–2020
amirsaeed33,https://github.com/amirsaeed33,67883043,2020-07,9,62,3,2019–2020
atifwattoo,https://github.com/atifwattoo,68033692,2020-07,21,58,3,2019–2020
Azeem-Haider,https://github.com/Azeem-Haider,68206777,2020-07,18,58,3,2019–2020
raheelsoft,https://github.com/raheelsoft,68055514,2020-07,12,58,3,2019–2020
Faizan26472,https://github.com/Faizan26472,67937402,2020-07,14,57,3,2019–2020
abdul-samad0,https://github.com/abdul-samad0,68609484,2020-07,15,53,3,2019–2020
mtariqsajid,https://github.com/mtariqsajid,68206359,2020-07,13,49,3,2019–2020
sarfrazrizwan,https://github.com/sarfrazrizwan,68284853,2020-07,13,46,3,2019–2020
AttaullahSaeed,https://github.com/AttaullahSaeed,68633290,2020-07,26,43,3,2019–2020
Abdul-wahab-shahzad,https://github.com/Abdul-wahab-shahzad,68058778,2020-07,12,38,3,2019–2020
zee7153,https://github.com/zee7153,68245391,2020-07,10,38,3,2019–2020
hafizijaz656,https://github.com/hafizijaz656,68755532,2020-07,8,38,3,2019–2020
Anas-Khaan,https://github.com/Anas-Khaan,69024772,2020-07,13,37,3,2019–2020
DrSalmanSabir,https://github.com/DrSalmanSabir,68735522,2020-07,9,37,3,2019–2020
AbdulHanan12,https://github.com/AbdulHanan12,68640078,2020-07,8,36,3,2019–2020
joincs,https://github.com/joincs,68950671,2020-07,25,33,3,2019–2020
mtanveer002,https://github.com/mtanveer002,68733519,2020-07,12,33,3,2019–2020
adnan-math,https://github.com/adnan-math,67798646,2020-07,35,32,3,2019–2020
Abdullah8489,https://github.com/Abdullah8489,67895639,2020-07,9,32,3,2019–2020
Alihassan8096,https://github.com/Alihassan8096,68445726,2020-07,10,31,3,2019–2020
itx-zeeshan,https://github.com/itx-zeeshan,68475316,2020-07,6,31,3,2019–2020
hbsgujjar111,https://github.com/hbsgujjar111,68778605,2020-07,7,30,3,2019–2020
iamtalharazzaq,https://github.com/iamtalharazzaq,68349017,2020-07,7,29,3,2019–2020
ghassanmalik,https://github.com/ghassanmalik,67829540,2020-07,7,28,3,2019–2020
Balaj007,https://github.com/Balaj007,69040500,2020-07,22,27,3,2019–2020
aliadnanasim786,https://github.com/aliadnanasim786,68797872,2020-07,17,25,3,2019–2020
hyderanees,https://github.com/hyderanees,68584375,2020-07,7,25,3,2019–2020
sufyan568,https://github.com/sufyan568,68376237,2020-07,14,24,3,2019–2020
Faiz-Rasool786,https://github.com/Faiz-Rasool786,67824661,2020-07,13,24,3,2019–2020
Waqas-Bin-Abbas,https://github.com/Waqas-Bin-Abbas,67705385,2020-07,10,22,3,2019–2020
Arslan3x5,https://github.com/Arslan3x5,70293507,2020-08,45,6644,3,2019–2020
Rzzvaan-Muhammad,https://github.com/Rzzvaan-Muhammad,70486078,2020-08,14,3643,3,2019–2020
Arsalanbashir831,https://github.com/Arsalanbashir831,69983716,2020-08,84,2310,3,2019–2020
hameedtariq,https://github.com/hameedtariq,69725350,2020-08,44,937,3,2019–2020
MustafaRiaz,https://github.com/MustafaRiaz,70337930,2020-08,36,738,3,2019–2020
arjad,https://github.com/arjad,70262679,2020-08,29,559,3,2019–2020
abidkhan03,https://github.com/abidkhan03,69511228,2020-08,46,540,3,2019–2020
danishali22,https://github.com/danishali22,69417852,2020-08,34,531,3,2019–2020
Karam-Abbas,https://github.com/Karam-Abbas,70372614,2020-08,37,527,3,2019–2020
AMEER-HAMZA-RANA,https://github.com/AMEER-HAMZA-RANA,69746133,2020-08,61,522,3,2019–2020
m-abubakr1,https://github.com/m-abubakr1,70006183,2020-08,27,515,3,2019–2020
atifjavaid267,https://github.com/atifjavaid267,70339749,2020-08,9,463,3,2019–2020
salmanjoyiaa,https://github.com/salmanjoyiaa,70254032,2020-08,31,440,3,2019–2020
darabahmed37,https://github.com/darabahmed37,69966099,2020-08,28,403,3,2019–2020
muhammadarslanshahzad,https://github.com/muhammadarslanshahzad,69626496,2020-08,59,400,3,2019–2020
Muhammad-Ahmad-AI,https://github.com/Muhammad-Ahmad-AI,69147683,2020-08,69,343,3,2019–2020
affanashraf120,https://github.com/affanashraf120,70504796,2020-08,32,267,3,2019–2020
saadtahir995,https://github.com/saadtahir995,70136884,2020-08,18,266,3,2019–2020
jawad-stack,https://github.com/jawad-stack,69138163,2020-08,22,259,3,2019–2020
khizar-iqbal,https://github.com/khizar-iqbal,70454613,2020-08,14,257,3,2019–2020
clodlol,https://github.com/clodlol,69721864,2020-08,12,257,3,2019–2020
MohsinMalik2,https://github.com/MohsinMalik2,69287526,2020-08,61,231,3,2019–2020
hunzalaqamar,https://github.com/hunzalaqamar,69155974,2020-08,45,225,3,2019–2020
abuzar996,https://github.com/abuzar996,70267908,2020-08,20,220,3,2019–2020
tabish-debug,https://github.com/tabish-debug,69778687,2020-08,23,202,3,2019–2020
iamzeshanali,https://github.com/iamzeshanali,69378991,2020-08,23,198,3,2019–2020
haroon-afzal-tahir,https://github.com/haroon-afzal-tahir,70078081,2020-08,11,187,3,2019–2020
NoumanShah042,https://github.com/NoumanShah042,69484729,2020-08,49,175,3,2019–2020
mahad-asim76,https://github.com/mahad-asim76,69845561,2020-08,8,164,3,2019–2020
mouhammadirfaan,https://github.com/mouhammadirfaan,69299086,2020-08,11,162,3,2019–2020
Afraz-Hussain,https://github.com/Afraz-Hussain,70193502,2020-08,35,161,3,2019–2020
NomanAijaz,https://github.com/NomanAijaz,70249442,2020-08,27,141,3,2019–2020
iamfaatima,https://github.com/iamfaatima,70031321,2020-08,25,127,3,2019–2020
sajjadalidev,https://github.com/sajjadalidev,69865883,2020-08,38,121,3,2019–2020
PnW1,https://github.com/PnW1,70314412,2020-08,36,117,3,2019–2020
abdullahmaroof,https://github.com/abdullahmaroof,70310026,2020-08,18,116,3,2019–2020
M-Ameen,https://github.com/M-Ameen,70026931,2020-08,27,114,3,2019–2020
Moaz007Malik,https://github.com/Moaz007Malik,69762233,2020-08,45,109,3,2019–2020
usamabubakar,https://github.com/usamabubakar,70200100,2020-08,15,109,3,2019–2020
danishhafeez322,https://github.com/danishhafeez322,69141310,2020-08,16,106,3,2019–2020
AmmaraKhan19,https://github.com/AmmaraKhan19,69958530,2020-08,7,89,3,2019–2020
Coding-Scorpion,https://github.com/Coding-Scorpion,69529585,2020-08,16,84,3,2019–2020
UmairAkhtar20,https://github.com/UmairAkhtar20,70022379,2020-08,17,82,3,2019–2020
hasham827,https://github.com/hasham827,69302740,2020-08,11,82,3,2019–2020
hamza172,https://github.com/hamza172,69845349,2020-08,6,81,3,2019–2020
mahartanveerahmad,https://github.com/mahartanveerahmad,69982883,2020-08,30,80,3,2019–2020
Hamza-1997,https://github.com/Hamza-1997,69420899,2020-08,29,80,3,2019–2020
zolaikhahammad,https://github.com/zolaikhahammad,70544823,2020-08,15,80,3,2019–2020
zainsheikh98,https://github.com/zainsheikh98,69632062,2020-08,16,73,3,2019–2020
Ehtashamm-Ul-Haq,https://github.com/Ehtashamm-Ul-Haq,69218618,2020-08,15,65,3,2019–2020
Waseem8,https://github.com/Waseem8,70333079,2020-08,13,64,3,2019–2020
BilalBinShafiq,https://github.com/BilalBinShafiq,69965325,2020-08,10,64,3,2019–2020
bilal-azmat,https://github.com/bilal-azmat,70539463,2020-08,20,60,3,2019–2020
thealihusnain,https://github.com/thealihusnain,70138042,2020-08,13,58,3,2019–2020
ahmadmasood43,https://github.com/ahmadmasood43,69744581,2020-08,18,54,3,2019–2020
Fs0ci3ty19,https://github.com/Fs0ci3ty19,69650688,2020-08,21,52,3,2019–2020
Muhammad-Ibrahim-Anjum,https://github.com/Muhammad-Ibrahim-Anjum,69748200,2020-08,12,51,3,2019–2020
adil107,https://github.com/adil107,69896520,2020-08,20,49,3,2019–2020
Sheraz-Ilyas,https://github.com/Sheraz-Ilyas,70151456,2020-08,18,49,3,2019–2020
KhurramArshad,https://github.com/KhurramArshad,69696974,2020-08,17,47,3,2019–2020
AfzalPeter,https://github.com/AfzalPeter,69304406,2020-08,37,46,3,2019–2020
unaib-ur-rehman,https://github.com/unaib-ur-rehman,69574085,2020-08,8,44,3,2019–2020
tnawaz-git,https://github.com/tnawaz-git,70433232,2020-08,7,44,3,2019–2020
haseeb43,https://github.com/haseeb43,70001964,2020-08,26,42,3,2019–2020
AbdulHakeem518,https://github.com/AbdulHakeem518,69872362,2020-08,11,37,3,2019–2020
KanwalBatool17,https://github.com/KanwalBatool17,69967064,2020-08,9,37,3,2019–2020
hamzatoor251,https://github.com/hamzatoor251,70532236,2020-08,14,35,3,2019–2020
iamaliakram,https://github.com/iamaliakram,70293161,2020-08,10,32,3,2019–2020
Hassan007721,https://github.com/Hassan007721,70192326,2020-08,10,31,3,2019–2020
MubarakAli12345,https://github.com/MubarakAli12345,69730139,2020-08,11,30,3,2019–2020
Tehreem104,https://github.com/Tehreem104,69208370,2020-08,13,29,3,2019–2020
imran9217,https://github.com/imran9217,69373713,2020-08,12,28,3,2019–2020
waleedasif10,https://github.com/waleedasif10,70438851,2020-08,13,26,3,2019–2020
HammadAhmadMian,https://github.com/HammadAhmadMian,69723887,2020-08,8,26,3,2019–2020
mabubbakar365,https://github.com/mabubbakar365,70346678,2020-08,6,24,3,2019–2020
Mujeeb4,https://github.com/Mujeeb4,70962107,2020-09,16,19121,3,2019–2020
IbadAhmad80,https://github.com/IbadAhmad80,70998147,2020-09,37,1382,3,2019–2020
ahmedtahir2311,https://github.com/ahmedtahir2311,70894942,2020-09,48,980,3,2019–2020
arslanashiq,https://github.com/arslanashiq,71446589,2020-09,20,760,3,2019–2020
alifarhanaf,https://github.com/alifarhanaf,71764231,2020-09,7,591,3,2019–2020
itsmohsinlatif,https://github.com/itsmohsinlatif,72170265,2020-09,16,529,3,2019–2020
nabeel244,https://github.com/nabeel244,72126136,2020-09,32,508,3,2019–2020
Mehdy922,https://github.com/Mehdy922,71124592,2020-09,23,486,3,2019–2020
Mudassir742,https://github.com/Mudassir742,71935832,2020-09,37,484,3,2019–2020
usmanf07,https://github.com/usmanf07,71990823,2020-09,25,483,3,2019–2020
romanfarooq,https://github.com/romanfarooq,70600161,2020-09,25,478,3,2019–2020
hamzamehmood67,https://github.com/hamzamehmood67,71763170,2020-09,29,413,3,2019–2020
salmancrc,https://github.com/salmancrc,71123630,2020-09,15,388,3,2019–2020
Laraib-Khalid,https://github.com/Laraib-Khalid,71749451,2020-09,31,371,3,2019–2020
codewithumar,https://github.com/codewithumar,70685682,2020-09,45,280,3,2019–2020
Arsalan-Khalid1,https://github.com/Arsalan-Khalid1,70864245,2020-09,37,252,3,2019–2020
RazaCodeAcademy,https://github.com/RazaCodeAcademy,72084764,2020-09,30,250,3,2019–2020
ghazimuaz,https://github.com/ghazimuaz,70911791,2020-09,21,213,3,2019–2020
abdulmannan14,https://github.com/abdulmannan14,71012467,2020-09,53,204,3,2019–2020
alishahid-github,https://github.com/alishahid-github,71405228,2020-09,29,204,3,2019–2020
Aswad310,https://github.com/Aswad310,71272839,2020-09,36,197,3,2019–2020
ahsan-kaukab,https://github.com/ahsan-kaukab,71211526,2020-09,15,191,3,2019–2020
DholaSain,https://github.com/DholaSain,71888363,2020-09,42,162,3,2019–2020
nkutechologies,https://github.com/nkutechologies,71810407,2020-09,37,160,3,2019–2020
MtechiTsolution,https://github.com/MtechiTsolution,71989126,2020-09,30,158,3,2019–2020
Areeba624,https://github.com/Areeba624,72099262,2020-09,39,126,3,2019–2020
NoorulhudaSadaqat,https://github.com/NoorulhudaSadaqat,70622608,2020-09,25,125,3,2019–2020
AwaisMehmood4,https://github.com/AwaisMehmood4,71940776,2020-09,24,125,3,2019–2020
hamidhere,https://github.com/hamidhere,72135665,2020-09,7,117,3,2019–2020
Raees453,https://github.com/Raees453,71645554,2020-09,21,116,3,2019–2020
billal-ayyoob,https://github.com/billal-ayyoob,71349738,2020-09,13,113,3,2019–2020
abdussamud,https://github.com/abdussamud,71603272,2020-09,10,113,3,2019–2020
codinia,https://github.com/codinia,71664427,2020-09,11,109,3,2019–2020
wahabmughalcs19,https://github.com/wahabmughalcs19,72020505,2020-09,24,108,3,2019–2020
faran1512,https://github.com/faran1512,71871645,2020-09,7,108,3,2019–2020
abbasibneakram,https://github.com/abbasibneakram,71941000,2020-09,16,107,3,2019–2020
AbdulAhad-49,https://github.com/AbdulAhad-49,70632583,2020-09,28,99,3,2019–2020
wasalrasool,https://github.com/wasalrasool,71295121,2020-09,6,94,3,2019–2020
saadabdullah021,https://github.com/saadabdullah021,72085518,2020-09,33,83,3,2019–2020
Faizan2225,https://github.com/Faizan2225,70789501,2020-09,14,83,3,2019–2020
saifaslam246,https://github.com/saifaslam246,70956686,2020-09,15,81,3,2019–2020
thani-ath-nain,https://github.com/thani-ath-nain,71865085,2020-09,24,76,3,2019–2020
DrWebDeveloper,https://github.com/DrWebDeveloper,70931124,2020-09,16,74,3,2019–2020
ChAliraza523,https://github.com/ChAliraza523,71258898,2020-09,14,73,3,2019–2020
JaveriaTariq,https://github.com/JaveriaTariq,71211716,2020-09,21,70,3,2019–2020
mz-muzamil,https://github.com/mz-muzamil,70859198,2020-09,16,68,3,2019–2020
haider-rs,https://github.com/haider-rs,70846121,2020-09,49,65,3,2019–2020
umarashraf71,https://github.com/umarashraf71,71750848,2020-09,18,63,3,2019–2020
ahsan-khalil,https://github.com/ahsan-khalil,71322763,2020-09,17,61,3,2019–2020
faisalsiddique4400,https://github.com/faisalsiddique4400,71010439,2020-09,11,61,3,2019–2020
m-junad-sabir,https://github.com/m-junad-sabir,71888173,2020-09,12,60,3,2019–2020
TeknoArts,https://github.com/TeknoArts,71632049,2020-09,6,59,3,2019–2020
Kamran-Rizwan0925,https://github.com/Kamran-Rizwan0925,70561110,2020-09,21,54,3,2019–2020
Haseeb-Ashiq,https://github.com/Haseeb-Ashiq,72027335,2020-09,9,53,3,2019–2020
adilvn,https://github.com/adilvn,70997464,2020-09,11,51,3,2019–2020
iSikandarMalik,https://github.com/iSikandarMalik,72033116,2020-09,18,50,3,2019–2020
Haseebbbb,https://github.com/Haseebbbb,71484712,2020-09,10,48,3,2019–2020
mawais38,https://github.com/mawais38,71903162,2020-09,18,47,3,2019–2020
shahbaz9221,https://github.com/shahbaz9221,71726050,2020-09,15,47,3,2019–2020
usama044,https://github.com/usama044,71922459,2020-09,10,45,3,2019–2020
Adil-Razzaq,https://github.com/Adil-Razzaq,71585888,2020-09,6,45,3,2019–2020
MKServices1,https://github.com/MKServices1,70568289,2020-09,30,43,3,2019–2020
Rehan-Meer,https://github.com/Rehan-Meer,71589651,2020-09,6,43,3,2019–2020
abbiha20,https://github.com/abbiha20,71916617,2020-09,11,41,3,2019–2020
ArsalanRizwan,https://github.com/ArsalanRizwan,71985327,2020-09,10,41,3,2019–2020
atifhabib308,https://github.com/atifhabib308,71443798,2020-09,6,41,3,2019–2020
muhammadfarhan272,https://github.com/muhammadfarhan272,71704322,2020-09,11,40,3,2019–2020
Noorulain718,https://github.com/Noorulain718,71939121,2020-09,17,39,3,2019–2020
roshaan-rao,https://github.com/roshaan-rao,71185942,2020-09,14,38,3,2019–2020
YasirSiddique-dev,https://github.com/YasirSiddique-dev,71471346,2020-09,10,38,3,2019–2020
umair406,https://github.com/umair406,71635315,2020-09,8,35,3,2019–2020
umairbinnawaz,https://github.com/umairbinnawaz,70839368,2020-09,29,33,3,2019–2020
NumanQaiser,https://github.com/NumanQaiser,70667230,2020-09,10,32,3,2019–2020
anas570,https://github.com/anas570,70965750,2020-09,9,30,3,2019–2020
zaid3tech,https://github.com/zaid3tech,70579516,2020-09,8,30,3,2019–2020
aminaliaqat04,https://github.com/aminaliaqat04,71599939,2020-09,9,28,3,2019–2020
developerubaid,https://github.com/developerubaid,71424700,2020-09,9,27,3,2019–2020
danishaligujjar,https://github.com/danishaligujjar,71484464,2020-09,6,27,3,2019–2020
rizwanasif7648,https://github.com/rizwanasif7648,71925571,2020-09,15,25,3,2019–2020
Asad-Tauseef,https://github.com/Asad-Tauseef,71971347,2020-09,9,24,3,2019–2020
Mohsinikram007,https://github.com/Mohsinikram007,72162568,2020-09,17,21,3,2019–2020
zainsatar,https://github.com/zainsatar,72212932,2020-10,35,2949,3,2019–2020
talhanasir167,https://github.com/talhanasir167,73487212,2020-10,29,1217,3,2019–2020
TahaShahid203,https://github.com/TahaShahid203,73722706,2020-10,57,1172,3,2019–2020
khawajaazfar,https://github.com/khawajaazfar,73386961,2020-10,42,1168,3,2019–2020
afraz-malik,https://github.com/afraz-malik,72659283,2020-10,32,1155,3,2019–2020
tahirwaleed399,https://github.com/tahirwaleed399,73441359,2020-10,56,1076,3,2019–2020
beinghaziq,https://github.com/beinghaziq,72576839,2020-10,46,858,3,2019–2020
aliraza019-js,https://github.com/aliraza019-js,72978083,2020-10,24,720,3,2019–2020
saimhafeez,https://github.com/saimhafeez,73340622,2020-10,31,664,3,2019–2020
DaudAhmad0303,https://github.com/DaudAhmad0303,73556387,2020-10,56,609,3,2019–2020
Muhammad-Sabir,https://github.com/Muhammad-Sabir,72508015,2020-10,24,563,3,2019–2020
roshaan005,https://github.com/roshaan005,73021546,2020-10,47,523,3,2019–2020
hamza-akhtar-dev,https://github.com/hamza-akhtar-dev,73387537,2020-10,24,470,3,2019–2020
Afrasyabafzal,https://github.com/Afrasyabafzal,73391352,2020-10,18,465,3,2019–2020
Junaidahmed111,https://github.com/Junaidahmed111,72429580,2020-10,28,437,3,2019–2020
haris-75,https://github.com/haris-75,73112095,2020-10,59,419,3,2019–2020
iambilalriaz,https://github.com/iambilalriaz,73112085,2020-10,27,362,3,2019–2020
Lalarukh-khan,https://github.com/Lalarukh-khan,72685841,2020-10,19,362,3,2019–2020
jun447,https://github.com/jun447,72307789,2020-10,114,350,3,2019–2020
syedhaideralizaidi,https://github.com/syedhaideralizaidi,72228466,2020-10,73,348,3,2019–2020
Rehan-05,https://github.com/Rehan-05,72587992,2020-10,43,346,3,2019–2020
Atif-Aqeel,https://github.com/Atif-Aqeel,72206970,2020-10,46,323,3,2019–2020
AdilMughal2126,https://github.com/AdilMughal2126,72320858,2020-10,18,322,3,2019–2020
lalchand07,https://github.com/lalchand07,72217874,2020-10,24,321,3,2019–2020
Abubakar4101,https://github.com/Abubakar4101,73362079,2020-10,29,303,3,2019–2020
jahanzaib-iqbal,https://github.com/jahanzaib-iqbal,72562056,2020-10,30,285,3,2019–2020
farhan26azam,https://github.com/farhan26azam,73163937,2020-10,38,264,3,2019–2020
AbdulQadir8,https://github.com/AbdulQadir8,72802808,2020-10,48,261,3,2019–2020
imwaqasakrax,https://github.com/imwaqasakrax,73487788,2020-10,27,233,3,2019–2020
hashirnouman,https://github.com/hashirnouman,72395400,2020-10,29,217,3,2019–2020
AyeshaRashid208,https://github.com/AyeshaRashid208,72206983,2020-10,27,208,3,2019–2020
abzuar9658,https://github.com/abzuar9658,72570410,2020-10,34,204,3,2019–2020
RazaKhan9639,https://github.com/RazaKhan9639,73746937,2020-10,28,204,3,2019–2020
FizzaNasir,https://github.com/FizzaNasir,72211792,2020-10,31,203,3,2019–2020
abdullah2316,https://github.com/abdullah2316,72752489,2020-10,8,202,3,2019–2020
jam-ayub,https://github.com/jam-ayub,72668520,2020-10,17,197,3,2019–2020
faizan-abdul-haq,https://github.com/faizan-abdul-haq,72551037,2020-10,11,186,3,2019–2020
AliAkbar986,https://github.com/AliAkbar986,73736846,2020-10,28,181,3,2019–2020
malikhuzafah,https://github.com/malikhuzafah,73312628,2020-10,31,169,3,2019–2020
attaelahi,https://github.com/attaelahi,72361631,2020-10,48,165,3,2019–2020
zohaibahmad12,https://github.com/zohaibahmad12,72567960,2020-10,21,165,3,2019–2020
AzeemSubhani7,https://github.com/AzeemSubhani7,73572390,2020-10,22,156,3,2019–2020
AbdullahMustafa040,https://github.com/AbdullahMustafa040,72996560,2020-10,43,154,3,2019–2020
inzamam-virk,https://github.com/inzamam-virk,72975725,2020-10,15,154,3,2019–2020
iHasnainBhutta,https://github.com/iHasnainBhutta,73695560,2020-10,19,153,3,2019–2020
WahaaJAli,https://github.com/WahaaJAli,73385761,2020-10,6,147,3,2019–2020
ProHussain,https://github.com/ProHussain,73731019,2020-10,30,145,3,2019–2020
MuhammadYaxir,https://github.com/MuhammadYaxir,73550266,2020-10,27,141,3,2019–2020
WebLytic,https://github.com/WebLytic,73708874,2020-10,49,133,3,2019–2020
AwaisAmin,https://github.com/AwaisAmin,73519531,2020-10,35,132,3,2019–2020
ZulfiqarCH100,https://github.com/ZulfiqarCH100,73634676,2020-10,13,130,3,2019–2020
UsamaAkram012,https://github.com/UsamaAkram012,72368375,2020-10,15,127,3,2019–2020
Sibghat34,https://github.com/Sibghat34,72342588,2020-10,23,126,3,2019–2020
MohammadHuzaifa56,https://github.com/MohammadHuzaifa56,73009614,2020-10,16,126,3,2019–2020
M-Hussain72,https://github.com/M-Hussain72,73196886,2020-10,13,121,3,2019–2020
usman-ali27,https://github.com/usman-ali27,72700933,2020-10,10,120,3,2019–2020
ARK-09,https://github.com/ARK-09,72983784,2020-10,8,120,3,2019–2020
TahaRaza,https://github.com/TahaRaza,72659667,2020-10,12,117,3,2019–2020
Mousakhalid,https://github.com/Mousakhalid,73052132,2020-10,40,111,3,2019–2020
ZaheerNiazi007,https://github.com/ZaheerNiazi007,72734684,2020-10,37,106,3,2019–2020
awais-akhter,https://github.com/awais-akhter,72356882,2020-10,28,103,3,2019–2020
farooqbutt,https://github.com/farooqbutt,73281736,2020-10,7,102,3,2019–2020
QaimRaza1472,https://github.com/QaimRaza1472,72555831,2020-10,31,97,3,2019–2020
hassanprodeveloper,https://github.com/hassanprodeveloper,72764487,2020-10,12,97,3,2019–2020
atariq12382,https://github.com/atariq12382,72306525,2020-10,13,96,3,2019–2020
MSami345,https://github.com/MSami345,73605710,2020-10,19,95,3,2019–2020
hizatariq,https://github.com/hizatariq,72207889,2020-10,9,94,3,2019–2020
mohidk02,https://github.com/mohidk02,73062244,2020-10,9,93,3,2019–2020
SmartSolutionsGuru,https://github.com/SmartSolutionsGuru,73226224,2020-10,10,90,3,2019–2020
IrfanAbdulghaffar,https://github.com/IrfanAbdulghaffar,72246427,2020-10,38,89,3,2019–2020
Dani2003,https://github.com/Dani2003,73587864,2020-10,26,88,4,2020–2021
bilal-ec2,https://github.com/bilal-ec2,72778653,2020-10,21,86,4,2020–2021
sohaibzahid197,https://github.com/sohaibzahid197,72217713,2020-10,40,85,4,2020–2021
Khadija-Rauf,https://github.com/Khadija-Rauf,72842177,2020-10,21,83,4,2020–2021
nauman117,https://github.com/nauman117,73252265,2020-10,6,81,4,2020–2021
awaisarshad819,https://github.com/awaisarshad819,72779684,2020-10,10,79,4,2020–2021
Rafay-Khan,https://github.com/Rafay-Khan,73036316,2020-10,14,77,4,2020–2021
Alee-72,https://github.com/Alee-72,72346256,2020-10,21,76,4,2020–2021
asadA009,https://github.com/asadA009,72994931,2020-10,11,74,4,2020–2021
DaimEjaz,https://github.com/DaimEjaz,72712118,2020-10,19,73,4,2020–2021
AliTechMaestro,https://github.com/AliTechMaestro,72210139,2020-10,26,71,4,2020–2021
LogicLynx0,https://github.com/LogicLynx0,73142548,2020-10,14,71,4,2020–2021
MianAhmadBasit,https://github.com/MianAhmadBasit,73580035,2020-10,44,70,4,2020–2021
Shahzaib-A530,https://github.com/Shahzaib-A530,72207697,2020-10,15,70,4,2020–2021
naziasajjad,https://github.com/naziasajjad,72189962,2020-10,46,68,4,2020–2021
yrrabdul,https://github.com/yrrabdul,72547342,2020-10,12,65,4,2020–2021
ab-mateen,https://github.com/ab-mateen,72469655,2020-10,18,64,4,2020–2021
hamzaussaid9,https://github.com/hamzaussaid9,72732837,2020-10,10,63,4,2020–2021
Tehreem-Iqbal,https://github.com/Tehreem-Iqbal,73001282,2020-10,9,63,4,2020–2021
karam122,https://github.com/karam122,72817316,2020-10,22,62,4,2020–2021
ahmad5599,https://github.com/ahmad5599,72509677,2020-10,15,62,4,2020–2021
Hammad69275,https://github.com/Hammad69275,72254541,2020-10,16,57,4,2020–2021
mlabeeb03,https://github.com/mlabeeb03,72980976,2020-10,24,56,4,2020–2021
Khalid-Mahar,https://github.com/Khalid-Mahar,72429028,2020-10,20,56,4,2020–2021
TalhaZafeer,https://github.com/TalhaZafeer,73428632,2020-10,12,54,4,2020–2021
sneaky-developer,https://github.com/sneaky-developer,72550706,2020-10,11,50,4,2020–2021
danishirfannn,https://github.com/danishirfannn,73023221,2020-10,13,49,4,2020–2021
BadarIftikharQureshi,https://github.com/BadarIftikharQureshi,72441447,2020-10,11,48,4,2020–2021
Ali-Haider-Sherazi,https://github.com/Ali-Haider-Sherazi,72468717,2020-10,30,43,4,2020–2021
imranKhaliq052,https://github.com/imranKhaliq052,72803246,2020-10,8,43,4,2020–2021
farhan0000,https://github.com/farhan0000,73159657,2020-10,8,41,4,2020–2021
IHSANMUNEER,https://github.com/IHSANMUNEER,72526107,2020-10,13,40,4,2020–2021
ihtishamgit,https://github.com/ihtishamgit,72927433,2020-10,16,39,4,2020–2021
abdu1-wahab,https://github.com/abdu1-wahab,72348198,2020-10,9,39,4,2020–2021
Shiraz7006,https://github.com/Shiraz7006,73104369,2020-10,8,38,4,2020–2021
muqeetkhan01,https://github.com/muqeetkhan01,72294627,2020-10,15,37,4,2020–2021
Shakeel-Coder,https://github.com/Shakeel-Coder,72334924,2020-10,10,35,4,2020–2021
Hamza-Chaudhary65,https://github.com/Hamza-Chaudhary65,72331710,2020-10,7,29,4,2020–2021
ZeeshanAhmad77,https://github.com/ZeeshanAhmad77,73071547,2020-10,24,28,4,2020–2021
usmanijaaz,https://github.com/usmanijaaz,72704740,2020-10,15,27,4,2020–2021
hafiz-huzaifa1,https://github.com/hafiz-huzaifa1,72861129,2020-10,12,25,4,2020–2021
AdnanRafique27,https://github.com/AdnanRafique27,73681808,2020-10,10,23,4,2020–2021
Sufyanarif001,https://github.com/Sufyanarif001,72404837,2020-10,9,23,4,2020–2021
Adeel-works,https://github.com/Adeel-works,72549306,2020-10,7,23,4,2020–2021
Muhammad-Waseem413,https://github.com/Muhammad-Waseem413,73165104,2020-10,7,23,4,2020–2021
Ayan-the-great12,https://github.com/Ayan-the-great12,72189121,2020-10,13,22,4,2020–2021
MuhammadFaizanQamar,https://github.com/MuhammadFaizanQamar,72550721,2020-10,8,22,4,2020–2021
CodeRaza,https://github.com/CodeRaza,74427351,2020-11,16,7253,4,2020–2021
mfaeezshabbir,https://github.com/mfaeezshabbir,74614920,2020-11,95,1110,4,2020–2021
umairazmat,https://github.com/umairazmat,74985334,2020-11,61,1051,4,2020–2021
Faisal-Sha,https://github.com/Faisal-Sha,74289907,2020-11,61,783,4,2020–2021
umairabbas786,https://github.com/umairabbas786,75273687,2020-11,45,714,4,2020–2021
MohsinShahid052,https://github.com/MohsinShahid052,75203716,2020-11,29,701,4,2020–2021
20100190,https://github.com/20100190,74436638,2020-11,17,682,4,2020–2021
alitariqdev,https://github.com/alitariqdev,74070552,2020-11,23,636,4,2020–2021
mrhassanali,https://github.com/mrhassanali,73873109,2020-11,38,485,4,2020–2021
WasilIslam,https://github.com/WasilIslam,74556190,2020-11,56,339,4,2020–2021
IbrarBabar,https://github.com/IbrarBabar,74877029,2020-11,33,323,4,2020–2021
technicalwajahat,https://github.com/technicalwajahat,74649068,2020-11,20,323,4,2020–2021
sohail-eng,https://github.com/sohail-eng,74501059,2020-11,50,313,4,2020–2021
hamzayounas256,https://github.com/hamzayounas256,73807302,2020-11,26,296,4,2020–2021
aubairakif1998,https://github.com/aubairakif1998,73771630,2020-11,30,295,4,2020–2021
kakanics,https://github.com/kakanics,74194368,2020-11,21,288,4,2020–2021
mujtaba51472,https://github.com/mujtaba51472,74935024,2020-11,102,281,4,2020–2021
hamzashaukat111,https://github.com/hamzashaukat111,75229817,2020-11,58,276,4,2020–2021
aaaastark,https://github.com/aaaastark,74346775,2020-11,51,275,4,2020–2021
AhmedFakharABbas,https://github.com/AhmedFakharABbas,75123023,2020-11,24,265,4,2020–2021
alidotdeveloper,https://github.com/alidotdeveloper,74443787,2020-11,48,252,4,2020–2021
majiddev10,https://github.com/majiddev10,74697541,2020-11,41,250,4,2020–2021
muhibdev,https://github.com/muhibdev,74291340,2020-11,33,240,4,2020–2021
MuddusarZulfiqar,https://github.com/MuddusarZulfiqar,75011439,2020-11,29,240,4,2020–2021
noor05869,https://github.com/noor05869,74839196,2020-11,16,210,4,2020–2021
umar-hyatt,https://github.com/umar-hyatt,74268119,2020-11,41,195,4,2020–2021
Hamzakhan2317,https://github.com/Hamzakhan2317,73998902,2020-11,19,182,4,2020–2021
bilalahmad9,https://github.com/bilalahmad9,74393555,2020-11,26,177,4,2020–2021
Mahmaddz,https://github.com/Mahmaddz,75247619,2020-11,15,176,4,2020–2021
msohaibnoor,https://github.com/msohaibnoor,73883272,2020-11,19,172,4,2020–2021
BehrozKarim,https://github.com/BehrozKarim,74463654,2020-11,15,162,4,2020–2021
bilalshahid707,https://github.com/bilalshahid707,75217324,2020-11,25,160,4,2020–2021
ShazaibSarwar,https://github.com/ShazaibSarwar,74175800,2020-11,36,150,4,2020–2021
Hizafa-Nadeem,https://github.com/Hizafa-Nadeem,73908345,2020-11,16,142,4,2020–2021
Awais612,https://github.com/Awais612,74198887,2020-11,40,139,4,2020–2021
Ahmed-khalid9199,https://github.com/Ahmed-khalid9199,74297513,2020-11,7,138,4,2020–2021
saifurrehman22,https://github.com/saifurrehman22,74588470,2020-11,36,137,4,2020–2021
MAhmadIqbal,https://github.com/MAhmadIqbal,75065771,2020-11,33,137,4,2020–2021
hassamali898,https://github.com/hassamali898,73829447,2020-11,24,128,4,2020–2021
AbdulBaqi47,https://github.com/AbdulBaqi47,74543895,2020-11,23,128,4,2020–2021
TalhaAbbas55,https://github.com/TalhaAbbas55,75223616,2020-11,21,125,4,2020–2021
zainkhalil,https://github.com/zainkhalil,73893206,2020-11,11,114,4,2020–2021
shafqatsha,https://github.com/shafqatsha,74849059,2020-11,11,112,4,2020–2021
hk5ahi,https://github.com/hk5ahi,75085428,2020-11,13,106,4,2020–2021
solutionsoul62,https://github.com/solutionsoul62,74397007,2020-11,9,106,4,2020–2021
ismailamjad98,https://github.com/ismailamjad98,75122445,2020-11,6,104,4,2020–2021
fahadaziz240,https://github.com/fahadaziz240,74518293,2020-11,15,99,4,2020–2021
Suleman893,https://github.com/Suleman893,74947564,2020-11,19,98,4,2020–2021
shoaibAbid,https://github.com/shoaibAbid,73983203,2020-11,10,97,4,2020–2021
hassan0381,https://github.com/hassan0381,75020368,2020-11,7,95,4,2020–2021
MARKH0R,https://github.com/MARKH0R,74018521,2020-11,22,93,4,2020–2021
MuhammadHammad-git,https://github.com/MuhammadHammad-git,74261526,2020-11,13,90,4,2020–2021
LANcer830,https://github.com/LANcer830,74341050,2020-11,20,87,4,2020–2021
muzammil91naseer,https://github.com/muzammil91naseer,73885304,2020-11,8,86,4,2020–2021
AliZaib110,https://github.com/AliZaib110,73781431,2020-11,18,81,4,2020–2021
mubashir-rahman01,https://github.com/mubashir-rahman01,74352719,2020-11,21,79,4,2020–2021
sarosh4271,https://github.com/sarosh4271,74011881,2020-11,40,77,4,2020–2021
MuhammadAminGit,https://github.com/MuhammadAminGit,75135254,2020-11,19,74,4,2020–2021
ali-faiz-brainx,https://github.com/ali-faiz-brainx,75253642,2020-11,12,72,4,2020–2021
arslanamjad19,https://github.com/arslanamjad19,75203962,2020-11,17,71,4,2020–2021
shoaibarif244,https://github.com/shoaibarif244,74748672,2020-11,17,63,4,2020–2021
MuhammadRafay11,https://github.com/MuhammadRafay11,75246876,2020-11,18,60,4,2020–2021
Azhar115,https://github.com/Azhar115,75204057,2020-11,15,60,4,2020–2021
alibehram-ai,https://github.com/alibehram-ai,74698195,2020-11,30,59,4,2020–2021
Faiqaslam,https://github.com/Faiqaslam,74172653,2020-11,21,57,4,2020–2021
bilal42201,https://github.com/bilal42201,74298645,2020-11,17,54,4,2020–2021
atif044,https://github.com/atif044,74341827,2020-11,9,53,4,2020–2021
ayesha-waris,https://github.com/ayesha-waris,73840786,2020-11,17,51,4,2020–2021
qammar-tech,https://github.com/qammar-tech,74186557,2020-11,16,50,4,2020–2021
MUHAMMAD-ALI-BILAL,https://github.com/MUHAMMAD-ALI-BILAL,74378548,2020-11,10,49,4,2020–2021
ehtasham704,https://github.com/ehtasham704,75035751,2020-11,6,48,4,2020–2021
AhmadHabib24,https://github.com/AhmadHabib24,74090736,2020-11,14,45,4,2020–2021
HamzaaaKhan,https://github.com/HamzaaaKhan,74649522,2020-11,11,44,4,2020–2021
Sheheryar800,https://github.com/Sheheryar800,74874640,2020-11,10,42,4,2020–2021
miansaqib71,https://github.com/miansaqib71,74395346,2020-11,9,41,4,2020–2021
MuhammadJunaidNasir,https://github.com/MuhammadJunaidNasir,75264747,2020-11,15,40,4,2020–2021
OxamaHxn,https://github.com/OxamaHxn,74725572,2020-11,8,40,4,2020–2021
Hafizburhan,https://github.com/Hafizburhan,75137642,2020-11,21,38,4,2020–2021
danishah452,https://github.com/danishah452,74768105,2020-11,13,38,4,2020–2021
malikhaideraliraza,https://github.com/malikhaideraliraza,74291382,2020-11,8,38,4,2020–2021
shahzad326,https://github.com/shahzad326,73882915,2020-11,30,36,4,2020–2021
UsmanAli105,https://github.com/UsmanAli105,73774067,2020-11,11,35,4,2020–2021
SyedTalalAli,https://github.com/SyedTalalAli,75242778,2020-11,12,33,4,2020–2021
jamshaidcheena,https://github.com/jamshaidcheena,73882565,2020-11,20,30,4,2020–2021
Sarmad108,https://github.com/Sarmad108,74090144,2020-11,19,30,4,2020–2021
alihamza5465,https://github.com/alihamza5465,73999668,2020-11,10,30,4,2020–2021
khalidhussain1,https://github.com/khalidhussain1,74317878,2020-11,8,30,4,2020–2021
usamaazyz,https://github.com/usamaazyz,74411638,2020-11,8,27,4,2020–2021
sheraz212,https://github.com/sheraz212,74422886,2020-11,8,26,4,2020–2021
hafsa-tariqq,https://github.com/hafsa-tariqq,74311165,2020-11,12,24,4,2020–2021
Ussamashaukat,https://github.com/Ussamashaukat,75258071,2020-11,11,22,4,2020–2021
syed-zunair-gillani,https://github.com/syed-zunair-gillani,75418561,2020-12,64,2349,4,2020–2021
MAdnanNaeem,https://github.com/MAdnanNaeem,76423402,2020-12,23,1951,4,2020–2021
JunaidLatif4,https://github.com/JunaidLatif4,76561794,2020-12,39,841,4,2020–2021
maiznadeem,https://github.com/maiznadeem,76394623,2020-12,17,755,4,2020–2021
muhammadabdullah660,https://github.com/muhammadabdullah660,75908938,2020-12,57,727,4,2020–2021
CodeWithBati,https://github.com/CodeWithBati,76419235,2020-12,19,703,4,2020–2021
DevAdeelAhmad,https://github.com/DevAdeelAhmad,76817960,2020-12,71,691,4,2020–2021
kamipakistan,https://github.com/kamipakistan,76246927,2020-12,43,670,4,2020–2021
shehzad78675,https://github.com/shehzad78675,76575912,2020-12,44,592,4,2020–2021
mkhuzaima,https://github.com/mkhuzaima,75787251,2020-12,52,564,4,2020–2021
Muhammad-Faizan-Tariq,https://github.com/Muhammad-Faizan-Tariq,75636554,2020-12,38,533,4,2020–2021
HamzaRandhawa,https://github.com/HamzaRandhawa,75859619,2020-12,19,452,4,2020–2021
AbdulAhad696,https://github.com/AbdulAhad696,76742556,2020-12,9,359,4,2020–2021
WebDevXpert,https://github.com/WebDevXpert,75772752,2020-12,53,347,4,2020–2021
1hamza-bit,https://github.com/1hamza-bit,76727465,2020-12,31,345,4,2020–2021
send-2-irfan,https://github.com/send-2-irfan,75749785,2020-12,18,345,4,2020–2021
Usama-26,https://github.com/Usama-26,75754522,2020-12,25,304,4,2020–2021
Anas-jpg,https://github.com/Anas-jpg,76627964,2020-12,20,304,4,2020–2021
aqeelsiddique,https://github.com/aqeelsiddique,76124660,2020-12,29,283,4,2020–2021
shaheer1018,https://github.com/shaheer1018,76112036,2020-12,39,282,4,2020–2021
yaibrahim,https://github.com/yaibrahim,75537744,2020-12,25,241,4,2020–2021
rafayy769,https://github.com/rafayy769,75455227,2020-12,28,238,4,2020–2021
malikabdullahnaazar,https://github.com/malikabdullahnaazar,76260270,2020-12,36,229,4,2020–2021
yasoo-exe,https://github.com/yasoo-exe,76653084,2020-12,26,226,4,2020–2021
m-asad-ali,https://github.com/m-asad-ali,76587731,2020-12,15,222,4,2020–2021
syedahsan297engr,https://github.com/syedahsan297engr,75466836,2020-12,35,221,4,2020–2021
talhatariq2000,https://github.com/talhatariq2000,76400023,2020-12,12,217,4,2020–2021
zahidali-007,https://github.com/zahidali-007,75961991,2020-12,29,215,4,2020–2021
umar-khan25,https://github.com/umar-khan25,76748183,2020-12,25,214,4,2020–2021
MAhmad787,https://github.com/MAhmad787,75363354,2020-12,71,212,4,2020–2021
AliUppal97,https://github.com/AliUppal97,75938906,2020-12,8,205,4,2020–2021
Sameer-Ehsanmund,https://github.com/Sameer-Ehsanmund,75660615,2020-12,9,186,4,2020–2021
HMSaadKhan,https://github.com/HMSaadKhan,76745781,2020-12,22,184,4,2020–2021
engrhasnain,https://github.com/engrhasnain,76518652,2020-12,30,156,4,2020–2021
m-adnan-mushtaq,https://github.com/m-adnan-mushtaq,76768844,2020-12,26,155,4,2020–2021
Aliinoccent,https://github.com/Aliinoccent,75963990,2020-12,28,152,4,2020–2021
bilawal506,https://github.com/bilawal506,75622446,2020-12,17,152,4,2020–2021
Shazaib-Danish,https://github.com/Shazaib-Danish,75744833,2020-12,13,152,4,2020–2021
fareedTahir131,https://github.com/fareedTahir131,76517762,2020-12,10,152,4,2020–2021
umartariq867,https://github.com/umartariq867,76549553,2020-12,72,149,4,2020–2021
ismail-khan2699,https://github.com/ismail-khan2699,75484475,2020-12,18,143,4,2020–2021
Abdul-Rahman0,https://github.com/Abdul-Rahman0,76537358,2020-12,13,135,4,2020–2021
iamubaidch,https://github.com/iamubaidch,75658807,2020-12,13,127,4,2020–2021
sadbattery,https://github.com/sadbattery,76821369,2020-12,13,119,4,2020–2021
tayyabmughal-creator,https://github.com/tayyabmughal-creator,76429553,2020-12,63,110,4,2020–2021
AarijAmir,https://github.com/AarijAmir,75632614,2020-12,55,110,4,2020–2021
iamthemuhammadirfan,https://github.com/iamthemuhammadirfan,76033396,2020-12,26,108,4,2020–2021
mhassaannaveed,https://github.com/mhassaannaveed,75682454,2020-12,8,103,4,2020–2021
sghufranmehdi,https://github.com/sghufranmehdi,76075121,2020-12,35,100,4,2020–2021
AsadAtiq5,https://github.com/AsadAtiq5,76737325,2020-12,18,98,4,2020–2021
areeb-sys,https://github.com/areeb-sys,76821248,2020-12,15,95,4,2020–2021
MuhammadUmairSadiq,https://github.com/MuhammadUmairSadiq,75296180,2020-12,34,94,4,2020–2021
sharjeel-ahmad-web,https://github.com/sharjeel-ahmad-web,76790420,2020-12,40,89,4,2020–2021
saraktareen,https://github.com/saraktareen,75300313,2020-12,18,89,4,2020–2021
umarshad,https://github.com/umarshad,76487916,2020-12,22,84,4,2020–2021
MuhammadArslan118,https://github.com/MuhammadArslan118,76722762,2020-12,19,83,4,2020–2021
Madeel05,https://github.com/Madeel05,76046496,2020-12,11,83,4,2020–2021
h-muhammad-ali,https://github.com/h-muhammad-ali,76814802,2020-12,21,82,4,2020–2021
Tajammal-Maqbool,https://github.com/Tajammal-Maqbool,76564182,2020-12,21,71,4,2020–2021
M-Mubashir674,https://github.com/M-Mubashir674,75811203,2020-12,12,71,4,2020–2021
abusufyanvu,https://github.com/abusufyanvu,76678681,2020-12,29,67,4,2020–2021
afaqbutt12,https://github.com/afaqbutt12,76739654,2020-12,12,67,4,2020–2021
tayyab303,https://github.com/tayyab303,76250227,2020-12,10,66,4,2020–2021
faizananwardeveloper,https://github.com/faizananwardeveloper,75859900,2020-12,22,59,4,2020–2021
MaazShahid6229,https://github.com/MaazShahid6229,76780222,2020-12,8,59,4,2020–2021
ranaahtisham24,https://github.com/ranaahtisham24,76520043,2020-12,7,59,4,2020–2021
mhanzla80,https://github.com/mhanzla80,76694583,2020-12,109,58,4,2020–2021
piaic157334,https://github.com/piaic157334,76644930,2020-12,12,57,4,2020–2021
AliHussanMalik,https://github.com/AliHussanMalik,76047035,2020-12,35,54,4,2020–2021
RukhsanaAyub,https://github.com/RukhsanaAyub,76199703,2020-12,10,54,4,2020–2021
Noor-dev3,https://github.com/Noor-dev3,76559354,2020-12,16,53,4,2020–2021
Umais-Rasheed,https://github.com/Umais-Rasheed,75519726,2020-12,23,52,4,2020–2021
muneebahmad-dev,https://github.com/muneebahmad-dev,75729474,2020-12,9,51,4,2020–2021
Khizar-Ahmad,https://github.com/Khizar-Ahmad,75679410,2020-12,10,49,4,2020–2021
fahadarshad08,https://github.com/fahadarshad08,75642792,2020-12,12,48,4,2020–2021
MuhammadBilalTahir,https://github.com/MuhammadBilalTahir,75941629,2020-12,10,48,4,2020–2021
hmzasif,https://github.com/hmzasif,76571729,2020-12,8,47,4,2020–2021
Xeeshan-1,https://github.com/Xeeshan-1,76684452,2020-12,13,46,4,2020–2021
UsmanMurtaza92,https://github.com/UsmanMurtaza92,75952370,2020-12,11,40,4,2020–2021
muhammadahmad-15,https://github.com/muhammadahmad-15,76216269,2020-12,18,39,4,2020–2021
javedalimalik,https://github.com/javedalimalik,76785677,2020-12,17,37,4,2020–2021
fareed13,https://github.com/fareed13,75368987,2020-12,13,34,4,2020–2021
GulfamMalik6,https://github.com/GulfamMalik6,76594464,2020-12,7,31,4,2020–2021
ANAS-ALGO-TECH,https://github.com/ANAS-ALGO-TECH,75993832,2020-12,10,29,4,2020–2021
MubashirAbassi,https://github.com/MubashirAbassi,76167954,2020-12,14,28,4,2020–2021
sohaimainam98,https://github.com/sohaimainam98,76549822,2020-12,13,28,4,2020–2021
MuhammadAttaUlMustafa,https://github.com/MuhammadAttaUlMustafa,76594800,2020-12,9,26,4,2020–2021
BilalNasir97,https://github.com/BilalNasir97,76816418,2020-12,6,26,4,2020–2021
JawadAli1535,https://github.com/JawadAli1535,75563558,2020-12,6,24,4,2020–2021
ta550,https://github.com/ta550,76057659,2020-12,6,23,4,2020–2021
Waseem-Aslam2022,https://github.com/Waseem-Aslam2022,76615429,2020-12,23,21,4,2020–2021
asadali27232,https://github.com/asadali27232,77291718,2021-01,43,2396,4,2020–2021
musaqlain,https://github.com/musaqlain,77551019,2021-01,88,2253,4,2020–2021
shahzaneer,https://github.com/shahzaneer,77126013,2021-01,77,1466,4,2020–2021
talha-10xE,https://github.com/talha-10xE,77788288,2021-01,28,1193,4,2020–2021
hussnaincheema,https://github.com/hussnaincheema,76845698,2021-01,34,842,4,2020–2021
mafzaldev,https://github.com/mafzaldev,78255759,2021-01,66,684,4,2020–2021
usamaJ17,https://github.com/usamaJ17,76848490,2021-01,57,536,4,2020–2021
Hamza-Azeem1,https://github.com/Hamza-Azeem1,77520850,2021-01,37,483,4,2020–2021
ahtisham774,https://github.com/ahtisham774,77314350,2021-01,42,455,4,2020–2021
rohanasif,https://github.com/rohanasif,77265843,2021-01,32,430,4,2020–2021
Rizwanabid-23,https://github.com/Rizwanabid-23,78040827,2021-01,26,399,4,2020–2021
ghulamrasuldev,https://github.com/ghulamrasuldev,77491467,2021-01,55,359,4,2020–2021
ZH1245,https://github.com/ZH1245,77679885,2021-01,58,306,4,2020–2021
umarsohail1998,https://github.com/umarsohail1998,77581996,2021-01,45,298,4,2020–2021
AsadBukhari886,https://github.com/AsadBukhari886,77583910,2021-01,61,287,4,2020–2021
naveed504,https://github.com/naveed504,77162489,2021-01,28,277,4,2020–2021
MugheesMehdi07,https://github.com/MugheesMehdi07,77490742,2021-01,19,264,4,2020–2021
ShehrozAhmadDev,https://github.com/ShehrozAhmadDev,77846658,2021-01,32,252,4,2020–2021
hasnainalsyed,https://github.com/hasnainalsyed,77774928,2021-01,23,252,4,2020–2021
MuzmmilKhan1,https://github.com/MuzmmilKhan1,77438943,2021-01,39,251,4,2020–2021
Umer-dotcom,https://github.com/Umer-dotcom,76922950,2021-01,14,241,4,2020–2021
ameerahaider,https://github.com/ameerahaider,77534392,2021-01,38,237,4,2020–2021
AbdullahJaspal,https://github.com/AbdullahJaspal,77833394,2021-01,32,230,4,2020–2021
M-Jawad-Ch,https://github.com/M-Jawad-Ch,77043079,2021-01,14,228,4,2020–2021
umair-asad-bhatti,https://github.com/umair-asad-bhatti,77408034,2021-01,36,225,4,2020–2021
Faizan404,https://github.com/Faizan404,77750924,2021-01,16,202,4,2020–2021
shairalidev,https://github.com/shairalidev,77397004,2021-01,21,194,4,2020–2021
NoorAtif,https://github.com/NoorAtif,77112713,2021-01,42,181,4,2020–2021
arbabmalik46,https://github.com/arbabmalik46,77314830,2021-01,35,181,4,2020–2021
meharsulaiman,https://github.com/meharsulaiman,77274903,2021-01,18,180,4,2020–2021
Junaid0118,https://github.com/Junaid0118,77925948,2021-01,9,180,4,2020–2021
meamirghafoor,https://github.com/meamirghafoor,77319741,2021-01,19,177,4,2020–2021
KhoobBabe,https://github.com/KhoobBabe,77692425,2021-01,63,175,4,2020–2021
umararshad4,https://github.com/umararshad4,77396489,2021-01,49,167,4,2020–2021
AliHaiderrr,https://github.com/AliHaiderrr,77885634,2021-01,26,167,4,2020–2021
faizan0273,https://github.com/faizan0273,77250133,2021-01,24,162,4,2020–2021
ShehzadDev,https://github.com/ShehzadDev,77115890,2021-01,37,152,4,2020–2021
iryansa,https://github.com/iryansa,77570189,2021-01,14,144,4,2020–2021
mohdzez,https://github.com/mohdzez,76867970,2021-01,23,142,4,2020–2021
bilalthepunjabi,https://github.com/bilalthepunjabi,77118909,2021-01,44,140,4,2020–2021
mardan-shah,https://github.com/mardan-shah,77826162,2021-01,21,135,4,2020–2021
sheri418,https://github.com/sheri418,77005306,2021-01,12,135,4,2020–2021
UmanSheikh,https://github.com/UmanSheikh,77851205,2021-01,34,134,4,2020–2021
abbas4798,https://github.com/abbas4798,78016980,2021-01,29,134,4,2020–2021
hkb2001,https://github.com/hkb2001,77169608,2021-01,21,132,4,2020–2021
Atta-ul-mohamin,https://github.com/Atta-ul-mohamin,77915138,2021-01,10,127,4,2020–2021
Haseebullah9012,https://github.com/Haseebullah9012,76863089,2021-01,12,126,4,2020–2021
hassan-qadir,https://github.com/hassan-qadir,77539962,2021-01,15,124,4,2020–2021
HamidAli105,https://github.com/HamidAli105,78085680,2021-01,10,119,4,2020–2021
suleman1220,https://github.com/suleman1220,77055266,2021-01,25,118,4,2020–2021
Iamabdulquddus,https://github.com/Iamabdulquddus,77376072,2021-01,33,117,4,2020–2021
shirjeelafzal,https://github.com/shirjeelafzal,77726865,2021-01,19,117,4,2020–2021
mognc,https://github.com/mognc,76902280,2021-01,17,117,4,2020–2021
ShahidMuneer922,https://github.com/ShahidMuneer922,77497630,2021-01,11,115,4,2020–2021
M-Talha-Farooqi,https://github.com/M-Talha-Farooqi,76969614,2021-01,9,115,4,2020–2021
Yousaf1001,https://github.com/Yousaf1001,77161840,2021-01,10,103,4,2020–2021
amf589,https://github.com/amf589,77768032,2021-01,9,102,4,2020–2021
Meer-Balaj,https://github.com/Meer-Balaj,78146088,2021-01,24,95,4,2020–2021
saadanwaqar,https://github.com/saadanwaqar,78195593,2021-01,22,92,4,2020–2021
aliraza291,https://github.com/aliraza291,77624891,2021-01,15,91,4,2020–2021
Aunali075,https://github.com/Aunali075,77732371,2021-01,18,88,4,2020–2021
taqiabbas7906,https://github.com/taqiabbas7906,77979862,2021-01,9,87,4,2020–2021
Uxman26,https://github.com/Uxman26,76997921,2021-01,23,86,4,2020–2021
mani901,https://github.com/mani901,77674233,2021-01,9,86,4,2020–2021
strawberryeleven,https://github.com/strawberryeleven,77675978,2021-01,11,84,4,2020–2021
Anas-khan0331,https://github.com/Anas-khan0331,77989560,2021-01,17,80,4,2020–2021
AssadullahBaig,https://github.com/AssadullahBaig,77209944,2021-01,9,80,4,2020–2021
RanaSheharyar,https://github.com/RanaSheharyar,78258845,2021-01,22,76,4,2020–2021
sufyaniqbaldev,https://github.com/sufyaniqbaldev,77877844,2021-01,14,74,4,2020–2021
nouman073,https://github.com/nouman073,76868703,2021-01,9,74,4,2020–2021
Usman-pk,https://github.com/Usman-pk,77631826,2021-01,34,73,4,2020–2021
awaiswaheed34,https://github.com/awaiswaheed34,77582888,2021-01,22,73,4,2020–2021
syed-amar-zaidi,https://github.com/syed-amar-zaidi,76910336,2021-01,11,71,4,2020–2021
hamzashoukat091,https://github.com/hamzashoukat091,77734917,2021-01,28,69,4,2020–2021
hassankhan-wise,https://github.com/hassankhan-wise,77392509,2021-01,7,67,4,2020–2021
atharateeq01,https://github.com/atharateeq01,77320439,2021-01,14,63,4,2020–2021
shahiqshahzad,https://github.com/shahiqshahzad,77881577,2021-01,19,62,4,2020–2021
Shoaib-Amin,https://github.com/Shoaib-Amin,77106762,2021-01,10,58,4,2020–2021
usamasuhaib,https://github.com/usamasuhaib,77405341,2021-01,16,51,4,2020–2021
asimramzan123,https://github.com/asimramzan123,77407277,2021-01,15,51,4,2020–2021
ravian0519,https://github.com/ravian0519,77452356,2021-01,11,51,4,2020–2021
faisalM008,https://github.com/faisalM008,76864007,2021-01,8,50,4,2020–2021
alixaanom,https://github.com/alixaanom,77881735,2021-01,7,48,4,2020–2021
naumanmallik,https://github.com/naumanmallik,77071963,2021-01,8,45,4,2020–2021
Musawir-Ahmed,https://github.com/Musawir-Ahmed,78104910,2021-01,7,45,4,2020–2021
aaqilawan,https://github.com/aaqilawan,77505962,2021-01,36,43,4,2020–2021
softwarechasers7,https://github.com/softwarechasers7,76848823,2021-01,20,43,4,2020–2021
abdullah-haroon-sqa,https://github.com/abdullah-haroon-sqa,78170030,2021-01,7,41,4,2020–2021
syedlabeeq,https://github.com/syedlabeeq,77527678,2021-01,6,38,4,2020–2021
QaziIhsanAhmad,https://github.com/QaziIhsanAhmad,76913674,2021-01,18,36,4,2020–2021
Arshan10744,https://github.com/Arshan10744,77881903,2021-01,16,34,4,2020–2021
Tayyab-Bilal,https://github.com/Tayyab-Bilal,77182885,2021-01,14,34,4,2020–2021
m-huzaifa,https://github.com/m-huzaifa,77853537,2021-01,7,34,4,2020–2021
ranazohaib1,https://github.com/ranazohaib1,76841808,2021-01,6,33,4,2020–2021
moeezikram,https://github.com/moeezikram,77884755,2021-01,6,27,4,2020–2021
mahdrajput,https://github.com/mahdrajput,76896121,2021-01,12,26,4,2020–2021
PakMasterDeveloper,https://github.com/PakMasterDeveloper,77822217,2021-01,10,26,4,2020–2021
Osama-Zahid,https://github.com/Osama-Zahid,77333157,2021-01,7,26,4,2020–2021
arrehmanhere,https://github.com/arrehmanhere,77436792,2021-01,6,24,4,2020–2021
ayesha-shaukat-arhamsoft,https://github.com/ayesha-shaukat-arhamsoft,78010723,2021-01,6,22,4,2020–2021
M-Hassan-Raza,https://github.com/M-Hassan-Raza,79744080,2021-02,94,2180,4,2020–2021
AfaqShuaib09,https://github.com/AfaqShuaib09,78806673,2021-02,64,1042,4,2020–2021
asif-zulfiqar,https://github.com/asif-zulfiqar,78528213,2021-02,65,937,4,2020–2021
mahreenasama,https://github.com/mahreenasama,79749919,2021-02,70,934,4,2020–2021
rizwanali494,https://github.com/rizwanali494,79055312,2021-02,17,864,4,2020–2021
ERPNEXT-PAKISTAN,https://github.com/ERPNEXT-PAKISTAN,79786408,2021-02,15,697,4,2020–2021
RamzanCh056,https://github.com/RamzanCh056,79650406,2021-02,78,537,4,2020–2021
MuhammadKhan3,https://github.com/MuhammadKhan3,79418503,2021-02,21,519,4,2020–2021
MuhammadMoinFaisal,https://github.com/MuhammadMoinFaisal,79751534,2021-02,78,463,4,2020–2021
saad2999,https://github.com/saad2999,79579108,2021-02,58,445,4,2020–2021
chandjr0,https://github.com/chandjr0,79354287,2021-02,9,406,4,2020–2021
mohsinchd,https://github.com/mohsinchd,79411759,2021-02,52,362,4,2020–2021
codesbyahsen,https://github.com/codesbyahsen,78657720,2021-02,27,316,4,2020–2021
mumarqayyum051,https://github.com/mumarqayyum051,79770652,2021-02,28,297,4,2020–2021
gmdahri,https://github.com/gmdahri,79499253,2021-02,43,279,4,2020–2021
AkaAbdullah,https://github.com/AkaAbdullah,78985443,2021-02,37,249,4,2020–2021
mtalhazulf,https://github.com/mtalhazulf,79583782,2021-02,44,243,4,2020–2021
aabdullah29,https://github.com/aabdullah29,78601111,2021-02,83,237,4,2020–2021
FaizanMuhammadSE,https://github.com/FaizanMuhammadSE,79619791,2021-02,24,232,4,2020–2021
mufassalhussain,https://github.com/mufassalhussain,79256743,2021-02,22,230,4,2020–2021
saifullah0317,https://github.com/saifullah0317,79357538,2021-02,33,209,4,2020–2021
SIBTAIN-ASAD,https://github.com/SIBTAIN-ASAD,78426158,2021-02,27,207,4,2020–2021
Umair-Butt980,https://github.com/Umair-Butt980,79047332,2021-02,14,206,4,2020–2021
imran-ishaq,https://github.com/imran-ishaq,78725662,2021-02,25,195,4,2020–2021
muaaz0333,https://github.com/muaaz0333,79014624,2021-02,29,187,4,2020–2021
UmairMairi,https://github.com/UmairMairi,78353452,2021-02,6,157,4,2020–2021
Gmdin,https://github.com/Gmdin,79659474,2021-02,28,156,4,2020–2021
s-1235,https://github.com/s-1235,78926091,2021-02,17,150,4,2020–2021
bsef19a007,https://github.com/bsef19a007,79813211,2021-02,17,148,4,2020–2021
Youxaf-khan,https://github.com/Youxaf-khan,79319679,2021-02,18,147,4,2020–2021
hammadkhandev,https://github.com/hammadkhandev,79661694,2021-02,28,134,4,2020–2021
Qadeer-Haider,https://github.com/Qadeer-Haider,79516393,2021-02,13,132,4,2020–2021
ZainMalik001,https://github.com/ZainMalik001,79419086,2021-02,17,131,4,2020–2021
fahad-islam1,https://github.com/fahad-islam1,78997963,2021-02,47,130,4,2020–2021
codeByKamran,https://github.com/codeByKamran,79129427,2021-02,16,127,4,2020–2021
aliyannn,https://github.com/aliyannn,78789032,2021-02,16,121,4,2020–2021
mushraf771,https://github.com/mushraf771,79597224,2021-02,25,118,4,2020–2021
htouqeer938,https://github.com/htouqeer938,79042594,2021-02,14,112,4,2020–2021
Bilaliweb,https://github.com/Bilaliweb,78751674,2021-02,16,109,4,2020–2021
fahadkhan-fk,https://github.com/fahadkhan-fk,78377343,2021-02,22,108,4,2020–2021
MakhdoomUsman,https://github.com/MakhdoomUsman,78866952,2021-02,31,107,4,2020–2021
mirzawajidali,https://github.com/mirzawajidali,79011083,2021-02,25,97,4,2020–2021
Abid-Hussain-3AB,https://github.com/Abid-Hussain-3AB,78641449,2021-02,10,89,4,2020–2021
Ahmad-Alam,https://github.com/Ahmad-Alam,79414591,2021-02,13,88,4,2020–2021
hmzahmed,https://github.com/hmzahmed,78449376,2021-02,15,86,4,2020–2021
Ahsanfn,https://github.com/Ahsanfn,79699555,2021-02,19,84,4,2020–2021
Suhail-rezaie,https://github.com/Suhail-rezaie,79736671,2021-02,17,73,4,2020–2021
AmaanMalik360,https://github.com/AmaanMalik360,79055007,2021-02,19,68,4,2020–2021
Ab5ullah,https://github.com/Ab5ullah,79769607,2021-02,9,68,4,2020–2021
ahmadarsim,https://github.com/ahmadarsim,79629827,2021-02,29,58,4,2020–2021
UmaRSaleem16,https://github.com/UmaRSaleem16,78959624,2021-02,9,57,4,2020–2021
iuzairfarooq,https://github.com/iuzairfarooq,79316093,2021-02,17,52,4,2020–2021
HASEEB-98,https://github.com/HASEEB-98,79682666,2021-02,8,50,4,2020–2021
Mubashir222,https://github.com/Mubashir222,78593944,2021-02,7,50,4,2020–2021
asadgulxar,https://github.com/asadgulxar,79411069,2021-02,11,49,4,2020–2021
Afraaz161,https://github.com/Afraaz161,79526851,2021-02,6,48,4,2020–2021
usamachoudry000,https://github.com/usamachoudry000,79682559,2021-02,6,47,4,2020–2021
kunwarmahmad,https://github.com/kunwarmahmad,79138839,2021-02,16,46,4,2020–2021
raisajidali786,https://github.com/raisajidali786,79716161,2021-02,15,44,4,2020–2021
abidalisyed80,https://github.com/abidalisyed80,79584383,2021-02,8,44,4,2020–2021
rajaqasim11,https://github.com/rajaqasim11,78462869,2021-02,6,43,4,2020–2021
waleedarif1011,https://github.com/waleedarif1011,79083400,2021-02,12,42,4,2020–2021
kaleem4b,https://github.com/kaleem4b,79290497,2021-02,10,41,4,2020–2021
faizan-ali-brainx,https://github.com/faizan-ali-brainx,79779829,2021-02,9,41,4,2020–2021
SadamAli09,https://github.com/SadamAli09,79393099,2021-02,19,40,4,2020–2021
moazzam-5,https://github.com/moazzam-5,78731617,2021-02,12,37,4,2020–2021
Kiazend,https://github.com/Kiazend,79334337,2021-02,11,33,4,2020–2021
SaadTheGreatDev,https://github.com/SaadTheGreatDev,78959867,2021-02,13,32,4,2020–2021
MugheesMansoor,https://github.com/MugheesMansoor,78499873,2021-02,10,31,4,2020–2021
abdulmajeedkh,https://github.com/abdulmajeedkh,78646556,2021-02,9,31,4,2020–2021
Aroosha-Masood,https://github.com/Aroosha-Masood,78550424,2021-02,12,28,4,2020–2021
Ehtisham-Rasheed,https://github.com/Ehtisham-Rasheed,78542657,2021-02,12,26,4,2020–2021
Irfan-Ali-Bearplex,https://github.com/Irfan-Ali-Bearplex,79140460,2021-02,6,26,4,2020–2021
worldofintellegence,https://github.com/worldofintellegence,78642935,2021-02,16,25,4,2020–2021
Muhammadjaved7209,https://github.com/Muhammadjaved7209,79080601,2021-02,13,24,4,2020–2021
ahmad684,https://github.com/ahmad684,79515859,2021-02,21,23,4,2020–2021
muhammadimran787898,https://github.com/muhammadimran787898,79923799,2021-03,100,3416,4,2020–2021
TalhaBruh,https://github.com/TalhaBruh,79919912,2021-03,28,1859,4,2020–2021
bilal21a,https://github.com/bilal21a,81227657,2021-03,36,1335,4,2020–2021
faizanasghar43,https://github.com/faizanasghar43,81610362,2021-03,42,1288,4,2020–2021
syed-yawar,https://github.com/syed-yawar,81166677,2021-03,6,966,4,2020–2021
umair2602,https://github.com/umair2602,79967462,2021-03,15,929,4,2020–2021
IbraheemHaseeb7,https://github.com/IbraheemHaseeb7,81369271,2021-03,94,905,4,2020–2021
Hanaan98,https://github.com/Hanaan98,80056704,2021-03,17,879,4,2020–2021
BeingSN,https://github.com/BeingSN,80855884,2021-03,13,827,4,2020–2021
Ali-Raza-400,https://github.com/Ali-Raza-400,80849102,2021-03,67,704,4,2020–2021
abdullahqaisar,https://github.com/abdullahqaisar,81035297,2021-03,36,649,4,2020–2021
Shuja-Siddiqui,https://github.com/Shuja-Siddiqui,80702929,2021-03,22,635,4,2020–2021
umairliaqat33,https://github.com/umairliaqat33,81146820,2021-03,68,525,4,2020–2021
thaheemDev,https://github.com/thaheemDev,80126340,2021-03,45,510,4,2020–2021
zainulabdn,https://github.com/zainulabdn,80303452,2021-03,40,502,4,2020–2021
waseemqureshi2020,https://github.com/waseemqureshi2020,81438868,2021-03,28,494,4,2020–2021
AnserShafiq,https://github.com/AnserShafiq,80700520,2021-03,40,475,4,2020–2021
MujtabaMubasher,https://github.com/MujtabaMubasher,81616586,2021-03,40,411,4,2020–2021
Engineer-Ayesha-Shafique,https://github.com/Engineer-Ayesha-Shafique,80581234,2021-03,25,411,4,2020–2021
hassannaeem53,https://github.com/hassannaeem53,80200407,2021-03,22,403,4,2020–2021
akifejaz,https://github.com/akifejaz,81078376,2021-03,70,396,4,2020–2021
Ahmadfareedkhan,https://github.com/Ahmadfareedkhan,80784624,2021-03,30,360,4,2020–2021
Waqas-stack,https://github.com/Waqas-stack,80145251,2021-03,21,355,4,2020–2021
abbasanwar158,https://github.com/abbasanwar158,80510207,2021-03,10,294,4,2020–2021
ibrahimmansur4,https://github.com/ibrahimmansur4,81290322,2021-03,32,288,4,2020–2021
ghulamrasool154,https://github.com/ghulamrasool154,80417750,2021-03,79,286,4,2020–2021
tayyabmalik4,https://github.com/tayyabmalik4,80326735,2021-03,53,267,4,2020–2021
jazykhan3,https://github.com/jazykhan3,80755940,2021-03,33,247,4,2020–2021
fatimaazfar,https://github.com/fatimaazfar,80782788,2021-03,43,225,4,2020–2021
umershabir,https://github.com/umershabir,79833070,2021-03,11,224,4,2020–2021
SaadZahidQureshi,https://github.com/SaadZahidQureshi,80338270,2021-03,27,212,4,2020–2021
ZeeshanMalikk,https://github.com/ZeeshanMalikk,81318288,2021-03,18,212,4,2020–2021
iamumarjaved,https://github.com/iamumarjaved,81705788,2021-03,27,207,4,2020–2021
waqasa1,https://github.com/waqasa1,80704086,2021-03,24,207,4,2020–2021
ShehrozAshrafKhan,https://github.com/ShehrozAshrafKhan,81028829,2021-03,62,200,4,2020–2021
Abdullah4567,https://github.com/Abdullah4567,81438105,2021-03,7,189,4,2020–2021
mrzainakram,https://github.com/mrzainakram,81023777,2021-03,13,162,4,2020–2021
Azeem-dash,https://github.com/Azeem-dash,80001539,2021-03,40,152,4,2020–2021
mhaseebali,https://github.com/mhaseebali,80575941,2021-03,15,152,4,2020–2021
tahanadeem11,https://github.com/tahanadeem11,81690795,2021-03,26,151,4,2020–2021
shahrookhansahil,https://github.com/shahrookhansahil,80692094,2021-03,51,150,4,2020–2021
abdullah7701,https://github.com/abdullah7701,81309380,2021-03,28,143,4,2020–2021
furqan72672,https://github.com/furqan72672,80191839,2021-03,23,134,4,2020–2021
shumail786-hash,https://github.com/shumail786-hash,80383813,2021-03,21,133,4,2020–2021
asadaziz3536,https://github.com/asadaziz3536,81214791,2021-03,13,133,4,2020–2021
junaidofficial786,https://github.com/junaidofficial786,81065723,2021-03,21,131,4,2020–2021
Muhammadnuman11,https://github.com/Muhammadnuman11,80625784,2021-03,36,129,4,2020–2021
talalanwarwarraich,https://github.com/talalanwarwarraich,80603636,2021-03,16,127,4,2020–2021
aliuppal9797,https://github.com/aliuppal9797,80312742,2021-03,20,121,4,2020–2021
Hammad55553,https://github.com/Hammad55553,79941139,2021-03,28,118,4,2020–2021
YazanHussnain,https://github.com/YazanHussnain,80192813,2021-03,27,118,4,2020–2021
abdullah1234-bit,https://github.com/abdullah1234-bit,81575426,2021-03,37,114,4,2020–2021
HMADAHMD,https://github.com/HMADAHMD,81134486,2021-03,40,112,4,2020–2021
wadader,https://github.com/wadader,81583119,2021-03,18,112,4,2020–2021
fatehaliaamir2100,https://github.com/fatehaliaamir2100,81382121,2021-03,22,109,4,2020–2021
umaraziz322,https://github.com/umaraziz322,80659547,2021-03,16,109,4,2020–2021
rehman199,https://github.com/rehman199,80619621,2021-03,20,107,4,2020–2021
AliHussain110,https://github.com/AliHussain110,80230930,2021-03,11,104,4,2020–2021
Amaan-Samar,https://github.com/Amaan-Samar,80666102,2021-03,58,101,4,2020–2021
accessarham,https://github.com/accessarham,81445694,2021-03,22,99,4,2020–2021
MohdAleeRehman,https://github.com/MohdAleeRehman,80649882,2021-03,17,99,4,2020–2021
ehmed007,https://github.com/ehmed007,81715023,2021-03,24,97,4,2020–2021
rahimn20,https://github.com/rahimn20,80053655,2021-03,32,96,4,2020–2021
awais-519,https://github.com/awais-519,81092260,2021-03,18,92,4,2020–2021
hamza01AI,https://github.com/hamza01AI,81671548,2021-03,6,87,4,2020–2021
naeemliaqatweb,https://github.com/naeemliaqatweb,80980012,2021-03,22,86,4,2020–2021
UsamaScripts,https://github.com/UsamaScripts,81353882,2021-03,18,84,4,2020–2021
usman-dev-hash,https://github.com/usman-dev-hash,81689273,2021-03,28,83,4,2020–2021
maheddev,https://github.com/maheddev,81465616,2021-03,11,83,4,2020–2021
hamzasial1911,https://github.com/hamzasial1911,80591014,2021-03,30,82,4,2020–2021
huzaifausmani,https://github.com/huzaifausmani,81678136,2021-03,18,82,4,2020–2021
Sheikh-Ammar,https://github.com/Sheikh-Ammar,80246935,2021-03,13,79,4,2020–2021
zahid3819,https://github.com/zahid3819,80193256,2021-03,16,76,4,2020–2021
MuhammadUzairNisar,https://github.com/MuhammadUzairNisar,80878814,2021-03,12,76,4,2020–2021
Abdullah297846,https://github.com/Abdullah297846,81102403,2021-03,21,75,4,2020–2021
usamajay,https://github.com/usamajay,80712253,2021-03,40,73,4,2020–2021
abdulakhir98,https://github.com/abdulakhir98,80597825,2021-03,11,73,4,2020–2021
M-Faheem1,https://github.com/M-Faheem1,81698631,2021-03,15,72,4,2020–2021
Abdulah-butt,https://github.com/Abdulah-butt,80619277,2021-03,17,70,4,2020–2021
SaniaGMD,https://github.com/SaniaGMD,81038112,2021-03,23,69,4,2020–2021
m-abdullahjaved,https://github.com/m-abdullahjaved,80704187,2021-03,22,68,4,2020–2021
uzainmubarak,https://github.com/uzainmubarak,81316099,2021-03,7,68,4,2020–2021
ahmedjawedaj,https://github.com/ahmedjawedaj,80323861,2021-03,21,66,4,2020–2021
WasidAli786,https://github.com/WasidAli786,80379712,2021-03,12,64,4,2020–2021
usama08,https://github.com/usama08,81589519,2021-03,15,63,4,2020–2021
ambreenzubari,https://github.com/ambreenzubari,80945249,2021-03,14,63,4,2020–2021
Musharraf4,https://github.com/Musharraf4,80637323,2021-03,20,61,4,2020–2021
UsmanShahidM,https://github.com/UsmanShahidM,81175502,2021-03,29,60,4,2020–2021
HamzaAyoub033,https://github.com/HamzaAyoub033,79891987,2021-03,23,60,4,2020–2021
arham061,https://github.com/arham061,81578859,2021-03,9,59,4,2020–2021
AtabeekBalouch,https://github.com/AtabeekBalouch,80154117,2021-03,7,59,4,2020–2021
talhaabid1998,https://github.com/talhaabid1998,81550495,2021-03,6,59,4,2020–2021
MuhammadAtif3-rgb,https://github.com/MuhammadAtif3-rgb,81284811,2021-03,8,57,4,2020–2021
hassangithub10,https://github.com/hassangithub10,80282893,2021-03,8,56,4,2020–2021
Usman33442,https://github.com/Usman33442,81294803,2021-03,7,56,4,2020–2021
Asadq518,https://github.com/Asadq518,80805021,2021-03,10,55,4,2020–2021
tahaasif11,https://github.com/tahaasif11,81377557,2021-03,17,54,4,2020–2021
saadiqbal421,https://github.com/saadiqbal421,81321264,2021-03,14,50,4,2020–2021
raouf048,https://github.com/raouf048,80574633,2021-03,13,47,4,2020–2021
jawad-ullah,https://github.com/jawad-ullah,81631193,2021-03,27,45,4,2020–2021
Zain-Ahmad-Chatha,https://github.com/Zain-Ahmad-Chatha,79895494,2021-03,11,44,4,2020–2021
daimiqbal,https://github.com/daimiqbal,81336390,2021-03,17,43,4,2020–2021
waheedwaqar32202,https://github.com/waheedwaqar32202,80830376,2021-03,14,42,4,2020–2021
Hamza-Imran435,https://github.com/Hamza-Imran435,81363294,2021-03,6,42,4,2020–2021
aliarifkhan,https://github.com/aliarifkhan,81381083,2021-03,21,41,4,2020–2021
saqlainjamil5,https://github.com/saqlainjamil5,80804975,2021-03,12,40,4,2020–2021
jamination-code,https://github.com/jamination-code,79911647,2021-03,8,37,4,2020–2021
abrehman90,https://github.com/abrehman90,79878896,2021-03,6,37,4,2020–2021
ndev-js,https://github.com/ndev-js,81682052,2021-03,22,36,4,2020–2021
Hamza719alvi,https://github.com/Hamza719alvi,79986526,2021-03,11,36,4,2020–2021
code-creeper,https://github.com/code-creeper,80584079,2021-03,11,35,4,2020–2021
ali-ocean,https://github.com/ali-ocean,81458460,2021-03,61,32,4,2020–2021
MrYaseenKhan,https://github.com/MrYaseenKhan,81521599,2021-03,16,31,4,2020–2021
aliashar789,https://github.com/aliashar789,81067769,2021-03,24,30,4,2020–2021
mohsinalijoyia4,https://github.com/mohsinalijoyia4,81069709,2021-03,12,30,4,2020–2021
Aliusman001,https://github.com/Aliusman001,80304481,2021-03,10,29,4,2020–2021
noonatta,https://github.com/noonatta,81590642,2021-03,10,28,4,2020–2021
infotechirfannasim,https://github.com/infotechirfannasim,81422485,2021-03,6,26,4,2020–2021
AlishbaSaeed866,https://github.com/AlishbaSaeed866,80941181,2021-03,7,25,4,2020–2021
Tasmia-Noor,https://github.com/Tasmia-Noor,80379624,2021-03,16,24,4,2020–2021
Arslan269-s,https://github.com/Arslan269-s,81612054,2021-03,15,24,4,2020–2021
funkyidol6,https://github.com/funkyidol6,81685737,2021-03,9,24,4,2020–2021
Hamad-Rashid,https://github.com/Hamad-Rashid,80243282,2021-03,6,24,4,2020–2021
babarali539,https://github.com/babarali539,81693259,2021-03,6,23,4,2020–2021
Umerhaqani90,https://github.com/Umerhaqani90,81526328,2021-03,12,22,4,2020–2021
Slientboy,https://github.com/Slientboy,83143204,2021-04,184,24520,4,2020–2021
muhammadkhan123786,https://github.com/muhammadkhan123786,83347881,2021-04,9,1518,4,2020–2021
aliraza2u,https://github.com/aliraza2u,82441377,2021-04,18,1145,4,2020–2021
ridsashabbir,https://github.com/ridsashabbir,81819648,2021-04,42,809,4,2020–2021
dark-coder12,https://github.com/dark-coder12,82564549,2021-04,43,712,4,2020–2021
uzairmansoor,https://github.com/uzairmansoor,82077348,2021-04,46,707,4,2020–2021
fasihmuhammadvirk,https://github.com/fasihmuhammadvirk,82199241,2021-04,60,677,4,2020–2021
EngAbuBakar,https://github.com/EngAbuBakar,81976707,2021-04,15,608,4,2020–2021
abdulrehman1020,https://github.com/abdulrehman1020,82843939,2021-04,31,554,4,2020–2021
mianmujtaba89,https://github.com/mianmujtaba89,82693077,2021-04,24,534,4,2020–2021
rehmat11872,https://github.com/rehmat11872,82605080,2021-04,64,522,4,2020–2021
Muhammad-Afzaal786,https://github.com/Muhammad-Afzaal786,82490530,2021-04,12,499,4,2020–2021
syedali042,https://github.com/syedali042,81831287,2021-04,34,483,4,2020–2021
HamadAliMughal,https://github.com/HamadAliMughal,81895046,2021-04,25,479,4,2020–2021
mrqadeer,https://github.com/mrqadeer,82707533,2021-04,46,453,4,2020–2021
Tuqeer-meer-code,https://github.com/Tuqeer-meer-code,82929102,2021-04,14,438,4,2020–2021
Asad-Saeed,https://github.com/Asad-Saeed,82803851,2021-04,59,431,4,2020–2021
muhammadismailkhan0009,https://github.com/muhammadismailkhan0009,82357333,2021-04,35,342,4,2020–2021
daniits,https://github.com/daniits,82570692,2021-04,12,337,4,2020–2021
AqibChattha,https://github.com/AqibChattha,81791938,2021-04,37,330,4,2020–2021
The-SaqlainNawaz,https://github.com/The-SaqlainNawaz,81869501,2021-04,46,307,4,2020–2021
mehsaandev,https://github.com/mehsaandev,81873357,2021-04,51,294,4,2020–2021
abdul-salam111,https://github.com/abdul-salam111,83313977,2021-04,39,284,4,2020–2021
WasfaNasir04,https://github.com/WasfaNasir04,81876660,2021-04,40,268,4,2020–2021
Shahzaib0217,https://github.com/Shahzaib0217,83135656,2021-04,30,265,4,2020–2021
ShahzaibAftab,https://github.com/ShahzaibAftab,82077309,2021-04,45,262,4,2020–2021
mohsinraza2,https://github.com/mohsinraza2,82963146,2021-04,6,256,4,2020–2021
Alitariq-code,https://github.com/Alitariq-code,82971663,2021-04,49,247,4,2020–2021
Rameen714,https://github.com/Rameen714,82565681,2021-04,27,247,4,2020–2021
zh9246,https://github.com/zh9246,81792650,2021-04,33,235,4,2020–2021
AsaadAreeb,https://github.com/AsaadAreeb,82987868,2021-04,42,229,4,2020–2021
Muneeb912-cmd,https://github.com/Muneeb912-cmd,81864431,2021-04,45,223,4,2020–2021
uahmad565,https://github.com/uahmad565,82675276,2021-04,29,217,4,2020–2021
Samawia2910,https://github.com/Samawia2910,81920720,2021-04,81,206,4,2020–2021
nasirwaqas,https://github.com/nasirwaqas,82656411,2021-04,31,201,4,2020–2021
fahadmalik194,https://github.com/fahadmalik194,83206183,2021-04,20,198,4,2020–2021
MajidAli44,https://github.com/MajidAli44,83454636,2021-04,23,195,4,2020–2021
thealphatasker,https://github.com/thealphatasker,81807892,2021-04,37,191,4,2020–2021
bwithnomi,https://github.com/bwithnomi,82681263,2021-04,21,189,4,2020–2021
M-Taha-Dev,https://github.com/M-Taha-Dev,81860256,2021-04,17,168,4,2020–2021
zaraakhtar,https://github.com/zaraakhtar,83265703,2021-04,17,166,4,2020–2021
GMustafa-s,https://github.com/GMustafa-s,82057639,2021-04,32,164,4,2020–2021
MunawarAliAraiz,https://github.com/MunawarAliAraiz,81907855,2021-04,22,148,4,2020–2021
marsalan828,https://github.com/marsalan828,83128329,2021-04,31,147,4,2020–2021
Muhammad-Mahir157,https://github.com/Muhammad-Mahir157,82761065,2021-04,16,141,4,2020–2021
HafizMohsinRaza,https://github.com/HafizMohsinRaza,81870281,2021-04,23,132,4,2020–2021
faizandev1,https://github.com/faizandev1,82881699,2021-04,24,125,4,2020–2021
haseeb-coder,https://github.com/haseeb-coder,83119575,2021-04,12,125,4,2020–2021
zohaib-nawaz77,https://github.com/zohaib-nawaz77,81922805,2021-04,11,113,4,2020–2021
afaqahmad127,https://github.com/afaqahmad127,82105955,2021-04,38,111,4,2020–2021
kashafashraf230,https://github.com/kashafashraf230,82592571,2021-04,25,110,4,2020–2021
mubi5177,https://github.com/mubi5177,82878766,2021-04,16,110,4,2020–2021
MuhammadAizazA,https://github.com/MuhammadAizazA,83145908,2021-04,17,109,4,2020–2021
Mudassar41,https://github.com/Mudassar41,83106725,2021-04,28,108,4,2020–2021
ValeenaAfzal,https://github.com/ValeenaAfzal,82564018,2021-04,19,108,4,2020–2021
amir-iqbal-pk,https://github.com/amir-iqbal-pk,83004411,2021-04,9,106,4,2020–2021
uzzist,https://github.com/uzzist,82755609,2021-04,11,104,4,2020–2021
HareemArsh,https://github.com/HareemArsh,82729941,2021-04,24,102,4,2020–2021
Sameer447,https://github.com/Sameer447,83346009,2021-04,15,100,4,2020–2021
maheenncodes,https://github.com/maheenncodes,82566358,2021-04,24,98,4,2020–2021
Hirasoh,https://github.com/Hirasoh,82732133,2021-04,22,96,4,2020–2021
ansamnaveed,https://github.com/ansamnaveed,82527199,2021-04,23,91,4,2020–2021
aliahmad012,https://github.com/aliahmad012,83327430,2021-04,16,91,4,2020–2021
hudhayfah36,https://github.com/hudhayfah36,83422321,2021-04,26,88,4,2020–2021
mahmad-dev,https://github.com/mahmad-dev,82256762,2021-04,13,88,4,2020–2021
userahmad6780,https://github.com/userahmad6780,82253093,2021-04,15,85,4,2020–2021
haris5f,https://github.com/haris5f,83180251,2021-04,12,81,4,2020–2021
Sana-21,https://github.com/Sana-21,82564648,2021-04,22,74,4,2020–2021
shakeelzafar3,https://github.com/shakeelzafar3,83461845,2021-04,10,72,4,2020–2021
MAAZQAZI,https://github.com/MAAZQAZI,81867779,2021-04,26,71,4,2020–2021
Fahad-2001,https://github.com/Fahad-2001,83023749,2021-04,14,71,4,2020–2021
AhmadMustafa01,https://github.com/AhmadMustafa01,83008742,2021-04,21,68,4,2020–2021
AliHamza737,https://github.com/AliHamza737,81919375,2021-04,6,68,4,2020–2021
honeybeee997,https://github.com/honeybeee997,82157023,2021-04,15,67,4,2020–2021
devlprkhan,https://github.com/devlprkhan,81795306,2021-04,18,66,4,2020–2021
Shahzaibarf,https://github.com/Shahzaibarf,82634747,2021-04,12,66,4,2020–2021
Haiderwaheed98,https://github.com/Haiderwaheed98,82120862,2021-04,11,66,4,2020–2021
faizh512,https://github.com/faizh512,81921122,2021-04,24,63,4,2020–2021
wassiullah01,https://github.com/wassiullah01,82538182,2021-04,13,61,4,2020–2021
jahanzaib5244,https://github.com/jahanzaib5244,82969113,2021-04,12,61,4,2020–2021
rehmatullah86,https://github.com/rehmatullah86,81805121,2021-04,20,60,4,2020–2021
waqasaamir,https://github.com/waqasaamir,83007288,2021-04,6,59,4,2020–2021
awaistauqir,https://github.com/awaistauqir,83303866,2021-04,19,58,4,2020–2021
Shaharyar-Z,https://github.com/Shaharyar-Z,83276819,2021-04,14,58,4,2020–2021
moizshd,https://github.com/moizshd,82671962,2021-04,22,57,4,2020–2021
Adam5626,https://github.com/Adam5626,82668601,2021-04,16,57,4,2020–2021
shahzaibn,https://github.com/shahzaibn,82093308,2021-04,10,57,4,2020–2021
AbdullahYaqub72,https://github.com/AbdullahYaqub72,81874639,2021-04,9,54,4,2020–2021
alirizwantariq,https://github.com/alirizwantariq,82265406,2021-04,24,53,4,2020–2021
yasirtanveer95,https://github.com/yasirtanveer95,82834584,2021-04,10,52,4,2020–2021
umairzaka,https://github.com/umairzaka,82205655,2021-04,7,50,4,2020–2021
kamranumar1002,https://github.com/kamranumar1002,82850563,2021-04,11,48,4,2020–2021
BiagBilalAhmad,https://github.com/BiagBilalAhmad,82264841,2021-04,15,47,4,2020–2021
MuhammadHashmi007,https://github.com/MuhammadHashmi007,83203657,2021-04,16,42,4,2020–2021
Iftikhar4500,https://github.com/Iftikhar4500,83190084,2021-04,11,42,4,2020–2021
Zainsyed88,https://github.com/Zainsyed88,82837821,2021-04,6,41,4,2020–2021
Faizi-48,https://github.com/Faizi-48,82253621,2021-04,8,40,4,2020–2021
htsimle,https://github.com/htsimle,83398139,2021-04,14,38,4,2020–2021
AbdulMueed19,https://github.com/AbdulMueed19,81902241,2021-04,9,37,4,2020–2021
arsalanamir,https://github.com/arsalanamir,82727198,2021-04,8,37,4,2020–2021
Burhan1039,https://github.com/Burhan1039,83093158,2021-04,6,37,4,2020–2021
subhanzaheer2003,https://github.com/subhanzaheer2003,82816321,2021-04,10,36,4,2020–2021
UsmanMaan324,https://github.com/UsmanMaan324,82752666,2021-04,14,35,4,2020–2021
waqasaslam786,https://github.com/waqasaslam786,82058897,2021-04,13,35,4,2020–2021
shameelansari-10xe,https://github.com/shameelansari-10xe,83305566,2021-04,11,35,4,2020–2021
Harry3737,https://github.com/Harry3737,82543232,2021-04,8,35,4,2020–2021
ASIM-1122,https://github.com/ASIM-1122,82793135,2021-04,8,34,4,2020–2021
MaryiamHaroon,https://github.com/MaryiamHaroon,83468281,2021-04,6,33,4,2020–2021
minahilkaleem,https://github.com/minahilkaleem,82331512,2021-04,16,31,4,2020–2021
najamirfan,https://github.com/najamirfan,82328206,2021-04,7,28,4,2020–2021
NabeehaM,https://github.com/NabeehaM,82565934,2021-04,12,27,4,2020–2021
ShahzadAli12345,https://github.com/ShahzadAli12345,83466795,2021-04,10,26,4,2020–2021
Sameed2001,https://github.com/Sameed2001,81914685,2021-04,12,25,4,2020–2021
Maroof-Akram535,https://github.com/Maroof-Akram535,83158007,2021-04,7,25,4,2020–2021
manzoorfiza8,https://github.com/manzoorfiza8,82020234,2021-04,17,24,4,2020–2021
dilshad-xyz,https://github.com/dilshad-xyz,81928417,2021-04,10,22,4,2020–2021
zawarfarruk,https://github.com/zawarfarruk,81855983,2021-04,8,22,4,2020–2021
tx-dynamics,https://github.com/tx-dynamics,83920343,2021-05,57,1231,4,2020–2021
AbubakarYasir,https://github.com/AbubakarYasir,83876311,2021-05,16,1193,4,2020–2021
laibakamal,https://github.com/laibakamal,84386567,2021-05,44,597,4,2020–2021
MAbdullahAhmad,https://github.com/MAbdullahAhmad,84675377,2021-05,47,571,4,2020–2021
AhsanCommits,https://github.com/AhsanCommits,84333914,2021-05,95,537,4,2020–2021
iamjunaidjutt,https://github.com/iamjunaidjutt,84816593,2021-05,53,513,4,2020–2021
husnain214,https://github.com/husnain214,85108840,2021-05,50,503,4,2020–2021
alijawad1511,https://github.com/alijawad1511,85053422,2021-05,66,484,4,2020–2021
hami9872,https://github.com/hami9872,84516450,2021-05,6,470,4,2020–2021
zeeshanali3,https://github.com/zeeshanali3,84780673,2021-05,20,459,4,2020–2021
junaid786-prog,https://github.com/junaid786-prog,84952675,2021-05,70,428,4,2020–2021
Naveed-Baloch,https://github.com/Naveed-Baloch,83871075,2021-05,50,384,4,2020–2021
mianrafaqat,https://github.com/mianrafaqat,83506643,2021-05,36,384,4,2020–2021
asifraza1013,https://github.com/asifraza1013,84760766,2021-05,13,382,4,2020–2021
AsadMalik26,https://github.com/AsadMalik26,84629119,2021-05,62,354,4,2020–2021
Asad-Ali-Developer,https://github.com/Asad-Ali-Developer,83490108,2021-05,26,349,4,2020–2021
muneebwaqas416,https://github.com/muneebwaqas416,84519888,2021-05,34,305,4,2020–2021
habibullah791,https://github.com/habibullah791,83745906,2021-05,41,299,4,2020–2021
farhanmasood-se,https://github.com/farhanmasood-se,84273944,2021-05,25,288,4,2020–2021
bilalnadeem614,https://github.com/bilalnadeem614,84433865,2021-05,34,270,4,2020–2021
muddasir03,https://github.com/muddasir03,84333971,2021-05,17,262,4,2020–2021
Eng-Sharjeel,https://github.com/Eng-Sharjeel,84346930,2021-05,20,244,4,2020–2021
MuhammadAdil006,https://github.com/MuhammadAdil006,83723564,2021-05,71,238,4,2020–2021
ihamzatarar,https://github.com/ihamzatarar,83910939,2021-05,23,238,4,2020–2021
shahzadaliofficial,https://github.com/shahzadaliofficial,84187861,2021-05,24,222,4,2020–2021
huzaifa3165,https://github.com/huzaifa3165,83898816,2021-05,37,220,4,2020–2021
noumanqamar450,https://github.com/noumanqamar450,84765475,2021-05,26,218,4,2020–2021
anmirza,https://github.com/anmirza,84941754,2021-05,33,208,4,2020–2021
muhammadumair64,https://github.com/muhammadumair64,84626460,2021-05,17,194,4,2020–2021
HasnainAli47,https://github.com/HasnainAli47,84370260,2021-05,16,183,4,2020–2021
Junaid383,https://github.com/Junaid383,84534214,2021-05,17,178,4,2020–2021
Baqir-Naqvi,https://github.com/Baqir-Naqvi,84667131,2021-05,36,173,4,2020–2021
ali-hassan-dev,https://github.com/ali-hassan-dev,84476019,2021-05,12,161,4,2020–2021
Ahmad0222,https://github.com/Ahmad0222,84658803,2021-05,12,152,4,2020–2021
AImran4445,https://github.com/AImran4445,83828151,2021-05,36,149,4,2020–2021
Azid-ops,https://github.com/Azid-ops,84738832,2021-05,36,142,4,2020–2021
bazedgul,https://github.com/bazedgul,84065959,2021-05,50,137,4,2020–2021
sufipk,https://github.com/sufipk,84874774,2021-05,8,136,4,2020–2021
ranausamadilshad,https://github.com/ranausamadilshad,84922145,2021-05,23,133,4,2020–2021
umairrkhn,https://github.com/umairrkhn,85101439,2021-05,12,132,4,2020–2021
abdullahbr98,https://github.com/abdullahbr98,84430254,2021-05,6,131,4,2020–2021
waleedahmad2,https://github.com/waleedahmad2,84619161,2021-05,10,123,4,2020–2021
Usamamajid13,https://github.com/Usamamajid13,83748784,2021-05,32,115,4,2020–2021
imranyahya69,https://github.com/imranyahya69,84315788,2021-05,22,101,4,2020–2021
Usman4276,https://github.com/Usman4276,84711460,2021-05,7,93,4,2020–2021
Amaar466,https://github.com/Amaar466,84217453,2021-05,30,92,4,2020–2021
tayyabnoor,https://github.com/tayyabnoor,83629763,2021-05,11,91,4,2020–2021
nimra321,https://github.com/nimra321,83647689,2021-05,15,86,4,2020–2021
asim1cva,https://github.com/asim1cva,84513468,2021-05,6,84,4,2020–2021
sohaib1268,https://github.com/sohaib1268,84563883,2021-05,22,77,4,2020–2021
ayeshatabassum56,https://github.com/ayeshatabassum56,84996294,2021-05,12,75,4,2020–2021
abdullahshafi776,https://github.com/abdullahshafi776,84768733,2021-05,10,72,4,2020–2021
shahrozdomore,https://github.com/shahrozdomore,84539514,2021-05,19,68,4,2020–2021
IbraheemOmer,https://github.com/IbraheemOmer,85116680,2021-05,11,66,4,2020–2021
masifdevs,https://github.com/masifdevs,84375076,2021-05,15,64,4,2020–2021
sami1920,https://github.com/sami1920,84641120,2021-05,13,58,4,2020–2021
ahmed-bhatti,https://github.com/ahmed-bhatti,84470633,2021-05,16,55,4,2020–2021
haris103,https://github.com/haris103,83959532,2021-05,18,54,4,2020–2021
mhdsalman,https://github.com/mhdsalman,83512598,2021-05,19,52,4,2020–2021
waseem605,https://github.com/waseem605,85110872,2021-05,17,49,4,2020–2021
AbdulHanan49,https://github.com/AbdulHanan49,84641718,2021-05,14,49,4,2020–2021
aliabbashaider7,https://github.com/aliabbashaider7,84595846,2021-05,10,48,4,2020–2021
Hassanainrazaa,https://github.com/Hassanainrazaa,84363839,2021-05,25,45,4,2020–2021
hamzaaliarif,https://github.com/hamzaaliarif,84616049,2021-05,6,44,4,2020–2021
Ahmednizami,https://github.com/Ahmednizami,84271198,2021-05,8,43,4,2020–2021
haiderkamrann,https://github.com/haiderkamrann,84512422,2021-05,7,43,4,2020–2021
faisal-imtiaz,https://github.com/faisal-imtiaz,83787948,2021-05,7,42,4,2020–2021
engrZeeshan222,https://github.com/engrZeeshan222,84723745,2021-05,7,39,4,2020–2021
Rizwan-Basheer,https://github.com/Rizwan-Basheer,84863970,2021-05,8,38,4,2020–2021
its-developer,https://github.com/its-developer,83534544,2021-05,11,37,4,2020–2021
irfanrao-hub,https://github.com/irfanrao-hub,84696356,2021-05,8,37,4,2020–2021
usmaneali,https://github.com/usmaneali,84977754,2021-05,6,36,4,2020–2021
sharjeel884,https://github.com/sharjeel884,84516886,2021-05,6,30,4,2020–2021
salman-codewar,https://github.com/salman-codewar,83802574,2021-05,14,29,4,2020–2021
usamanaseer-dev,https://github.com/usamanaseer-dev,84439221,2021-05,8,28,4,2020–2021
Mian-Abu-obaida,https://github.com/Mian-Abu-obaida,83669314,2021-05,8,27,4,2020–2021
Hbilalkhan22,https://github.com/Hbilalkhan22,84776050,2021-05,10,26,4,2020–2021
Moazzammaitla,https://github.com/Moazzammaitla,83607724,2021-05,7,25,4,2020–2021
KhuzaimaShakeel,https://github.com/KhuzaimaShakeel,84894721,2021-05,10,23,4,2020–2021
engrmuhammadasif786,https://github.com/engrmuhammadasif786,84713360,2021-05,6,23,4,2020–2021
JawadAfzal123,https://github.com/JawadAfzal123,86598805,2021-06,6,17773,4,2020–2021
HamidZahid,https://github.com/HamidZahid,85985817,2021-06,82,3441,4,2020–2021
abdulsaad209,https://github.com/abdulsaad209,85796888,2021-06,23,1506,4,2020–2021
yousufkalim,https://github.com/yousufkalim,86219218,2021-06,61,1183,4,2020–2021
ahsanalamgir14,https://github.com/ahsanalamgir14,85336262,2021-06,51,812,4,2020–2021
EmraanIqbal,https://github.com/EmraanIqbal,85309047,2021-06,41,589,4,2020–2021
hasnatsajid,https://github.com/hasnatsajid,86589885,2021-06,46,533,4,2020–2021
syed-asfar-ahmad,https://github.com/syed-asfar-ahmad,85727853,2021-06,11,527,4,2020–2021
arshan-01,https://github.com/arshan-01,85763533,2021-06,72,435,4,2020–2021
shamp-dev,https://github.com/shamp-dev,85741038,2021-06,41,387,4,2020–2021
I-amCoder,https://github.com/I-amCoder,86035380,2021-06,35,377,4,2020–2021
MrSohailAhmad,https://github.com/MrSohailAhmad,85418048,2021-06,111,364,4,2020–2021
ahsan-chy,https://github.com/ahsan-chy,85479513,2021-06,29,331,4,2020–2021
ArbitechSolution,https://github.com/ArbitechSolution,85237387,2021-06,36,320,4,2020–2021
spoiledwit,https://github.com/spoiledwit,86194596,2021-06,30,282,4,2020–2021
zunair-dev,https://github.com/zunair-dev,85280865,2021-06,27,265,4,2020–2021
osman-haider,https://github.com/osman-haider,86475736,2021-06,22,222,4,2020–2021
muhammadawaisyaseen,https://github.com/muhammadawaisyaseen,85793305,2021-06,16,209,4,2020–2021
Rohtanza,https://github.com/Rohtanza,86519479,2021-06,24,202,4,2020–2021
hasnain099,https://github.com/hasnain099,86136628,2021-06,11,178,4,2020–2021
naeem92,https://github.com/naeem92,85845054,2021-06,15,172,4,2020–2021
usamaamant,https://github.com/usamaamant,85277011,2021-06,10,164,4,2020–2021
1aheed,https://github.com/1aheed,85237766,2021-06,10,163,4,2020–2021
basit43,https://github.com/basit43,86299996,2021-06,14,158,4,2020–2021
sheri6186,https://github.com/sheri6186,86061538,2021-06,13,133,4,2020–2021
uzairahmednasir,https://github.com/uzairahmednasir,85367409,2021-06,11,132,4,2020–2021
Joshualazar28,https://github.com/Joshualazar28,85219726,2021-06,71,123,4,2020–2021
Asfandyaar2,https://github.com/Asfandyaar2,85154016,2021-06,9,121,4,2020–2021
daimakram,https://github.com/daimakram,85197435,2021-06,18,119,4,2020–2021
HammadMansha,https://github.com/HammadMansha,85221237,2021-06,17,118,4,2020–2021
Mohammad-Awais456,https://github.com/Mohammad-Awais456,86600999,2021-06,19,116,4,2020–2021
Ab-Rehman99,https://github.com/Ab-Rehman99,85974328,2021-06,25,114,4,2020–2021
ghulamali16,https://github.com/ghulamali16,86415692,2021-06,19,93,4,2020–2021
MonisaHassanAlvi,https://github.com/MonisaHassanAlvi,85407775,2021-06,11,88,4,2020–2021
AdeeLGondaL,https://github.com/AdeeLGondaL,86515996,2021-06,11,86,4,2020–2021
Mughees28,https://github.com/Mughees28,85401297,2021-06,8,81,4,2020–2021
farhankhaangit,https://github.com/farhankhaangit,85335603,2021-06,16,74,4,2020–2021
Usama3030,https://github.com/Usama3030,85564534,2021-06,22,72,4,2020–2021
Uf11,https://github.com/Uf11,85801334,2021-06,16,68,4,2020–2021
ardevpk,https://github.com/ardevpk,85864680,2021-06,956,62,4,2020–2021
HamzaFa61,https://github.com/HamzaFa61,86184369,2021-06,7,59,4,2020–2021
naumanshabbir2811,https://github.com/naumanshabbir2811,86141730,2021-06,14,57,4,2020–2021
usmansultan7,https://github.com/usmansultan7,85180936,2021-06,16,48,4,2020–2021
adilrao364,https://github.com/adilrao364,85834343,2021-06,8,45,4,2020–2021
AhmadAliWork,https://github.com/AhmadAliWork,85981915,2021-06,8,36,4,2020–2021
Luqmanasif09,https://github.com/Luqmanasif09,86683370,2021-06,13,33,4,2020–2021
MohsinRafeeq,https://github.com/MohsinRafeeq,85779322,2021-06,13,33,4,2020–2021
numanansari0,https://github.com/numanansari0,85528715,2021-06,6,33,4,2020–2021
HarisAfzal7,https://github.com/HarisAfzal7,86352849,2021-06,10,32,4,2020–2021
Saifrao1,https://github.com/Saifrao1,85922916,2021-06,10,28,4,2020–2021
hammadch09,https://github.com/hammadch09,86061993,2021-06,14,27,4,2020–2021
ahtishambashir,https://github.com/ahtishambashir,87966386,2021-07,40,392,4,2020–2021
bilalhaider11,https://github.com/bilalhaider11,87259504,2021-07,12,84,4,2020–2021
Noumanijaz1,https://github.com/Noumanijaz1,87611909,2021-07,19,77,4,2020–2021
iNomNom,https://github.com/iNomNom,87641061,2021-07,10,67,4,2020–2021
Ehtasham-Muzaffar,https://github.com/Ehtasham-Muzaffar,88078129,2021-07,43,49,4,2020–2021
hafiz11339,https://github.com/hafiz11339,87971141,2021-07,17,41,4,2020–2021
Hussain1129,https://github.com/Hussain1129,87989645,2021-07,6,36,4,2020–2021
kashif-amir,https://github.com/kashif-amir,87489094,2021-07,7,26,4,2020–2021
AnasMohammad4321,https://github.com/AnasMohammad4321,88777887,2021-08,67,9653,4,2020–2021
Aousaf786,https://github.com/Aousaf786,88741636,2021-08,17,5494,4,2020–2021
Arhamss,https://github.com/Arhamss,89731570,2021-08,27,2431,4,2020–2021
Hassaan0509,https://github.com/Hassaan0509,89686360,2021-08,66,2171,4,2020–2021
qwibbler,https://github.com/qwibbler,88380694,2021-08,48,1732,4,2020–2021
ShoaibFarooq3,https://github.com/ShoaibFarooq3,89779854,2021-08,99,1339,4,2020–2021
ZaynAliShan,https://github.com/ZaynAliShan,88776455,2021-08,72,1268,4,2020–2021
afridiashir,https://github.com/afridiashir,88678829,2021-08,36,1067,4,2020–2021
shahsawoodshinwari,https://github.com/shahsawoodshinwari,89471178,2021-08,74,972,4,2020–2021
jawadgujjar,https://github.com/jawadgujjar,88652539,2021-08,14,801,4,2020–2021
burhanharoon,https://github.com/burhanharoon,89704304,2021-08,85,616,4,2020–2021
KhadimHussainDev,https://github.com/KhadimHussainDev,88873947,2021-08,74,588,4,2020–2021
muzammil-tariq,https://github.com/muzammil-tariq,88653940,2021-08,27,570,4,2020–2021
muzammilali28,https://github.com/muzammilali28,88268923,2021-08,31,563,4,2020–2021
AyeshaSiddique01,https://github.com/AyeshaSiddique01,89693571,2021-08,26,545,4,2020–2021
Ismail-butt,https://github.com/Ismail-butt,88436847,2021-08,24,481,4,2020–2021
beelal-k,https://github.com/beelal-k,89251367,2021-08,51,432,4,2020–2021
Ayesha-Khan07,https://github.com/Ayesha-Khan07,89073826,2021-08,17,400,4,2020–2021
HamzaAziz-1,https://github.com/HamzaAziz-1,88493437,2021-08,34,390,4,2020–2021
mirzadaniyyal,https://github.com/mirzadaniyyal,88685369,2021-08,37,381,4,2020–2021
Uneebbhat,https://github.com/Uneebbhat,88506513,2021-08,16,365,4,2020–2021
robindevelops,https://github.com/robindevelops,89593174,2021-08,29,353,4,2020–2021
Subhan-Zaheer,https://github.com/Subhan-Zaheer,89686099,2021-08,73,341,4,2020–2021
Babar-Jawad-Anjum,https://github.com/Babar-Jawad-Anjum,89509895,2021-08,41,336,4,2020–2021
usamaali676,https://github.com/usamaali676,89410989,2021-08,13,335,4,2020–2021
fawad1386,https://github.com/fawad1386,89685985,2021-08,32,324,4,2020–2021
haiderashfaq,https://github.com/haiderashfaq,88650843,2021-08,13,324,4,2020–2021
Uzair-akrum,https://github.com/Uzair-akrum,89745253,2021-08,48,315,4,2020–2021
Muhammadkamranlive,https://github.com/Muhammadkamranlive,89290897,2021-08,167,308,4,2020–2021
RasikhAli,https://github.com/RasikhAli,89584191,2021-08,56,297,4,2020–2021
MalikAhmedAli,https://github.com/MalikAhmedAli,89314691,2021-08,25,289,4,2020–2021
Mubarra-naz,https://github.com/Mubarra-naz,88368759,2021-08,29,288,4,2020–2021
iamsadiashakil,https://github.com/iamsadiashakil,89252934,2021-08,6,287,4,2020–2021
Faraz1243,https://github.com/Faraz1243,89656262,2021-08,28,257,4,2020–2021
tentalha,https://github.com/tentalha,88685232,2021-08,40,232,4,2020–2021
mashinsp,https://github.com/mashinsp,88382605,2021-08,32,226,4,2020–2021
zohaibbukhari126,https://github.com/zohaibbukhari126,89262530,2021-08,29,223,4,2020–2021
hitmansixteen,https://github.com/hitmansixteen,89494835,2021-08,26,215,4,2020–2021
WahaajTauqir,https://github.com/WahaajTauqir,88771928,2021-08,15,201,4,2020–2021
FaizyLhr,https://github.com/FaizyLhr,89576376,2021-08,27,199,4,2020–2021
Ch-Muhammad-Tahir,https://github.com/Ch-Muhammad-Tahir,89309280,2021-08,42,197,4,2020–2021
AhmedGillani,https://github.com/AhmedGillani,89309637,2021-08,6,182,4,2020–2021
ahmiikan,https://github.com/ahmiikan,88799851,2021-08,14,163,4,2020–2021
MianAnas01,https://github.com/MianAnas01,89442277,2021-08,17,158,4,2020–2021
Usama2001,https://github.com/Usama2001,89858456,2021-08,11,155,4,2020–2021
TalhaaIqbal,https://github.com/TalhaaIqbal,88932788,2021-08,49,148,4,2020–2021
faizanaslamdev,https://github.com/faizanaslamdev,89345588,2021-08,15,148,4,2020–2021
Abd-Labs,https://github.com/Abd-Labs,89532858,2021-08,23,144,4,2020–2021
AliZarKazmi,https://github.com/AliZarKazmi,89480198,2021-08,14,144,4,2020–2021
myousafmalik,https://github.com/myousafmalik,89022826,2021-08,17,139,4,2020–2021
abdulaqaisar,https://github.com/abdulaqaisar,88351051,2021-08,18,136,4,2020–2021
hammadhz,https://github.com/hammadhz,88529757,2021-08,23,134,4,2020–2021
MateehUllah,https://github.com/MateehUllah,88831956,2021-08,30,124,4,2020–2021
SumayyahSayyed,https://github.com/SumayyahSayyed,89860998,2021-08,24,122,4,2020–2021
yasir-systemplus,https://github.com/yasir-systemplus,88422920,2021-08,10,115,4,2020–2021
Sadia-Saif,https://github.com/Sadia-Saif,89649352,2021-08,50,108,4,2020–2021
muhammadabdulrehmansaleem,https://github.com/muhammadabdulrehmansaleem,89317576,2021-08,26,101,4,2020–2021
AwaisSafdar9111,https://github.com/AwaisSafdar9111,88376874,2021-08,7,100,4,2020–2021
aashir-athar,https://github.com/aashir-athar,89510384,2021-08,8,98,4,2020–2021
rizwan-ilyas,https://github.com/rizwan-ilyas,88393515,2021-08,25,97,4,2020–2021
Skipper0X,https://github.com/Skipper0X,88627341,2021-08,19,97,4,2020–2021
Wajihasajid192,https://github.com/Wajihasajid192,88436255,2021-08,12,93,4,2020–2021
ismaeel-ch,https://github.com/ismaeel-ch,89014529,2021-08,23,92,4,2020–2021
IamAhmadsajid,https://github.com/IamAhmadsajid,88308778,2021-08,16,91,4,2020–2021
maamir135,https://github.com/maamir135,89480130,2021-08,11,90,4,2020–2021
Zabihullah1,https://github.com/Zabihullah1,89452324,2021-08,6,85,4,2020–2021
muhammad-abrar-hussain,https://github.com/muhammad-abrar-hussain,88718086,2021-08,15,84,4,2020–2021
AbdullahIshtiaqq,https://github.com/AbdullahIshtiaqq,89216016,2021-08,10,83,4,2020–2021
m-anas-sh,https://github.com/m-anas-sh,89605886,2021-08,25,82,4,2020–2021
Asadali25,https://github.com/Asadali25,89409695,2021-08,10,82,4,2020–2021
najamulhuda,https://github.com/najamulhuda,88556029,2021-08,22,80,4,2020–2021
M-ASHaR,https://github.com/M-ASHaR,88979046,2021-08,28,79,4,2020–2021
fzahraa,https://github.com/fzahraa,89119992,2021-08,34,78,4,2020–2021
HN-Hassan-Nawaz,https://github.com/HN-Hassan-Nawaz,88591475,2021-08,20,78,4,2020–2021
Mee-mi,https://github.com/Mee-mi,88659675,2021-08,18,75,4,2020–2021
Tabi1123,https://github.com/Tabi1123,89637714,2021-08,22,72,4,2020–2021
Abdullah7700,https://github.com/Abdullah7700,88863828,2021-08,16,69,4,2020–2021
hsk9988660,https://github.com/hsk9988660,88504558,2021-08,33,68,4,2020–2021
abdullah037,https://github.com/abdullah037,89657882,2021-08,31,66,4,2020–2021
amirfaraz07,https://github.com/amirfaraz07,88924828,2021-08,21,62,4,2020–2021
Umairnoor2398,https://github.com/Umairnoor2398,88612698,2021-08,17,62,4,2020–2021
MomnaKhan021,https://github.com/MomnaKhan021,89846960,2021-08,21,60,4,2020–2021
ahmaadtahiir,https://github.com/ahmaadtahiir,89336004,2021-08,10,58,4,2020–2021
umerahmedsabri,https://github.com/umerahmedsabri,88822349,2021-08,14,57,4,2020–2021
MuhammadMubeen1,https://github.com/MuhammadMubeen1,89456808,2021-08,45,56,4,2020–2021
abidaliamanat9,https://github.com/abidaliamanat9,88611601,2021-08,9,56,4,2020–2021
123nadeem,https://github.com/123nadeem,88627328,2021-08,32,55,4,2020–2021
malikfaiz,https://github.com/malikfaiz,88553653,2021-08,30,55,4,2020–2021
Nazakat341,https://github.com/Nazakat341,88762895,2021-08,21,53,4,2020–2021
AbdurRehmanAmin,https://github.com/AbdurRehmanAmin,88455080,2021-08,7,52,4,2020–2021
Awais-Chouhan,https://github.com/Awais-Chouhan,88591122,2021-08,9,50,4,2020–2021
Momin94,https://github.com/Momin94,88835133,2021-08,6,50,4,2020–2021
muhammadamaan008,https://github.com/muhammadamaan008,89076614,2021-08,8,49,4,2020–2021
TheBuffedNerd,https://github.com/TheBuffedNerd,88946618,2021-08,16,48,4,2020–2021
umarmoeid,https://github.com/umarmoeid,88839675,2021-08,8,48,4,2020–2021
shahrozfazal,https://github.com/shahrozfazal,89447388,2021-08,12,47,4,2020–2021
osamarashid686,https://github.com/osamarashid686,89392823,2021-08,21,45,4,2020–2021
Asadijaz585,https://github.com/Asadijaz585,88369927,2021-08,17,42,4,2020–2021
ZainIftikhar7vals,https://github.com/ZainIftikhar7vals,88649907,2021-08,13,41,4,2020–2021
waqaskhalid47,https://github.com/waqaskhalid47,89032201,2021-08,11,41,4,2020–2021
farheenlatif,https://github.com/farheenlatif,88893044,2021-08,6,41,4,2020–2021
maham-1792,https://github.com/maham-1792,88668207,2021-08,12,40,4,2020–2021
msikandarm,https://github.com/msikandarm,88649281,2021-08,12,40,4,2020–2021
muhammadhamza2001,https://github.com/muhammadhamza2001,88616464,2021-08,17,38,4,2020–2021
jahanzaib-aslam,https://github.com/jahanzaib-aslam,88830750,2021-08,6,37,4,2020–2021
USAMA405,https://github.com/USAMA405,88267604,2021-08,13,35,4,2020–2021
MehakNadeem,https://github.com/MehakNadeem,89253038,2021-08,9,34,4,2020–2021
naeemLabs,https://github.com/naeemLabs,89269495,2021-08,8,34,4,2020–2021
abubaker909,https://github.com/abubaker909,89183434,2021-08,9,33,4,2020–2021
AdeelHameed786,https://github.com/AdeelHameed786,88925536,2021-08,6,33,4,2020–2021
SulemanMirz,https://github.com/SulemanMirz,88963585,2021-08,14,32,4,2020–2021
NaveedJaved1997,https://github.com/NaveedJaved1997,88610227,2021-08,14,31,4,2020–2021
hmudasar,https://github.com/hmudasar,88972167,2021-08,9,30,4,2020–2021
usamamukhyer,https://github.com/usamamukhyer,89568555,2021-08,8,28,4,2020–2021
ubaid8,https://github.com/ubaid8,88716057,2021-08,21,27,4,2020–2021
ps-yduck,https://github.com/ps-yduck,88939360,2021-08,10,27,4,2020–2021
Craftzman-Hamza,https://github.com/Craftzman-Hamza,89338593,2021-08,9,27,4,2020–2021
umardraz33,https://github.com/umardraz33,89742299,2021-08,13,26,4,2020–2021
irtazamubarik,https://github.com/irtazamubarik,88924184,2021-08,9,26,4,2020–2021
wassiq,https://github.com/wassiq,88324410,2021-08,8,25,4,2020–2021
taimoor0,https://github.com/taimoor0,89483035,2021-08,6,25,4,2020–2021
MoazamAnsari,https://github.com/MoazamAnsari,88817929,2021-08,10,23,4,2020–2021
wasihaider96,https://github.com/wasihaider96,88318483,2021-08,6,23,4,2020–2021
elishalazar,https://github.com/elishalazar,89636136,2021-08,17,22,5,2021–2022
harishayat07,https://github.com/harishayat07,88659080,2021-08,10,22,5,2021–2022
faiqq7,https://github.com/faiqq7,88668988,2021-08,9,22,5,2021–2022
Ahsanarsha,https://github.com/Ahsanarsha,88687816,2021-08,22,21,5,2021–2022
Abbas355,https://github.com/Abbas355,90369858,2021-09,30,16358,5,2021–2022
m-muzamal,https://github.com/m-muzamal,91384189,2021-09,24,2934,5,2021–2022
ahmedivy,https://github.com/ahmedivy,91587113,2021-09,78,1639,5,2021–2022
kamranzafar4343,https://github.com/kamranzafar4343,91176244,2021-09,37,1035,5,2021–2022
javedmughal-058,https://github.com/javedmughal-058,91019922,2021-09,79,1008,5,2021–2022
webpenter,https://github.com/webpenter,90220244,2021-09,9,704,5,2021–2022
imzohaibashraf,https://github.com/imzohaibashraf,90087995,2021-09,12,617,5,2021–2022
CoolBoyMSK,https://github.com/CoolBoyMSK,91416198,2021-09,9,611,5,2021–2022
arslanmatloob022,https://github.com/arslanmatloob022,91025053,2021-09,24,488,5,2021–2022
MuaviyaImran,https://github.com/MuaviyaImran,91503269,2021-09,59,479,5,2021–2022
OG-GY,https://github.com/OG-GY,91117263,2021-09,75,426,5,2021–2022
asif3593,https://github.com/asif3593,90636312,2021-09,17,415,5,2021–2022
SAQG007,https://github.com/SAQG007,91311393,2021-09,9,404,5,2021–2022
DaniyalAlam09,https://github.com/DaniyalAlam09,90774564,2021-09,46,376,5,2021–2022
Sajidhussain1234,https://github.com/Sajidhussain1234,90509117,2021-09,21,334,5,2021–2022
sadiq5566,https://github.com/sadiq5566,90758039,2021-09,23,326,5,2021–2022
khadijafatima409,https://github.com/khadijafatima409,90496938,2021-09,31,298,5,2021–2022
UmairYousafzai,https://github.com/UmairYousafzai,91127248,2021-09,22,288,5,2021–2022
sherryadan,https://github.com/sherryadan,90765422,2021-09,24,278,5,2021–2022
MianMArslan,https://github.com/MianMArslan,91136633,2021-09,18,270,5,2021–2022
abduIIahKhaIid,https://github.com/abduIIahKhaIid,91344658,2021-09,22,262,5,2021–2022
AmirAliLiaqat,https://github.com/AmirAliLiaqat,90547462,2021-09,23,249,5,2021–2022
ZainGulbaz,https://github.com/ZainGulbaz,90947550,2021-09,68,240,5,2021–2022
AnasMansha,https://github.com/AnasMansha,90675328,2021-09,10,239,5,2021–2022
hammadejazgujjar,https://github.com/hammadejazgujjar,90749048,2021-09,22,238,5,2021–2022
Shahzad654,https://github.com/Shahzad654,90458256,2021-09,41,232,5,2021–2022
SachalKhalid,https://github.com/SachalKhalid,91531578,2021-09,11,228,5,2021–2022
Muneebtech,https://github.com/Muneebtech,91612682,2021-09,15,227,5,2021–2022
veryahsan,https://github.com/veryahsan,89905432,2021-09,8,225,5,2021–2022
Ch-Usama096,https://github.com/Ch-Usama096,91508140,2021-09,20,224,5,2021–2022
MHamzaImran,https://github.com/MHamzaImran,91428457,2021-09,20,216,5,2021–2022
musayyab-ali,https://github.com/musayyab-ali,90028728,2021-09,26,212,5,2021–2022
ahsan-024,https://github.com/ahsan-024,91244125,2021-09,26,210,5,2021–2022
Adda1321,https://github.com/Adda1321,91038588,2021-09,26,208,5,2021–2022
RanaUmair000,https://github.com/RanaUmair000,91285533,2021-09,20,203,5,2021–2022
HassanImtiaz3,https://github.com/HassanImtiaz3,91140083,2021-09,25,194,5,2021–2022
MuhammadSaqibShoaib,https://github.com/MuhammadSaqibShoaib,91076176,2021-09,15,194,5,2021–2022
pro-saqib,https://github.com/pro-saqib,91465175,2021-09,36,186,5,2021–2022
mumairnawaz,https://github.com/mumairnawaz,90083572,2021-09,8,184,5,2021–2022
RanaSharjeelShji,https://github.com/RanaSharjeelShji,89970169,2021-09,30,183,5,2021–2022
ZK-NIAZI,https://github.com/ZK-NIAZI,90375366,2021-09,25,181,5,2021–2022
MShahmeer,https://github.com/MShahmeer,91695394,2021-09,26,180,5,2021–2022
faysaljafry,https://github.com/faysaljafry,91241109,2021-09,38,175,5,2021–2022
itsAdil45,https://github.com/itsAdil45,90831887,2021-09,32,165,5,2021–2022
MominMahmud,https://github.com/MominMahmud,90451676,2021-09,26,164,5,2021–2022
mehsudkhanaj,https://github.com/mehsudkhanaj,91126856,2021-09,66,160,5,2021–2022
moazzamumer,https://github.com/moazzamumer,91155234,2021-09,28,157,5,2021–2022
aliahmad3937,https://github.com/aliahmad3937,91466169,2021-09,24,151,5,2021–2022
azafar224,https://github.com/azafar224,91244009,2021-09,29,149,5,2021–2022
noumannbaig,https://github.com/noumannbaig,91089058,2021-09,11,148,5,2021–2022
muhdaliyan,https://github.com/muhdaliyan,90501348,2021-09,15,145,5,2021–2022
ShaheerRehman,https://github.com/ShaheerRehman,90765170,2021-09,34,143,5,2021–2022
abdullahsohailcs,https://github.com/abdullahsohailcs,90067650,2021-09,22,143,5,2021–2022
mohsinali555,https://github.com/mohsinali555,90542732,2021-09,12,143,5,2021–2022
AliMalik9,https://github.com/AliMalik9,91459530,2021-09,26,140,5,2021–2022
Huzawfaw,https://github.com/Huzawfaw,91394134,2021-09,13,139,5,2021–2022
MannanBabar16,https://github.com/MannanBabar16,90614580,2021-09,26,137,5,2021–2022
falakamin31,https://github.com/falakamin31,91012681,2021-09,24,136,5,2021–2022
sheikhasifali,https://github.com/sheikhasifali,91630653,2021-09,11,135,5,2021–2022
RizzWann,https://github.com/RizzWann,91523422,2021-09,36,124,5,2021–2022
Hamza919p,https://github.com/Hamza919p,90317158,2021-09,22,118,5,2021–2022
Imranprogrammer9,https://github.com/Imranprogrammer9,90908160,2021-09,23,114,5,2021–2022
asad-subhani,https://github.com/asad-subhani,91180547,2021-09,23,111,5,2021–2022
SaadNiaziDev,https://github.com/SaadNiaziDev,91617357,2021-09,14,107,5,2021–2022
sohailanjum0123,https://github.com/sohailanjum0123,90811099,2021-09,40,106,5,2021–2022
AhmadRaza1604,https://github.com/AhmadRaza1604,91365601,2021-09,13,105,5,2021–2022
aliakbar192,https://github.com/aliakbar192,91219520,2021-09,14,99,5,2021–2022
Faisalramzan282,https://github.com/Faisalramzan282,91006486,2021-09,44,98,5,2021–2022
Mhtaimoor,https://github.com/Mhtaimoor,90235270,2021-09,10,95,5,2021–2022
Faizullah98,https://github.com/Faizullah98,90375740,2021-09,8,95,5,2021–2022
IsrarRashid,https://github.com/IsrarRashid,91369225,2021-09,27,93,5,2021–2022
abubakarkhan909,https://github.com/abubakarkhan909,90801179,2021-09,15,87,5,2021–2022
Alihassan079,https://github.com/Alihassan079,90690193,2021-09,17,82,5,2021–2022
AhmadHussain921,https://github.com/AhmadHussain921,91078961,2021-09,9,81,5,2021–2022
Sana-Ullah786,https://github.com/Sana-Ullah786,91070351,2021-09,16,79,5,2021–2022
ht-eml,https://github.com/ht-eml,90319558,2021-09,10,79,5,2021–2022
zeeshansheikhcode,https://github.com/zeeshansheikhcode,89914860,2021-09,19,78,5,2021–2022
m-nouman-suleman,https://github.com/m-nouman-suleman,89938062,2021-09,8,72,5,2021–2022
Raheelghafoor,https://github.com/Raheelghafoor,90472242,2021-09,17,71,5,2021–2022
bsce21017,https://github.com/bsce21017,91457593,2021-09,14,70,5,2021–2022
alinaqikhan,https://github.com/alinaqikhan,90995492,2021-09,7,70,5,2021–2022
atiquerahman780,https://github.com/atiquerahman780,91471857,2021-09,26,67,5,2021–2022
DevHumzaah,https://github.com/DevHumzaah,90191882,2021-09,21,65,5,2021–2022
muhammadnaeemch2,https://github.com/muhammadnaeemch2,90679573,2021-09,20,65,5,2021–2022
madeel7258,https://github.com/madeel7258,91562562,2021-09,7,63,5,2021–2022
BSCE21038,https://github.com/BSCE21038,91457645,2021-09,9,62,5,2021–2022
anasshah668,https://github.com/anasshah668,91691883,2021-09,18,59,5,2021–2022
mahadhrn,https://github.com/mahadhrn,90853674,2021-09,8,59,5,2021–2022
rehmancoder,https://github.com/rehmancoder,90275811,2021-09,15,58,5,2021–2022
eshah02,https://github.com/eshah02,90792185,2021-09,22,56,5,2021–2022
iamtamimalii,https://github.com/iamtamimalii,90631179,2021-09,15,53,5,2021–2022
Arbaz-Khan2,https://github.com/Arbaz-Khan2,91343514,2021-09,14,52,5,2021–2022
Umair-A,https://github.com/Umair-A,90497270,2021-09,19,49,5,2021–2022
ZEESHAN-latif,https://github.com/ZEESHAN-latif,91531832,2021-09,15,46,5,2021–2022
General-Ahmad,https://github.com/General-Ahmad,91214919,2021-09,7,45,5,2021–2022
MW-Net-Core,https://github.com/MW-Net-Core,91223652,2021-09,8,43,5,2021–2022
maria-anwar,https://github.com/maria-anwar,91480224,2021-09,18,42,5,2021–2022
haiderali87,https://github.com/haiderali87,90347694,2021-09,9,42,5,2021–2022
tanzeela-commits,https://github.com/tanzeela-commits,90628873,2021-09,20,41,5,2021–2022
Reebal011,https://github.com/Reebal011,91151857,2021-09,16,41,5,2021–2022
sameer824,https://github.com/sameer824,90720092,2021-09,13,41,5,2021–2022
KhurramSahil,https://github.com/KhurramSahil,90703278,2021-09,8,41,5,2021–2022
cybernerdd,https://github.com/cybernerdd,90610949,2021-09,10,38,5,2021–2022
mdzaid8920,https://github.com/mdzaid8920,90028171,2021-09,18,37,5,2021–2022
Huraira78,https://github.com/Huraira78,90054036,2021-09,24,36,5,2021–2022
mrcreator32,https://github.com/mrcreator32,91687709,2021-09,16,35,5,2021–2022
Maaz-Butt,https://github.com/Maaz-Butt,91403222,2021-09,16,33,5,2021–2022
danyal266,https://github.com/danyal266,91019409,2021-09,27,30,5,2021–2022
Muhammadahmad122,https://github.com/Muhammadahmad122,90038953,2021-09,15,28,5,2021–2022
azharali8390,https://github.com/azharali8390,90338487,2021-09,12,27,5,2021–2022
nabeel857,https://github.com/nabeel857,91163796,2021-09,15,26,5,2021–2022
NafeesTariq,https://github.com/NafeesTariq,91246733,2021-09,8,26,5,2021–2022
alihamzatanveer565,https://github.com/alihamzatanveer565,91602038,2021-09,14,24,5,2021–2022
imusama21,https://github.com/imusama21,90747224,2021-09,12,24,5,2021–2022
Shahbahram1,https://github.com/Shahbahram1,90552641,2021-09,10,24,5,2021–2022
mdanishghaffar,https://github.com/mdanishghaffar,90974992,2021-09,13,23,5,2021–2022
moeezahmedminhas,https://github.com/moeezahmedminhas,91629317,2021-09,9,23,5,2021–2022
Rukhsar8889,https://github.com/Rukhsar8889,93405430,2021-10,6,2349,5,2021–2022
anasmufti97,https://github.com/anasmufti97,92935425,2021-10,25,2151,5,2021–2022
Asjad-Ali,https://github.com/Asjad-Ali,92371450,2021-10,20,1903,5,2021–2022
itse4elhaam,https://github.com/itse4elhaam,92190869,2021-10,58,1409,5,2021–2022
ItsNabeelHussain,https://github.com/ItsNabeelHussain,93263502,2021-10,24,1280,5,2021–2022
abdul-rehman18,https://github.com/abdul-rehman18,92500173,2021-10,43,904,5,2021–2022
amw514,https://github.com/amw514,92973562,2021-10,43,724,5,2021–2022
ShafiaAnsar,https://github.com/ShafiaAnsar,92047387,2021-10,32,577,5,2021–2022
owaisahmad315,https://github.com/owaisahmad315,91786886,2021-10,38,534,5,2021–2022
ASIF679,https://github.com/ASIF679,92383421,2021-10,21,508,5,2021–2022
imnaeem,https://github.com/imnaeem,92048034,2021-10,29,506,5,2021–2022
AmirHussain8965,https://github.com/AmirHussain8965,92318161,2021-10,57,491,5,2021–2022
Hasnain-Shabbir,https://github.com/Hasnain-Shabbir,93459123,2021-10,30,472,5,2021–2022
ZU3AIRE,https://github.com/ZU3AIRE,92372994,2021-10,33,444,5,2021–2022
MuhammadJunaidHashmi,https://github.com/MuhammadJunaidHashmi,91802755,2021-10,21,406,5,2021–2022
Abubakarrrr,https://github.com/Abubakarrrr,93026734,2021-10,24,387,5,2021–2022
mohsin094,https://github.com/mohsin094,92578495,2021-10,15,363,5,2021–2022
umerfarooq5349,https://github.com/umerfarooq5349,92911615,2021-10,29,361,5,2021–2022
Zzzaakkiii,https://github.com/Zzzaakkiii,91861073,2021-10,16,351,5,2021–2022
anasgee,https://github.com/anasgee,92264017,2021-10,60,348,5,2021–2022
Shazzy911,https://github.com/Shazzy911,91855703,2021-10,30,337,5,2021–2022
Zaman0070,https://github.com/Zaman0070,92401116,2021-10,66,331,5,2021–2022
tayyab-balti,https://github.com/tayyab-balti,93080456,2021-10,33,326,5,2021–2022
TayabGhafor,https://github.com/TayabGhafor,93065237,2021-10,23,304,5,2021–2022
huzaifaramzan1,https://github.com/huzaifaramzan1,91843782,2021-10,28,287,5,2021–2022
Nadimkhan120,https://github.com/Nadimkhan120,93160686,2021-10,14,272,5,2021–2022
mishmash-labs,https://github.com/mishmash-labs,91755731,2021-10,7,240,5,2021–2022
Zunairzz,https://github.com/Zunairzz,92993165,2021-10,29,236,5,2021–2022
Hanzla-Nawaz,https://github.com/Hanzla-Nawaz,92260688,2021-10,60,233,5,2021–2022
Ahmadshen,https://github.com/Ahmadshen,93005176,2021-10,32,219,5,2021–2022
Samama-Zargham,https://github.com/Samama-Zargham,92201011,2021-10,14,216,5,2021–2022
talha-husnain,https://github.com/talha-husnain,92517278,2021-10,54,199,5,2021–2022
bilalchawdhary1,https://github.com/bilalchawdhary1,92965036,2021-10,40,198,5,2021–2022
Hassan-Nisar-UET,https://github.com/Hassan-Nisar-UET,93261648,2021-10,13,196,5,2021–2022
AwaisTahir786,https://github.com/AwaisTahir786,92217370,2021-10,29,191,5,2021–2022
ahmedyasin21,https://github.com/ahmedyasin21,93495880,2021-10,19,184,5,2021–2022
hamza-gill,https://github.com/hamza-gill,92217892,2021-10,27,179,5,2021–2022
rattlesnakexd,https://github.com/rattlesnakexd,93007896,2021-10,9,176,5,2021–2022
Irtaza0007,https://github.com/Irtaza0007,92358117,2021-10,12,172,5,2021–2022
ShahidKhan3464,https://github.com/ShahidKhan3464,93025154,2021-10,57,168,5,2021–2022
khuramShabbir,https://github.com/khuramShabbir,93321625,2021-10,19,152,5,2021–2022
HassaannDev,https://github.com/HassaannDev,93200991,2021-10,7,150,5,2021–2022
Faizan-Ahmd,https://github.com/Faizan-Ahmd,92780160,2021-10,14,149,5,2021–2022
malikhamadawan,https://github.com/malikhamadawan,92512393,2021-10,24,142,5,2021–2022
alidesu,https://github.com/alidesu,92246555,2021-10,39,138,5,2021–2022
arslanhakim,https://github.com/arslanhakim,93035770,2021-10,29,138,5,2021–2022
Nouman-Akram-ArhamSoft,https://github.com/Nouman-Akram-ArhamSoft,93263475,2021-10,28,130,5,2021–2022
Hiba72,https://github.com/Hiba72,91900667,2021-10,17,126,5,2021–2022
Abdul-Wahab-shah,https://github.com/Abdul-Wahab-shah,91759147,2021-10,15,119,5,2021–2022
SarmadAslam,https://github.com/SarmadAslam,93193597,2021-10,14,115,5,2021–2022
mfazeelfarooq,https://github.com/mfazeelfarooq,91792045,2021-10,22,102,5,2021–2022
alhadeedAhmed,https://github.com/alhadeedAhmed,92500828,2021-10,11,98,5,2021–2022
MenamAfzal,https://github.com/MenamAfzal,92360915,2021-10,9,93,5,2021–2022
rehanazeem,https://github.com/rehanazeem,92761969,2021-10,34,89,5,2021–2022
ahmad-prismatech,https://github.com/ahmad-prismatech,92845101,2021-10,12,84,5,2021–2022
MBashir502,https://github.com/MBashir502,92243656,2021-10,38,83,5,2021–2022
Developer-Rizwan-Zahid,https://github.com/Developer-Rizwan-Zahid,93324390,2021-10,29,81,5,2021–2022
1usm,https://github.com/1usm,91784281,2021-10,7,80,5,2021–2022
asimshah143,https://github.com/asimshah143,93248227,2021-10,11,78,5,2021–2022
SherazAbbas,https://github.com/SherazAbbas,92584455,2021-10,7,77,5,2021–2022
Muhammad-awais656,https://github.com/Muhammad-awais656,92124481,2021-10,7,72,5,2021–2022
abbaskazmi7,https://github.com/abbaskazmi7,92641256,2021-10,6,67,5,2021–2022
maziz7508,https://github.com/maziz7508,92409310,2021-10,48,66,5,2021–2022
usamahassan00015,https://github.com/usamahassan00015,92426507,2021-10,12,65,5,2021–2022
Naveed-Amjad,https://github.com/Naveed-Amjad,92795064,2021-10,22,64,5,2021–2022
basit321,https://github.com/basit321,93268659,2021-10,18,64,5,2021–2022
Muhammad-Arslan-0,https://github.com/Muhammad-Arslan-0,93154084,2021-10,14,57,5,2021–2022
asadation,https://github.com/asadation,93393646,2021-10,11,57,5,2021–2022
umairfasial,https://github.com/umairfasial,93310704,2021-10,8,56,5,2021–2022
abubakar60675,https://github.com/abubakar60675,91914064,2021-10,18,55,5,2021–2022
musman1993,https://github.com/musman1993,92249894,2021-10,14,55,5,2021–2022
pakeeza-ehsan-arhamsoft,https://github.com/pakeeza-ehsan-arhamsoft,93263372,2021-10,11,54,5,2021–2022
Naveed1891,https://github.com/Naveed1891,92332954,2021-10,14,52,5,2021–2022
wpInam,https://github.com/wpInam,92217002,2021-10,12,52,5,2021–2022
AliHamzaSafdar,https://github.com/AliHamzaSafdar,92223723,2021-10,20,51,5,2021–2022
nishoomehmood,https://github.com/nishoomehmood,91730401,2021-10,41,50,5,2021–2022
nabeelshahbaz1234,https://github.com/nabeelshahbaz1234,91959675,2021-10,25,48,5,2021–2022
SohaibAhmad01,https://github.com/SohaibAhmad01,93179351,2021-10,14,47,5,2021–2022
usamasaeedmayo786,https://github.com/usamasaeedmayo786,93011342,2021-10,7,46,5,2021–2022
asadrasheed123,https://github.com/asadrasheed123,92357242,2021-10,38,44,5,2021–2022
pervaiz12,https://github.com/pervaiz12,92356204,2021-10,23,44,5,2021–2022
JawadAltaf665,https://github.com/JawadAltaf665,92351051,2021-10,8,43,5,2021–2022
OrealAslam,https://github.com/OrealAslam,92667365,2021-10,9,41,5,2021–2022
born-talented,https://github.com/born-talented,92128159,2021-10,6,37,5,2021–2022
ameenyasir,https://github.com/ameenyasir,93157522,2021-10,9,35,5,2021–2022
techvisionz,https://github.com/techvisionz,93067913,2021-10,6,35,5,2021–2022
Awais525,https://github.com/Awais525,92230673,2021-10,20,34,5,2021–2022
usmantahir140199,https://github.com/usmantahir140199,92103576,2021-10,30,31,5,2021–2022
Wangard-1nternationa1,https://github.com/Wangard-1nternationa1,92082198,2021-10,14,31,5,2021–2022
moazzamaliqazi1,https://github.com/moazzamaliqazi1,92213316,2021-10,9,31,5,2021–2022
Usama446,https://github.com/Usama446,93305047,2021-10,6,31,5,2021–2022
SaqibHabib030,https://github.com/SaqibHabib030,92095021,2021-10,6,30,5,2021–2022
m-umariqbal,https://github.com/m-umariqbal,92258742,2021-10,24,28,5,2021–2022
sameerhassan12,https://github.com/sameerhassan12,92114699,2021-10,10,28,5,2021–2022
msshtech,https://github.com/msshtech,91715361,2021-10,9,28,5,2021–2022
iMuhammad-pk,https://github.com/iMuhammad-pk,93125988,2021-10,7,28,5,2021–2022
SarmadShabbir,https://github.com/SarmadShabbir,92478527,2021-10,8,26,5,2021–2022
manoharali,https://github.com/manoharali,92696246,2021-10,8,25,5,2021–2022
UmarSaeed090,https://github.com/UmarSaeed090,93098915,2021-10,6,24,5,2021–2022
asad-suleman20,https://github.com/asad-suleman20,92688711,2021-10,12,23,5,2021–2022
Saira2021,https://github.com/Saira2021,92353618,2021-10,10,23,5,2021–2022
BhalliBhai,https://github.com/BhalliBhai,94342592,2021-11,59,19453,5,2021–2022
MalikTalha03,https://github.com/MalikTalha03,94040679,2021-11,55,1933,5,2021–2022
Mustafa00124,https://github.com/Mustafa00124,94540497,2021-11,12,1443,5,2021–2022
muhammad-zee,https://github.com/muhammad-zee,93910791,2021-11,9,1263,5,2021–2022
zeeshan-rajpot,https://github.com/zeeshan-rajpot,94228306,2021-11,39,683,5,2021–2022
umruhaya,https://github.com/umruhaya,94573195,2021-11,28,655,5,2021–2022
okusjid,https://github.com/okusjid,93778715,2021-11,52,469,5,2021–2022
hussainiftikhar5242,https://github.com/hussainiftikhar5242,95127768,2021-11,53,452,5,2021–2022
Aquietkid,https://github.com/Aquietkid,93790085,2021-11,17,442,5,2021–2022
Abdull121,https://github.com/Abdull121,93944428,2021-11,35,415,5,2021–2022
bilalhussain-dev,https://github.com/bilalhussain-dev,94889017,2021-11,61,365,5,2021–2022
Geeky-Hassan,https://github.com/Geeky-Hassan,93768672,2021-11,36,364,5,2021–2022
Mustafa-raja,https://github.com/Mustafa-raja,95049133,2021-11,33,357,5,2021–2022
wasifullah7,https://github.com/wasifullah7,93703038,2021-11,26,344,5,2021–2022
hamzaz9912,https://github.com/hamzaz9912,94731067,2021-11,19,344,5,2021–2022
SABA-AZEEM,https://github.com/SABA-AZEEM,93951462,2021-11,102,322,5,2021–2022
FastianAbdullah,https://github.com/FastianAbdullah,93811691,2021-11,25,320,5,2021–2022
Ammar-Ahmed7,https://github.com/Ammar-Ahmed7,94696026,2021-11,11,261,5,2021–2022
ThatYoungEngineer,https://github.com/ThatYoungEngineer,95286774,2021-11,16,246,5,2021–2022
incognito-root,https://github.com/incognito-root,94982193,2021-11,17,240,5,2021–2022
HassanRasoo98,https://github.com/HassanRasoo98,93992000,2021-11,29,239,5,2021–2022
muneeb-r,https://github.com/muneeb-r,93725281,2021-11,30,221,5,2021–2022
feelsunbreeze,https://github.com/feelsunbreeze,94978059,2021-11,6,215,5,2021–2022
abubakarnangrii,https://github.com/abubakarnangrii,94928902,2021-11,32,207,5,2021–2022
wahhabriaz,https://github.com/wahhabriaz,93725258,2021-11,24,202,5,2021–2022
JsCodexx,https://github.com/JsCodexx,93637561,2021-11,29,197,5,2021–2022
obscuredusername,https://github.com/obscuredusername,93577151,2021-11,38,196,5,2021–2022
hadiyaazhar777,https://github.com/hadiyaazhar777,93515615,2021-11,20,170,5,2021–2022
ahmadbilal39515,https://github.com/ahmadbilal39515,93906345,2021-11,17,162,5,2021–2022
ShujaXCode,https://github.com/ShujaXCode,94820752,2021-11,20,157,5,2021–2022
Syed-Waqar-1,https://github.com/Syed-Waqar-1,94903980,2021-11,6,151,5,2021–2022
prochessor,https://github.com/prochessor,93634465,2021-11,25,147,5,2021–2022
Suhaibahmad19,https://github.com/Suhaibahmad19,93739150,2021-11,17,145,5,2021–2022
shahzaibhassan414,https://github.com/shahzaibhassan414,93857017,2021-11,13,141,5,2021–2022
Rana-Qasid-Ahmad,https://github.com/Rana-Qasid-Ahmad,93700061,2021-11,27,139,5,2021–2022
hafiz68,https://github.com/hafiz68,94450041,2021-11,14,135,5,2021–2022
AsadAhmad1453,https://github.com/AsadAhmad1453,94599676,2021-11,15,134,5,2021–2022
TehseenTech,https://github.com/TehseenTech,94171982,2021-11,35,133,5,2021–2022
mube123,https://github.com/mube123,95304643,2021-11,55,125,5,2021–2022
Abdullahbhatti77,https://github.com/Abdullahbhatti77,94637822,2021-11,35,122,5,2021–2022
mohsinimtiaz4026,https://github.com/mohsinimtiaz4026,93835937,2021-11,33,121,5,2021–2022
Emaan1022,https://github.com/Emaan1022,94823761,2021-11,27,117,5,2021–2022
Usama1545,https://github.com/Usama1545,94680815,2021-11,10,110,5,2021–2022
Abubakar-Zulfiqar,https://github.com/Abubakar-Zulfiqar,93979341,2021-11,28,105,5,2021–2022
momin-naveed,https://github.com/momin-naveed,94515762,2021-11,19,104,5,2021–2022
rehmandomore,https://github.com/rehmandomore,95091921,2021-11,12,104,5,2021–2022
sham-kumar-brainx,https://github.com/sham-kumar-brainx,94343975,2021-11,6,101,5,2021–2022
photonGi,https://github.com/photonGi,95202329,2021-11,10,98,5,2021–2022
Muhammad-Jawad-Amin,https://github.com/Muhammad-Jawad-Amin,93846416,2021-11,15,92,5,2021–2022
abaadali899,https://github.com/abaadali899,93701613,2021-11,46,91,5,2021–2022
Muhammad-Ehssan,https://github.com/Muhammad-Ehssan,93584479,2021-11,10,86,5,2021–2022
osmanmaniops18,https://github.com/osmanmaniops18,93982043,2021-11,26,79,5,2021–2022
husnain581,https://github.com/husnain581,93589353,2021-11,14,76,5,2021–2022
AlyAbdulah,https://github.com/AlyAbdulah,93823304,2021-11,24,75,5,2021–2022
alisher714,https://github.com/alisher714,93864600,2021-11,23,69,5,2021–2022
javeriaZ1131,https://github.com/javeriaZ1131,93622595,2021-11,13,69,5,2021–2022
faizanjafar,https://github.com/faizanjafar,94434999,2021-11,22,63,5,2021–2022
mudassarfarooq931,https://github.com/mudassarfarooq931,94029576,2021-11,13,62,5,2021–2022
Ironcladhealer,https://github.com/Ironcladhealer,94229727,2021-11,22,61,5,2021–2022
MrManana1,https://github.com/MrManana1,93506839,2021-11,11,58,5,2021–2022
Hamza9694,https://github.com/Hamza9694,93860952,2021-11,27,57,5,2021–2022
alizulqarnainirfan,https://github.com/alizulqarnainirfan,94923929,2021-11,18,57,5,2021–2022
UsamaRamzan786,https://github.com/UsamaRamzan786,93544751,2021-11,16,52,5,2021–2022
muhammadumarakram1,https://github.com/muhammadumarakram1,93679816,2021-11,11,52,5,2021–2022
ArslanMughal05,https://github.com/ArslanMughal05,94536278,2021-11,10,51,5,2021–2022
iamahsanchaudhry,https://github.com/iamahsanchaudhry,93863945,2021-11,10,49,5,2021–2022
kashandomore,https://github.com/kashandomore,95093709,2021-11,18,48,5,2021–2022
zubairQureshi4,https://github.com/zubairQureshi4,94286111,2021-11,11,48,5,2021–2022
Aqibyaqoob25,https://github.com/Aqibyaqoob25,93693477,2021-11,17,47,5,2021–2022
Adil3890,https://github.com/Adil3890,95170097,2021-11,11,47,5,2021–2022
imAhmadRaza,https://github.com/imAhmadRaza,93598448,2021-11,29,46,5,2021–2022
tehseen-raza,https://github.com/tehseen-raza,95290584,2021-11,15,46,5,2021–2022
huzaifa-57,https://github.com/huzaifa-57,94556219,2021-11,14,45,5,2021–2022
mussabahmad22,https://github.com/mussabahmad22,94961682,2021-11,18,44,5,2021–2022
AhmadNazir1104,https://github.com/AhmadNazir1104,94592728,2021-11,12,42,5,2021–2022
adilzafarr,https://github.com/adilzafarr,93785357,2021-11,7,42,5,2021–2022
9211ali,https://github.com/9211ali,93857290,2021-11,10,41,5,2021–2022
TalhaAsif1,https://github.com/TalhaAsif1,94634484,2021-11,10,40,5,2021–2022
AsifNawaz2,https://github.com/AsifNawaz2,94438118,2021-11,6,40,5,2021–2022
HassaanMujtaba,https://github.com/HassaanMujtaba,94923841,2021-11,13,37,5,2021–2022
MuhammadImranAshraf,https://github.com/MuhammadImranAshraf,94780013,2021-11,9,37,5,2021–2022
fakharbj,https://github.com/fakharbj,93642372,2021-11,17,30,5,2021–2022
Ahtashamkhanniazi,https://github.com/Ahtashamkhanniazi,94742581,2021-11,10,28,5,2021–2022
I-M-HamzaJahangir,https://github.com/I-M-HamzaJahangir,93976715,2021-11,9,27,5,2021–2022
FarazMughal69,https://github.com/FarazMughal69,94740209,2021-11,9,27,5,2021–2022
ToheedArsal,https://github.com/ToheedArsal,93768115,2021-11,7,26,5,2021–2022
Ahmadkhan686,https://github.com/Ahmadkhan686,93591506,2021-11,6,26,5,2021–2022
AliDarr,https://github.com/AliDarr,93986933,2021-11,8,23,5,2021–2022
zohaib440,https://github.com/zohaib440,93824889,2021-11,16,22,5,2021–2022
sulaman-khan-vaivaltech,https://github.com/sulaman-khan-vaivaltech,96902890,2021-12,16,26827,5,2021–2022
osamasaeed88,https://github.com/osamasaeed88,96544955,2021-12,21,13873,5,2021–2022
muhammadtalha198,https://github.com/muhammadtalha198,96860817,2021-12,44,3499,5,2021–2022
ixpsych29,https://github.com/ixpsych29,95847707,2021-12,38,1749,5,2021–2022
Asad06124,https://github.com/Asad06124,95330934,2021-12,9,1577,5,2021–2022
ZaeemYaseen,https://github.com/ZaeemYaseen,96328708,2021-12,28,1165,5,2021–2022
ArslanJajja1,https://github.com/ArslanJajja1,96674986,2021-12,25,1160,5,2021–2022
Zuhaib042,https://github.com/Zuhaib042,96683843,2021-12,65,943,5,2021–2022
mehmoodulhaq570,https://github.com/mehmoodulhaq570,96229333,2021-12,60,927,5,2021–2022
MuhammadAdilMemon,https://github.com/MuhammadAdilMemon,96164867,2021-12,65,923,5,2021–2022
zubayr-ahmad,https://github.com/zubayr-ahmad,96572607,2021-12,34,913,5,2021–2022
ABOBAKAR-IT,https://github.com/ABOBAKAR-IT,95483821,2021-12,111,676,5,2021–2022
alirazahub,https://github.com/alirazahub,96135281,2021-12,91,624,5,2021–2022
javeria2108,https://github.com/javeria2108,96229240,2021-12,48,604,5,2021–2022
Azfar731,https://github.com/Azfar731,96114901,2021-12,24,600,5,2021–2022
osamabinazam,https://github.com/osamabinazam,96176971,2021-12,43,590,5,2021–2022
DanishAliUmar,https://github.com/DanishAliUmar,95676775,2021-12,41,548,5,2021–2022
abdullahraza868,https://github.com/abdullahraza868,96875964,2021-12,7,481,5,2021–2022
Talha-Aslam,https://github.com/Talha-Aslam,96659683,2021-12,47,393,5,2021–2022
ImranJaved1073,https://github.com/ImranJaved1073,96229355,2021-12,33,387,5,2021–2022
SyedNoorAliDev,https://github.com/SyedNoorAliDev,96229280,2021-12,36,373,5,2021–2022
mahmedmajeedai,https://github.com/mahmedmajeedai,96483397,2021-12,27,335,5,2021–2022
UsamaJaved35,https://github.com/UsamaJaved35,96371937,2021-12,40,272,5,2021–2022
aliahmadXVR,https://github.com/aliahmadXVR,96058487,2021-12,22,258,5,2021–2022
codeshamza,https://github.com/codeshamza,96083390,2021-12,14,255,5,2021–2022
naumansameja,https://github.com/naumansameja,96863956,2021-12,14,246,5,2021–2022
YahyaZakariyya,https://github.com/YahyaZakariyya,95631340,2021-12,26,223,5,2021–2022
lemukarram,https://github.com/lemukarram,96775183,2021-12,31,221,5,2021–2022
JavariaTanveer,https://github.com/JavariaTanveer,96641419,2021-12,52,220,5,2021–2022
Uzairs709,https://github.com/Uzairs709,95528162,2021-12,26,220,5,2021–2022
muhammad-qadeerr,https://github.com/muhammad-qadeerr,96285269,2021-12,48,203,5,2021–2022
Huzaifa201017,https://github.com/Huzaifa201017,96493608,2021-12,10,200,5,2021–2022
subhanyousaf,https://github.com/subhanyousaf,96018111,2021-12,10,183,5,2021–2022
muhammadaliazhar,https://github.com/muhammadaliazhar,96160562,2021-12,60,182,5,2021–2022
waqas028,https://github.com/waqas028,96041723,2021-12,31,172,5,2021–2022
umarwazeer,https://github.com/umarwazeer,96724557,2021-12,19,171,5,2021–2022
sufyandroid,https://github.com/sufyandroid,96622330,2021-12,21,164,5,2021–2022
munazzanisar5,https://github.com/munazzanisar5,96443935,2021-12,27,154,5,2021–2022
Qdevaan,https://github.com/Qdevaan,95732674,2021-12,12,146,5,2021–2022
wajahatfaryadali,https://github.com/wajahatfaryadali,95401474,2021-12,15,141,5,2021–2022
mnoor920,https://github.com/mnoor920,95975898,2021-12,19,133,5,2021–2022
githubasifkhan,https://github.com/githubasifkhan,96789604,2021-12,44,132,5,2021–2022
daniyalumer,https://github.com/daniyalumer,96417048,2021-12,40,132,5,2021–2022
Numan-star,https://github.com/Numan-star,96251349,2021-12,16,129,5,2021–2022
ibrar-ul-hassan,https://github.com/ibrar-ul-hassan,96058086,2021-12,11,121,5,2021–2022
naqvi1122,https://github.com/naqvi1122,96628989,2021-12,33,113,5,2021–2022
Talhaashraf05,https://github.com/Talhaashraf05,96228602,2021-12,17,113,5,2021–2022
ABR-Developer,https://github.com/ABR-Developer,96349367,2021-12,26,109,5,2021–2022
jahanzaibrao-dev,https://github.com/jahanzaibrao-dev,96422901,2021-12,12,109,5,2021–2022
hamadrafi,https://github.com/hamadrafi,96816275,2021-12,25,107,5,2021–2022
alihamzaranjha007,https://github.com/alihamzaranjha007,96374153,2021-12,20,107,5,2021–2022
aWahabMalik,https://github.com/aWahabMalik,96007696,2021-12,14,106,5,2021–2022
sohail945,https://github.com/sohail945,96583768,2021-12,11,102,5,2021–2022
Safi63,https://github.com/Safi63,96912261,2021-12,23,101,5,2021–2022
Fakhar-Mehdi,https://github.com/Fakhar-Mehdi,96493107,2021-12,29,99,5,2021–2022
ZahidAfridi7,https://github.com/ZahidAfridi7,96828823,2021-12,32,97,5,2021–2022
ghulamhussainjoyo,https://github.com/ghulamhussainjoyo,96516774,2021-12,40,96,5,2021–2022
umerakmal,https://github.com/umerakmal,96911584,2021-12,29,95,5,2021–2022
Jasid72,https://github.com/Jasid72,96200880,2021-12,19,94,5,2021–2022
qasim2020qayyum,https://github.com/qasim2020qayyum,95760803,2021-12,62,93,5,2021–2022
Muneebweb426,https://github.com/Muneebweb426,96819110,2021-12,30,93,5,2021–2022
Babaralyy,https://github.com/Babaralyy,96729306,2021-12,13,93,5,2021–2022
dannijanni,https://github.com/dannijanni,96104059,2021-12,15,90,5,2021–2022
malikabdullah1786,https://github.com/malikabdullah1786,96560843,2021-12,26,88,5,2021–2022
sajidsmile143,https://github.com/sajidsmile143,95775453,2021-12,35,85,5,2021–2022
Arahman100198,https://github.com/Arahman100198,96042314,2021-12,24,84,5,2021–2022
RanaAdrees,https://github.com/RanaAdrees,96378905,2021-12,10,79,5,2021–2022
Hashmics,https://github.com/Hashmics,95685500,2021-12,13,78,5,2021–2022
WaleedTanveer,https://github.com/WaleedTanveer,96136241,2021-12,6,78,5,2021–2022
Ahmms,https://github.com/Ahmms,96222792,2021-12,9,77,5,2021–2022
RanaMuhammadYar,https://github.com/RanaMuhammadYar,96819805,2021-12,26,74,5,2021–2022
ars-hd,https://github.com/ars-hd,96583206,2021-12,11,74,5,2021–2022
naumanAhmed3,https://github.com/naumanAhmed3,96794987,2021-12,16,70,5,2021–2022
shahreecoder,https://github.com/shahreecoder,95355566,2021-12,11,69,5,2021–2022
afaqahmad0051,https://github.com/afaqahmad0051,96046399,2021-12,8,68,5,2021–2022
Usamamehmood443,https://github.com/Usamamehmood443,95847224,2021-12,13,67,5,2021–2022
Mujahid-Iqbal,https://github.com/Mujahid-Iqbal,96714960,2021-12,27,66,5,2021–2022
MUHAMMAD-AHMED-CS,https://github.com/MUHAMMAD-AHMED-CS,96166243,2021-12,8,66,5,2021–2022
Abdul-Haie,https://github.com/Abdul-Haie,96352035,2021-12,36,64,5,2021–2022
uzairaslam196,https://github.com/uzairaslam196,95505585,2021-12,23,64,5,2021–2022
DanishIrfan1,https://github.com/DanishIrfan1,96605956,2021-12,24,59,5,2021–2022
codewithabdullah0,https://github.com/codewithabdullah0,96378953,2021-12,23,59,5,2021–2022
Ali-Sufyan,https://github.com/Ali-Sufyan,95867961,2021-12,20,58,5,2021–2022
NIMRAAYAZ1,https://github.com/NIMRAAYAZ1,96565927,2021-12,21,56,5,2021–2022
HassanKhan-ML,https://github.com/HassanKhan-ML,95355499,2021-12,22,55,5,2021–2022
EshanAnjum,https://github.com/EshanAnjum,96647952,2021-12,12,51,5,2021–2022
usmanalyzz,https://github.com/usmanalyzz,95336022,2021-12,11,50,5,2021–2022
aliahmad39,https://github.com/aliahmad39,95851124,2021-12,10,50,5,2021–2022
Salman-Saleem001,https://github.com/Salman-Saleem001,95442889,2021-12,20,49,5,2021–2022
muhmmadrameez01,https://github.com/muhmmadrameez01,96364176,2021-12,17,47,5,2021–2022
Khokhar125,https://github.com/Khokhar125,96626594,2021-12,6,47,5,2021–2022
AzharMunir21,https://github.com/AzharMunir21,95690159,2021-12,31,46,5,2021–2022
FarheenBatool,https://github.com/FarheenBatool,96661108,2021-12,6,46,5,2021–2022
ShafiqRasool,https://github.com/ShafiqRasool,96862835,2021-12,14,44,5,2021–2022
usmankhalid0,https://github.com/usmankhalid0,96728219,2021-12,13,44,5,2021–2022
Adnan079,https://github.com/Adnan079,96575336,2021-12,11,43,5,2021–2022
AzamSaeed43,https://github.com/AzamSaeed43,95464707,2021-12,9,43,5,2021–2022
mohsiniscoder,https://github.com/mohsiniscoder,96002185,2021-12,19,42,5,2021–2022
MohsinAli31,https://github.com/MohsinAli31,96859909,2021-12,17,41,5,2021–2022
malianwer,https://github.com/malianwer,96283331,2021-12,13,36,5,2021–2022
abidyousaf,https://github.com/abidyousaf,96193488,2021-12,11,36,5,2021–2022
Usamazahid6000,https://github.com/Usamazahid6000,95607051,2021-12,15,33,5,2021–2022
HammadMugha,https://github.com/HammadMugha,96789915,2021-12,19,31,5,2021–2022
BSSE23087,https://github.com/BSSE23087,96386140,2021-12,8,30,5,2021–2022
AliZaidi777,https://github.com/AliZaidi777,96346848,2021-12,6,30,5,2021–2022
Only-Shahbaz,https://github.com/Only-Shahbaz,96200575,2021-12,12,29,5,2021–2022
Aqib-Umar,https://github.com/Aqib-Umar,96828550,2021-12,12,28,5,2021–2022
waleedIjaz-design,https://github.com/waleedIjaz-design,95843379,2021-12,8,27,5,2021–2022
aashirfarooq436,https://github.com/aashirfarooq436,96434817,2021-12,7,27,5,2021–2022
muhammadumai699,https://github.com/muhammadumai699,95739595,2021-12,9,26,5,2021–2022
Sultan466,https://github.com/Sultan466,96310947,2021-12,8,26,5,2021–2022
AneesGameDev,https://github.com/AneesGameDev,96178974,2021-12,9,25,5,2021–2022
sawairanawaz,https://github.com/sawairanawaz,96523638,2021-12,8,25,5,2021–2022
MWaqas414,https://github.com/MWaqas414,95668521,2021-12,25,24,5,2021–2022
WaqasJafar,https://github.com/WaqasJafar,95467860,2021-12,12,24,5,2021–2022
Websaad,https://github.com/Websaad,96014287,2021-12,14,23,5,2021–2022
mohammadwajahat,https://github.com/mohammadwajahat,96206099,2021-12,21,22,5,2021–2022
devsajidkhan,https://github.com/devsajidkhan,97900799,2022-01,18,5900,5,2021–2022
laiba-yousaf,https://github.com/laiba-yousaf,98685605,2022-01,15,3931,5,2021–2022
hamadhassan,https://github.com/hamadhassan,96945594,2022-01,73,1675,5,2021–2022
zohaib-SoftwareEngineer,https://github.com/zohaib-SoftwareEngineer,96957193,2022-01,11,1099,5,2021–2022
AbdulMateenzwl,https://github.com/AbdulMateenzwl,98536971,2022-01,61,1048,5,2021–2022
Ehtesham-Zahid,https://github.com/Ehtesham-Zahid,98094052,2022-01,47,958,5,2021–2022
zeeshanali90233,https://github.com/zeeshanali90233,98347114,2022-01,69,757,5,2021–2022
syedmouaazfarrukh,https://github.com/syedmouaazfarrukh,97732099,2022-01,41,757,5,2021–2022
Gul-Is-Here,https://github.com/Gul-Is-Here,98545209,2022-01,91,712,5,2021–2022
imran-yasin,https://github.com/imran-yasin,98706646,2022-01,39,586,5,2021–2022
Raza023,https://github.com/Raza023,96935567,2022-01,32,572,5,2021–2022
muhammedsubhan,https://github.com/muhammedsubhan,98474975,2022-01,49,568,5,2021–2022
alighauridev,https://github.com/alighauridev,98492348,2022-01,52,543,5,2021–2022
MuhammadAbraiz,https://github.com/MuhammadAbraiz,98274826,2022-01,54,495,5,2021–2022
taahahussainkhan,https://github.com/taahahussainkhan,97339495,2022-01,55,486,5,2021–2022
thenumanahmed,https://github.com/thenumanahmed,97792580,2022-01,41,483,5,2021–2022
hasnaat-iftikhar,https://github.com/hasnaat-iftikhar,97826292,2022-01,31,459,5,2021–2022
Alishba-Siddique,https://github.com/Alishba-Siddique,97811058,2022-01,52,430,5,2021–2022
ars-4,https://github.com/ars-4,97041758,2022-01,57,398,5,2021–2022
Muhammad-Abubakar-143,https://github.com/Muhammad-Abubakar-143,98586854,2022-01,25,353,5,2021–2022
Shahbaz-Rafique,https://github.com/Shahbaz-Rafique,97734247,2022-01,85,350,5,2021–2022
iAmUsmanAwan,https://github.com/iAmUsmanAwan,97288095,2022-01,33,330,5,2021–2022
strawhatsaad,https://github.com/strawhatsaad,98692401,2022-01,15,327,5,2021–2022
AbdulRafayZubaire,https://github.com/AbdulRafayZubaire,96993569,2022-01,32,323,5,2021–2022
onfusion,https://github.com/onfusion,97182814,2022-01,24,319,5,2021–2022
SheikhHamza01,https://github.com/SheikhHamza01,98047455,2022-01,41,298,5,2021–2022
TalhaTR7,https://github.com/TalhaTR7,98700036,2022-01,14,296,5,2021–2022
furqanahmed1872,https://github.com/furqanahmed1872,98402746,2022-01,6,286,5,2021–2022
iqbalbhatti49,https://github.com/iqbalbhatti49,97538264,2022-01,30,276,5,2021–2022
SyedHashir-Helper,https://github.com/SyedHashir-Helper,98015136,2022-01,51,275,5,2021–2022
MehdiKhosa50,https://github.com/MehdiKhosa50,98461118,2022-01,36,269,5,2021–2022
Ahsan-Amin,https://github.com/Ahsan-Amin,97384975,2022-01,26,265,5,2021–2022
HuzaifaWatto,https://github.com/HuzaifaWatto,98208958,2022-01,35,244,5,2021–2022
Faizanarshed,https://github.com/Faizanarshed,96972195,2022-01,13,238,5,2021–2022
umer-shehzad,https://github.com/umer-shehzad,97552211,2022-01,21,219,5,2021–2022
Hayder7Aly,https://github.com/Hayder7Aly,97211761,2022-01,96,217,5,2021–2022
saharbat00l,https://github.com/saharbat00l,97355349,2022-01,48,212,5,2021–2022
DanishKhan-pixel,https://github.com/DanishKhan-pixel,96936557,2022-01,38,202,5,2021–2022
MUHAMMADnomanSHARIF,https://github.com/MUHAMMADnomanSHARIF,98440452,2022-01,26,198,5,2021–2022
abdulashazad1,https://github.com/abdulashazad1,97552053,2022-01,13,196,5,2021–2022
MahtabBukhari,https://github.com/MahtabBukhari,98140673,2022-01,32,188,5,2021–2022
HassaanSiraj,https://github.com/HassaanSiraj,98095888,2022-01,10,172,5,2021–2022
Hamzasarfrax,https://github.com/Hamzasarfrax,96947306,2022-01,27,170,5,2021–2022
FaizanAziz2001,https://github.com/FaizanAziz2001,98259868,2022-01,23,169,5,2021–2022
sabtain93,https://github.com/sabtain93,98376243,2022-01,17,167,5,2021–2022
ahsann013,https://github.com/ahsann013,98226081,2022-01,12,163,5,2021–2022
mrumarrazzaq,https://github.com/mrumarrazzaq,98159141,2022-01,24,162,5,2021–2022
Alihasnat930,https://github.com/Alihasnat930,98098253,2022-01,36,148,5,2021–2022
aleebaba3594,https://github.com/aleebaba3594,97726605,2022-01,65,147,5,2021–2022
Imtiazh346,https://github.com/Imtiazh346,97449155,2022-01,16,139,5,2021–2022
Shoaib2673,https://github.com/Shoaib2673,98370218,2022-01,8,137,5,2021–2022
boomboss200,https://github.com/boomboss200,98022071,2022-01,9,134,5,2021–2022
muhammadAhmad10,https://github.com/muhammadAhmad10,97218336,2022-01,20,133,5,2021–2022
talhajavedcom,https://github.com/talhajavedcom,98523646,2022-01,58,128,5,2021–2022
shahmeer1124,https://github.com/shahmeer1124,98275236,2022-01,28,125,5,2021–2022
mr-arsal,https://github.com/mr-arsal,98228364,2022-01,29,120,5,2021–2022
Zeeshanelia,https://github.com/Zeeshanelia,98325087,2022-01,27,120,5,2021–2022
Bazeel-Waris,https://github.com/Bazeel-Waris,98183874,2022-01,32,116,5,2021–2022
F4fazil,https://github.com/F4fazil,96938666,2022-01,24,113,5,2021–2022
noman-sarfraz,https://github.com/noman-sarfraz,97095266,2022-01,18,112,5,2021–2022
MughalDanish,https://github.com/MughalDanish,98573538,2022-01,24,111,5,2021–2022
Dawoodhaider1,https://github.com/Dawoodhaider1,97453915,2022-01,22,110,5,2021–2022
nadeem-majeedch,https://github.com/nadeem-majeedch,98729698,2022-01,15,109,5,2021–2022
Usama-jamil,https://github.com/Usama-jamil,96940724,2022-01,22,108,5,2021–2022
Muddasir92,https://github.com/Muddasir92,97513863,2022-01,26,106,5,2021–2022
ibadurrehman2112,https://github.com/ibadurrehman2112,98694355,2022-01,46,98,5,2021–2022
afnanqasim74,https://github.com/afnanqasim74,96981692,2022-01,21,97,5,2021–2022
MuhammadSaboorIslam,https://github.com/MuhammadSaboorIslam,97667489,2022-01,15,95,5,2021–2022
UsamaMushtaq16,https://github.com/UsamaMushtaq16,98459702,2022-01,14,94,5,2021–2022
Muhammad-237,https://github.com/Muhammad-237,97148661,2022-01,44,89,5,2021–2022
Jawad0318,https://github.com/Jawad0318,98699119,2022-01,20,89,5,2021–2022
Mu-Aleem,https://github.com/Mu-Aleem,98415008,2022-01,12,87,5,2021–2022
asim0248,https://github.com/asim0248,97185234,2022-01,23,85,5,2021–2022
ZubairAmin695,https://github.com/ZubairAmin695,98663586,2022-01,17,80,5,2021–2022
hamzaiqbal01,https://github.com/hamzaiqbal01,97678599,2022-01,31,76,5,2021–2022
UniqueCoderr,https://github.com/UniqueCoderr,97977706,2022-01,29,76,5,2021–2022
Subhan-Anjum,https://github.com/Subhan-Anjum,98749339,2022-01,23,75,5,2021–2022
Davilk605,https://github.com/Davilk605,98359973,2022-01,24,74,5,2021–2022
NabeelAhmad1225,https://github.com/NabeelAhmad1225,97058871,2022-01,24,72,5,2021–2022
Atif-Bakhsh,https://github.com/Atif-Bakhsh,97842645,2022-01,12,71,5,2021–2022
Ranakb,https://github.com/Ranakb,97587049,2022-01,17,69,5,2021–2022
muteekhan06,https://github.com/muteekhan06,97782128,2022-01,8,69,5,2021–2022
hammadmeddy,https://github.com/hammadmeddy,98735403,2022-01,9,66,5,2021–2022
IbrahimBu11,https://github.com/IbrahimBu11,97936461,2022-01,12,58,5,2021–2022
Hussain-Malik-085,https://github.com/Hussain-Malik-085,98271133,2022-01,8,58,5,2021–2022
0xsaad,https://github.com/0xsaad,98541330,2022-01,25,57,5,2021–2022
zaheerabas22,https://github.com/zaheerabas22,96979306,2022-01,10,55,5,2021–2022
Asma-Rafique,https://github.com/Asma-Rafique,97357575,2022-01,12,54,5,2021–2022
L1f20bsse0125,https://github.com/L1f20bsse0125,98619597,2022-01,9,54,5,2021–2022
Tayibb,https://github.com/Tayibb,98657326,2022-01,17,52,5,2021–2022
abdullahshafiq28,https://github.com/abdullahshafiq28,97891924,2022-01,15,52,5,2021–2022
maaz138,https://github.com/maaz138,98119819,2022-01,28,50,5,2021–2022
MehreenZafar,https://github.com/MehreenZafar,97551215,2022-01,7,50,5,2021–2022
Ammar022,https://github.com/Ammar022,98316105,2022-01,15,48,5,2021–2022
Saadaa7,https://github.com/Saadaa7,97321455,2022-01,13,48,5,2021–2022
MuhammadAwais678,https://github.com/MuhammadAwais678,97256357,2022-01,8,47,5,2021–2022
Umairhassan5,https://github.com/Umairhassan5,97150180,2022-01,18,46,5,2021–2022
Abdulrehman49,https://github.com/Abdulrehman49,97813336,2022-01,6,44,5,2021–2022
Umer-W,https://github.com/Umer-W,97826981,2022-01,21,43,5,2021–2022
saqlainimam,https://github.com/saqlainimam,97801775,2022-01,19,43,5,2021–2022
Irfan-Iqbal,https://github.com/Irfan-Iqbal,98281463,2022-01,18,43,5,2021–2022
asadhayatt,https://github.com/asadhayatt,98664441,2022-01,12,43,5,2021–2022
HassanAbdulJabbar,https://github.com/HassanAbdulJabbar,97374436,2022-01,10,40,5,2021–2022
mohammadryanchahour,https://github.com/mohammadryanchahour,98214695,2022-01,9,40,5,2021–2022
wajidhussainn,https://github.com/wajidhussainn,97128754,2022-01,8,39,5,2021–2022
awaisameer,https://github.com/awaisameer,97660571,2022-01,12,37,5,2021–2022
hassanlabs,https://github.com/hassanlabs,98436074,2022-01,10,37,5,2021–2022
mawaismalikSystemsltd,https://github.com/mawaismalikSystemsltd,97027747,2022-01,8,37,5,2021–2022
Muneeb-Akbar,https://github.com/Muneeb-Akbar,97797917,2022-01,9,36,5,2021–2022
ahmedinnit,https://github.com/ahmedinnit,97237980,2022-01,7,36,5,2021–2022
AzeemChaudary,https://github.com/AzeemChaudary,97231452,2022-01,10,35,5,2021–2022
Waleed-Ikram,https://github.com/Waleed-Ikram,97394980,2022-01,9,35,5,2021–2022
AliHassan002,https://github.com/AliHassan002,97694148,2022-01,9,34,5,2021–2022
AbdullahRiazMirza,https://github.com/AbdullahRiazMirza,98638335,2022-01,8,33,5,2021–2022
Ahmad-raza-anwar,https://github.com/Ahmad-raza-anwar,97191114,2022-01,25,32,5,2021–2022
Abdullah-Javed127,https://github.com/Abdullah-Javed127,97975670,2022-01,11,32,5,2021–2022
ImanHasan,https://github.com/ImanHasan,97543011,2022-01,29,29,5,2021–2022
HassanJaami,https://github.com/HassanJaami,97073848,2022-01,9,26,5,2021–2022
Zakariamastoi,https://github.com/Zakariamastoi,96943353,2022-01,9,26,5,2021–2022
NawwalAftabWaseer,https://github.com/NawwalAftabWaseer,97381704,2022-01,12,24,5,2021–2022
AnasShafiq007,https://github.com/AnasShafiq007,98258882,2022-01,12,24,5,2021–2022
MuhammadFaizan98,https://github.com/MuhammadFaizan98,97608363,2022-01,8,24,5,2021–2022
usmanakram7,https://github.com/usmanakram7,98263133,2022-01,14,23,5,2021–2022
zeeshansadiq1,https://github.com/zeeshansadiq1,97582426,2022-01,9,23,5,2021–2022
ziayounasch,https://github.com/ziayounasch,97870737,2022-01,9,22,5,2021–2022
ZainShamshad,https://github.com/ZainShamshad,97530221,2022-01,6,22,5,2021–2022
MoRocety,https://github.com/MoRocety,100491776,2022-02,9,3283,5,2021–2022
abdulhananasif,https://github.com/abdulhananasif,99734167,2022-02,22,3013,5,2021–2022
abdullahdarofficial,https://github.com/abdullahdarofficial,99035861,2022-02,39,2416,5,2021–2022
Malik-Haziq,https://github.com/Malik-Haziq,99354420,2022-02,29,1780,5,2021–2022
amennajam009,https://github.com/amennajam009,98958807,2022-02,49,1727,5,2021–2022
muhibarshad,https://github.com/muhibarshad,98839666,2022-02,48,1651,5,2021–2022
AhmedShafique313,https://github.com/AhmedShafique313,99950606,2022-02,53,1643,5,2021–2022
abdullah0300,https://github.com/abdullah0300,100232059,2022-02,28,974,5,2021–2022
usama216,https://github.com/usama216,99108743,2022-02,33,851,5,2021–2022
abdulwab,https://github.com/abdulwab,100029070,2022-02,57,640,5,2021–2022
MuhammadAhmadA01,https://github.com/MuhammadAhmadA01,100139356,2022-02,12,624,5,2021–2022
M-Farjad,https://github.com/M-Farjad,99951985,2022-02,39,557,5,2021–2022
imaansaleem,https://github.com/imaansaleem,99469449,2022-02,20,503,5,2021–2022
HarisAli3,https://github.com/HarisAli3,99520506,2022-02,26,480,5,2021–2022
talhashafiq008,https://github.com/talhashafiq008,100463587,2022-02,46,425,5,2021–2022
Bilal-Basharat,https://github.com/Bilal-Basharat,99986862,2022-02,34,425,5,2021–2022
Zohaib-4,https://github.com/Zohaib-4,99247322,2022-02,14,413,5,2021–2022
danish9811,https://github.com/danish9811,100212323,2022-02,15,371,5,2021–2022
artisanmuhammadali,https://github.com/artisanmuhammadali,99584926,2022-02,29,356,5,2021–2022
RanaAns07,https://github.com/RanaAns07,99713097,2022-02,17,353,5,2021–2022
loopstack33,https://github.com/loopstack33,99548269,2022-02,40,342,5,2021–2022
shaizCodes,https://github.com/shaizCodes,100186962,2022-02,21,333,5,2021–2022
Hamzajsdev,https://github.com/Hamzajsdev,98909201,2022-02,23,324,5,2021–2022
asadchaudhary79,https://github.com/asadchaudhary79,98808825,2022-02,32,312,5,2021–2022
Taimoor-Joyyah,https://github.com/Taimoor-Joyyah,100462383,2022-02,45,302,5,2021–2022
AyeshaAshfaq12,https://github.com/AyeshaAshfaq12,98891033,2022-02,26,298,5,2021–2022
amaanmajeed,https://github.com/amaanmajeed,99554708,2022-02,21,292,5,2021–2022
nakvi,https://github.com/nakvi,100403656,2022-02,27,291,5,2021–2022
Amin-AQ,https://github.com/Amin-AQ,98892816,2022-02,33,250,5,2021–2022
m-ramzan-dev,https://github.com/m-ramzan-dev,99969869,2022-02,24,246,5,2021–2022
hassansultankhan,https://github.com/hassansultankhan,100282456,2022-02,31,243,5,2021–2022
sohailanwar608,https://github.com/sohailanwar608,99714436,2022-02,12,241,5,2021–2022
yahyabhatti10,https://github.com/yahyabhatti10,99136869,2022-02,24,238,5,2021–2022
HuzaifaChaudary,https://github.com/HuzaifaChaudary,98877942,2022-02,54,237,5,2021–2022
mirzahanzla,https://github.com/mirzahanzla,100476343,2022-02,32,233,5,2021–2022
ateeq786316,https://github.com/ateeq786316,99281566,2022-02,25,220,5,2021–2022
ZainRaza116,https://github.com/ZainRaza116,100477379,2022-02,40,199,5,2021–2022
Moazzam-Sonu,https://github.com/Moazzam-Sonu,99110720,2022-02,36,195,5,2021–2022
Muhammad-Arsal-Akhtar,https://github.com/Muhammad-Arsal-Akhtar,98893331,2022-02,7,193,5,2021–2022
fiazbilal,https://github.com/fiazbilal,98800319,2022-02,17,191,5,2021–2022
tahasheikh111,https://github.com/tahasheikh111,99876619,2022-02,10,180,5,2021–2022
IbrahimZahidd,https://github.com/IbrahimZahidd,98962434,2022-02,27,176,5,2021–2022
amoeed786,https://github.com/amoeed786,99541035,2022-02,25,176,5,2021–2022
AbuBakr1770,https://github.com/AbuBakr1770,99272302,2022-02,34,172,5,2021–2022
kabeerali1825,https://github.com/kabeerali1825,100375085,2022-02,34,165,5,2021–2022
saadkhalil01,https://github.com/saadkhalil01,100115030,2022-02,11,154,5,2021–2022
ali-shakeel-dev,https://github.com/ali-shakeel-dev,100131506,2022-02,19,152,5,2021–2022
umairchanna57,https://github.com/umairchanna57,99108150,2022-02,24,142,5,2021–2022
ghawrii,https://github.com/ghawrii,99144037,2022-02,11,136,5,2021–2022
mr-ehsaan,https://github.com/mr-ehsaan,99403938,2022-02,22,131,5,2021–2022
M-TahirMustafvi,https://github.com/M-TahirMustafvi,99280423,2022-02,8,131,5,2021–2022
ahsanjavedmalik,https://github.com/ahsanjavedmalik,99328956,2022-02,6,123,5,2021–2022
Xodeum,https://github.com/Xodeum,99142808,2022-02,55,122,5,2021–2022
ghulam-ahmad-1,https://github.com/ghulam-ahmad-1,99980539,2022-02,25,121,5,2021–2022
itsinaam,https://github.com/itsinaam,99404590,2022-02,29,116,5,2021–2022
ibrahimkhurshid,https://github.com/ibrahimkhurshid,99968063,2022-02,37,112,5,2021–2022
HuzefaAbbasi,https://github.com/HuzefaAbbasi,99762918,2022-02,15,112,5,2021–2022
jazibsiddique02,https://github.com/jazibsiddique02,99985963,2022-02,25,110,5,2021–2022
mihtishamm,https://github.com/mihtishamm,98972601,2022-02,10,106,5,2021–2022
Rehan-Shah12,https://github.com/Rehan-Shah12,100332064,2022-02,15,104,5,2021–2022
AbdulManan27007,https://github.com/AbdulManan27007,99282337,2022-02,20,102,5,2021–2022
Islah-Ud-Din,https://github.com/Islah-Ud-Din,100202778,2022-02,8,101,5,2021–2022
Raza-Baqir,https://github.com/Raza-Baqir,100048015,2022-02,20,98,5,2021–2022
noman2233,https://github.com/noman2233,99878827,2022-02,12,98,5,2021–2022
muhammad-talha-ijlal,https://github.com/muhammad-talha-ijlal,98898336,2022-02,25,96,5,2021–2022
ShahzaibI,https://github.com/ShahzaibI,100124212,2022-02,24,96,5,2021–2022
hammadtariq088,https://github.com/hammadtariq088,99089713,2022-02,47,93,5,2021–2022
Abcdali,https://github.com/Abcdali,99189193,2022-02,19,92,5,2021–2022
mazharsalmi,https://github.com/mazharsalmi,99467629,2022-02,17,92,5,2021–2022
Phoenix23452,https://github.com/Phoenix23452,99801202,2022-02,12,92,5,2021–2022
usamashabbir123,https://github.com/usamashabbir123,99947648,2022-02,19,89,5,2021–2022
ahmadtariq1,https://github.com/ahmadtariq1,100612290,2022-02,18,89,5,2021–2022
shahzad713,https://github.com/shahzad713,99446843,2022-02,16,85,5,2021–2022
Hafizadeel7266,https://github.com/Hafizadeel7266,100551977,2022-02,15,83,5,2021–2022
MB981,https://github.com/MB981,100596260,2022-02,15,82,5,2021–2022
iammuqeet,https://github.com/iammuqeet,99136549,2022-02,25,81,5,2021–2022
abdulahshahid,https://github.com/abdulahshahid,100370676,2022-02,21,81,5,2021–2022
AliYousaf11,https://github.com/AliYousaf11,100188537,2022-02,12,81,5,2021–2022
M-Farhan-Shaukat,https://github.com/M-Farhan-Shaukat,100473373,2022-02,8,81,5,2021–2022
KhawajaIbrahimsalim,https://github.com/KhawajaIbrahimsalim,100414606,2022-02,8,79,5,2021–2022
Umer786277,https://github.com/Umer786277,99824177,2022-02,12,77,5,2021–2022
ICrimsonCodes,https://github.com/ICrimsonCodes,100193887,2022-02,32,72,5,2021–2022
afif-malghani,https://github.com/afif-malghani,100247208,2022-02,15,70,5,2021–2022
m-zeeshanHaider,https://github.com/m-zeeshanHaider,98903465,2022-02,6,65,5,2021–2022
moiz284,https://github.com/moiz284,99669312,2022-02,10,64,5,2021–2022
SaqiRao,https://github.com/SaqiRao,99190166,2022-02,14,59,5,2021–2022
Muneeb233,https://github.com/Muneeb233,100162863,2022-02,13,58,5,2021–2022
HaiderSalim,https://github.com/HaiderSalim,100413103,2022-02,15,57,5,2021–2022
MHT19,https://github.com/MHT19,99663454,2022-02,11,57,5,2021–2022
muneebimtiazz,https://github.com/muneebimtiazz,98971412,2022-02,11,56,5,2021–2022
azeemalley,https://github.com/azeemalley,100018487,2022-02,7,56,5,2021–2022
Fahad-Ali-Data-Scientist,https://github.com/Fahad-Ali-Data-Scientist,100360827,2022-02,21,52,5,2021–2022
juni-mahar,https://github.com/juni-mahar,100024850,2022-02,16,51,5,2021–2022
mzahidbutt,https://github.com/mzahidbutt,98888041,2022-02,23,50,5,2021–2022
minahil-azaz,https://github.com/minahil-azaz,99528192,2022-02,18,49,5,2021–2022
Hasnain2434,https://github.com/Hasnain2434,99596630,2022-02,8,49,5,2021–2022
seemakram15,https://github.com/seemakram15,99769922,2022-02,8,45,5,2021–2022
muez-vx,https://github.com/muez-vx,98823909,2022-02,19,44,5,2021–2022
bilalahmedmirza,https://github.com/bilalahmedmirza,99679910,2022-02,10,42,5,2021–2022
TahaRehmanMalik,https://github.com/TahaRehmanMalik,100536141,2022-02,10,42,5,2021–2022
muhammaduzia95,https://github.com/muhammaduzia95,100363227,2022-02,23,41,5,2021–2022
hassanrai594,https://github.com/hassanrai594,100531408,2022-02,20,40,5,2021–2022
arofficial005,https://github.com/arofficial005,100618080,2022-02,9,40,5,2021–2022
CODER3570,https://github.com/CODER3570,98815612,2022-02,22,39,5,2021–2022
Salman7243,https://github.com/Salman7243,98895288,2022-02,34,35,5,2021–2022
IbthajSami,https://github.com/IbthajSami,100130172,2022-02,12,35,5,2021–2022
alimurtza786,https://github.com/alimurtza786,99204674,2022-02,11,34,5,2021–2022
moazzimali843,https://github.com/moazzimali843,99724302,2022-02,9,32,5,2021–2022
FarooqAzamdogar,https://github.com/FarooqAzamdogar,100362798,2022-02,22,30,5,2021–2022
adilmir21,https://github.com/adilmir21,100213252,2022-02,12,29,5,2021–2022
musabfayyaz,https://github.com/musabfayyaz,99016473,2022-02,11,29,5,2021–2022
danialsalem,https://github.com/danialsalem,99340969,2022-02,20,28,5,2021–2022
Dani-183,https://github.com/Dani-183,99420774,2022-02,9,28,5,2021–2022
rabiyya2411-code,https://github.com/rabiyya2411-code,99238302,2022-02,6,23,5,2021–2022
Faraz-Nadeem-DA,https://github.com/Faraz-Nadeem-DA,98969818,2022-02,11,22,5,2021–2022
ahmad2237,https://github.com/ahmad2237,99014190,2022-02,8,22,5,2021–2022
kwanso-aleem,https://github.com/kwanso-aleem,99732825,2022-02,6,22,5,2021–2022
react-adii,https://github.com/react-adii,99668242,2022-02,6,22,5,2021–2022
faizaniqbalLC,https://github.com/faizaniqbalLC,102588816,2022-03,33,1889,5,2021–2022
shariqazeem,https://github.com/shariqazeem,101935656,2022-03,74,1783,5,2021–2022
huraira-younas,https://github.com/huraira-younas,101818806,2022-03,25,1285,5,2021–2022
qaisarnadeem16,https://github.com/qaisarnadeem16,101329010,2022-03,54,891,5,2021–2022
SaniaNisar,https://github.com/SaniaNisar,102464125,2022-03,59,879,5,2021–2022
hussainahmd,https://github.com/hussainahmd,101217726,2022-03,18,692,5,2021–2022
ahmedbinkhalid,https://github.com/ahmedbinkhalid,101318581,2022-03,20,615,5,2021–2022
muhammadfuaad,https://github.com/muhammadfuaad,100671484,2022-03,36,609,5,2021–2022
napstar-420,https://github.com/napstar-420,100934169,2022-03,42,580,5,2021–2022
hussainjamal760,https://github.com/hussainjamal760,101002915,2022-03,24,577,5,2021–2022
SalmanMk4,https://github.com/SalmanMk4,100999231,2022-03,35,533,5,2021–2022
Mujster,https://github.com/Mujster,102338980,2022-03,39,428,5,2021–2022
Javaria-Shabbir24,https://github.com/Javaria-Shabbir24,102341169,2022-03,53,410,5,2021–2022
m-ahsan1,https://github.com/m-ahsan1,102468442,2022-03,23,405,5,2021–2022
The777Bot,https://github.com/The777Bot,102553306,2022-03,21,404,5,2021–2022
HamzaRasheed26,https://github.com/HamzaRasheed26,101448187,2022-03,49,393,5,2021–2022
AbubakarFarooqi,https://github.com/AbubakarFarooqi,101521634,2022-03,43,374,5,2021–2022
abbashumein,https://github.com/abbashumein,102358927,2022-03,32,371,5,2021–2022
mussadiqahmed,https://github.com/mussadiqahmed,100989662,2022-03,34,367,5,2021–2022
abubakar-shahid,https://github.com/abubakar-shahid,102373243,2022-03,19,343,5,2021–2022
Fardeen-Awais,https://github.com/Fardeen-Awais,101203786,2022-03,25,331,5,2021–2022
mubasharali-dev,https://github.com/mubasharali-dev,102550281,2022-03,30,321,5,2021–2022
Hamzaakrammogul,https://github.com/Hamzaakrammogul,101792969,2022-03,41,303,5,2021–2022
Muhammad-Hammad-Asghar-56,https://github.com/Muhammad-Hammad-Asghar-56,101011203,2022-03,63,298,5,2021–2022
harrisbasra,https://github.com/harrisbasra,101965956,2022-03,39,287,5,2021–2022
afaq-khan2000,https://github.com/afaq-khan2000,101743351,2022-03,41,285,5,2021–2022
tayyab-dev123,https://github.com/tayyab-dev123,101314819,2022-03,48,284,5,2021–2022
AlishanMasood,https://github.com/AlishanMasood,101887383,2022-03,21,280,5,2021–2022
IMUSARAZA,https://github.com/IMUSARAZA,100912896,2022-03,18,274,5,2021–2022
UsmannArshad,https://github.com/UsmannArshad,102214810,2022-03,42,273,5,2021–2022
IslamNabi,https://github.com/IslamNabi,100869687,2022-03,28,273,5,2021–2022
imjunaidzafar,https://github.com/imjunaidzafar,102669818,2022-03,16,257,5,2021–2022
kinzaAmin,https://github.com/kinzaAmin,101988225,2022-03,15,253,5,2021–2022
M-Umar-Iqbal,https://github.com/M-Umar-Iqbal,102478208,2022-03,18,248,5,2021–2022
MuhammadSaad9622,https://github.com/MuhammadSaad9622,102235065,2022-03,44,244,5,2021–2022
RanaAmmar344,https://github.com/RanaAmmar344,101890006,2022-03,42,238,5,2021–2022
noorophobia,https://github.com/noorophobia,102344050,2022-03,26,228,5,2021–2022
NaeemUllah6,https://github.com/NaeemUllah6,102646166,2022-03,39,227,5,2021–2022
iamabd591,https://github.com/iamabd591,101822195,2022-03,37,224,5,2021–2022
bilalShoukats,https://github.com/bilalShoukats,102710216,2022-03,8,222,5,2021–2022
M-Zeeshan6886,https://github.com/M-Zeeshan6886,100882474,2022-03,28,218,5,2021–2022
irfantayyab,https://github.com/irfantayyab,101043727,2022-03,7,207,5,2021–2022
cachedAli,https://github.com/cachedAli,100780537,2022-03,6,205,5,2021–2022
Umairasaddev,https://github.com/Umairasaddev,101948486,2022-03,46,198,5,2021–2022
the-talha-tariq,https://github.com/the-talha-tariq,102484656,2022-03,32,195,5,2021–2022
mukhtarhussain1,https://github.com/mukhtarhussain1,100911509,2022-03,24,193,5,2021–2022
mohsin1573,https://github.com/mohsin1573,101634721,2022-03,15,191,5,2021–2022
Junaid2102,https://github.com/Junaid2102,102413407,2022-03,15,184,5,2021–2022
M-IBRAHIM-PRO,https://github.com/M-IBRAHIM-PRO,101493781,2022-03,31,181,5,2021–2022
khanmassab,https://github.com/khanmassab,101227936,2022-03,23,181,5,2021–2022
talhar5,https://github.com/talhar5,102255914,2022-03,45,173,5,2021–2022
khzunair,https://github.com/khzunair,102663927,2022-03,28,171,5,2021–2022
umair-hassan2,https://github.com/umair-hassan2,101860019,2022-03,28,167,5,2021–2022
ammarali007,https://github.com/ammarali007,101115913,2022-03,10,163,5,2021–2022
sarahpng,https://github.com/sarahpng,100717132,2022-03,42,157,5,2021–2022
MAtif007,https://github.com/MAtif007,102468690,2022-03,8,157,5,2021–2022
laibashaheeen,https://github.com/laibashaheeen,101872806,2022-03,15,156,5,2021–2022
hassaans208,https://github.com/hassaans208,101137361,2022-03,29,152,5,2021–2022
Hamza-Bashir,https://github.com/Hamza-Bashir,101030457,2022-03,6,149,5,2021–2022
mujahidali88094,https://github.com/mujahidali88094,102369900,2022-03,12,144,5,2021–2022
umairasim-se,https://github.com/umairasim-se,101734522,2022-03,23,140,5,2021–2022
Muhammadsajid12,https://github.com/Muhammadsajid12,101540717,2022-03,30,139,5,2021–2022
MuhammadUmar740,https://github.com/MuhammadUmar740,102648659,2022-03,10,139,5,2021–2022
moiz2511,https://github.com/moiz2511,101461628,2022-03,27,138,5,2021–2022
MrJadugar,https://github.com/MrJadugar,101251464,2022-03,11,136,5,2021–2022
mr-ammar-1,https://github.com/mr-ammar-1,101990063,2022-03,16,126,5,2021–2022
wahab315,https://github.com/wahab315,102620981,2022-03,40,117,5,2021–2022
notmoeez,https://github.com/notmoeez,102456789,2022-03,17,117,5,2021–2022
yahyalogics,https://github.com/yahyalogics,100808717,2022-03,16,115,5,2021–2022
Nouman-Mughal,https://github.com/Nouman-Mughal,102754788,2022-03,29,114,5,2021–2022
izzanaseer,https://github.com/izzanaseer,102372148,2022-03,19,113,5,2021–2022
Abdul-AhadKhan,https://github.com/Abdul-AhadKhan,101876497,2022-03,23,112,5,2021–2022
chzeeshansaleem,https://github.com/chzeeshansaleem,100998597,2022-03,44,109,5,2021–2022
kaami419,https://github.com/kaami419,102642833,2022-03,35,109,5,2021–2022
Noman-Javaid,https://github.com/Noman-Javaid,101640551,2022-03,11,104,5,2021–2022
iabdulmuqeet,https://github.com/iabdulmuqeet,100795440,2022-03,15,103,5,2021–2022
hannanhanif786,https://github.com/hannanhanif786,100766045,2022-03,31,101,5,2021–2022
Kashan321,https://github.com/Kashan321,100875451,2022-03,14,101,5,2021–2022
pmchohan,https://github.com/pmchohan,102051545,2022-03,15,100,5,2021–2022
JamshaidMehmood,https://github.com/JamshaidMehmood,102678733,2022-03,35,96,5,2021–2022
NoumanSabir01,https://github.com/NoumanSabir01,101170087,2022-03,8,96,5,2021–2022
jasimim13,https://github.com/jasimim13,101968752,2022-03,15,95,5,2021–2022
umair-shehzad,https://github.com/umair-shehzad,101711374,2022-03,76,94,5,2021–2022
taimoorsiddique13,https://github.com/taimoorsiddique13,102427805,2022-03,17,92,5,2021–2022
EkaanAbbas,https://github.com/EkaanAbbas,101990803,2022-03,23,91,5,2021–2022
daniyal9999,https://github.com/daniyal9999,101814302,2022-03,20,91,5,2021–2022
muhammad-naveed-brainx,https://github.com/muhammad-naveed-brainx,102012224,2022-03,11,84,5,2021–2022
aliabbas30,https://github.com/aliabbas30,102746791,2022-03,41,83,5,2021–2022
Salman-Tanveer,https://github.com/Salman-Tanveer,101503675,2022-03,23,82,5,2021–2022
Soft42111,https://github.com/Soft42111,101866852,2022-03,10,81,5,2021–2022
AbdullahFaisal63,https://github.com/AbdullahFaisal63,101331888,2022-03,12,80,5,2021–2022
hamzashahzadchattha,https://github.com/hamzashahzadchattha,101829650,2022-03,14,78,5,2021–2022
Zavian3,https://github.com/Zavian3,101244437,2022-03,10,78,5,2021–2022
qureshisamad,https://github.com/qureshisamad,102527978,2022-03,12,77,5,2021–2022
Jafar089,https://github.com/Jafar089,101875212,2022-03,43,76,5,2021–2022
muhammadbilal181197,https://github.com/muhammadbilal181197,102066665,2022-03,22,76,5,2021–2022
AbdulRehmanRattu,https://github.com/AbdulRehmanRattu,101714703,2022-03,20,75,5,2021–2022
Zahidkhan816,https://github.com/Zahidkhan816,102669023,2022-03,30,74,5,2021–2022
Abdul-8888,https://github.com/Abdul-8888,101495946,2022-03,26,73,5,2021–2022
UmarHanifAdil1,https://github.com/UmarHanifAdil1,102751989,2022-03,10,73,5,2021–2022
TheSaqibShehzad,https://github.com/TheSaqibShehzad,101728571,2022-03,17,72,5,2021–2022
Tanzeel-Ahmed,https://github.com/Tanzeel-Ahmed,101175855,2022-03,6,72,5,2021–2022
muhammadnumann,https://github.com/muhammadnumann,101637603,2022-03,34,70,5,2021–2022
Wasif-Maqsood,https://github.com/Wasif-Maqsood,101914572,2022-03,19,69,5,2021–2022
Aroosh-Ahmed,https://github.com/Aroosh-Ahmed,101184468,2022-03,6,69,5,2021–2022
sabahat-latif12,https://github.com/sabahat-latif12,102590319,2022-03,6,65,5,2021–2022
mohsinmehmood138,https://github.com/mohsinmehmood138,102666371,2022-03,13,64,5,2021–2022
bismaAli02,https://github.com/bismaAli02,101520133,2022-03,33,62,5,2021–2022
tayyabhassantarar,https://github.com/tayyabhassantarar,102297767,2022-03,13,60,5,2021–2022
ahmedanwarr,https://github.com/ahmedanwarr,101501165,2022-03,10,60,5,2021–2022
dhami11,https://github.com/dhami11,101620346,2022-03,10,59,5,2021–2022
Ali-ror,https://github.com/Ali-ror,101088073,2022-03,10,59,5,2021–2022
Usama2313,https://github.com/Usama2313,102158308,2022-03,7,59,5,2021–2022
muhammadtayyabrajput,https://github.com/muhammadtayyabrajput,102616744,2022-03,18,58,5,2021–2022
Taha-292,https://github.com/Taha-292,102575539,2022-03,16,58,5,2021–2022
husnain15,https://github.com/husnain15,101319521,2022-03,15,58,5,2021–2022
attaurrahmanpl,https://github.com/attaurrahmanpl,101723857,2022-03,12,56,5,2021–2022
Usamait13,https://github.com/Usamait13,101570148,2022-03,10,55,5,2021–2022
burhan-sabir-brainx,https://github.com/burhan-sabir-brainx,101082893,2022-03,20,51,5,2021–2022
zubairali001,https://github.com/zubairali001,102301091,2022-03,13,50,5,2021–2022
Kafait-Ullah,https://github.com/Kafait-Ullah,101938038,2022-03,9,50,5,2021–2022
ibtisam051,https://github.com/ibtisam051,101119802,2022-03,12,48,5,2021–2022
raja-hassan,https://github.com/raja-hassan,102755653,2022-03,47,47,5,2021–2022
aliraza047,https://github.com/aliraza047,100675976,2022-03,6,47,5,2021–2022
amHariskhan,https://github.com/amHariskhan,102031142,2022-03,9,46,5,2021–2022
Ahsan-pixel,https://github.com/Ahsan-pixel,101586293,2022-03,14,45,5,2021–2022
Ali-Hassan33,https://github.com/Ali-Hassan33,101888551,2022-03,7,45,5,2021–2022
UsamaYaseen-DataScience,https://github.com/UsamaYaseen-DataScience,101621407,2022-03,8,44,5,2021–2022
saadiBrr,https://github.com/saadiBrr,102322772,2022-03,6,44,5,2021–2022
NaseemAkram,https://github.com/NaseemAkram,100962067,2022-03,24,43,5,2021–2022
ShahFurqan,https://github.com/ShahFurqan,102348863,2022-03,20,42,5,2021–2022
talhayaseen420,https://github.com/talhayaseen420,101857191,2022-03,7,42,5,2021–2022
Syed-Aizaz,https://github.com/Syed-Aizaz,102752269,2022-03,13,41,5,2021–2022
Faiza-Manzoor03,https://github.com/Faiza-Manzoor03,101856102,2022-03,13,39,5,2021–2022
Usama-Naeem,https://github.com/Usama-Naeem,102511718,2022-03,9,39,5,2021–2022
Tanze1,https://github.com/Tanze1,102034515,2022-03,8,39,5,2021–2022
Usman024,https://github.com/Usman024,101615944,2022-03,8,38,5,2021–2022
EeshaIntizar18,https://github.com/EeshaIntizar18,100834515,2022-03,22,37,5,2021–2022
Sohaibraza33,https://github.com/Sohaibraza33,102359172,2022-03,12,37,5,2021–2022
mujaddidi747,https://github.com/mujaddidi747,101501837,2022-03,7,37,5,2021–2022
Gulfamwattoo,https://github.com/Gulfamwattoo,101501510,2022-03,9,35,5,2021–2022
Zeeshan412,https://github.com/Zeeshan412,101563589,2022-03,17,34,5,2021–2022
usman125471,https://github.com/usman125471,102365772,2022-03,17,31,5,2021–2022
HamzaBadar1217,https://github.com/HamzaBadar1217,101720312,2022-03,15,30,5,2021–2022
Nouman1932,https://github.com/Nouman1932,102658655,2022-03,14,30,5,2021–2022
Anas-Rasheed1,https://github.com/Anas-Rasheed1,102720003,2022-03,13,30,5,2021–2022
itsMuaazAhmed,https://github.com/itsMuaazAhmed,101393740,2022-03,7,29,5,2021–2022
mian8350,https://github.com/mian8350,101642880,2022-03,23,27,5,2021–2022
adnanahmad339,https://github.com/adnanahmad339,101243593,2022-03,13,25,5,2021–2022
MuhammadFanik,https://github.com/MuhammadFanik,101504716,2022-03,10,25,5,2021–2022
MuneebCH002,https://github.com/MuneebCH002,102031093,2022-03,7,25,5,2021–2022
musama4830,https://github.com/musama4830,100842798,2022-03,7,25,5,2021–2022
smartsohail580,https://github.com/smartsohail580,101046892,2022-03,17,24,5,2021–2022
FarhanGadi,https://github.com/FarhanGadi,101845399,2022-03,10,24,5,2021–2022
Fayezaslam,https://github.com/Fayezaslam,102427101,2022-03,9,24,5,2021–2022
jahanzaib-sajjad-brainx,https://github.com/jahanzaib-sajjad-brainx,102477398,2022-03,13,23,5,2021–2022
muhammad-afzaal,https://github.com/muhammad-afzaal,101569501,2022-03,9,23,5,2021–2022
ranaaliraza19,https://github.com/ranaaliraza19,101727550,2022-03,7,23,5,2021–2022
talha7867,https://github.com/talha7867,102154306,2022-03,7,23,5,2021–2022
hamzabhatti367,https://github.com/hamzabhatti367,101938076,2022-03,13,22,5,2021–2022
Mudassar388,https://github.com/Mudassar388,101038335,2022-03,9,22,5,2021–2022
taimoor115,https://github.com/taimoor115,103588026,2022-04,88,1415,5,2021–2022
faheem4531,https://github.com/faheem4531,103141192,2022-04,26,981,5,2021–2022
Ammar-10xe,https://github.com/Ammar-10xe,104595329,2022-04,30,668,5,2021–2022
hammadhttps,https://github.com/hammadhttps,103960660,2022-04,40,603,5,2021–2022
usman-tahir-arhamsoft,https://github.com/usman-tahir-arhamsoft,103725962,2022-04,60,489,5,2021–2022
JAMI-IT,https://github.com/JAMI-IT,103955140,2022-04,34,425,5,2021–2022
iAmAhmad3,https://github.com/iAmAhmad3,103627743,2022-04,28,402,5,2021–2022
Majid9287,https://github.com/Majid9287,103788155,2022-04,24,298,5,2021–2022
saadahmednayerazem,https://github.com/saadahmednayerazem,103878063,2022-04,6,290,5,2021–2022
rumanmlk,https://github.com/rumanmlk,103740784,2022-04,27,289,5,2021–2022
moeezramay,https://github.com/moeezramay,103556161,2022-04,16,283,5,2021–2022
AhsanAliUet,https://github.com/AhsanAliUet,103721691,2022-04,40,268,5,2021–2022
bilalahmad709,https://github.com/bilalahmad709,103741416,2022-04,37,266,5,2021–2022
Ramzan-Ali12,https://github.com/Ramzan-Ali12,103037323,2022-04,38,255,5,2021–2022
Abrar052,https://github.com/Abrar052,103572395,2022-04,24,254,5,2021–2022
AhmerAli412,https://github.com/AhmerAli412,103309505,2022-04,42,251,5,2021–2022
shehzad2126,https://github.com/shehzad2126,102791639,2022-04,37,238,5,2021–2022
Sobia51,https://github.com/Sobia51,104060878,2022-04,11,217,5,2021–2022
bilal-os,https://github.com/bilal-os,102911713,2022-04,23,212,5,2021–2022
waqar-ahmedev,https://github.com/waqar-ahmedev,103100903,2022-04,28,204,5,2021–2022
Affo25,https://github.com/Affo25,104680486,2022-04,26,201,5,2021–2022
Empathizer,https://github.com/Empathizer,103423628,2022-04,12,192,5,2021–2022
kainat-muhammad,https://github.com/kainat-muhammad,103923685,2022-04,48,190,5,2021–2022
waqas-rashid1,https://github.com/waqas-rashid1,102940015,2022-04,20,188,5,2021–2022
Noor508,https://github.com/Noor508,103317938,2022-04,42,187,5,2021–2022
nabeel-anwar,https://github.com/nabeel-anwar,102908549,2022-04,10,179,5,2021–2022
hassannn456,https://github.com/hassannn456,102861714,2022-04,13,162,5,2021–2022
Fahad-Habib,https://github.com/Fahad-Habib,103321842,2022-04,12,160,5,2021–2022
hamzeedev,https://github.com/hamzeedev,103266161,2022-04,23,157,5,2021–2022
AWS228,https://github.com/AWS228,102972529,2022-04,10,155,5,2021–2022
wahab706,https://github.com/wahab706,104023373,2022-04,17,154,5,2021–2022
mujtabaalmas,https://github.com/mujtabaalmas,103959939,2022-04,15,142,5,2021–2022
Hafsajillani,https://github.com/Hafsajillani,103882246,2022-04,40,132,5,2021–2022
ShaheryarRafique,https://github.com/ShaheryarRafique,103287681,2022-04,27,130,5,2021–2022
dev-mohsinmustafa,https://github.com/dev-mohsinmustafa,103858821,2022-04,62,129,5,2021–2022
waqasrana100,https://github.com/waqasrana100,103658547,2022-04,21,121,5,2021–2022
Rizwan-Mansha,https://github.com/Rizwan-Mansha,104033300,2022-04,17,117,5,2021–2022
hussain302,https://github.com/hussain302,104610573,2022-04,20,116,5,2021–2022
nofil-zahid,https://github.com/nofil-zahid,102785477,2022-04,8,113,5,2021–2022
anasn5020,https://github.com/anasn5020,102870259,2022-04,23,112,5,2021–2022
Fahad350,https://github.com/Fahad350,104166080,2022-04,17,110,5,2021–2022
ahmedhere,https://github.com/ahmedhere,104449961,2022-04,27,108,5,2021–2022
aleeinvo,https://github.com/aleeinvo,102956972,2022-04,25,101,5,2021–2022
alihaider63,https://github.com/alihaider63,102802247,2022-04,41,92,5,2021–2022
Huzaifa-X,https://github.com/Huzaifa-X,102866137,2022-04,15,91,5,2021–2022
emanmunir,https://github.com/emanmunir,104212613,2022-04,18,86,5,2021–2022
hammadnadir,https://github.com/hammadnadir,103093271,2022-04,22,85,5,2021–2022
Tooba187,https://github.com/Tooba187,104388267,2022-04,12,84,5,2021–2022
pervaiz425,https://github.com/pervaiz425,103932271,2022-04,15,76,5,2021–2022
ahmadazaankhan,https://github.com/ahmadazaankhan,104677140,2022-04,12,72,5,2021–2022
Malik-Ahtesham-Ahsan,https://github.com/Malik-Ahtesham-Ahsan,102917805,2022-04,25,70,5,2021–2022
MianHadihehe,https://github.com/MianHadihehe,102871544,2022-04,13,70,5,2021–2022
AmmarMaq5ood,https://github.com/AmmarMaq5ood,103896064,2022-04,10,70,5,2021–2022
MehbooAli,https://github.com/MehbooAli,103411245,2022-04,21,68,5,2021–2022
MFaizanSohail,https://github.com/MFaizanSohail,103418312,2022-04,6,67,5,2021–2022
Bilal98815,https://github.com/Bilal98815,102903866,2022-04,14,62,5,2021–2022
AaqibbHasanie,https://github.com/AaqibbHasanie,103883753,2022-04,19,61,5,2021–2022
M-Zeeshan-Hassan,https://github.com/M-Zeeshan-Hassan,104559143,2022-04,11,60,5,2021–2022
AmmarShahzad-D,https://github.com/AmmarShahzad-D,103490130,2022-04,35,58,5,2021–2022
Iqbalqaisrani962,https://github.com/Iqbalqaisrani962,103843234,2022-04,10,57,5,2021–2022
najam015,https://github.com/najam015,103275955,2022-04,6,57,5,2021–2022
Mehar14,https://github.com/Mehar14,103940154,2022-04,7,56,5,2021–2022
Farooq7242,https://github.com/Farooq7242,102990790,2022-04,11,54,5,2021–2022
iamabdulhannan,https://github.com/iamabdulhannan,103562724,2022-04,13,53,5,2021–2022
CoderMian,https://github.com/CoderMian,104327746,2022-04,18,50,5,2021–2022
abdullahx124,https://github.com/abdullahx124,103876122,2022-04,15,48,5,2021–2022
MoustacheMuneeb,https://github.com/MoustacheMuneeb,103443071,2022-04,13,48,5,2021–2022
abdurehmanasif,https://github.com/abdurehmanasif,102989130,2022-04,9,45,5,2021–2022
Ahad182,https://github.com/Ahad182,103118972,2022-04,16,44,5,2021–2022
chocolateCakeShake,https://github.com/chocolateCakeShake,103690313,2022-04,16,42,5,2021–2022
Ahhmad12,https://github.com/Ahhmad12,103560838,2022-04,11,41,5,2021–2022
Mjuma16,https://github.com/Mjuma16,103524976,2022-04,19,39,5,2021–2022
khubaib-fayaz,https://github.com/khubaib-fayaz,104334611,2022-04,16,36,5,2021–2022
husnainsadiq,https://github.com/husnainsadiq,104374793,2022-04,14,36,5,2021–2022
ahmadsiddiqui426,https://github.com/ahmadsiddiqui426,103144057,2022-04,20,35,5,2021–2022
shoaib-sahil,https://github.com/shoaib-sahil,103852061,2022-04,8,34,5,2021–2022
toobaarif,https://github.com/toobaarif,102916053,2022-04,20,32,6,2022–2022
shahzebazhar,https://github.com/shahzebazhar,103964130,2022-04,7,32,6,2022–2022
mubasharmunir,https://github.com/mubasharmunir,103018717,2022-04,18,30,6,2022–2022
Sayed-Roohullah,https://github.com/Sayed-Roohullah,103482417,2022-04,14,30,6,2022–2022
bilalasghar495,https://github.com/bilalasghar495,103982906,2022-04,7,29,6,2022–2022
maybehuraira,https://github.com/maybehuraira,103889449,2022-04,6,28,6,2022–2022
imkAslam,https://github.com/imkAslam,104307999,2022-04,31,27,6,2022–2022
Javaid23,https://github.com/Javaid23,103216267,2022-04,9,27,6,2022–2022
Yeasin-404,https://github.com/Yeasin-404,103716279,2022-04,6,26,6,2022–2022
itxfb,https://github.com/itxfb,102968562,2022-04,7,24,6,2022–2022
zainul136,https://github.com/zainul136,102856109,2022-04,19,21,6,2022–2022
JUTTBRAND,https://github.com/JUTTBRAND,106441016,2022-05,28,1353,6,2022–2022
itxSaaad,https://github.com/itxSaaad,105229182,2022-05,37,1229,6,2022–2022
engineeralihassan,https://github.com/engineeralihassan,106416367,2022-05,93,924,6,2022–2022
VisionCapsule,https://github.com/VisionCapsule,106441972,2022-05,28,819,6,2022–2022
DingWei255,https://github.com/DingWei255,106365731,2022-05,20,819,6,2022–2022
AliMehdi512,https://github.com/AliMehdi512,105543812,2022-05,29,708,6,2022–2022
Zulelee,https://github.com/Zulelee,106396856,2022-05,57,681,6,2022–2022
AbdurRehman60,https://github.com/AbdurRehman60,106397527,2022-05,17,622,6,2022–2022
Sharjeel-Riaz,https://github.com/Sharjeel-Riaz,106305332,2022-05,38,471,6,2022–2022
arslanali19470,https://github.com/arslanali19470,105268642,2022-05,31,466,6,2022–2022
Nasirullahbaig1,https://github.com/Nasirullahbaig1,105837286,2022-05,19,445,6,2022–2022
adeelakmal,https://github.com/adeelakmal,105453427,2022-05,18,443,6,2022–2022
Musabpirzada,https://github.com/Musabpirzada,106014696,2022-05,20,430,6,2022–2022
NareenAsad,https://github.com/NareenAsad,105769828,2022-05,58,414,6,2022–2022
ranaabdullahdev,https://github.com/ranaabdullahdev,105395672,2022-05,24,372,6,2022–2022
Sameerijaz112,https://github.com/Sameerijaz112,105280432,2022-05,47,359,6,2022–2022
FurqanAhmd755181,https://github.com/FurqanAhmd755181,105980389,2022-05,20,353,6,2022–2022
MuhammadAwais47cs,https://github.com/MuhammadAwais47cs,105411148,2022-05,12,317,6,2022–2022
SibghaBhatti,https://github.com/SibghaBhatti,106465420,2022-05,14,271,6,2022–2022
faeztassawar,https://github.com/faeztassawar,105714640,2022-05,10,271,6,2022–2022
minhalawais,https://github.com/minhalawais,105672263,2022-05,25,269,6,2022–2022
HassanRaza375,https://github.com/HassanRaza375,105318011,2022-05,25,266,6,2022–2022
DaniyalXprolabs,https://github.com/DaniyalXprolabs,105202708,2022-05,22,244,6,2022–2022
umerch1,https://github.com/umerch1,105544799,2022-05,16,243,6,2022–2022
Aqdas1234,https://github.com/Aqdas1234,105695259,2022-05,16,243,6,2022–2022
EhtishamSattar,https://github.com/EhtishamSattar,106554718,2022-05,41,224,6,2022–2022
MohsinHaiderSultan,https://github.com/MohsinHaiderSultan,106220219,2022-05,16,217,6,2022–2022
Tawab-Malik,https://github.com/Tawab-Malik,105295180,2022-05,14,200,6,2022–2022
front-end786,https://github.com/front-end786,105598530,2022-05,14,197,6,2022–2022
ShoaibCoduko,https://github.com/ShoaibCoduko,105386182,2022-05,29,183,6,2022–2022
Taha-Khadim,https://github.com/Taha-Khadim,105589914,2022-05,10,164,6,2022–2022
Danisharshad123,https://github.com/Danisharshad123,105735583,2022-05,46,162,6,2022–2022
AhsanAmi,https://github.com/AhsanAmi,106345768,2022-05,19,155,6,2022–2022
MuhammadTayyab88,https://github.com/MuhammadTayyab88,105416506,2022-05,8,151,6,2022–2022
Areeb-ur-Rehman,https://github.com/Areeb-ur-Rehman,105736332,2022-05,45,150,6,2022–2022
mabubakar365,https://github.com/mabubakar365,106477239,2022-05,21,150,6,2022–2022
bilalxcode,https://github.com/bilalxcode,105653645,2022-05,28,149,6,2022–2022
Dawoodakbar,https://github.com/Dawoodakbar,106044682,2022-05,16,149,6,2022–2022
iamishtiaq98,https://github.com/iamishtiaq98,106186892,2022-05,17,147,6,2022–2022
HaroonKhalid222,https://github.com/HaroonKhalid222,105095792,2022-05,9,147,6,2022–2022
Abdullahofficial00,https://github.com/Abdullahofficial00,105612170,2022-05,17,142,6,2022–2022
abdhamza,https://github.com/abdhamza,106471840,2022-05,19,141,6,2022–2022
SYEDMUNEEEB,https://github.com/SYEDMUNEEEB,106615218,2022-05,45,138,6,2022–2022
Fahleen1,https://github.com/Fahleen1,106329502,2022-05,23,137,6,2022–2022
Momina169,https://github.com/Momina169,104770735,2022-05,9,137,6,2022–2022
sameerbjs,https://github.com/sameerbjs,105976062,2022-05,7,136,6,2022–2022
MUHAMMADSAADNAWAZ,https://github.com/MUHAMMADSAADNAWAZ,105714937,2022-05,19,131,6,2022–2022
Usamakofficial,https://github.com/Usamakofficial,106371202,2022-05,31,121,6,2022–2022
sahri16,https://github.com/sahri16,106007463,2022-05,12,121,6,2022–2022
alihamzarao6,https://github.com/alihamzarao6,104719764,2022-05,32,119,6,2022–2022
hammad-44,https://github.com/hammad-44,105510746,2022-05,13,119,6,2022–2022
ziyadtalha,https://github.com/ziyadtalha,105555466,2022-05,16,114,6,2022–2022
FurqanRahim,https://github.com/FurqanRahim,106288366,2022-05,9,114,6,2022–2022
abdulrehmanmani,https://github.com/abdulrehmanmani,105709582,2022-05,6,114,6,2022–2022
iamahmadpk,https://github.com/iamahmadpk,105623512,2022-05,23,113,6,2022–2022
afaqahmad01,https://github.com/afaqahmad01,105989774,2022-05,15,112,6,2022–2022
Adil-Rafiq,https://github.com/Adil-Rafiq,105907878,2022-05,31,108,6,2022–2022
Abdullah-Ansari1,https://github.com/Abdullah-Ansari1,106316271,2022-05,30,108,6,2022–2022
bilaltahir21,https://github.com/bilaltahir21,106396899,2022-05,21,106,6,2022–2022
asadmughal786,https://github.com/asadmughal786,106271884,2022-05,17,105,6,2022–2022
ahmadgazalii,https://github.com/ahmadgazalii,105190517,2022-05,50,104,6,2022–2022
usamaahmed97,https://github.com/usamaahmed97,106309802,2022-05,11,102,6,2022–2022
ShabanaAsif,https://github.com/ShabanaAsif,106472867,2022-05,47,91,6,2022–2022
M-Huzefa,https://github.com/M-Huzefa,105141452,2022-05,11,82,6,2022–2022
Hanzlazahid,https://github.com/Hanzlazahid,105490732,2022-05,8,82,6,2022–2022
AmjadxDev,https://github.com/AmjadxDev,105961199,2022-05,18,81,6,2022–2022
Fawadahmed123009,https://github.com/Fawadahmed123009,105943091,2022-05,19,74,6,2022–2022
Laibii1,https://github.com/Laibii1,106284661,2022-05,10,73,6,2022–2022
Ammadkhan462,https://github.com/Ammadkhan462,106272891,2022-05,37,71,6,2022–2022
SanaAshraf123,https://github.com/SanaAshraf123,105644971,2022-05,18,69,6,2022–2022
ahsen7,https://github.com/ahsen7,105297816,2022-05,17,68,6,2022–2022
loku5534,https://github.com/loku5534,105374389,2022-05,12,68,6,2022–2022
aliirfan23,https://github.com/aliirfan23,105941056,2022-05,8,68,6,2022–2022
muhammadzubairasim,https://github.com/muhammadzubairasim,106340949,2022-05,13,66,6,2022–2022
MuhammadAbdullahNaeem1,https://github.com/MuhammadAbdullahNaeem1,105659099,2022-05,21,65,6,2022–2022
sheraz-amjad,https://github.com/sheraz-amjad,106080137,2022-05,15,59,6,2022–2022
RohailAhmadKhan,https://github.com/RohailAhmadKhan,105988934,2022-05,14,57,6,2022–2022
areeb-obenan,https://github.com/areeb-obenan,105649341,2022-05,12,57,6,2022–2022
Abubakaransari7412,https://github.com/Abubakaransari7412,106095468,2022-05,14,53,6,2022–2022
HaleemaJamil,https://github.com/HaleemaJamil,105904161,2022-05,12,53,6,2022–2022
adnan9867,https://github.com/adnan9867,106154738,2022-05,7,53,6,2022–2022
zainsaeed111,https://github.com/zainsaeed111,105723125,2022-05,8,51,6,2022–2022
shaheerkhalid989,https://github.com/shaheerkhalid989,105590714,2022-05,9,49,6,2022–2022
zunairwaheed,https://github.com/zunairwaheed,106139550,2022-05,9,48,6,2022–2022
E3zz,https://github.com/E3zz,106545119,2022-05,15,43,6,2022–2022
naumandeveloper1,https://github.com/naumandeveloper1,105642969,2022-05,20,42,6,2022–2022
muhammadzuhaab,https://github.com/muhammadzuhaab,105098018,2022-05,9,41,6,2022–2022
lasanishop,https://github.com/lasanishop,106479742,2022-05,7,40,6,2022–2022
MuhammadFarooq2022,https://github.com/MuhammadFarooq2022,105657245,2022-05,12,39,6,2022–2022
Mariaiftikhar1999,https://github.com/Mariaiftikhar1999,105150586,2022-05,28,38,6,2022–2022
wasihyderr,https://github.com/wasihyderr,106431305,2022-05,9,37,6,2022–2022
Mahrukhagha,https://github.com/Mahrukhagha,105236962,2022-05,12,34,6,2022–2022
muhammadhammad234,https://github.com/muhammadhammad234,104882555,2022-05,9,34,6,2022–2022
Usman16Mirza,https://github.com/Usman16Mirza,105448763,2022-05,6,34,6,2022–2022
MuhammadTayyab7,https://github.com/MuhammadTayyab7,106114876,2022-05,15,33,6,2022–2022
AzeemKhan482,https://github.com/AzeemKhan482,104724412,2022-05,6,33,6,2022–2022
BilalJami,https://github.com/BilalJami,105096060,2022-05,16,30,6,2022–2022
sohaibkhan027,https://github.com/sohaibkhan027,106508904,2022-05,13,30,6,2022–2022
iabubakardev,https://github.com/iabubakardev,106555051,2022-05,12,30,6,2022–2022
Muhammad-Shahroz-Siddiqui,https://github.com/Muhammad-Shahroz-Siddiqui,105804083,2022-05,9,30,6,2022–2022
RaoFaizanAkram,https://github.com/RaoFaizanAkram,106604288,2022-05,12,29,6,2022–2022
Hamza-Maqbool,https://github.com/Hamza-Maqbool,106111978,2022-05,11,27,6,2022–2022
Zaif-Ali,https://github.com/Zaif-Ali,105542470,2022-05,8,27,6,2022–2022
Muzna-farooq,https://github.com/Muzna-farooq,105789636,2022-05,12,26,6,2022–2022
Danish20002,https://github.com/Danish20002,106392505,2022-05,10,26,6,2022–2022
Muhammad-Umer-Habib,https://github.com/Muhammad-Umer-Habib,106329605,2022-05,8,25,6,2022–2022
iamjunaidakram,https://github.com/iamjunaidakram,105750119,2022-05,11,23,6,2022–2022
MianUzyerImran,https://github.com/MianUzyerImran,104768127,2022-05,10,23,6,2022–2022
awais2k2,https://github.com/awais2k2,106471770,2022-05,8,23,6,2022–2022
Mohammad-Usama,https://github.com/Mohammad-Usama,106417874,2022-05,7,23,6,2022–2022
ZaidAlvi786,https://github.com/ZaidAlvi786,108406627,2022-06,20,2061,6,2022–2022
khuzaima-a,https://github.com/khuzaima-a,107122634,2022-06,16,1473,6,2022–2022
Salman-Irfan,https://github.com/Salman-Irfan,107026575,2022-06,88,1119,6,2022–2022
poetabdullah,https://github.com/poetabdullah,107980071,2022-06,24,1054,6,2022–2022
malikhamza-v,https://github.com/malikhamza-v,106825125,2022-06,15,853,6,2022–2022
Shahbaz-Khawaja,https://github.com/Shahbaz-Khawaja,106734372,2022-06,6,700,6,2022–2022
AzanAdnan23,https://github.com/AzanAdnan23,108145762,2022-06,54,584,6,2022–2022
umar792,https://github.com/umar792,106830172,2022-06,60,510,6,2022–2022
usamaashfaqpk,https://github.com/usamaashfaqpk,108361191,2022-06,8,478,6,2022–2022
kingpin147,https://github.com/kingpin147,108257688,2022-06,92,466,6,2022–2022
MD6966,https://github.com/MD6966,107185992,2022-06,33,425,6,2022–2022
Aftab862,https://github.com/Aftab862,107935038,2022-06,25,412,6,2022–2022
Ahm3d-Shaikh,https://github.com/Ahm3d-Shaikh,108265610,2022-06,20,405,6,2022–2022
Muhammad-Yaqoob-4110,https://github.com/Muhammad-Yaqoob-4110,107620744,2022-06,39,361,6,2022–2022
HoneyDon,https://github.com/HoneyDon,106731732,2022-06,18,354,6,2022–2022
talibraath,https://github.com/talibraath,107783888,2022-06,34,351,6,2022–2022
Abdullah-Mehtab,https://github.com/Abdullah-Mehtab,107294884,2022-06,24,350,6,2022–2022
Azadak12,https://github.com/Azadak12,107694562,2022-06,41,346,6,2022–2022
tayyabsarfraz,https://github.com/tayyabsarfraz,107428777,2022-06,25,345,6,2022–2022
Mohsin-Javed48,https://github.com/Mohsin-Javed48,107718227,2022-06,39,343,6,2022–2022
amirmureed,https://github.com/amirmureed,108210475,2022-06,19,317,6,2022–2022
Awais-Rao,https://github.com/Awais-Rao,108420364,2022-06,50,316,6,2022–2022
mosafdarr,https://github.com/mosafdarr,107248111,2022-06,36,299,6,2022–2022
muneebr-dev,https://github.com/muneebr-dev,108025117,2022-06,19,284,6,2022–2022
zainansar41,https://github.com/zainansar41,108021130,2022-06,40,283,6,2022–2022
qadirjaved1999,https://github.com/qadirjaved1999,108120593,2022-06,86,282,6,2022–2022
ZiaurRehmanmalhi,https://github.com/ZiaurRehmanmalhi,108178442,2022-06,51,276,6,2022–2022
Noman050,https://github.com/Noman050,107186063,2022-06,32,271,6,2022–2022
AhmedAsim-31,https://github.com/AhmedAsim-31,108008682,2022-06,17,250,6,2022–2022
abdullah7896,https://github.com/abdullah7896,106842300,2022-06,8,250,6,2022–2022
Navedijaz480,https://github.com/Navedijaz480,108343564,2022-06,84,245,6,2022–2022
Hamza1803641,https://github.com/Hamza1803641,108284178,2022-06,16,241,6,2022–2022
mdevvx,https://github.com/mdevvx,107535519,2022-06,41,235,6,2022–2022
Muhammadimran7808,https://github.com/Muhammadimran7808,107796062,2022-06,36,225,6,2022–2022
uzair-imtiaz,https://github.com/uzair-imtiaz,107175205,2022-06,19,217,6,2022–2022
dawoodmalhi,https://github.com/dawoodmalhi,108114011,2022-06,12,213,6,2022–2022
shobeee,https://github.com/shobeee,108212593,2022-06,47,204,6,2022–2022
Abduullaahh,https://github.com/Abduullaahh,108390173,2022-06,15,201,6,2022–2022
fidaakhon,https://github.com/fidaakhon,108273264,2022-06,41,200,6,2022–2022
Tanveer-Nawaz,https://github.com/Tanveer-Nawaz,107609630,2022-06,8,195,6,2022–2022
awais540727,https://github.com/awais540727,108219965,2022-06,33,188,6,2022–2022
owsym,https://github.com/owsym,108088072,2022-06,53,183,6,2022–2022
M-Shariq-546,https://github.com/M-Shariq-546,107953192,2022-06,34,183,6,2022–2022
raahemn,https://github.com/raahemn,108220660,2022-06,8,183,6,2022–2022
AsadSaddiq,https://github.com/AsadSaddiq,106762577,2022-06,27,162,6,2022–2022
kaleemullah786,https://github.com/kaleemullah786,108057345,2022-06,21,159,6,2022–2022
Mikkk1,https://github.com/Mikkk1,106787132,2022-06,39,155,6,2022–2022
SaadH-077,https://github.com/SaadH-077,107247027,2022-06,17,155,6,2022–2022
muhammad-afaq16,https://github.com/muhammad-afaq16,107768535,2022-06,42,154,6,2022–2022
shzdehmd,https://github.com/shzdehmd,107808273,2022-06,9,152,6,2022–2022
uzair-anwar,https://github.com/uzair-anwar,107038841,2022-06,50,148,6,2022–2022
Hafiz-Hamza-Ali,https://github.com/Hafiz-Hamza-Ali,107542098,2022-06,12,145,6,2022–2022
ahmed8047762,https://github.com/ahmed8047762,107484595,2022-06,20,143,6,2022–2022
hmalykhan,https://github.com/hmalykhan,108005381,2022-06,11,143,6,2022–2022
devhassanhafeez,https://github.com/devhassanhafeez,108194691,2022-06,19,140,6,2022–2022
FR1998,https://github.com/FR1998,107143531,2022-06,15,139,6,2022–2022
msakrambutt,https://github.com/msakrambutt,108168739,2022-06,39,136,6,2022–2022
MIRFAN1N,https://github.com/MIRFAN1N,107563495,2022-06,10,136,6,2022–2022
SheikhAnas999,https://github.com/SheikhAnas999,108128656,2022-06,15,135,6,2022–2022
HaroonShahid1,https://github.com/HaroonShahid1,108454007,2022-06,34,128,6,2022–2022
Bilal-2,https://github.com/Bilal-2,107888984,2022-06,11,127,6,2022–2022
JavedJutt,https://github.com/JavedJutt,106674476,2022-06,15,123,6,2022–2022
abdulwahab56,https://github.com/abdulwahab56,108251096,2022-06,33,121,6,2022–2022
Abdulix,https://github.com/Abdulix,106888411,2022-06,14,121,6,2022–2022
Hananrana,https://github.com/Hananrana,107425416,2022-06,11,121,6,2022–2022
code-with-qasim,https://github.com/code-with-qasim,107983696,2022-06,11,120,6,2022–2022
ahmad-junior,https://github.com/ahmad-junior,107160318,2022-06,22,118,6,2022–2022
essashahid,https://github.com/essashahid,107046276,2022-06,16,118,6,2022–2022
wahajalam,https://github.com/wahajalam,108489247,2022-06,15,109,6,2022–2022
Abdurrehman4u,https://github.com/Abdurrehman4u,108186523,2022-06,25,104,6,2022–2022
ahmadalirizvi,https://github.com/ahmadalirizvi,108014491,2022-06,12,104,6,2022–2022
shahidbutt-999,https://github.com/shahidbutt-999,107403832,2022-06,11,100,6,2022–2022
HafizAbdullahUmar,https://github.com/HafizAbdullahUmar,108179811,2022-06,16,98,6,2022–2022
MrSattarCheema,https://github.com/MrSattarCheema,107922620,2022-06,17,97,6,2022–2022
muzamil-rashdi,https://github.com/muzamil-rashdi,108181201,2022-06,16,96,6,2022–2022
Rabia-Batool455,https://github.com/Rabia-Batool455,107294529,2022-06,36,89,6,2022–2022
Zee-shanHaider,https://github.com/Zee-shanHaider,107446876,2022-06,18,89,6,2022–2022
m-ahmad3,https://github.com/m-ahmad3,106882533,2022-06,11,85,6,2022–2022
dev-rehan-azaz,https://github.com/dev-rehan-azaz,108143633,2022-06,13,83,6,2022–2022
Abdulrehman3802,https://github.com/Abdulrehman3802,108468341,2022-06,24,82,6,2022–2022
usamaali1155,https://github.com/usamaali1155,107593171,2022-06,19,80,6,2022–2022
usman-saadat,https://github.com/usman-saadat,108267487,2022-06,7,80,6,2022–2022
MRRafay42,https://github.com/MRRafay42,108269727,2022-06,6,74,6,2022–2022
Hasnainabbasdaghonivi,https://github.com/Hasnainabbasdaghonivi,106819238,2022-06,21,73,6,2022–2022
Arslan952,https://github.com/Arslan952,108229469,2022-06,20,73,6,2022–2022
uzair045210,https://github.com/uzair045210,107977743,2022-06,11,71,6,2022–2022
AbdulRaheem02,https://github.com/AbdulRaheem02,106739214,2022-06,9,70,6,2022–2022
Muneeb-Awan,https://github.com/Muneeb-Awan,107941248,2022-06,13,68,6,2022–2022
syed942,https://github.com/syed942,107243363,2022-06,43,67,6,2022–2022
mehrozh07,https://github.com/mehrozh07,107355130,2022-06,14,65,6,2022–2022
ReyHaider,https://github.com/ReyHaider,107354567,2022-06,16,64,6,2022–2022
NomanJafar,https://github.com/NomanJafar,107640889,2022-06,36,63,6,2022–2022
Mishi586,https://github.com/Mishi586,107922669,2022-06,25,63,6,2022–2022
asifnaseebi,https://github.com/asifnaseebi,108179217,2022-06,32,61,6,2022–2022
TecjauntOfficial,https://github.com/TecjauntOfficial,108401837,2022-06,9,58,6,2022–2022
AbuzarkhanAfridi10,https://github.com/AbuzarkhanAfridi10,106729634,2022-06,6,56,6,2022–2022
haroon7v,https://github.com/haroon7v,108116694,2022-06,13,55,6,2022–2022
Usamazafar035,https://github.com/Usamazafar035,107071079,2022-06,9,55,6,2022–2022
talal-swati,https://github.com/talal-swati,107675629,2022-06,56,53,6,2022–2022
zainjm,https://github.com/zainjm,108233504,2022-06,15,52,6,2022–2022
Syed-Hamza-Ali,https://github.com/Syed-Hamza-Ali,107107963,2022-06,13,52,6,2022–2022
maheenamin9,https://github.com/maheenamin9,106862159,2022-06,18,51,6,2022–2022
saqlainAfdev,https://github.com/saqlainAfdev,106824551,2022-06,7,51,6,2022–2022
zainjafar4829,https://github.com/zainjafar4829,107625051,2022-06,8,49,6,2022–2022
ranajaffar259,https://github.com/ranajaffar259,108276190,2022-06,6,48,6,2022–2022
razibutt01,https://github.com/razibutt01,107924914,2022-06,16,46,6,2022–2022
sidranaeemsidi,https://github.com/sidranaeemsidi,107788062,2022-06,15,46,6,2022–2022
Ayeshaahmadkhan,https://github.com/Ayeshaahmadkhan,108293166,2022-06,14,46,6,2022–2022
cognetheus,https://github.com/cognetheus,107320347,2022-06,6,44,6,2022–2022
gullariz12,https://github.com/gullariz12,106731376,2022-06,7,43,6,2022–2022
Muhammad-Farooq151,https://github.com/Muhammad-Farooq151,108211584,2022-06,6,43,6,2022–2022
usamahafeez567,https://github.com/usamahafeez567,107476182,2022-06,12,42,6,2022–2022
shahzadmalk,https://github.com/shahzadmalk,107763325,2022-06,9,41,6,2022–2022
Hammad389,https://github.com/Hammad389,107891006,2022-06,7,41,6,2022–2022
AhmedAshraf-555,https://github.com/AhmedAshraf-555,107930680,2022-06,16,40,6,2022–2022
farhan39,https://github.com/farhan39,106900447,2022-06,23,39,6,2022–2022
fojimudassar,https://github.com/fojimudassar,108260417,2022-06,23,39,6,2022–2022
M-Nadeem-AIML,https://github.com/M-Nadeem-AIML,107767374,2022-06,16,39,6,2022–2022
shahbazr77,https://github.com/shahbazr77,108255022,2022-06,21,37,6,2022–2022
NaeemUllah98,https://github.com/NaeemUllah98,106723598,2022-06,16,36,6,2022–2022
Tallat-Amin,https://github.com/Tallat-Amin,106815803,2022-06,9,36,6,2022–2022
afrazkhan1407,https://github.com/afrazkhan1407,107937404,2022-06,9,33,6,2022–2022
Waleed-Zaheer,https://github.com/Waleed-Zaheer,107542499,2022-06,7,33,6,2022–2022
aliidurraniii,https://github.com/aliidurraniii,108231761,2022-06,8,32,6,2022–2022
huzaifahazelGit,https://github.com/huzaifahazelGit,107028141,2022-06,23,31,6,2022–2022
noman619,https://github.com/noman619,108071469,2022-06,7,31,6,2022–2022
MohsinRehan,https://github.com/MohsinRehan,106739946,2022-06,15,29,6,2022–2022
MuhmmadAli007,https://github.com/MuhmmadAli007,107881056,2022-06,12,29,6,2022–2022
hh2150597,https://github.com/hh2150597,106970474,2022-06,12,28,6,2022–2022
faisalctpl,https://github.com/faisalctpl,107804573,2022-06,16,27,6,2022–2022
Farhan-Waseem,https://github.com/Farhan-Waseem,107925570,2022-06,12,26,6,2022–2022
ahmad-commits,https://github.com/ahmad-commits,107901299,2022-06,8,26,6,2022–2022
Asiffreelance,https://github.com/Asiffreelance,108043352,2022-06,8,25,6,2022–2022
eshashakir,https://github.com/eshashakir,106910628,2022-06,17,24,6,2022–2022
Pathan07,https://github.com/Pathan07,107301269,2022-06,13,24,6,2022–2022
mnsagacious,https://github.com/mnsagacious,107097762,2022-06,12,24,6,2022–2022
rehan663,https://github.com/rehan663,106887733,2022-06,9,23,6,2022–2022
Nouman159,https://github.com/Nouman159,110325544,2022-07,42,1749,6,2022–2022
taaaf11,https://github.com/taaaf11,109919009,2022-07,77,1238,6,2022–2022
umair-rao,https://github.com/umair-rao,109624418,2022-07,74,1075,6,2022–2022
Fakher-Zaman,https://github.com/Fakher-Zaman,108528664,2022-07,48,1074,6,2022–2022
HafizMassamTabraizKhan,https://github.com/HafizMassamTabraizKhan,109702354,2022-07,48,1032,6,2022–2022
JawwadAhmadDev,https://github.com/JawwadAhmadDev,109460336,2022-07,46,1005,6,2022–2022
zainabzahid711,https://github.com/zainabzahid711,108534854,2022-07,22,894,6,2022–2022
Shawaal-Nadeem,https://github.com/Shawaal-Nadeem,110089331,2022-07,62,842,6,2022–2022
netlessio,https://github.com/netlessio,109853277,2022-07,16,763,6,2022–2022
mustaqeemtariq,https://github.com/mustaqeemtariq,108827050,2022-07,40,669,6,2022–2022
buttafraz22,https://github.com/buttafraz22,109384539,2022-07,53,619,6,2022–2022
arqamtahir,https://github.com/arqamtahir,108735137,2022-07,8,603,6,2022–2022
AhmedBilalBhatti,https://github.com/AhmedBilalBhatti,110194946,2022-07,12,551,6,2022–2022
shaqqitech,https://github.com/shaqqitech,108994001,2022-07,99,456,6,2022–2022
Kamran-it009,https://github.com/Kamran-it009,109745004,2022-07,33,447,6,2022–2022
mukhbit0,https://github.com/mukhbit0,108761562,2022-07,14,404,6,2022–2022
SaaKho,https://github.com/SaaKho,109228868,2022-07,29,396,6,2022–2022
maham1033,https://github.com/maham1033,109579257,2022-07,66,383,6,2022–2022
samishakoor,https://github.com/samishakoor,108834339,2022-07,40,360,6,2022–2022
adan-s,https://github.com/adan-s,109542350,2022-07,19,359,6,2022–2022
Ahmed949916,https://github.com/Ahmed949916,109620776,2022-07,18,354,6,2022–2022
Holy-Morphism,https://github.com/Holy-Morphism,109443379,2022-07,18,347,6,2022–2022
Sohaib-Azhar010,https://github.com/Sohaib-Azhar010,108861782,2022-07,52,340,6,2022–2022
Aghmaz,https://github.com/Aghmaz,109515276,2022-07,52,336,6,2022–2022
codewithmoju,https://github.com/codewithmoju,109700554,2022-07,9,327,6,2022–2022
ubaidullaah,https://github.com/ubaidullaah,109977195,2022-07,54,298,6,2022–2022
Javeriach,https://github.com/Javeriach,109088965,2022-07,21,287,6,2022–2022
burakbinmunir,https://github.com/burakbinmunir,108978796,2022-07,40,286,6,2022–2022
moeen4128,https://github.com/moeen4128,109479136,2022-07,33,283,6,2022–2022
ansar062,https://github.com/ansar062,109860407,2022-07,19,279,6,2022–2022
Nida506,https://github.com/Nida506,109359002,2022-07,16,275,6,2022–2022
aliaftabk,https://github.com/aliaftabk,110173898,2022-07,28,268,6,2022–2022
zahidyasinmittha,https://github.com/zahidyasinmittha,108924162,2022-07,21,257,6,2022–2022
Muhammad-Ali75,https://github.com/Muhammad-Ali75,110159507,2022-07,20,244,6,2022–2022
ayeshasikander,https://github.com/ayeshasikander,108881675,2022-07,46,242,6,2022–2022
fighting45,https://github.com/fighting45,109465124,2022-07,25,237,6,2022–2022
ilovedata6,https://github.com/ilovedata6,109971696,2022-07,33,236,6,2022–2022
SyedAliNice,https://github.com/SyedAliNice,110085621,2022-07,32,235,6,2022–2022
ZahraYasin2209,https://github.com/ZahraYasin2209,109916495,2022-07,13,234,6,2022–2022
MHassaanAdil440,https://github.com/MHassaanAdil440,109539175,2022-07,26,232,6,2022–2022
junaid-1013,https://github.com/junaid-1013,108614827,2022-07,12,232,6,2022–2022
dannijanni604,https://github.com/dannijanni604,109460678,2022-07,24,225,6,2022–2022
haid-er,https://github.com/haid-er,109347816,2022-07,19,223,6,2022–2022
Ahmad-045,https://github.com/Ahmad-045,108732391,2022-07,15,223,6,2022–2022
h4roons,https://github.com/h4roons,109343967,2022-07,13,218,6,2022–2022
MuhammadAhmad123a,https://github.com/MuhammadAhmad123a,109463707,2022-07,30,203,6,2022–2022
HassanRasool1,https://github.com/HassanRasool1,109318661,2022-07,39,199,6,2022–2022
Kashan-Haider,https://github.com/Kashan-Haider,110169237,2022-07,34,199,6,2022–2022
Mirzasalman11,https://github.com/Mirzasalman11,110352951,2022-07,76,196,6,2022–2022
Shaheer-Ahmd,https://github.com/Shaheer-Ahmd,110221120,2022-07,30,196,6,2022–2022
hasnainsajid824,https://github.com/hasnainsajid824,108587926,2022-07,12,194,6,2022–2022
tanavishali,https://github.com/tanavishali,110098816,2022-07,65,191,6,2022–2022
MuhammadMoazam,https://github.com/MuhammadMoazam,109450741,2022-07,24,190,6,2022–2022
Rohail-Zuberi,https://github.com/Rohail-Zuberi,109893544,2022-07,21,188,6,2022–2022
mzeeshan2005,https://github.com/mzeeshan2005,109790792,2022-07,15,172,6,2022–2022
MoosaImran50,https://github.com/MoosaImran50,108832275,2022-07,27,164,6,2022–2022
aliamanatali,https://github.com/aliamanatali,110217234,2022-07,30,162,6,2022–2022
Abdullah-dev-SE,https://github.com/Abdullah-dev-SE,109591655,2022-07,8,162,6,2022–2022
MuhammadAmann,https://github.com/MuhammadAmann,109753345,2022-07,16,160,6,2022–2022
Abdullahiqbal2021,https://github.com/Abdullahiqbal2021,110277384,2022-07,20,156,6,2022–2022
ShehryarGondal1,https://github.com/ShehryarGondal1,108765818,2022-07,39,150,6,2022–2022
Aimancod01,https://github.com/Aimancod01,109482563,2022-07,36,144,6,2022–2022
safiullah28,https://github.com/safiullah28,110291911,2022-07,47,140,6,2022–2022
HaiderAli777,https://github.com/HaiderAli777,109486475,2022-07,20,140,6,2022–2022
usmanrehmani126,https://github.com/usmanrehmani126,110091854,2022-07,49,139,6,2022–2022
mianxdeveloper,https://github.com/mianxdeveloper,108501720,2022-07,16,138,6,2022–2022
hammadali072,https://github.com/hammadali072,110229084,2022-07,14,135,6,2022–2022
NamrahAkram2655,https://github.com/NamrahAkram2655,109416166,2022-07,27,133,6,2022–2022
rouhan14,https://github.com/rouhan14,108995713,2022-07,22,128,6,2022–2022
iamsaad640,https://github.com/iamsaad640,108952369,2022-07,37,125,6,2022–2022
HafizAhmed223,https://github.com/HafizAhmed223,110113254,2022-07,28,125,6,2022–2022
Qurat-Ain1412,https://github.com/Qurat-Ain1412,108611536,2022-07,19,123,6,2022–2022
shahid099,https://github.com/shahid099,108601827,2022-07,17,118,6,2022–2022
Afzal-Webdev,https://github.com/Afzal-Webdev,110358459,2022-07,17,118,6,2022–2022
MuhammadZubair-hub,https://github.com/MuhammadZubair-hub,109786674,2022-07,10,114,6,2022–2022
owaistariq8,https://github.com/owaistariq8,108536858,2022-07,6,113,6,2022–2022
Hasnainsardarr,https://github.com/Hasnainsardarr,110296575,2022-07,28,112,6,2022–2022
Hamza-cds,https://github.com/Hamza-cds,108741305,2022-07,8,110,6,2022–2022
SyedFaisaLAbrar,https://github.com/SyedFaisaLAbrar,108712689,2022-07,15,107,6,2022–2022
Ibrahim-Hamdani,https://github.com/Ibrahim-Hamdani,108833700,2022-07,33,99,6,2022–2022
MuhammadSalmanAhmad,https://github.com/MuhammadSalmanAhmad,109271959,2022-07,31,97,6,2022–2022
abdullah-khan-kakar,https://github.com/abdullah-khan-kakar,110154936,2022-07,12,97,6,2022–2022
R-Rubab,https://github.com/R-Rubab,110218324,2022-07,24,93,6,2022–2022
eng-qasim118,https://github.com/eng-qasim118,109067026,2022-07,20,92,6,2022–2022
AbubakarNaveed,https://github.com/AbubakarNaveed,109899914,2022-07,16,90,6,2022–2022
ahmadwaqar17,https://github.com/ahmadwaqar17,109695365,2022-07,23,86,6,2022–2022
ALI-ABDULLAH21,https://github.com/ALI-ABDULLAH21,109481358,2022-07,29,85,6,2022–2022
ali-iqbal-brainx,https://github.com/ali-iqbal-brainx,109265894,2022-07,28,84,6,2022–2022
Muhammad-Danish1,https://github.com/Muhammad-Danish1,108603215,2022-07,23,84,6,2022–2022
SadiaAdrees,https://github.com/SadiaAdrees,110346827,2022-07,11,84,6,2022–2022
Saad-Chaudhry,https://github.com/Saad-Chaudhry,109550947,2022-07,6,83,6,2022–2022
RohailShafi,https://github.com/RohailShafi,109621259,2022-07,21,82,6,2022–2022
alihassn10,https://github.com/alihassn10,108623069,2022-07,33,81,6,2022–2022
Ahmadali-302,https://github.com/Ahmadali-302,109839776,2022-07,25,81,6,2022–2022
alisidd-00,https://github.com/alisidd-00,109352257,2022-07,39,78,6,2022–2022
AdeelSehgal,https://github.com/AdeelSehgal,108596378,2022-07,9,78,6,2022–2022
Asad-Sabri,https://github.com/Asad-Sabri,108742683,2022-07,16,76,6,2022–2022
ShaharyAli30,https://github.com/ShaharyAli30,110044492,2022-07,21,74,6,2022–2022
ahsanghafoor,https://github.com/ahsanghafoor,108957060,2022-07,7,74,6,2022–2022
mumtaz-zain-brainx,https://github.com/mumtaz-zain-brainx,108723898,2022-07,7,74,6,2022–2022
MariaFajruddin1,https://github.com/MariaFajruddin1,110343359,2022-07,26,73,6,2022–2022
rufus-op,https://github.com/rufus-op,110355459,2022-07,45,72,6,2022–2022
Khurram315048,https://github.com/Khurram315048,109957311,2022-07,9,72,6,2022–2022
Faiq-Khokhar,https://github.com/Faiq-Khokhar,108585447,2022-07,20,70,6,2022–2022
Irtiza001,https://github.com/Irtiza001,110303157,2022-07,18,69,6,2022–2022
abdulapache,https://github.com/abdulapache,110289618,2022-07,23,68,6,2022–2022
MuhammadTalhaJaved-0303,https://github.com/MuhammadTalhaJaved-0303,109798736,2022-07,18,67,6,2022–2022
FakhraRabbani,https://github.com/FakhraRabbani,108950681,2022-07,25,63,6,2022–2022
khizraayaseen,https://github.com/khizraayaseen,109687816,2022-07,9,63,6,2022–2022
Katro87,https://github.com/Katro87,109213327,2022-07,16,61,6,2022–2022
muhammadusman19375,https://github.com/muhammadusman19375,109895179,2022-07,18,60,6,2022–2022
AteeqAslam769,https://github.com/AteeqAslam769,110031067,2022-07,10,60,6,2022–2022
aalimaliimran,https://github.com/aalimaliimran,108981157,2022-07,6,59,6,2022–2022
UmairBaig95,https://github.com/UmairBaig95,108808568,2022-07,22,54,6,2022–2022
agha-shahzaib-ali,https://github.com/agha-shahzaib-ali,109411644,2022-07,19,54,6,2022–2022
mujtaba971,https://github.com/mujtaba971,110151396,2022-07,18,54,6,2022–2022
drwasimahmadkhan,https://github.com/drwasimahmadkhan,110098904,2022-07,9,53,6,2022–2022
MAhtishamAli,https://github.com/MAhtishamAli,109523903,2022-07,8,50,6,2022–2022
dudedani,https://github.com/dudedani,110137412,2022-07,10,49,6,2022–2022
Shehryar-Irshad,https://github.com/Shehryar-Irshad,109610971,2022-07,18,47,6,2022–2022
minahal-fatima,https://github.com/minahal-fatima,109409510,2022-07,24,46,6,2022–2022
tk34395,https://github.com/tk34395,110345497,2022-07,9,46,6,2022–2022
Farasat-Basra,https://github.com/Farasat-Basra,108637667,2022-07,9,44,6,2022–2022
AzmanShakir,https://github.com/AzmanShakir,108943632,2022-07,7,44,6,2022–2022
itsawaishussain,https://github.com/itsawaishussain,109672476,2022-07,17,43,6,2022–2022
Alihaider2k21,https://github.com/Alihaider2k21,109938524,2022-07,12,42,6,2022–2022
saqiburrehman994,https://github.com/saqiburrehman994,110277771,2022-07,8,41,6,2022–2022
Arbaz9299,https://github.com/Arbaz9299,108942827,2022-07,17,40,6,2022–2022
AyeshaShahzadAli09,https://github.com/AyeshaShahzadAli09,108827200,2022-07,13,40,6,2022–2022
Hammad-Asif-Official,https://github.com/Hammad-Asif-Official,108585210,2022-07,11,40,6,2022–2022
mahnewr,https://github.com/mahnewr,109744050,2022-07,7,40,6,2022–2022
fatimakosar12345,https://github.com/fatimakosar12345,109567228,2022-07,10,38,6,2022–2022
Hani-05,https://github.com/Hani-05,109513251,2022-07,13,37,6,2022–2022
MalikHaseeb420,https://github.com/MalikHaseeb420,109809119,2022-07,10,37,6,2022–2022
MaidaBhatti,https://github.com/MaidaBhatti,110061959,2022-07,11,34,6,2022–2022
Afaankamran,https://github.com/Afaankamran,109978800,2022-07,10,33,6,2022–2022
AtifRiaz-uet,https://github.com/AtifRiaz-uet,109757936,2022-07,16,30,6,2022–2022
AsadAhmad01,https://github.com/AsadAhmad01,109947592,2022-07,9,29,6,2022–2022
homzeeh,https://github.com/homzeeh,108839144,2022-07,12,28,6,2022–2022
Asifayub214,https://github.com/Asifayub214,108568089,2022-07,9,28,6,2022–2022
AimanIjaz,https://github.com/AimanIjaz,109424663,2022-07,9,25,6,2022–2022
furqan6981,https://github.com/furqan6981,109405673,2022-07,11,24,6,2022–2022
RoohUllah993,https://github.com/RoohUllah993,108623795,2022-07,14,23,6,2022–2022
FarazAhmad009,https://github.com/FarazAhmad009,110319594,2022-07,9,23,6,2022–2022
RANJOOOO,https://github.com/RANJOOOO,109985629,2022-07,17,22,6,2022–2022
aleenakainat,https://github.com/aleenakainat,111103099,2022-08,15,34222,6,2022–2022
CodeWithhamza1,https://github.com/CodeWithhamza1,111106750,2022-08,58,13681,6,2022–2022
Kashif-Saleem-Ghuman,https://github.com/Kashif-Saleem-Ghuman,111677605,2022-08,75,4724,6,2022–2022
Sarmad426,https://github.com/Sarmad426,112152732,2022-08,60,3360,6,2022–2022
tanzila-iram,https://github.com/tanzila-iram,112058225,2022-08,9,2246,6,2022–2022
studiosnabeel,https://github.com/studiosnabeel,111756672,2022-08,67,1960,6,2022–2022
iamqasimali,https://github.com/iamqasimali,110728019,2022-08,49,984,6,2022–2022
ahadb802,https://github.com/ahadb802,110728909,2022-08,36,764,6,2022–2022
sameerjohn1,https://github.com/sameerjohn1,111629995,2022-08,67,645,6,2022–2022
abdullahdotnet,https://github.com/abdullahdotnet,110765520,2022-08,40,628,6,2022–2022
omar-sarfraz,https://github.com/omar-sarfraz,111433351,2022-08,45,548,6,2022–2022
kamranlatifch,https://github.com/kamranlatifch,111248908,2022-08,45,524,6,2022–2022
attiqrehman-ar,https://github.com/attiqrehman-ar,110604282,2022-08,45,450,6,2022–2022
fatimaiqbal02,https://github.com/fatimaiqbal02,111382869,2022-08,17,428,6,2022–2022
khansarahimm,https://github.com/khansarahimm,112326628,2022-08,27,412,6,2022–2022
Saadnadeem07,https://github.com/Saadnadeem07,112171181,2022-08,40,379,6,2022–2022
maheera421,https://github.com/maheera421,110767805,2022-08,38,363,6,2022–2022
Zaimr49,https://github.com/Zaimr49,110836724,2022-08,26,324,6,2022–2022
ArhumCH10,https://github.com/ArhumCH10,111709615,2022-08,34,321,6,2022–2022
Haider-Mukhtar,https://github.com/Haider-Mukhtar,110921787,2022-08,20,307,6,2022–2022
shakirhanif,https://github.com/shakirhanif,112289411,2022-08,41,298,6,2022–2022
burhanahmed1,https://github.com/burhanahmed1,112539282,2022-08,22,290,6,2022–2022
W-Bjwa04,https://github.com/W-Bjwa04,111152378,2022-08,37,280,6,2022–2022
Codeit88,https://github.com/Codeit88,112092098,2022-08,23,280,6,2022–2022
ahtisham-maliik,https://github.com/ahtisham-maliik,110980307,2022-08,14,276,6,2022–2022
thezeeshanhassan,https://github.com/thezeeshanhassan,111036501,2022-08,33,271,6,2022–2022
MSarfarazMeyo,https://github.com/MSarfarazMeyo,112553272,2022-08,47,269,6,2022–2022
grim-shaw,https://github.com/grim-shaw,111426368,2022-08,26,269,6,2022–2022
AliNaveed01,https://github.com/AliNaveed01,111279785,2022-08,41,232,6,2022–2022
Waqas0343,https://github.com/Waqas0343,111386511,2022-08,31,222,6,2022–2022
Hamzaishappy786,https://github.com/Hamzaishappy786,111442520,2022-08,9,201,6,2022–2022
ekhassan,https://github.com/ekhassan,110443857,2022-08,42,199,6,2022–2022
talha1668,https://github.com/talha1668,111682364,2022-08,14,194,6,2022–2022
SyedQasimGardezi,https://github.com/SyedQasimGardezi,111379701,2022-08,36,193,6,2022–2022
aaltamashzaheer,https://github.com/aaltamashzaheer,110929315,2022-08,21,189,6,2022–2022
fareedhayat,https://github.com/fareedhayat,110565459,2022-08,11,188,6,2022–2022
zeddspear,https://github.com/zeddspear,110625016,2022-08,39,186,6,2022–2022
Zeeshan4414,https://github.com/Zeeshan4414,112551773,2022-08,8,185,6,2022–2022
ZohaibJavaid32,https://github.com/ZohaibJavaid32,111129786,2022-08,22,183,6,2022–2022
rizwanshoukat3324,https://github.com/rizwanshoukat3324,111968550,2022-08,7,182,6,2022–2022
sghani001,https://github.com/sghani001,112149481,2022-08,18,168,6,2022–2022
UzairAhamd,https://github.com/UzairAhamd,110417995,2022-08,22,163,6,2022–2022
huzaifahtariq28,https://github.com/huzaifahtariq28,110644637,2022-08,16,160,6,2022–2022
MuhammadTayyab-SE,https://github.com/MuhammadTayyab-SE,111434846,2022-08,19,159,6,2022–2022
anas-asghar4831,https://github.com/anas-asghar4831,110368394,2022-08,11,156,6,2022–2022
Kainat-N,https://github.com/Kainat-N,110531579,2022-08,21,146,6,2022–2022
Touseef48,https://github.com/Touseef48,111047577,2022-08,7,143,6,2022–2022
musharafalii,https://github.com/musharafalii,111215088,2022-08,30,140,6,2022–2022
TalhaFarook,https://github.com/TalhaFarook,110532372,2022-08,12,133,6,2022–2022
usmandevx,https://github.com/usmandevx,111184361,2022-08,24,132,6,2022–2022
msaadnaeem,https://github.com/msaadnaeem,110536997,2022-08,21,124,6,2022–2022
asad-manzoor,https://github.com/asad-manzoor,111630200,2022-08,22,119,6,2022–2022
anam309,https://github.com/anam309,111984585,2022-08,15,113,6,2022–2022
Saqlain-Zafar12,https://github.com/Saqlain-Zafar12,111248220,2022-08,10,113,6,2022–2022
itxdanish008,https://github.com/itxdanish008,110741522,2022-08,9,113,6,2022–2022
Arqum01,https://github.com/Arqum01,111181017,2022-08,20,112,6,2022–2022
zobiabilal4,https://github.com/zobiabilal4,111062848,2022-08,17,107,6,2022–2022
findtaimoor,https://github.com/findtaimoor,112540799,2022-08,8,107,6,2022–2022
Abba1s,https://github.com/Abba1s,110591940,2022-08,16,106,6,2022–2022
rizwan059,https://github.com/rizwan059,112270212,2022-08,9,106,6,2022–2022
usama24khan,https://github.com/usama24khan,110722326,2022-08,7,105,6,2022–2022
asadasif01,https://github.com/asadasif01,111152906,2022-08,16,104,6,2022–2022
kingofshades,https://github.com/kingofshades,111710900,2022-08,14,103,6,2022–2022
H-M-Zubair,https://github.com/H-M-Zubair,111460597,2022-08,22,100,6,2022–2022
UsamaAhmed2002,https://github.com/UsamaAhmed2002,110691634,2022-08,12,98,6,2022–2022
imranAfzal43A,https://github.com/imranAfzal43A,111197710,2022-08,17,94,6,2022–2022
abdulwaheed-aiengineer,https://github.com/abdulwaheed-aiengineer,110559383,2022-08,20,93,6,2022–2022
komal-akhlaq,https://github.com/komal-akhlaq,110520867,2022-08,31,92,6,2022–2022
ZahraAnam786,https://github.com/ZahraAnam786,111475716,2022-08,13,92,6,2022–2022
TheAbdulMuqeet,https://github.com/TheAbdulMuqeet,112390361,2022-08,10,92,6,2022–2022
ShehrozAttique,https://github.com/ShehrozAttique,110923525,2022-08,29,91,6,2022–2022
Hammadarshad026,https://github.com/Hammadarshad026,111076185,2022-08,16,91,6,2022–2022
muawwaznc,https://github.com/muawwaznc,111890964,2022-08,16,89,6,2022–2022
AzeemManzoor,https://github.com/AzeemManzoor,111798845,2022-08,10,88,6,2022–2022
UsamaShahzad7,https://github.com/UsamaShahzad7,110599717,2022-08,10,86,6,2022–2022
muhammad-hassaan-art,https://github.com/muhammad-hassaan-art,111841760,2022-08,6,86,6,2022–2022
mugeesahmad,https://github.com/mugeesahmad,112547788,2022-08,13,85,6,2022–2022
Muhammad-Saad-Akhtar,https://github.com/Muhammad-Saad-Akhtar,112537120,2022-08,18,84,6,2022–2022
UmarFarooq75,https://github.com/UmarFarooq75,111650118,2022-08,18,82,6,2022–2022
JunaidMunirGit,https://github.com/JunaidMunirGit,112486083,2022-08,15,82,6,2022–2022
Saad535771,https://github.com/Saad535771,112403791,2022-08,24,80,6,2022–2022
SufyanFarooq57,https://github.com/SufyanFarooq57,111639993,2022-08,6,80,6,2022–2022
Rizwan-Razzi147,https://github.com/Rizwan-Razzi147,111250041,2022-08,38,78,6,2022–2022
junaid2066,https://github.com/junaid2066,112164805,2022-08,6,78,6,2022–2022
Gm-sani,https://github.com/Gm-sani,111167430,2022-08,25,76,6,2022–2022
PragramAllDay,https://github.com/PragramAllDay,110816314,2022-08,22,75,6,2022–2022
adil-techcode,https://github.com/adil-techcode,111005699,2022-08,66,74,6,2022–2022
M-Abdul-Rehman,https://github.com/M-Abdul-Rehman,110403361,2022-08,7,74,6,2022–2022
HarisAwais,https://github.com/HarisAwais,112421865,2022-08,12,72,6,2022–2022
MHamza-Aslam,https://github.com/MHamza-Aslam,111265281,2022-08,21,70,6,2022–2022
zainyousaf099,https://github.com/zainyousaf099,110584582,2022-08,7,70,6,2022–2022
Masim1001,https://github.com/Masim1001,110534068,2022-08,6,70,6,2022–2022
Usman245,https://github.com/Usman245,110446800,2022-08,33,69,6,2022–2022
Mz-Bug,https://github.com/Mz-Bug,111413327,2022-08,17,69,6,2022–2022
dastgir12,https://github.com/dastgir12,111153739,2022-08,15,68,6,2022–2022
ahmed0310,https://github.com/ahmed0310,110692093,2022-08,13,68,6,2022–2022
ArslanAsh465,https://github.com/ArslanAsh465,111018972,2022-08,14,67,6,2022–2022
DevZahraShahid,https://github.com/DevZahraShahid,111266434,2022-08,18,66,6,2022–2022
HamzaGulraiz,https://github.com/HamzaGulraiz,110945038,2022-08,6,64,6,2022–2022
Sohaib-Mehmood,https://github.com/Sohaib-Mehmood,112329477,2022-08,17,63,6,2022–2022
alishanahmadna,https://github.com/alishanahmadna,110768895,2022-08,13,62,6,2022–2022
atharmehar,https://github.com/atharmehar,111494113,2022-08,8,62,6,2022–2022
itxhuzaifa-dev,https://github.com/itxhuzaifa-dev,110590468,2022-08,27,61,6,2022–2022
Talha336,https://github.com/Talha336,110573349,2022-08,24,61,6,2022–2022
RohailJohn,https://github.com/RohailJohn,111629709,2022-08,8,61,6,2022–2022
rohanasif17,https://github.com/rohanasif17,111883502,2022-08,8,61,6,2022–2022
HamzaBu77,https://github.com/HamzaBu77,111634125,2022-08,13,60,6,2022–2022
AhmadNazir007,https://github.com/AhmadNazir007,111220779,2022-08,18,58,6,2022–2022
muhammadabubakarrana,https://github.com/muhammadabubakarrana,110930158,2022-08,17,57,6,2022–2022
MohsinKamalKhan,https://github.com/MohsinKamalKhan,110372184,2022-08,13,48,6,2022–2022
hamzaazamm,https://github.com/hamzaazamm,111911421,2022-08,22,47,6,2022–2022
ZaraAbrar-Bhatti,https://github.com/ZaraAbrar-Bhatti,111245524,2022-08,17,46,6,2022–2022
Hasan-1993,https://github.com/Hasan-1993,111067803,2022-08,11,46,6,2022–2022
Danishgulg,https://github.com/Danishgulg,112127470,2022-08,15,45,6,2022–2022
MFarasatZia,https://github.com/MFarasatZia,112558006,2022-08,14,45,6,2022–2022
m-a-ulfat,https://github.com/m-a-ulfat,111355959,2022-08,6,45,6,2022–2022
Hassan0703,https://github.com/Hassan0703,110467075,2022-08,27,44,6,2022–2022
adnan602,https://github.com/adnan602,111070335,2022-08,15,44,6,2022–2022
irealabdullah,https://github.com/irealabdullah,110907896,2022-08,8,44,6,2022–2022
DaudIrfan1014,https://github.com/DaudIrfan1014,110468680,2022-08,18,43,6,2022–2022
MureedQasimShah,https://github.com/MureedQasimShah,112113512,2022-08,19,41,6,2022–2022
sufianzulfiqar786,https://github.com/sufianzulfiqar786,112078997,2022-08,11,41,6,2022–2022
zainglitch01,https://github.com/zainglitch01,111860349,2022-08,10,40,6,2022–2022
Rhaider09,https://github.com/Rhaider09,111909441,2022-08,22,39,6,2022–2022
anzlaaslam,https://github.com/anzlaaslam,110935337,2022-08,19,39,6,2022–2022
H-rasool,https://github.com/H-rasool,111838701,2022-08,15,39,6,2022–2022
muhammadhussainqureshi,https://github.com/muhammadhussainqureshi,111213698,2022-08,9,38,6,2022–2022
Shahan11667,https://github.com/Shahan11667,111465604,2022-08,27,36,6,2022–2022
jameel7969,https://github.com/jameel7969,111364869,2022-08,13,36,6,2022–2022
zawibuttar,https://github.com/zawibuttar,112345968,2022-08,9,36,6,2022–2022
hassanrazzaq8,https://github.com/hassanrazzaq8,111271518,2022-08,12,34,6,2022–2022
MannanUlHaq,https://github.com/MannanUlHaq,112422289,2022-08,8,33,6,2022–2022
JavedYasin,https://github.com/JavedYasin,110564868,2022-08,21,32,6,2022–2022
zainorasool,https://github.com/zainorasool,111719023,2022-08,9,32,6,2022–2022
AliHussainWaris,https://github.com/AliHussainWaris,110904775,2022-08,14,31,6,2022–2022
waqarahmad30,https://github.com/waqarahmad30,110985633,2022-08,6,30,6,2022–2022
Abdullahramzan2,https://github.com/Abdullahramzan2,110967718,2022-08,23,29,6,2022–2022
2604bilal,https://github.com/2604bilal,112060122,2022-08,9,29,6,2022–2022
kashif12702,https://github.com/kashif12702,110368855,2022-08,7,29,6,2022–2022
adeelwitty,https://github.com/adeelwitty,111750812,2022-08,15,28,6,2022–2022
MohsanJoyia,https://github.com/MohsanJoyia,111129765,2022-08,11,28,6,2022–2022
SufiandevV,https://github.com/SufiandevV,112194915,2022-08,14,26,6,2022–2022
junaidcode07,https://github.com/junaidcode07,112048446,2022-08,10,25,6,2022–2022
Moaazidrees,https://github.com/Moaazidrees,111493529,2022-08,7,25,6,2022–2022
hassandaniyal88,https://github.com/hassandaniyal88,110501601,2022-08,6,25,6,2022–2022
qasim302,https://github.com/qasim302,110627109,2022-08,10,24,6,2022–2022
codebyHassan,https://github.com/codebyHassan,112334722,2022-08,8,23,6,2022–2022
RAFIA-ALI,https://github.com/RAFIA-ALI,111171111,2022-08,6,23,6,2022–2022
AsadullahWaheed22,https://github.com/AsadullahWaheed22,110454063,2022-08,7,22,6,2022–2022
iqra123sattar,https://github.com/iqra123sattar,110368562,2022-08,25,21,6,2022–2022
xyedbasit,https://github.com/xyedbasit,111067928,2022-08,14,21,6,2022–2022
shoaib171,https://github.com/shoaib171,113289146,2022-09,61,9878,6,2022–2022
mzherx,https://github.com/mzherx,113512875,2022-09,50,1182,6,2022–2022
hassanjawwad12,https://github.com/hassanjawwad12,113373773,2022-09,141,806,6,2022–2022
abdullahejazjanjua,https://github.com/abdullahejazjanjua,113930351,2022-09,34,791,6,2022–2022
abdullahjvd384,https://github.com/abdullahjvd384,112681457,2022-09,14,781,6,2022–2022
MaazDev7,https://github.com/MaazDev7,113352644,2022-09,31,509,6,2022–2022
wasiftaj,https://github.com/wasiftaj,112851517,2022-09,19,447,6,2022–2022
shoaibmehmood243,https://github.com/shoaibmehmood243,114095935,2022-09,29,443,6,2022–2022
devsalman247,https://github.com/devsalman247,112937676,2022-09,24,443,6,2022–2022
zohaibshahid26,https://github.com/zohaibshahid26,113136910,2022-09,31,413,6,2022–2022
abdullahkazmii,https://github.com/abdullahkazmii,112763322,2022-09,43,409,6,2022–2022
abdulrehman705,https://github.com/abdulrehman705,114110301,2022-09,31,397,6,2022–2022
basit-sharif,https://github.com/basit-sharif,112763949,2022-09,54,379,6,2022–2022
SobanAnjum07,https://github.com/SobanAnjum07,114462166,2022-09,17,379,6,2022–2022
haseeb-asad,https://github.com/haseeb-asad,114343047,2022-09,13,355,6,2022–2022
RaahimNadeem,https://github.com/RaahimNadeem,114340940,2022-09,22,325,6,2022–2022
Moizajmal2456,https://github.com/Moizajmal2456,112679608,2022-09,8,312,6,2022–2022
Shahzaib-Irfan,https://github.com/Shahzaib-Irfan,112697883,2022-09,39,300,6,2022–2022
Husnain585,https://github.com/Husnain585,114754012,2022-09,31,298,6,2022–2022
rajafawady,https://github.com/rajafawady,114048612,2022-09,20,291,6,2022–2022
WaleedAdnan08,https://github.com/WaleedAdnan08,114684044,2022-09,10,276,6,2022–2022
IsmaeelMughal,https://github.com/IsmaeelMughal,113829821,2022-09,46,272,6,2022–2022
shariqmunir99,https://github.com/shariqmunir99,114104536,2022-09,12,271,6,2022–2022
hamzaiftikhhar,https://github.com/hamzaiftikhhar,114328578,2022-09,26,267,6,2022–2022
Ahmad-Gill,https://github.com/Ahmad-Gill,113838497,2022-09,15,265,6,2022–2022
Taimoor2500,https://github.com/Taimoor2500,114182214,2022-09,20,262,6,2022–2022
FaranAhmad003,https://github.com/FaranAhmad003,113640253,2022-09,28,252,6,2022–2022
ahmedzafarm14,https://github.com/ahmedzafarm14,113054376,2022-09,17,244,6,2022–2022
Adil7767,https://github.com/Adil7767,113626451,2022-09,47,242,6,2022–2022
UsamaBinQamar,https://github.com/UsamaBinQamar,113256670,2022-09,34,219,6,2022–2022
majidali129,https://github.com/majidali129,114545260,2022-09,25,210,6,2022–2022
alihamza126,https://github.com/alihamza126,114250003,2022-09,37,207,6,2022–2022
ZeeshanRamzan06,https://github.com/ZeeshanRamzan06,114761576,2022-09,37,183,6,2022–2022
AtiqueAfridi,https://github.com/AtiqueAfridi,113092655,2022-09,29,182,6,2022–2022
Mrtito85,https://github.com/Mrtito85,114670888,2022-09,22,179,6,2022–2022
M-Hassan-Maqsood,https://github.com/M-Hassan-Maqsood,114577270,2022-09,16,175,6,2022–2022
Afaq-20,https://github.com/Afaq-20,113855626,2022-09,49,172,6,2022–2022
Ab-Tayyab,https://github.com/Ab-Tayyab,114424177,2022-09,13,172,6,2022–2022
QadeerAnjum,https://github.com/QadeerAnjum,114209748,2022-09,15,171,6,2022–2022
TahirMehmood8082,https://github.com/TahirMehmood8082,113116567,2022-09,56,167,6,2022–2022
usmanwarisalizia,https://github.com/usmanwarisalizia,113368971,2022-09,30,165,6,2022–2022
l1ak1l,https://github.com/l1ak1l,113826759,2022-09,25,165,6,2022–2022
MuhammadADil9,https://github.com/MuhammadADil9,113926944,2022-09,18,159,6,2022–2022
AhmadSharafat,https://github.com/AhmadSharafat,112656643,2022-09,29,158,6,2022–2022
MahirJavaid,https://github.com/MahirJavaid,114526445,2022-09,7,156,6,2022–2022
abdullahbilal43,https://github.com/abdullahbilal43,113466558,2022-09,13,153,6,2022–2022
AunAli6783,https://github.com/AunAli6783,113697416,2022-09,21,152,6,2022–2022
iqrannwl,https://github.com/iqrannwl,114446330,2022-09,24,147,6,2022–2022
JunaidKhan92Pak,https://github.com/JunaidKhan92Pak,113337547,2022-09,13,140,6,2022–2022
hafizab63861462,https://github.com/hafizab63861462,112807166,2022-09,18,135,6,2022–2022
usmansajid00,https://github.com/usmansajid00,113340652,2022-09,15,131,6,2022–2022
shahzad7886,https://github.com/shahzad7886,113654383,2022-09,32,129,6,2022–2022
aminaiqbal1,https://github.com/aminaiqbal1,114309377,2022-09,25,126,6,2022–2022
affanfani,https://github.com/affanfani,113188471,2022-09,60,124,6,2022–2022
zararafzal,https://github.com/zararafzal,112646356,2022-09,28,119,6,2022–2022
rabailanees,https://github.com/rabailanees,113570923,2022-09,10,112,6,2022–2022
baberjaved63,https://github.com/baberjaved63,113295592,2022-09,16,109,6,2022–2022
Miss-Arooj,https://github.com/Miss-Arooj,113843418,2022-09,7,108,6,2022–2022
Shirhabeel,https://github.com/Shirhabeel,113059240,2022-09,50,107,6,2022–2022
SaadOcloud,https://github.com/SaadOcloud,113437351,2022-09,15,106,6,2022–2022
HaseebSaqib01010,https://github.com/HaseebSaqib01010,114069880,2022-09,12,105,6,2022–2022
Abdullah-Basharat,https://github.com/Abdullah-Basharat,112825929,2022-09,19,104,6,2022–2022
MinahilSadiq1,https://github.com/MinahilSadiq1,113786680,2022-09,16,104,6,2022–2022
inamullah2627,https://github.com/inamullah2627,113088169,2022-09,17,97,6,2022–2022
VkrDevelops,https://github.com/VkrDevelops,112932313,2022-09,34,94,6,2022–2022
ahmadnaeem10,https://github.com/ahmadnaeem10,112832557,2022-09,11,93,6,2022–2022
Mtalha350,https://github.com/Mtalha350,114068269,2022-09,25,92,6,2022–2022
Hadi11223344,https://github.com/Hadi11223344,114479113,2022-09,33,88,6,2022–2022
HussainAhmad546,https://github.com/HussainAhmad546,113574630,2022-09,22,88,6,2022–2022
MARehman75,https://github.com/MARehman75,113855030,2022-09,19,86,6,2022–2022
ShoaibAkram2001,https://github.com/ShoaibAkram2001,114429546,2022-09,13,86,6,2022–2022
junaidahmadalvi,https://github.com/junaidahmadalvi,113009397,2022-09,25,85,6,2022–2022
asad37,https://github.com/asad37,113502207,2022-09,20,85,6,2022–2022
j3kylls,https://github.com/j3kylls,113845445,2022-09,24,82,6,2022–2022
fahaddevelops,https://github.com/fahaddevelops,113201616,2022-09,18,82,6,2022–2022
aimanparvaiz27,https://github.com/aimanparvaiz27,113871236,2022-09,7,80,6,2022–2022
Mahad-byte,https://github.com/Mahad-byte,113996965,2022-09,11,79,6,2022–2022
MRehman2005,https://github.com/MRehman2005,113408534,2022-09,21,77,6,2022–2022
zeeshanali6401,https://github.com/zeeshanali6401,114079992,2022-09,15,76,6,2022–2022
maryam-fati,https://github.com/maryam-fati,112760984,2022-09,13,75,6,2022–2022
ahsanafzal6325,https://github.com/ahsanafzal6325,112755905,2022-09,12,75,6,2022–2022
najibulrehmanmalik,https://github.com/najibulrehmanmalik,113466388,2022-09,34,71,6,2022–2022
anasssssb,https://github.com/anasssssb,113837107,2022-09,24,71,6,2022–2022
MuhammadAzeemShoukat077,https://github.com/MuhammadAzeemShoukat077,113821374,2022-09,17,71,6,2022–2022
Huzaifa-Malik-Dev,https://github.com/Huzaifa-Malik-Dev,114675956,2022-09,6,71,6,2022–2022
haseeb677,https://github.com/haseeb677,114314386,2022-09,42,70,6,2022–2022
Ahmadinit,https://github.com/Ahmadinit,112734940,2022-09,12,70,6,2022–2022
DevAbdurR,https://github.com/DevAbdurR,112758727,2022-09,20,68,6,2022–2022
umer120,https://github.com/umer120,112812656,2022-09,14,67,6,2022–2022
shakeel074,https://github.com/shakeel074,112678996,2022-09,14,66,6,2022–2022
talhaazfar4722,https://github.com/talhaazfar4722,113213168,2022-09,9,66,6,2022–2022
WebCodedLab,https://github.com/WebCodedLab,113788752,2022-09,25,65,6,2022–2022
nosheenakhtar,https://github.com/nosheenakhtar,114070303,2022-09,23,65,6,2022–2022
devloper45,https://github.com/devloper45,113242732,2022-09,6,65,6,2022–2022
URALI002,https://github.com/URALI002,113794340,2022-09,10,64,6,2022–2022
itsramishali,https://github.com/itsramishali,112942711,2022-09,9,64,6,2022–2022
fahadkhan008,https://github.com/fahadkhan008,113205693,2022-09,9,62,6,2022–2022
duaaMansur,https://github.com/duaaMansur,113509215,2022-09,16,61,6,2022–2022
FaizanBS,https://github.com/FaizanBS,114131372,2022-09,9,61,6,2022–2022
hmtayyab76,https://github.com/hmtayyab76,114668266,2022-09,19,58,6,2022–2022
AttaulMomin14,https://github.com/AttaulMomin14,112643525,2022-09,23,54,6,2022–2022
Abdul-Rehman-147,https://github.com/Abdul-Rehman-147,113858174,2022-09,22,52,6,2022–2022
ProgrammerZain,https://github.com/ProgrammerZain,113103534,2022-09,11,52,6,2022–2022
ubaidh-01,https://github.com/ubaidh-01,113388009,2022-09,10,52,6,2022–2022
mubashirX,https://github.com/mubashirX,112867358,2022-09,15,51,6,2022–2022
huzaifaijaz021,https://github.com/huzaifaijaz021,113525871,2022-09,14,51,6,2022–2022
EhsanAli248,https://github.com/EhsanAli248,112943101,2022-09,26,50,6,2022–2022
HusnainKhadim,https://github.com/HusnainKhadim,113448860,2022-09,7,50,6,2022–2022
sehrishzahra,https://github.com/sehrishzahra,114233549,2022-09,17,49,6,2022–2022
chaudhrynihaal,https://github.com/chaudhrynihaal,113856559,2022-09,12,49,6,2022–2022
IamTalhaAhmed,https://github.com/IamTalhaAhmed,112610571,2022-09,11,49,6,2022–2022
abubakarsaeed1112,https://github.com/abubakarsaeed1112,114657104,2022-09,22,47,6,2022–2022
hanzala0093,https://github.com/hanzala0093,113132237,2022-09,11,47,6,2022–2022
theawaisahmadkhan,https://github.com/theawaisahmadkhan,114736094,2022-09,12,45,6,2022–2022
hammad110011,https://github.com/hammad110011,114658596,2022-09,11,44,6,2022–2022
JunaidMuzamal,https://github.com/JunaidMuzamal,112948272,2022-09,8,43,6,2022–2022
musa-whyne,https://github.com/musa-whyne,114241733,2022-09,8,41,6,2022–2022
samlpegithub,https://github.com/samlpegithub,114014089,2022-09,21,39,6,2022–2022
Abubakarkhan1122,https://github.com/Abubakarkhan1122,114427270,2022-09,15,39,6,2022–2022
BilalAhmed19049,https://github.com/BilalAhmed19049,113443090,2022-09,12,39,6,2022–2022
M-Talha4,https://github.com/M-Talha4,114760498,2022-09,12,38,6,2022–2022
farhanhere,https://github.com/farhanhere,113241435,2022-09,8,37,6,2022–2022
muhammadhassan2k3,https://github.com/muhammadhassan2k3,113697066,2022-09,14,35,6,2022–2022
TanveerHassan333,https://github.com/TanveerHassan333,112869613,2022-09,13,35,6,2022–2022
Prox1ty,https://github.com/Prox1ty,114765090,2022-09,11,34,6,2022–2022
inshaullahkhan,https://github.com/inshaullahkhan,114442019,2022-09,8,34,6,2022–2022
Shabbir7999,https://github.com/Shabbir7999,114503606,2022-09,12,33,6,2022–2022
bilalsaif7576,https://github.com/bilalsaif7576,112694591,2022-09,10,33,6,2022–2022
umairjaffer,https://github.com/umairjaffer,114466476,2022-09,8,33,6,2022–2022
MuhammadUsman111,https://github.com/MuhammadUsman111,113049492,2022-09,12,32,6,2022–2022
SohaibRamzan01,https://github.com/SohaibRamzan01,112902945,2022-09,6,31,6,2022–2022
Muhammad-Zain-Yaseen,https://github.com/Muhammad-Zain-Yaseen,114310149,2022-09,8,30,6,2022–2022
mowais-dev,https://github.com/mowais-dev,113775282,2022-09,6,29,6,2022–2022
Shehroz001,https://github.com/Shehroz001,112777776,2022-09,6,28,6,2022–2022
iamnoumank,https://github.com/iamnoumank,114294919,2022-09,16,26,6,2022–2022
abdulwahab72,https://github.com/abdulwahab72,113429329,2022-09,10,25,6,2022–2022
AbdulAmin-12,https://github.com/AbdulAmin-12,114227825,2022-09,7,24,6,2022–2022
faizantechpro,https://github.com/faizantechpro,114662781,2022-09,11,23,6,2022–2022
mu24081999,https://github.com/mu24081999,116753849,2022-10,26,1508,6,2022–2022
Abdul-Moiz31,https://github.com/Abdul-Moiz31,115508605,2022-10,78,1412,6,2022–2022
abdul-wahab619,https://github.com/abdul-wahab619,114802883,2022-10,105,1219,6,2022–2022
mustafalada36,https://github.com/mustafalada36,116518684,2022-10,21,1202,6,2022–2022
dev-anas-tahir,https://github.com/dev-anas-tahir,116335388,2022-10,25,1188,6,2022–2022
ShehzainHassan,https://github.com/ShehzainHassan,115344753,2022-10,22,823,6,2022–2022
Tayyabsami1,https://github.com/Tayyabsami1,115224619,2022-10,33,822,6,2022–2022
Shahbazali2001,https://github.com/Shahbazali2001,115034394,2022-10,68,736,6,2022–2022
malikmoaz01,https://github.com/malikmoaz01,116621442,2022-10,44,730,6,2022–2022
Ashnaali3255,https://github.com/Ashnaali3255,116655378,2022-10,54,700,6,2022–2022
TariqMehmood1004,https://github.com/TariqMehmood1004,116074810,2022-10,82,695,6,2022–2022
M-ilyas1,https://github.com/M-ilyas1,115786886,2022-10,60,695,6,2022–2022
Hammad498,https://github.com/Hammad498,116030060,2022-10,33,588,6,2022–2022
tamoorsaeed22,https://github.com/tamoorsaeed22,115831124,2022-10,56,568,6,2022–2022
UmairRathore,https://github.com/UmairRathore,115396574,2022-10,20,546,6,2022–2022
ASD0x41,https://github.com/ASD0x41,116299653,2022-10,25,441,6,2022–2022
aliiftikhar1,https://github.com/aliiftikhar1,116260556,2022-10,42,413,6,2022–2022
hania-imtisal234,https://github.com/hania-imtisal234,115298340,2022-10,18,388,6,2022–2022
ahmad2b,https://github.com/ahmad2b,115064554,2022-10,95,379,6,2022–2022
haiderali780,https://github.com/haiderali780,114994389,2022-10,26,379,6,2022–2022
mghazidev,https://github.com/mghazidev,116346593,2022-10,31,366,6,2022–2022
Azhar-Dogar,https://github.com/Azhar-Dogar,115796778,2022-10,18,327,6,2022–2022
ArslanRasheed60,https://github.com/ArslanRasheed60,115124559,2022-10,61,326,6,2022–2022
Azharhayat271,https://github.com/Azharhayat271,115901212,2022-10,39,302,6,2022–2022
mouminahmad,https://github.com/mouminahmad,116239910,2022-10,45,296,6,2022–2022
Eniimz,https://github.com/Eniimz,116723464,2022-10,23,293,6,2022–2022
usmanbutt-dev,https://github.com/usmanbutt-dev,114877778,2022-10,44,291,6,2022–2022
devYasirMehboob,https://github.com/devYasirMehboob,115621928,2022-10,25,286,6,2022–2022
AnssGul,https://github.com/AnssGul,115424421,2022-10,50,281,6,2022–2022
AliAtherAyyubi,https://github.com/AliAtherAyyubi,115281818,2022-10,32,271,6,2022–2022
Adeel-Farooq-Khan,https://github.com/Adeel-Farooq-Khan,116866487,2022-10,47,270,6,2022–2022
SaleemMalikAI,https://github.com/SaleemMalikAI,115183904,2022-10,22,267,6,2022–2022
naafey-aamer,https://github.com/naafey-aamer,115401133,2022-10,22,262,6,2022–2022
momokazi,https://github.com/momokazi,116187406,2022-10,31,255,6,2022–2022
Abdullahata450,https://github.com/Abdullahata450,115584220,2022-10,36,253,6,2022–2022
mominwaqas15,https://github.com/mominwaqas15,116455246,2022-10,21,253,6,2022–2022
Asad1024,https://github.com/Asad1024,116341539,2022-10,28,239,6,2022–2022
AqibMughal1,https://github.com/AqibMughal1,114867804,2022-10,17,239,6,2022–2022
MaazAhmd,https://github.com/MaazAhmd,115723224,2022-10,12,239,6,2022–2022
Taimoor-Haider,https://github.com/Taimoor-Haider,116557295,2022-10,80,238,6,2022–2022
maferozi,https://github.com/maferozi,116300003,2022-10,27,235,6,2022–2022
zealouszohaib,https://github.com/zealouszohaib,116785856,2022-10,35,233,6,2022–2022
asimshakoor11,https://github.com/asimshakoor11,115335963,2022-10,33,232,6,2022–2022
sajjad-ali-01,https://github.com/sajjad-ali-01,115862736,2022-10,22,231,6,2022–2022
Zaeem-Raza,https://github.com/Zaeem-Raza,116446838,2022-10,20,223,6,2022–2022
aneesrehman89,https://github.com/aneesrehman89,115420485,2022-10,36,219,6,2022–2022
AhmadAslam2,https://github.com/AhmadAslam2,115697209,2022-10,13,219,6,2022–2022
WasifAli22,https://github.com/WasifAli22,116007659,2022-10,40,210,6,2022–2022
UmerKhalid02,https://github.com/UmerKhalid02,114934108,2022-10,19,210,6,2022–2022
saifalibaig,https://github.com/saifalibaig,116880278,2022-10,23,204,6,2022–2022
0xnull007,https://github.com/0xnull007,114994085,2022-10,24,203,6,2022–2022
Takreem-Jaffery,https://github.com/Takreem-Jaffery,115343733,2022-10,21,203,6,2022–2022
abdulwahab2122,https://github.com/abdulwahab2122,115396116,2022-10,20,203,6,2022–2022
EshanDhankani,https://github.com/EshanDhankani,116063852,2022-10,23,201,6,2022–2022
ShahzaibSaeed03,https://github.com/ShahzaibSaeed03,115952045,2022-10,39,198,6,2022–2022
yeshalkhan,https://github.com/yeshalkhan,115936730,2022-10,30,194,6,2022–2022
yourahmeddev,https://github.com/yourahmeddev,114868725,2022-10,64,189,6,2022–2022
usman-monir,https://github.com/usman-monir,114787612,2022-10,16,181,6,2022–2022
KabirAhmad4,https://github.com/KabirAhmad4,115023298,2022-10,25,176,6,2022–2022
thezeeshannoor,https://github.com/thezeeshannoor,117009296,2022-10,25,168,6,2022–2022
AllaudinAli,https://github.com/AllaudinAli,115274734,2022-10,11,168,6,2022–2022
fazalgonzer,https://github.com/fazalgonzer,115153839,2022-10,35,156,6,2022–2022
laibulous,https://github.com/laibulous,115396492,2022-10,18,155,6,2022–2022
atta541,https://github.com/atta541,114917589,2022-10,17,155,6,2022–2022
ShehrozRafaqat,https://github.com/ShehrozRafaqat,115388581,2022-10,22,152,6,2022–2022
Mustafahmad,https://github.com/Mustafahmad,115351588,2022-10,21,151,6,2022–2022
nadeem-shahzad,https://github.com/nadeem-shahzad,115989546,2022-10,16,138,6,2022–2022
8mbilal,https://github.com/8mbilal,115345261,2022-10,6,137,6,2022–2022
Uzair153,https://github.com/Uzair153,115358551,2022-10,34,133,6,2022–2022
hassammd,https://github.com/hassammd,115186847,2022-10,13,130,6,2022–2022
themuneeeb,https://github.com/themuneeeb,116681566,2022-10,24,128,6,2022–2022
Neha9012,https://github.com/Neha9012,115710285,2022-10,14,127,6,2022–2022
ahadalireach,https://github.com/ahadalireach,115062995,2022-10,16,125,6,2022–2022
SamiaShabbir,https://github.com/SamiaShabbir,117100932,2022-10,13,123,6,2022–2022
laibarif,https://github.com/laibarif,116855761,2022-10,24,122,6,2022–2022
sp20-bcs-149,https://github.com/sp20-bcs-149,115078202,2022-10,6,118,6,2022–2022
Muneeb-8055,https://github.com/Muneeb-8055,116435118,2022-10,24,114,6,2022–2022
faexan,https://github.com/faexan,115890838,2022-10,19,112,6,2022–2022
NotAbdullah87,https://github.com/NotAbdullah87,115102771,2022-10,23,110,6,2022–2022
ch-awais-saleem,https://github.com/ch-awais-saleem,115088021,2022-10,24,108,6,2022–2022
ZohaibKhokhar,https://github.com/ZohaibKhokhar,115969271,2022-10,33,106,6,2022–2022
talibabbas77,https://github.com/talibabbas77,114825217,2022-10,26,106,6,2022–2022
IbrahimBM2714,https://github.com/IbrahimBM2714,115867055,2022-10,20,105,6,2022–2022
bilalarif2001,https://github.com/bilalarif2001,116523628,2022-10,20,103,6,2022–2022
FaisalShabbir55,https://github.com/FaisalShabbir55,116498207,2022-10,11,102,6,2022–2022
Huzaifa-Muhammed,https://github.com/Huzaifa-Muhammed,115921733,2022-10,18,101,6,2022–2022
aswanisaraj,https://github.com/aswanisaraj,115165910,2022-10,12,100,6,2022–2022
iammuhammadfurqan,https://github.com/iammuhammadfurqan,116906821,2022-10,33,96,6,2022–2022
muhammadhasnaindev,https://github.com/muhammadhasnaindev,114904256,2022-10,8,95,6,2022–2022
AS-Khawaja,https://github.com/AS-Khawaja,117017337,2022-10,27,93,6,2022–2022
aliumairdev,https://github.com/aliumairdev,115366866,2022-10,52,92,6,2022–2022
arsalyy,https://github.com/arsalyy,116638832,2022-10,21,92,6,2022–2022
AamnaZahid,https://github.com/AamnaZahid,116768814,2022-10,25,87,6,2022–2022
Muhammadnadeem123456,https://github.com/Muhammadnadeem123456,115461202,2022-10,33,84,6,2022–2022
wasifmahmood,https://github.com/wasifmahmood,116950247,2022-10,23,84,6,2022–2022
noman-ahmad1,https://github.com/noman-ahmad1,116165547,2022-10,10,81,6,2022–2022
alizia068,https://github.com/alizia068,114832913,2022-10,23,79,6,2022–2022
Zohaibiqbal18,https://github.com/Zohaibiqbal18,116112001,2022-10,6,79,6,2022–2022
Hamza3914Munir,https://github.com/Hamza3914Munir,116891993,2022-10,26,78,6,2022–2022
asharnadeem002,https://github.com/asharnadeem002,116205273,2022-10,17,78,6,2022–2022
ChaudryHaseeb,https://github.com/ChaudryHaseeb,115344371,2022-10,15,78,6,2022–2022
IamUmarRasheed,https://github.com/IamUmarRasheed,116443057,2022-10,27,76,6,2022–2022
anasamir2101,https://github.com/anasamir2101,115463450,2022-10,17,76,6,2022–2022
ZAKIURREHMAN,https://github.com/ZAKIURREHMAN,114901192,2022-10,34,72,6,2022–2022
ahmza48,https://github.com/ahmza48,115263979,2022-10,28,72,6,2022–2022
Sami-rana,https://github.com/Sami-rana,116144677,2022-10,24,69,6,2022–2022
almaskhan1286,https://github.com/almaskhan1286,115203186,2022-10,29,68,6,2022–2022
azibmuzammil,https://github.com/azibmuzammil,115615306,2022-10,13,68,6,2022–2022
AleezaShakeelAhmed,https://github.com/AleezaShakeelAhmed,115490076,2022-10,9,65,6,2022–2022
Masooma82,https://github.com/Masooma82,115894895,2022-10,21,64,6,2022–2022
AmnaImran1100,https://github.com/AmnaImran1100,115213124,2022-10,18,60,6,2022–2022
Rabailwaseem,https://github.com/Rabailwaseem,115879248,2022-10,24,54,6,2022–2022
mpbalghari,https://github.com/mpbalghari,116510259,2022-10,12,51,6,2022–2022
CodeNestor,https://github.com/CodeNestor,116072911,2022-10,8,51,6,2022–2022
Humayun201,https://github.com/Humayun201,116570468,2022-10,27,49,6,2022–2022
AliyanJamshaid,https://github.com/AliyanJamshaid,114982672,2022-10,19,46,6,2022–2022
zain-frontend,https://github.com/zain-frontend,116706625,2022-10,10,46,6,2022–2022
Muhammad-Hamza-Arif,https://github.com/Muhammad-Hamza-Arif,115222934,2022-10,17,42,6,2022–2022
MIbrahimMushtaq,https://github.com/MIbrahimMushtaq,116264522,2022-10,8,41,6,2022–2022
AmeeraUsman16,https://github.com/AmeeraUsman16,116457489,2022-10,7,41,6,2022–2022
MahamFayyaz,https://github.com/MahamFayyaz,114985985,2022-10,13,40,6,2022–2022
MubashirMunir,https://github.com/MubashirMunir,115609426,2022-10,20,39,6,2022–2022
fidahussainf,https://github.com/fidahussainf,115183518,2022-10,14,39,6,2022–2022
marhabaemaan,https://github.com/marhabaemaan,115403157,2022-10,10,38,6,2022–2022
srsyed1310,https://github.com/srsyed1310,116061038,2022-10,33,37,6,2022–2022
MuhammadUsman60,https://github.com/MuhammadUsman60,116748126,2022-10,14,37,6,2022–2022
adeemzia480,https://github.com/adeemzia480,114809106,2022-10,17,33,6,2022–2022
Muhammadjunaidjalal,https://github.com/Muhammadjunaidjalal,115719030,2022-10,9,33,6,2022–2022
saif-qureos,https://github.com/saif-qureos,116824230,2022-10,9,32,6,2022–2022
umeralisher,https://github.com/umeralisher,117007517,2022-10,11,31,6,2022–2022
Muhammad-Ikrma-Sharaf,https://github.com/Muhammad-Ikrma-Sharaf,115670776,2022-10,9,30,6,2022–2022
astronomer-umer,https://github.com/astronomer-umer,115949344,2022-10,6,30,6,2022–2022
burhankamran5,https://github.com/burhankamran5,115808864,2022-10,15,29,6,2022–2022
zaid510,https://github.com/zaid510,115395694,2022-10,9,29,6,2022–2022
Ahsan-55,https://github.com/Ahsan-55,116182912,2022-10,8,26,6,2022–2022
AdnanYAA,https://github.com/AdnanYAA,115858434,2022-10,7,25,6,2022–2022
RidaAbid7,https://github.com/RidaAbid7,114802885,2022-10,6,24,6,2022–2022
Aqib099,https://github.com/Aqib099,116567643,2022-10,11,23,6,2022–2022
sagheer904,https://github.com/sagheer904,114981444,2022-10,17,22,6,2022–2022
Dawood448,https://github.com/Dawood448,116868900,2022-10,11,22,6,2022–2022
faixanmalik,https://github.com/faixanmalik,117710738,2022-11,41,1233,6,2022–2022
Mashhood-Rehman,https://github.com/Mashhood-Rehman,119170119,2022-11,23,1189,6,2022–2022
hafizkashifdev,https://github.com/hafizkashifdev,119159565,2022-11,49,1166,6,2022–2022
usama2333,https://github.com/usama2333,117847026,2022-11,75,606,6,2022–2022
danishyaqoobofficial,https://github.com/danishyaqoobofficial,118287522,2022-11,34,525,6,2022–2022
hassan-jamshaid10,https://github.com/hassan-jamshaid10,119107853,2022-11,51,480,6,2022–2022
hammad211,https://github.com/hammad211,118754179,2022-11,22,470,6,2022–2022
usmansaleem27,https://github.com/usmansaleem27,117914024,2022-11,28,420,6,2022–2022
salmansadiq1015,https://github.com/salmansadiq1015,118099469,2022-11,70,388,6,2022–2022
ubaid2917,https://github.com/ubaid2917,117588645,2022-11,26,330,6,2022–2022
UMMY87,https://github.com/UMMY87,117314436,2022-11,64,266,6,2022–2022
TalalNad,https://github.com/TalalNad,118854464,2022-11,13,246,6,2022–2022
fakhar23,https://github.com/fakhar23,118812781,2022-11,11,241,6,2022–2022
Saim-Ali-69,https://github.com/Saim-Ali-69,119030392,2022-11,6,233,6,2022–2022
SamahaMunir,https://github.com/SamahaMunir,119500740,2022-11,19,222,6,2022–2022
MMuneebZaidi,https://github.com/MMuneebZaidi,119360402,2022-11,8,194,6,2022–2022
ahmedkhan070,https://github.com/ahmedkhan070,117409685,2022-11,34,186,6,2022–2022
moeezrhmn,https://github.com/moeezrhmn,119104207,2022-11,28,186,6,2022–2022
saliha10,https://github.com/saliha10,117811179,2022-11,7,173,6,2022–2022
Muhammad-Anees99,https://github.com/Muhammad-Anees99,118342672,2022-11,26,172,6,2022–2022
arsalan06,https://github.com/arsalan06,117338478,2022-11,40,168,6,2022–2022
Yaqoob-Aslam,https://github.com/Yaqoob-Aslam,118958803,2022-11,29,162,6,2022–2022
devahmad-001,https://github.com/devahmad-001,117432911,2022-11,31,161,6,2022–2022
huzaifaawan699,https://github.com/huzaifaawan699,119066287,2022-11,38,151,6,2022–2022
hamza-shafeeq,https://github.com/hamza-shafeeq,117427312,2022-11,17,149,6,2022–2022
fawadmughal-ds,https://github.com/fawadmughal-ds,117888890,2022-11,14,138,6,2022–2022
saad-devx,https://github.com/saad-devx,117750943,2022-11,9,138,6,2022–2022
mirza-asadullah,https://github.com/mirza-asadullah,117911933,2022-11,12,123,6,2022–2022
taha-ahmad2002,https://github.com/taha-ahmad2002,119103828,2022-11,9,122,6,2022–2022
sAwAiRa-iQbal,https://github.com/sAwAiRa-iQbal,118500114,2022-11,18,117,6,2022–2022
AmeenaFatima01,https://github.com/AmeenaFatima01,119101225,2022-11,11,100,6,2022–2022
Haseeb0128,https://github.com/Haseeb0128,117303196,2022-11,29,95,6,2022–2022
Imranmazhar323,https://github.com/Imranmazhar323,117320989,2022-11,13,92,6,2022–2022
usmana0820,https://github.com/usmana0820,118796976,2022-11,16,90,6,2022–2022
ahsanatta96,https://github.com/ahsanatta96,118881896,2022-11,12,88,6,2022–2022
seharbano,https://github.com/seharbano,119330776,2022-11,16,82,6,2022–2022
salmannnsajid,https://github.com/salmannnsajid,118899215,2022-11,15,81,6,2022–2022
mhhassaan,https://github.com/mhhassaan,119355837,2022-11,6,78,6,2022–2022
Muhammedumer78,https://github.com/Muhammedumer78,118181755,2022-11,12,76,6,2022–2022
Raffay595,https://github.com/Raffay595,118201100,2022-11,13,75,6,2022–2022
AnasAshfaq20,https://github.com/AnasAshfaq20,119153707,2022-11,14,73,6,2022–2022
waqarashraf2,https://github.com/waqarashraf2,117561516,2022-11,27,71,6,2022–2022
mudassardevops,https://github.com/mudassardevops,118210757,2022-11,143,69,6,2022–2022
KamranNaeem7,https://github.com/KamranNaeem7,119222315,2022-11,7,63,6,2022–2022
Umer-309,https://github.com/Umer-309,117673088,2022-11,21,62,6,2022–2022
zeeshan2959,https://github.com/zeeshan2959,119490000,2022-11,18,62,6,2022–2022
ahmadmuazam0,https://github.com/ahmadmuazam0,117434428,2022-11,11,62,6,2022–2022
TaimoorHassan121,https://github.com/TaimoorHassan121,117904224,2022-11,13,58,6,2022–2022
aliraza732-hub,https://github.com/aliraza732-hub,117995429,2022-11,37,56,6,2022–2022
rentweb3,https://github.com/rentweb3,119269999,2022-11,9,56,6,2022–2022
shifu-devs,https://github.com/shifu-devs,117453153,2022-11,11,52,6,2022–2022
Waleedrahat,https://github.com/Waleedrahat,118299693,2022-11,6,50,6,2022–2022
abdulrehmanaiarchitect,https://github.com/abdulrehmanaiarchitect,118353918,2022-11,34,49,6,2022–2022
waseem-ishaq,https://github.com/waseem-ishaq,117260995,2022-11,21,44,6,2022–2022
AhmedCh05,https://github.com/AhmedCh05,117512252,2022-11,10,42,6,2022–2022
MrZainUlAbdeen,https://github.com/MrZainUlAbdeen,119283926,2022-11,7,40,6,2022–2022
hassanarif316,https://github.com/hassanarif316,118788393,2022-11,7,39,6,2022–2022
Umair-bin-ahmad,https://github.com/Umair-bin-ahmad,118879211,2022-11,36,38,6,2022–2022
hamza2070,https://github.com/hamza2070,117341127,2022-11,8,37,6,2022–2022
hanzalawebdev,https://github.com/hanzalawebdev,117818148,2022-11,22,36,6,2022–2022
Ali-Hassan14,https://github.com/Ali-Hassan14,117512137,2022-11,8,35,6,2022–2022
younas345,https://github.com/younas345,118465389,2022-11,6,32,6,2022–2022
huzaifa1234ami,https://github.com/huzaifa1234ami,119105442,2022-11,9,31,6,2022–2022
jawad-arshad,https://github.com/jawad-arshad,117740972,2022-11,6,30,6,2022–2022
HabibaSarwar786,https://github.com/HabibaSarwar786,117461795,2022-11,6,29,6,2022–2022
shahzadakbar369,https://github.com/shahzadakbar369,117409524,2022-11,16,27,6,2022–2022
HafizMAhtsham,https://github.com/HafizMAhtsham,118752366,2022-11,15,26,6,2022–2022
HasanSuhail47,https://github.com/HasanSuhail47,119419730,2022-11,11,26,6,2022–2022
khuzaima-zafar,https://github.com/khuzaima-zafar,117560104,2022-11,8,25,6,2022–2022
ahtshamahmad78,https://github.com/ahtshamahmad78,118468781,2022-11,20,22,6,2022–2022
naveed60,https://github.com/naveed60,121485682,2022-12,37,2239,6,2022–2022
ansarmehmood67,https://github.com/ansarmehmood67,121389906,2022-12,26,1840,6,2022–2022
MuhammadShoaibKalim,https://github.com/MuhammadShoaibKalim,120046632,2022-12,105,1262,6,2022–2022
TalhahaRana,https://github.com/TalhahaRana,120256993,2022-12,22,1227,6,2022–2022
FaisalHanif12,https://github.com/FaisalHanif12,121450043,2022-12,24,929,6,2022–2022
abdullah1904,https://github.com/abdullah1904,119707334,2022-12,78,678,6,2022–2022
Robass-Atif,https://github.com/Robass-Atif,120154625,2022-12,46,611,6,2022–2022
Mwaqarulmulk,https://github.com/Mwaqarulmulk,120018803,2022-12,20,568,7,2022–2023
ahsandevsinn,https://github.com/ahsandevsinn,121575348,2022-12,38,520,7,2022–2023
Zarakkhan-dev,https://github.com/Zarakkhan-dev,119649492,2022-12,66,451,7,2022–2023
khuramgill,https://github.com/khuramgill,120157447,2022-12,30,442,7,2022–2023
manahiliqbal,https://github.com/manahiliqbal,120031852,2022-12,20,411,7,2022–2023
Umer-Khokhar,https://github.com/Umer-Khokhar,121288321,2022-12,82,395,7,2022–2023
NazirHussain1,https://github.com/NazirHussain1,119680442,2022-12,19,378,7,2022–2023
jinjucat,https://github.com/jinjucat,119899393,2022-12,13,367,7,2022–2023
AbdullahbinAmin,https://github.com/AbdullahbinAmin,120436257,2022-12,68,365,7,2022–2023
tryAhmad,https://github.com/tryAhmad,120418361,2022-12,35,359,7,2022–2023
MuhammadAsad-cmd,https://github.com/MuhammadAsad-cmd,121479754,2022-12,44,357,7,2022–2023
Humza-Waseem,https://github.com/Humza-Waseem,120158214,2022-12,52,354,7,2022–2023
abduvert,https://github.com/abduvert,121043484,2022-12,28,319,7,2022–2023
mwaliahmad,https://github.com/mwaliahmad,120174482,2022-12,26,311,7,2022–2023
Hamza11067,https://github.com/Hamza11067,120029714,2022-12,30,306,7,2022–2023
saqlainrai,https://github.com/saqlainrai,120156817,2022-12,34,305,7,2022–2023
Noorasghar09,https://github.com/Noorasghar09,120186259,2022-12,26,292,7,2022–2023
noorulannfatima,https://github.com/noorulannfatima,121565918,2022-12,23,292,7,2022–2023
m-umar-ch,https://github.com/m-umar-ch,121548329,2022-12,55,281,7,2022–2023
irfanulhaq228,https://github.com/irfanulhaq228,120976490,2022-12,33,277,7,2022–2023
MuhammadMasab002,https://github.com/MuhammadMasab002,121292086,2022-12,23,273,7,2022–2023
hashim-farooq,https://github.com/hashim-farooq,119572703,2022-12,16,264,7,2022–2023
jehanzaib084,https://github.com/jehanzaib084,121559773,2022-12,23,255,7,2022–2023
tahirkodx,https://github.com/tahirkodx,121417386,2022-12,21,240,7,2022–2023
im-ashar,https://github.com/im-ashar,121334192,2022-12,45,235,7,2022–2023
RaveehaMohsin,https://github.com/RaveehaMohsin,120155140,2022-12,24,232,7,2022–2023
hassanaly18,https://github.com/hassanaly18,121270268,2022-12,34,230,7,2022–2023
harman-dev1,https://github.com/harman-dev1,120156793,2022-12,34,222,7,2022–2023
daniyal-tayyab,https://github.com/daniyal-tayyab,120641376,2022-12,44,221,7,2022–2023
noorfatima262004,https://github.com/noorfatima262004,120156955,2022-12,36,217,7,2022–2023
Mudassirmalik786,https://github.com/Mudassirmalik786,120156929,2022-12,32,217,7,2022–2023
ahmedmujtaba1944,https://github.com/ahmedmujtaba1944,120775054,2022-12,30,216,7,2022–2023
iqratariqq,https://github.com/iqratariqq,120326978,2022-12,23,216,7,2022–2023
Atif-11,https://github.com/Atif-11,119723850,2022-12,30,207,7,2022–2023
Rida-7,https://github.com/Rida-7,120158656,2022-12,25,206,7,2022–2023
QasimOmer,https://github.com/QasimOmer,121034029,2022-12,24,205,7,2022–2023
UsmanEjaz10,https://github.com/UsmanEjaz10,121238357,2022-12,16,205,7,2022–2023
HuzaifaBinMunir,https://github.com/HuzaifaBinMunir,119703451,2022-12,21,204,7,2022–2023
harisizm,https://github.com/harisizm,120340766,2022-12,26,194,7,2022–2023
arslan7046,https://github.com/arslan7046,121473469,2022-12,51,189,7,2022–2023
mhamzahaniftoor,https://github.com/mhamzahaniftoor,121320397,2022-12,11,189,7,2022–2023
athar-javed72,https://github.com/athar-javed72,121218298,2022-12,8,185,7,2022–2023
ItsHamzaAziz,https://github.com/ItsHamzaAziz,121431881,2022-12,21,182,7,2022–2023
atii007,https://github.com/atii007,120604563,2022-12,39,175,7,2022–2023
RanaUmarShakoor,https://github.com/RanaUmarShakoor,120050041,2022-12,14,172,7,2022–2023
Kamran47t6,https://github.com/Kamran47t6,120959663,2022-12,31,171,7,2022–2023
AhmedIkram-SE,https://github.com/AhmedIkram-SE,119728269,2022-12,30,171,7,2022–2023
SabaMirza5,https://github.com/SabaMirza5,121477966,2022-12,34,170,7,2022–2023
SOBAN7AKRAM,https://github.com/SOBAN7AKRAM,120157492,2022-12,34,168,7,2022–2023
bilalramzan06,https://github.com/bilalramzan06,121340921,2022-12,8,162,7,2022–2023
tabishcode,https://github.com/tabishcode,120156438,2022-12,55,160,7,2022–2023
ahmedawan71,https://github.com/ahmedawan71,120722945,2022-12,20,159,7,2022–2023
noorulhuda789,https://github.com/noorulhuda789,120157690,2022-12,11,155,7,2022–2023
MusaTahawar,https://github.com/MusaTahawar,121485461,2022-12,47,154,7,2022–2023
m-umairshah,https://github.com/m-umairshah,121006407,2022-12,17,153,7,2022–2023
syedfaisalilyas,https://github.com/syedfaisalilyas,120155473,2022-12,81,146,7,2022–2023
ahmarshahid,https://github.com/ahmarshahid,120157630,2022-12,56,146,7,2022–2023
Asif2626,https://github.com/Asif2626,120358905,2022-12,10,145,7,2022–2023
mabdullahniazi,https://github.com/mabdullahniazi,121354915,2022-12,11,142,7,2022–2023
Mudasir-Ahmad011,https://github.com/Mudasir-Ahmad011,120155686,2022-12,44,141,7,2022–2023
afeera-fatima,https://github.com/afeera-fatima,120155223,2022-12,21,138,7,2022–2023
asadalimcj,https://github.com/asadalimcj,120159273,2022-12,51,136,7,2022–2023
saad-co,https://github.com/saad-co,119669487,2022-12,20,135,7,2022–2023
abdullahfayyaz,https://github.com/abdullahfayyaz,120156998,2022-12,15,133,7,2022–2023
ahmad2point0,https://github.com/ahmad2point0,120389337,2022-12,14,127,7,2022–2023
sohaibzafar89,https://github.com/sohaibzafar89,121296210,2022-12,8,122,7,2022–2023
NumanAkram,https://github.com/NumanAkram,121220547,2022-12,31,118,7,2022–2023
abubakarchaudhary731,https://github.com/abubakarchaudhary731,120399495,2022-12,10,118,7,2022–2023
Arslan-Muhammad,https://github.com/Arslan-Muhammad,119611679,2022-12,29,113,7,2022–2023
danialhassan72,https://github.com/danialhassan72,120138677,2022-12,26,113,7,2022–2023
Ab5536,https://github.com/Ab5536,120156737,2022-12,18,113,7,2022–2023
ShahriyarK,https://github.com/ShahriyarK,121714084,2022-12,86,112,7,2022–2023
burhanahmad161,https://github.com/burhanahmad161,120157554,2022-12,29,112,7,2022–2023
kamran2malik4,https://github.com/kamran2malik4,119792582,2022-12,12,108,7,2022–2023
AhMaD2001M,https://github.com/AhMaD2001M,120110322,2022-12,32,107,7,2022–2023
uzairazmat,https://github.com/uzairazmat,121609601,2022-12,40,106,7,2022–2023
h4hassanali,https://github.com/h4hassanali,120367578,2022-12,18,106,7,2022–2023
SabaShahdin,https://github.com/SabaShahdin,120474303,2022-12,42,105,7,2022–2023
aliya-khalil21,https://github.com/aliya-khalil21,120156618,2022-12,38,105,7,2022–2023
786offiun,https://github.com/786offiun,120181757,2022-12,20,105,7,2022–2023
gulezahranaqvi812004,https://github.com/gulezahranaqvi812004,120156486,2022-12,56,104,7,2022–2023
fsfrahmad,https://github.com/fsfrahmad,120156791,2022-12,21,100,7,2022–2023
Arslan-MIT,https://github.com/Arslan-MIT,120738932,2022-12,19,99,7,2022–2023
abdulrafey7047,https://github.com/abdulrafey7047,121005249,2022-12,11,99,7,2022–2023
mabdullahchaudhary,https://github.com/mabdullahchaudhary,121611891,2022-12,11,98,7,2022–2023
Talhaasif7,https://github.com/Talhaasif7,121275040,2022-12,40,97,7,2022–2023
Usman012345,https://github.com/Usman012345,120259689,2022-12,34,95,7,2022–2023
AliChauhan36346,https://github.com/AliChauhan36346,120030299,2022-12,11,95,7,2022–2023
the-sami-ullah,https://github.com/the-sami-ullah,120156144,2022-12,28,93,7,2022–2023
MAHMAD6,https://github.com/MAHMAD6,120156530,2022-12,25,88,7,2022–2023
Husnainhassi,https://github.com/Husnainhassi,121338669,2022-12,10,88,7,2022–2023
ahadanwar5,https://github.com/ahadanwar5,119756073,2022-12,18,87,7,2022–2023
hmtdev0,https://github.com/hmtdev0,119955024,2022-12,12,83,7,2022–2023
NomanAli42856,https://github.com/NomanAli42856,121042827,2022-12,37,81,7,2022–2023
usamayousaf5000,https://github.com/usamayousaf5000,121081856,2022-12,18,80,7,2022–2023
MARSADMANZOOR8,https://github.com/MARSADMANZOOR8,120159246,2022-12,44,77,7,2022–2023
Abdullah2208,https://github.com/Abdullah2208,121500027,2022-12,11,73,7,2022–2023
mumareng,https://github.com/mumareng,120958352,2022-12,11,72,7,2022–2023
itsMisbah,https://github.com/itsMisbah,120157265,2022-12,12,71,7,2022–2023
Samanqayoom,https://github.com/Samanqayoom,121669886,2022-12,10,71,7,2022–2023
HarisWaseem43,https://github.com/HarisWaseem43,120707755,2022-12,17,70,7,2022–2023
HafizLiaqat18,https://github.com/HafizLiaqat18,119620876,2022-12,17,68,7,2022–2023
abdullahrehmanse,https://github.com/abdullahrehmanse,121106319,2022-12,10,65,7,2022–2023
Ali-Hussnain-Developer,https://github.com/Ali-Hussnain-Developer,121143957,2022-12,14,64,7,2022–2023
JunaidRamey,https://github.com/JunaidRamey,121313154,2022-12,23,61,7,2022–2023
HadiaK99,https://github.com/HadiaK99,120021570,2022-12,22,60,7,2022–2023
Fatima-safdar91,https://github.com/Fatima-safdar91,120154893,2022-12,27,59,7,2022–2023
F2022065283,https://github.com/F2022065283,120443358,2022-12,22,58,7,2022–2023
Aftab553911,https://github.com/Aftab553911,120543262,2022-12,26,54,7,2022–2023
imhamza-dev,https://github.com/imhamza-dev,121578859,2022-12,11,54,7,2022–2023
haider063-hub,https://github.com/haider063-hub,121611271,2022-12,13,53,7,2022–2023
mfahadlatif,https://github.com/mfahadlatif,121053168,2022-12,11,51,7,2022–2023
Zain-Ali7864,https://github.com/Zain-Ali7864,119680672,2022-12,9,49,7,2022–2023
findfarhan,https://github.com/findfarhan,121566896,2022-12,6,49,7,2022–2023
iamarsalanazam,https://github.com/iamarsalanazam,119892894,2022-12,8,46,7,2022–2023
mafaq1965,https://github.com/mafaq1965,121144044,2022-12,26,45,7,2022–2023
G0dM0rning,https://github.com/G0dM0rning,121669782,2022-12,12,44,7,2022–2023
discoverthegithub,https://github.com/discoverthegithub,121404823,2022-12,15,43,7,2022–2023
naveedriaz829,https://github.com/naveedriaz829,121576648,2022-12,20,41,7,2022–2023
Uzair0304,https://github.com/Uzair0304,121710134,2022-12,9,41,7,2022–2023
mahrukhkashan,https://github.com/mahrukhkashan,120157083,2022-12,16,40,7,2022–2023
Haris-Nr,https://github.com/Haris-Nr,121281257,2022-12,45,38,7,2022–2023
manshahussain5,https://github.com/manshahussain5,120782108,2022-12,10,38,7,2022–2023
Ch-Tayyaba,https://github.com/Ch-Tayyaba,120157176,2022-12,22,37,7,2022–2023
SayyedainDev,https://github.com/SayyedainDev,120954497,2022-12,15,37,7,2022–2023
iqra-khan0635,https://github.com/iqra-khan0635,120245045,2022-12,8,36,7,2022–2023
burhan-mujahid,https://github.com/burhan-mujahid,120049023,2022-12,16,34,7,2022–2023
AbdaalHassan,https://github.com/AbdaalHassan,120336477,2022-12,11,34,7,2022–2023
wajahatayaan56,https://github.com/wajahatayaan56,120330429,2022-12,6,33,7,2022–2023
HaroonVirk14,https://github.com/HaroonVirk14,120496899,2022-12,8,30,7,2022–2023
ussmaan-aali,https://github.com/ussmaan-aali,119750939,2022-12,15,29,7,2022–2023
ChAbaidullah,https://github.com/ChAbaidullah,119968504,2022-12,6,29,7,2022–2023
myselfkamran,https://github.com/myselfkamran,120461957,2022-12,27,28,7,2022–2023
Usama3414,https://github.com/Usama3414,120802136,2022-12,19,28,7,2022–2023
FarhanRiaz5142,https://github.com/FarhanRiaz5142,120007133,2022-12,15,28,7,2022–2023
aliuiux,https://github.com/aliuiux,120715032,2022-12,9,27,7,2022–2023
FindUsama,https://github.com/FindUsama,119743627,2022-12,10,25,7,2022–2023
SeharAkbar,https://github.com/SeharAkbar,119725984,2022-12,20,24,7,2022–2023
MuhammadHamzaMahboob,https://github.com/MuhammadHamzaMahboob,120973377,2022-12,12,24,7,2022–2023
aleenaALEEN,https://github.com/aleenaALEEN,120021592,2022-12,12,24,7,2022–2023
mianfaheem,https://github.com/mianfaheem,120561817,2022-12,6,24,7,2022–2023
muhammad0332,https://github.com/muhammad0332,121304622,2022-12,17,23,7,2022–2023
joiya514,https://github.com/joiya514,121043606,2022-12,13,23,7,2022–2023
PrinceSMK,https://github.com/PrinceSMK,121431191,2022-12,12,23,7,2022–2023
mujahidnawaz,https://github.com/mujahidnawaz,119625876,2022-12,13,22,7,2022–2023
Haxor-eXtreme,https://github.com/Haxor-eXtreme,121579231,2022-12,6,22,7,2022–2023
sanecodeguy,https://github.com/sanecodeguy,122740137,2023-01,17,6583,7,2022–2023
hamzawattoo,https://github.com/hamzawattoo,122934202,2023-01,17,4689,7,2022–2023
ahad324,https://github.com/ahad324,121967743,2023-01,55,1502,7,2022–2023
AbdulTawabJuly,https://github.com/AbdulTawabJuly,122252873,2023-01,43,1470,7,2022–2023
ahkamboh,https://github.com/ahkamboh,123060177,2023-01,59,1107,7,2022–2023
Farazkhanbwn,https://github.com/Farazkhanbwn,122208660,2023-01,53,847,7,2022–2023
hey-Zayn,https://github.com/hey-Zayn,121878383,2023-01,50,809,7,2022–2023
UsamaAshraf1,https://github.com/UsamaAshraf1,122519826,2023-01,30,787,7,2022–2023
faizrazadec,https://github.com/faizrazadec,123550860,2023-01,48,694,7,2022–2023
usmanX191,https://github.com/usmanX191,123594984,2023-01,29,640,7,2022–2023
razaalirizvi4,https://github.com/razaalirizvi4,123810899,2023-01,17,632,7,2022–2023
aliakbarkhan-DevOps,https://github.com/aliakbarkhan-DevOps,122238636,2023-01,35,618,7,2022–2023
DebugWithNazi,https://github.com/DebugWithNazi,121787737,2023-01,25,616,7,2022–2023
Nouman-Shahid1,https://github.com/Nouman-Shahid1,122147548,2023-01,18,547,7,2022–2023
tasbehanawaz,https://github.com/tasbehanawaz,122117978,2023-01,11,534,7,2022–2023
Noor-Waqas,https://github.com/Noor-Waqas,123650667,2023-01,27,521,7,2022–2023
affanabid,https://github.com/affanabid,122006447,2023-01,35,494,7,2022–2023
mahsannawaz1,https://github.com/mahsannawaz1,122306871,2023-01,24,480,7,2022–2023
abdurrahman310303,https://github.com/abdurrahman310303,121820588,2023-01,33,460,7,2022–2023
merehansheikh,https://github.com/merehansheikh,122536030,2023-01,13,418,7,2022–2023
ToheedAsghar,https://github.com/ToheedAsghar,121859513,2023-01,31,360,7,2022–2023
Muhammad-ShahzaibIjaz,https://github.com/Muhammad-ShahzaibIjaz,122388595,2023-01,17,346,7,2022–2023
usamarazzaq90,https://github.com/usamarazzaq90,123981971,2023-01,57,288,7,2022–2023
Amaz51,https://github.com/Amaz51,121846782,2023-01,24,281,7,2022–2023
MuhammadTalha776932,https://github.com/MuhammadTalha776932,122554285,2023-01,23,274,7,2022–2023
MazharRehan,https://github.com/MazharRehan,123884604,2023-01,30,253,7,2022–2023
Muhammad-Hammad-Malik,https://github.com/Muhammad-Hammad-Malik,122775197,2023-01,47,209,7,2022–2023
AKRehmanKhan,https://github.com/AKRehmanKhan,122454120,2023-01,22,208,7,2022–2023
MuhammadTalha-12,https://github.com/MuhammadTalha-12,122515359,2023-01,16,207,7,2022–2023
umar-aziz-dev,https://github.com/umar-aziz-dev,123320543,2023-01,39,206,7,2022–2023
Junaid083,https://github.com/Junaid083,122339731,2023-01,15,203,7,2022–2023
HassanAli101,https://github.com/HassanAli101,121795823,2023-01,8,187,7,2022–2023
Mubashar777,https://github.com/Mubashar777,123864253,2023-01,31,180,7,2022–2023
abdularhamkhan,https://github.com/abdularhamkhan,121820304,2023-01,10,178,7,2022–2023
TalhaHMTTK,https://github.com/TalhaHMTTK,122514249,2023-01,38,170,7,2022–2023
muhammad-mousa,https://github.com/muhammad-mousa,122889315,2023-01,10,170,7,2022–2023
Hafiza-75,https://github.com/Hafiza-75,123856356,2023-01,47,168,7,2022–2023
alihusnain88,https://github.com/alihusnain88,122731330,2023-01,8,164,7,2022–2023
aliahmadrizvi88,https://github.com/aliahmadrizvi88,123960028,2023-01,22,163,7,2022–2023
DevelopeFlutter,https://github.com/DevelopeFlutter,123937758,2023-01,18,162,7,2022–2023
AJSTYLE-lab,https://github.com/AJSTYLE-lab,123076043,2023-01,15,161,7,2022–2023
Hamza-Yousaf109,https://github.com/Hamza-Yousaf109,121962133,2023-01,20,159,7,2022–2023
Saad-kareem,https://github.com/Saad-kareem,121842521,2023-01,19,153,7,2022–2023
muhammadmuzammal56,https://github.com/muhammadmuzammal56,123056725,2023-01,9,152,7,2022–2023
abusufyan-netizen,https://github.com/abusufyan-netizen,122659223,2023-01,29,151,7,2022–2023
FahadMahmood99,https://github.com/FahadMahmood99,122556036,2023-01,24,151,7,2022–2023
MSubhanMalik,https://github.com/MSubhanMalik,122144574,2023-01,18,151,7,2022–2023
Ahmad8i1a1,https://github.com/Ahmad8i1a1,123626288,2023-01,20,150,7,2022–2023
Code-With-Ahmad,https://github.com/Code-With-Ahmad,122979965,2023-01,17,143,7,2022–2023
Muhammad-Ahmad12345,https://github.com/Muhammad-Ahmad12345,122201557,2023-01,8,133,7,2022–2023
A-Yusuf23,https://github.com/A-Yusuf23,123869839,2023-01,19,130,7,2022–2023
Amen-Munir,https://github.com/Amen-Munir,121969659,2023-01,15,123,7,2022–2023
MuhammadHasaan19,https://github.com/MuhammadHasaan19,123986265,2023-01,12,119,7,2022–2023
Saad-Khan007,https://github.com/Saad-Khan007,122396615,2023-01,15,111,7,2022–2023
SakinaAzam,https://github.com/SakinaAzam,123624240,2023-01,31,110,7,2022–2023
bahadurali123,https://github.com/bahadurali123,121963743,2023-01,11,109,7,2022–2023
asadhabeeb0,https://github.com/asadhabeeb0,122172364,2023-01,54,107,7,2022–2023
Shahriyar-Ahmad,https://github.com/Shahriyar-Ahmad,123009102,2023-01,20,102,7,2022–2023
BILALRAZA9,https://github.com/BILALRAZA9,121975393,2023-01,109,100,7,2022–2023
codebyamaz,https://github.com/codebyamaz,122691557,2023-01,15,100,7,2022–2023
SaqibAli47,https://github.com/SaqibAli47,123297397,2023-01,21,98,7,2022–2023
talha-naseeb,https://github.com/talha-naseeb,123494406,2023-01,9,96,7,2022–2023
merium6,https://github.com/merium6,123579377,2023-01,6,96,7,2022–2023
Maryam-Ryre,https://github.com/Maryam-Ryre,121749874,2023-01,7,93,7,2022–2023
corelogixdev,https://github.com/corelogixdev,122792921,2023-01,11,86,7,2022–2023
MrAliHasan,https://github.com/MrAliHasan,123310480,2023-01,10,86,7,2022–2023
aliraza910,https://github.com/aliraza910,122931325,2023-01,18,85,7,2022–2023
oyemauz,https://github.com/oyemauz,123929626,2023-01,13,84,7,2022–2023
Ahmad-ARK,https://github.com/Ahmad-ARK,122096057,2023-01,15,80,7,2022–2023
MuzamilSarwar,https://github.com/MuzamilSarwar,122680667,2023-01,13,80,7,2022–2023
choudhary19,https://github.com/choudhary19,122969981,2023-01,8,77,7,2022–2023
m-ateeb,https://github.com/m-ateeb,124091005,2023-01,9,75,7,2022–2023
alizainkashif,https://github.com/alizainkashif,122679551,2023-01,17,73,7,2022–2023
umar10fw,https://github.com/umar10fw,122997255,2023-01,22,72,7,2022–2023
RIDA-4All,https://github.com/RIDA-4All,123807873,2023-01,22,71,7,2022–2023
aribaHabib,https://github.com/aribaHabib,123486335,2023-01,25,69,7,2022–2023
imtiaz99150,https://github.com/imtiaz99150,121944629,2023-01,9,69,7,2022–2023
Iman-zulfiqar,https://github.com/Iman-zulfiqar,123621802,2023-01,19,68,7,2022–2023
mTalha-1,https://github.com/mTalha-1,121819520,2023-01,13,66,7,2022–2023
EisaMehmood,https://github.com/EisaMehmood,123245575,2023-01,10,65,7,2022–2023
sajeelsam14,https://github.com/sajeelsam14,123180871,2023-01,20,64,7,2022–2023
ayankhan00,https://github.com/ayankhan00,122250920,2023-01,17,64,7,2022–2023
arsalmanan1,https://github.com/arsalmanan1,122080411,2023-01,21,63,7,2022–2023
zohraamna3,https://github.com/zohraamna3,123822576,2023-01,19,63,7,2022–2023
iamfarazkhan7,https://github.com/iamfarazkhan7,123619883,2023-01,12,59,7,2022–2023
Ahmadtufail,https://github.com/Ahmadtufail,123171338,2023-01,7,57,7,2022–2023
AbdulMoiz9876,https://github.com/AbdulMoiz9876,123240900,2023-01,20,56,7,2022–2023
Sohailgazar2045,https://github.com/Sohailgazar2045,123440112,2023-01,17,54,7,2022–2023
hamidahmad01999,https://github.com/hamidahmad01999,123067895,2023-01,17,54,7,2022–2023
Paradox-20002,https://github.com/Paradox-20002,123255999,2023-01,21,53,7,2022–2023
a17ahmed,https://github.com/a17ahmed,123307002,2023-01,15,53,7,2022–2023
UZMA63,https://github.com/UZMA63,123838722,2023-01,17,52,7,2022–2023
Shabana007,https://github.com/Shabana007,122359738,2023-01,12,50,7,2022–2023
javriz,https://github.com/javriz,123527865,2023-01,10,48,7,2022–2023
JasimMalook,https://github.com/JasimMalook,122310790,2023-01,13,45,7,2022–2023
Aftab786-designer-art,https://github.com/Aftab786-designer-art,121763458,2023-01,28,44,7,2022–2023
Raimach908,https://github.com/Raimach908,121800616,2023-01,18,44,7,2022–2023
DevBoy-007,https://github.com/DevBoy-007,123189065,2023-01,22,42,7,2022–2023
MAsif4077,https://github.com/MAsif4077,122386443,2023-01,20,42,7,2022–2023
Faizan5377,https://github.com/Faizan5377,121832396,2023-01,9,42,7,2022–2023
azlanyasir,https://github.com/azlanyasir,123415628,2023-01,9,42,7,2022–2023
sohailashraf7090,https://github.com/sohailashraf7090,123001208,2023-01,23,41,7,2022–2023
alee536,https://github.com/alee536,123765273,2023-01,7,41,7,2022–2023
167Ali,https://github.com/167Ali,122424617,2023-01,7,39,7,2022–2023
MShahzadAbdulmajeed,https://github.com/MShahzadAbdulmajeed,123815317,2023-01,7,38,7,2022–2023
iamsaadsiddiq,https://github.com/iamsaadsiddiq,122871551,2023-01,6,38,7,2022–2023
UsmanGhulamNabi786,https://github.com/UsmanGhulamNabi786,122110691,2023-01,14,37,7,2022–2023
Abdullah5111,https://github.com/Abdullah5111,122647095,2023-01,11,35,7,2022–2023
umer-jahangier,https://github.com/umer-jahangier,122758851,2023-01,8,32,7,2022–2023
AbbasiKings,https://github.com/AbbasiKings,122149169,2023-01,6,32,7,2022–2023
tallaladnan,https://github.com/tallaladnan,121822225,2023-01,23,31,7,2022–2023
ali713111,https://github.com/ali713111,122779168,2023-01,22,31,7,2022–2023
riz815,https://github.com/riz815,122774380,2023-01,11,30,7,2022–2023
shahzad-jafar,https://github.com/shahzad-jafar,123273138,2023-01,11,30,7,2022–2023
hashir7860,https://github.com/hashir7860,124044748,2023-01,6,29,7,2022–2023
Anees-Rao,https://github.com/Anees-Rao,123795130,2023-01,16,28,7,2022–2023
AbdulHannan018,https://github.com/AbdulHannan018,122171685,2023-01,13,28,7,2022–2023
hussain0202,https://github.com/hussain0202,121966615,2023-01,10,28,7,2022–2023
FarhanTheWise,https://github.com/FarhanTheWise,123835249,2023-01,6,27,7,2022–2023
Laibtech,https://github.com/Laibtech,122878578,2023-01,24,26,7,2022–2023
haa-roon,https://github.com/haa-roon,122792202,2023-01,8,26,7,2022–2023
mzain6,https://github.com/mzain6,122671627,2023-01,9,25,7,2022–2023
iamnaumansafdar,https://github.com/iamnaumansafdar,123065726,2023-01,6,24,7,2022–2023
FaseehNasir,https://github.com/FaseehNasir,121792016,2023-01,7,23,7,2022–2023
haider434,https://github.com/haider434,122698445,2023-01,8,22,7,2022–2023
adilsarfraz02,https://github.com/adilsarfraz02,126439037,2023-02,34,2040,7,2022–2023
Nouman-Usman,https://github.com/Nouman-Usman,125990013,2023-02,71,1483,7,2022–2023
ShehrozAli-KhanZaman,https://github.com/ShehrozAli-KhanZaman,125862278,2023-02,8,1320,7,2022–2023
Qaisar-Mateen,https://github.com/Qaisar-Mateen,124438541,2023-02,22,1119,7,2022–2023
ahsaanullah0088,https://github.com/ahsaanullah0088,124255630,2023-02,54,1088,7,2022–2023
Khawar101,https://github.com/Khawar101,124525015,2023-02,11,1019,7,2022–2023
mu-subhan,https://github.com/mu-subhan,124787852,2023-02,44,1016,7,2022–2023
Aizyy008,https://github.com/Aizyy008,126329786,2023-02,30,878,7,2022–2023
Fayyez,https://github.com/Fayyez,125592149,2023-02,31,703,7,2022–2023
FarheenShaukat,https://github.com/FarheenShaukat,126336030,2023-02,20,695,7,2022–2023
hamna-Cloudscoot,https://github.com/hamna-Cloudscoot,124356737,2023-02,14,692,7,2022–2023
HuzaifaRizwan1231,https://github.com/HuzaifaRizwan1231,124560775,2023-02,18,684,7,2022–2023
usman-zulfiqar065,https://github.com/usman-zulfiqar065,125230430,2023-02,12,666,7,2022–2023
Hammad-Tariq007,https://github.com/Hammad-Tariq007,124447376,2023-02,58,660,7,2022–2023
AhmedAfzal2089,https://github.com/AhmedAfzal2089,126315364,2023-02,31,652,7,2022–2023
FaiqCh-456,https://github.com/FaiqCh-456,125991315,2023-02,23,579,7,2022–2023
umerfayyaz2,https://github.com/umerfayyaz2,125391831,2023-02,16,576,7,2022–2023
hash1000,https://github.com/hash1000,125576695,2023-02,45,560,7,2022–2023
a-jay262,https://github.com/a-jay262,125549967,2023-02,27,523,7,2022–2023
AliShan62,https://github.com/AliShan62,125450906,2023-02,44,514,7,2022–2023
shoaibanwar13,https://github.com/shoaibanwar13,124421743,2023-02,44,510,7,2022–2023
HassanMahmoodAwan,https://github.com/HassanMahmoodAwan,125195617,2023-02,44,502,7,2022–2023
MuhammadManan,https://github.com/MuhammadManan,126472861,2023-02,18,501,7,2022–2023
abdullah-azeemi,https://github.com/abdullah-azeemi,125180167,2023-02,37,437,7,2022–2023
Liaqat22,https://github.com/Liaqat22,126480140,2023-02,42,431,7,2022–2023
A7N8M6D,https://github.com/A7N8M6D,124700122,2023-02,25,422,7,2022–2023
m-anas44,https://github.com/m-anas44,125805038,2023-02,18,373,7,2022–2023
shah541-g,https://github.com/shah541-g,124284042,2023-02,48,357,7,2022–2023
MuhammadNaeem001,https://github.com/MuhammadNaeem001,126136788,2023-02,11,333,7,2022–2023
Mr-Mudassar,https://github.com/Mr-Mudassar,124991853,2023-02,27,327,7,2022–2023
AmmarAhm3d,https://github.com/AmmarAhm3d,125185290,2023-02,45,318,7,2022–2023
Ch-Saqib,https://github.com/Ch-Saqib,125819263,2023-02,31,317,7,2022–2023
Shoaib4447,https://github.com/Shoaib4447,125224624,2023-02,46,311,7,2022–2023
furqanahmad03,https://github.com/furqanahmad03,125155635,2023-02,18,305,7,2022–2023
lai-jaz,https://github.com/lai-jaz,125128708,2023-02,8,305,7,2022–2023
f-fida-coder,https://github.com/f-fida-coder,125109477,2023-02,37,274,7,2022–2023
MeharG811,https://github.com/MeharG811,125581538,2023-02,221,270,7,2022–2023
awaisabdulsalam,https://github.com/awaisabdulsalam,124709357,2023-02,19,265,7,2022–2023
shaheeranser,https://github.com/shaheeranser,126239320,2023-02,18,265,7,2022–2023
Asadullah523,https://github.com/Asadullah523,126242395,2023-02,24,252,7,2022–2023
rabiuddin,https://github.com/rabiuddin,125211743,2023-02,27,251,7,2022–2023
MalikZubair01,https://github.com/MalikZubair01,125659772,2023-02,12,250,7,2022–2023
Abdul-Moiz-Shehzad,https://github.com/Abdul-Moiz-Shehzad,125687389,2023-02,38,246,7,2022–2023
saaim12,https://github.com/saaim12,125155759,2023-02,17,243,7,2022–2023
ehsanjavaid,https://github.com/ehsanjavaid,124583633,2023-02,25,238,7,2022–2023
BilalkhanDev,https://github.com/BilalkhanDev,126333054,2023-02,14,228,7,2022–2023
TanveerHussain34,https://github.com/TanveerHussain34,125460641,2023-02,30,226,7,2022–2023
jawadbayg,https://github.com/jawadbayg,126389099,2023-02,32,218,7,2022–2023
coderwahaj,https://github.com/coderwahaj,125297653,2023-02,18,216,7,2022–2023
SyedAhmadMukrram786,https://github.com/SyedAhmadMukrram786,124423665,2023-02,10,206,7,2022–2023
Wasee-Ur-Rehman,https://github.com/Wasee-Ur-Rehman,124555385,2023-02,17,204,7,2022–2023
shaheergg,https://github.com/shaheergg,124364199,2023-02,30,198,7,2022–2023
muneeb0346,https://github.com/muneeb0346,125731178,2023-02,9,195,7,2022–2023
safdarAwaN786,https://github.com/safdarAwaN786,125874263,2023-02,13,191,7,2022–2023
Komail003,https://github.com/Komail003,125859060,2023-02,64,190,7,2022–2023
zubairblti,https://github.com/zubairblti,124900011,2023-02,17,179,7,2022–2023
ahmadrazza2001,https://github.com/ahmadrazza2001,126485111,2023-02,28,177,7,2022–2023
Junaid6725,https://github.com/Junaid6725,124704658,2023-02,11,176,7,2022–2023
abmanan12,https://github.com/abmanan12,124691388,2023-02,72,169,7,2022–2023
Syed-Hamza10,https://github.com/Syed-Hamza10,124598247,2023-02,28,165,7,2022–2023
SabihArshadR,https://github.com/SabihArshadR,125758242,2023-02,11,165,7,2022–2023
professor875,https://github.com/professor875,125159698,2023-02,21,161,7,2022–2023
khizr80,https://github.com/khizr80,124554532,2023-02,13,158,7,2022–2023
aliahmed-codes,https://github.com/aliahmed-codes,125104645,2023-02,32,157,7,2022–2023
sumayya-yasin,https://github.com/sumayya-yasin,125564804,2023-02,15,155,7,2022–2023
BilalMoazzam,https://github.com/BilalMoazzam,126339168,2023-02,20,153,7,2022–2023
ayyan656,https://github.com/ayyan656,124901068,2023-02,38,152,7,2022–2023
umairnaeem12,https://github.com/umairnaeem12,124865412,2023-02,19,147,7,2022–2023
safyanch,https://github.com/safyanch,126394074,2023-02,23,145,7,2022–2023
talhaxhahid,https://github.com/talhaxhahid,126399850,2023-02,18,143,7,2022–2023
qasim-gondal,https://github.com/qasim-gondal,125429162,2023-02,31,132,7,2022–2023
usman0794,https://github.com/usman0794,124570013,2023-02,11,130,7,2022–2023
Junaid-xd,https://github.com/Junaid-xd,124434034,2023-02,16,121,7,2022–2023
Saad7912,https://github.com/Saad7912,125139530,2023-02,23,120,7,2022–2023
hamzahyaasin,https://github.com/hamzahyaasin,125568111,2023-02,9,120,7,2022–2023
aamirazhar122,https://github.com/aamirazhar122,125334680,2023-02,40,113,7,2022–2023
muhammadkashifsecurityengineer,https://github.com/muhammadkashifsecurityengineer,126161777,2023-02,9,113,7,2022–2023
jahanzaib2353,https://github.com/jahanzaib2353,126409788,2023-02,19,112,7,2022–2023
Mian-Abdullah,https://github.com/Mian-Abdullah,125531233,2023-02,27,110,7,2022–2023
MrabdulHannan1,https://github.com/MrabdulHannan1,125334966,2023-02,24,110,7,2022–2023
moosaraza123,https://github.com/moosaraza123,124995195,2023-02,7,109,7,2022–2023
MussabPro,https://github.com/MussabPro,124181205,2023-02,24,107,7,2022–2023
ahmedraza-10xe,https://github.com/ahmedraza-10xe,125105567,2023-02,16,107,7,2022–2023
Faizanasif728,https://github.com/Faizanasif728,124882771,2023-02,10,107,7,2022–2023
abdul-manan678787,https://github.com/abdul-manan678787,124269624,2023-02,21,106,7,2022–2023
bilalsiddiqui1311,https://github.com/bilalsiddiqui1311,126003383,2023-02,12,106,7,2022–2023
UsmanQamar12,https://github.com/UsmanQamar12,125461117,2023-02,27,103,7,2022–2023
usman684,https://github.com/usman684,125421217,2023-02,47,102,7,2022–2023
Matif408,https://github.com/Matif408,125822126,2023-02,22,100,7,2022–2023
farooq-4one,https://github.com/farooq-4one,125255480,2023-02,30,96,7,2022–2023
AliRaza-10,https://github.com/AliRaza-10,125049658,2023-02,9,96,7,2022–2023
AliAzhar5,https://github.com/AliAzhar5,125825330,2023-02,17,94,7,2022–2023
AmnaaYaseen,https://github.com/AmnaaYaseen,125303891,2023-02,14,93,7,2022–2023
Ammarzahid000,https://github.com/Ammarzahid000,126045721,2023-02,39,92,7,2022–2023
moazam-a12,https://github.com/moazam-a12,124599095,2023-02,14,92,7,2022–2023
naumanijaz928,https://github.com/naumanijaz928,125391383,2023-02,23,90,7,2022–2023
AwaisSpada,https://github.com/AwaisSpada,124693168,2023-02,11,90,7,2022–2023
sheikhshaheernaeem,https://github.com/sheikhshaheernaeem,125863778,2023-02,10,89,7,2022–2023
001-mak,https://github.com/001-mak,125154821,2023-02,19,88,7,2022–2023
ASADFi,https://github.com/ASADFi,126611891,2023-02,16,87,7,2022–2023
UmairDevelop,https://github.com/UmairDevelop,126377524,2023-02,11,87,7,2022–2023
Uzair-1,https://github.com/Uzair-1,125800878,2023-02,37,78,7,2022–2023
saadmughal0987,https://github.com/saadmughal0987,124339063,2023-02,14,78,7,2022–2023
MuhammadZanaenUllah,https://github.com/MuhammadZanaenUllah,125429976,2023-02,17,77,7,2022–2023
Daniyal323,https://github.com/Daniyal323,125137631,2023-02,17,77,7,2022–2023
junaidamjadofficial,https://github.com/junaidamjadofficial,126025288,2023-02,16,75,7,2022–2023
Naila-Awan,https://github.com/Naila-Awan,125586761,2023-02,9,75,7,2022–2023
Talal-Saleem327,https://github.com/Talal-Saleem327,126374529,2023-02,10,74,7,2022–2023
daisy-ali,https://github.com/daisy-ali,126125802,2023-02,9,71,7,2022–2023
samiu2004,https://github.com/samiu2004,124317317,2023-02,27,69,7,2022–2023
sameertanveer23,https://github.com/sameertanveer23,126457978,2023-02,19,69,7,2022–2023
areeshababar6,https://github.com/areeshababar6,124627431,2023-02,35,68,7,2022–2023
Huzaifa-Waheed,https://github.com/Huzaifa-Waheed,124428660,2023-02,8,68,7,2022–2023
zubair-hafeez,https://github.com/zubair-hafeez,126135179,2023-02,18,67,7,2022–2023
khuzaima324,https://github.com/khuzaima324,124383833,2023-02,17,67,7,2022–2023
M-HUZAIFA-KHILJI,https://github.com/M-HUZAIFA-KHILJI,126354724,2023-02,18,66,7,2022–2023
AliAftab0786,https://github.com/AliAftab0786,126101461,2023-02,14,66,7,2022–2023
Ali-Raza171,https://github.com/Ali-Raza171,126044057,2023-02,12,64,7,2022–2023
ayra-13,https://github.com/ayra-13,124194311,2023-02,9,64,7,2022–2023
MuaazNasir,https://github.com/MuaazNasir,125810707,2023-02,7,62,7,2022–2023
mza43,https://github.com/mza43,124144690,2023-02,10,60,7,2022–2023
HassanR24,https://github.com/HassanR24,126031399,2023-02,24,59,7,2022–2023
taaaha18,https://github.com/taaaha18,125254492,2023-02,20,56,7,2022–2023
shaby112,https://github.com/shaby112,126193682,2023-02,11,55,7,2022–2023
Devmbm2,https://github.com/Devmbm2,125433253,2023-02,24,54,7,2022–2023
Taha22152002,https://github.com/Taha22152002,125906375,2023-02,11,54,7,2022–2023
Viblla,https://github.com/Viblla,126549883,2023-02,7,54,7,2022–2023
Wajeehaha,https://github.com/Wajeehaha,125599119,2023-02,7,52,7,2022–2023
MOHSIN-AB,https://github.com/MOHSIN-AB,125199140,2023-02,19,49,7,2022–2023
BasitJutt007,https://github.com/BasitJutt007,126291670,2023-02,13,48,7,2022–2023
WaseemShokat,https://github.com/WaseemShokat,125342751,2023-02,6,46,7,2022–2023
waleedsheikh30,https://github.com/waleedsheikh30,125444427,2023-02,18,45,7,2022–2023
Izzenn,https://github.com/Izzenn,124291069,2023-02,7,45,7,2022–2023
nasrnaveed,https://github.com/nasrnaveed,125047763,2023-02,12,41,7,2022–2023
haseeb-ul-hassan-123,https://github.com/haseeb-ul-hassan-123,124796536,2023-02,11,41,7,2022–2023
huzaifaAhmad9,https://github.com/huzaifaAhmad9,124269144,2023-02,8,41,7,2022–2023
rai-alisadiq,https://github.com/rai-alisadiq,124480539,2023-02,9,39,7,2022–2023
zeeshan-anwar-swe,https://github.com/zeeshan-anwar-swe,124124398,2023-02,20,38,7,2022–2023
Usman2283,https://github.com/Usman2283,125694695,2023-02,9,38,7,2022–2023
uzairahmad12389,https://github.com/uzairahmad12389,125276051,2023-02,9,37,7,2022–2023
TuleebAsif,https://github.com/TuleebAsif,126221203,2023-02,12,35,7,2022–2023
AadilUsmani,https://github.com/AadilUsmani,124132758,2023-02,11,34,7,2022–2023
devmehmoodahmed,https://github.com/devmehmoodahmed,124922609,2023-02,10,34,7,2022–2023
KhunshanShahid,https://github.com/KhunshanShahid,124764431,2023-02,10,34,7,2022–2023
danishx694,https://github.com/danishx694,125035805,2023-02,9,33,7,2022–2023
MRWattoo,https://github.com/MRWattoo,126545841,2023-02,8,31,7,2022–2023
BurhanAsghar,https://github.com/BurhanAsghar,126294685,2023-02,21,29,7,2022–2023
maazds,https://github.com/maazds,124198925,2023-02,17,29,7,2022–2023
H-MohidAwan,https://github.com/H-MohidAwan,125962100,2023-02,6,29,7,2022–2023
minhasfahad,https://github.com/minhasfahad,126390186,2023-02,8,28,7,2022–2023
Awais-Zahid-Dar,https://github.com/Awais-Zahid-Dar,126069334,2023-02,11,25,7,2022–2023
MUSKAN2135,https://github.com/MUSKAN2135,125921727,2023-02,9,24,7,2022–2023
ALIARSHAD123,https://github.com/ALIARSHAD123,125152340,2023-02,8,24,7,2022–2023
gullahmed1,https://github.com/gullahmed1,124154913,2023-02,11,23,7,2022–2023
Afaqwebdeveloper,https://github.com/Afaqwebdeveloper,126176670,2023-02,17,22,7,2022–2023
Adilmunawar,https://github.com/Adilmunawar,127094634,2023-03,42,4841,7,2022–2023
ghulam-mujtaba5,https://github.com/ghulam-mujtaba5,128301757,2023-03,24,1309,7,2022–2023
riyyan-ahmed,https://github.com/riyyan-ahmed,126814411,2023-03,72,698,7,2022–2023
irum-shah78,https://github.com/irum-shah78,129083262,2023-03,73,613,7,2022–2023
SherryMaster,https://github.com/SherryMaster,128972759,2023-03,39,533,7,2022–2023
Shuja-ud-din,https://github.com/Shuja-ud-din,127832181,2023-03,44,504,7,2022–2023
rania-nasir,https://github.com/rania-nasir,128255568,2023-03,12,424,7,2022–2023
Saadcui,https://github.com/Saadcui,126744195,2023-03,13,378,7,2022–2023
HammadAhmad221,https://github.com/HammadAhmad221,128469279,2023-03,22,365,7,2022–2023
CodeWithPsych,https://github.com/CodeWithPsych,127660918,2023-03,30,348,7,2022–2023
hasnzahmd,https://github.com/hasnzahmd,127032939,2023-03,21,337,7,2022–2023
ABDULAHAD118,https://github.com/ABDULAHAD118,129290085,2023-03,37,328,7,2022–2023
hafizabdullah1,https://github.com/hafizabdullah1,127143084,2023-03,88,319,7,2022–2023
Kaashmalik,https://github.com/Kaashmalik,127406517,2023-03,25,317,7,2022–2023
HamnaArifeen,https://github.com/HamnaArifeen,127470388,2023-03,10,308,7,2022–2023
AbdullahSaif-code,https://github.com/AbdullahSaif-code,126707579,2023-03,37,307,7,2022–2023
MSMuneerIqbal,https://github.com/MSMuneerIqbal,128808006,2023-03,50,301,7,2022–2023
iqrashjalil,https://github.com/iqrashjalil,126752448,2023-03,18,285,7,2022–2023
alirazabilal,https://github.com/alirazabilal,129405525,2023-03,14,280,7,2022–2023
FezanMuhammadAli,https://github.com/FezanMuhammadAli,129467917,2023-03,34,278,7,2022–2023
NarmeenHumayon,https://github.com/NarmeenHumayon,128923359,2023-03,13,278,7,2022–2023
Code-with-Asif,https://github.com/Code-with-Asif,127822149,2023-03,19,259,7,2022–2023
ben-abdurrehman,https://github.com/ben-abdurrehman,128150153,2023-03,42,257,7,2022–2023
AyeshaHussain475,https://github.com/AyeshaHussain475,127660896,2023-03,11,213,7,2022–2023
FasihUrRahman,https://github.com/FasihUrRahman,129258716,2023-03,20,208,7,2022–2023
hafsaabidsaeed,https://github.com/hafsaabidsaeed,128362965,2023-03,29,207,7,2022–2023
Zayyni,https://github.com/Zayyni,127606083,2023-03,18,206,7,2022–2023
iamanasinam,https://github.com/iamanasinam,127595473,2023-03,10,202,7,2022–2023
Saqib7865-dev,https://github.com/Saqib7865-dev,128455801,2023-03,20,190,7,2022–2023
Ali-Jaan-Butt,https://github.com/Ali-Jaan-Butt,129405358,2023-03,49,185,7,2022–2023
SobanAhmedK,https://github.com/SobanAhmedK,128903140,2023-03,16,185,7,2022–2023
HussnainArshad838,https://github.com/HussnainArshad838,126756076,2023-03,28,184,7,2022–2023
MoazAhmadSE,https://github.com/MoazAhmadSE,126986397,2023-03,14,178,7,2022–2023
AbdullahNaveeed,https://github.com/AbdullahNaveeed,127967757,2023-03,21,177,7,2022–2023
zishu-1212,https://github.com/zishu-1212,127848366,2023-03,33,167,7,2022–2023
1Yasir,https://github.com/1Yasir,129255451,2023-03,23,166,7,2022–2023
BilaalRashid278,https://github.com/BilaalRashid278,128975395,2023-03,30,162,7,2022–2023
Sananali01,https://github.com/Sananali01,127871629,2023-03,14,153,7,2022–2023
Hamad-marral,https://github.com/Hamad-marral,127346126,2023-03,19,152,7,2022–2023
musman06,https://github.com/musman06,128087697,2023-03,13,146,7,2022–2023
MalikMohsin5885,https://github.com/MalikMohsin5885,128891784,2023-03,19,138,7,2022–2023
arsalanmahtab,https://github.com/arsalanmahtab,129165279,2023-03,10,137,7,2022–2023
mnnandev,https://github.com/mnnandev,128976503,2023-03,34,135,7,2022–2023
AreebaAleem,https://github.com/AreebaAleem,127024749,2023-03,17,135,7,2022–2023
HureraBhalli,https://github.com/HureraBhalli,129139137,2023-03,8,133,7,2022–2023
Muhammadhassan1226,https://github.com/Muhammadhassan1226,127580211,2023-03,36,131,7,2022–2023
junior1242,https://github.com/junior1242,127599360,2023-03,13,131,7,2022–2023
dev-aventosolutions,https://github.com/dev-aventosolutions,128593804,2023-03,6,130,7,2022–2023
Zohaib2244,https://github.com/Zohaib2244,128893408,2023-03,9,125,7,2022–2023
malikali3419,https://github.com/malikali3419,129169132,2023-03,20,124,7,2022–2023
moizahmed813,https://github.com/moizahmed813,127679532,2023-03,6,124,7,2022–2023
Abubakar98-github,https://github.com/Abubakar98-github,128310547,2023-03,40,123,7,2022–2023
muqeet-suhail,https://github.com/muqeet-suhail,128026033,2023-03,11,122,7,2022–2023
ahmadayaz2022,https://github.com/ahmadayaz2022,129485327,2023-03,11,120,7,2022–2023
ziashakir624,https://github.com/ziashakir624,127202068,2023-03,9,120,7,2022–2023
atiqurrehman0109,https://github.com/atiqurrehman0109,128805823,2023-03,11,118,7,2022–2023
AqifAhmed,https://github.com/AqifAhmed,127442719,2023-03,9,110,7,2022–2023
Muhammad-Junaid-Sajjad,https://github.com/Muhammad-Junaid-Sajjad,129473042,2023-03,6,109,7,2022–2023
saimali1124,https://github.com/saimali1124,127567984,2023-03,18,108,7,2022–2023
Mahihecker,https://github.com/Mahihecker,129369737,2023-03,9,107,7,2022–2023
DaniyalMalik07,https://github.com/DaniyalMalik07,128209648,2023-03,15,106,7,2022–2023
zohaib48,https://github.com/zohaib48,127973351,2023-03,8,105,7,2022–2023
hamaadsaab,https://github.com/hamaadsaab,126661322,2023-03,23,104,7,2022–2023
MuhammadTaha01,https://github.com/MuhammadTaha01,127325759,2023-03,23,101,7,2022–2023
Mahaiqbal33,https://github.com/Mahaiqbal33,129032366,2023-03,9,101,7,2022–2023
MuhammadSaad92,https://github.com/MuhammadSaad92,127174906,2023-03,9,100,7,2022–2023
Hasankhan2003,https://github.com/Hasankhan2003,127008831,2023-03,27,99,7,2022–2023
hamzalatif06,https://github.com/hamzalatif06,128707594,2023-03,24,99,7,2022–2023
muzammilsandhu,https://github.com/muzammilsandhu,129169519,2023-03,17,99,7,2022–2023
Offensic,https://github.com/Offensic,127194971,2023-03,9,98,7,2022–2023
Maryam-Sadaf,https://github.com/Maryam-Sadaf,129180179,2023-03,14,96,7,2022–2023
RimshaFatimaaa,https://github.com/RimshaFatimaaa,126774363,2023-03,6,96,7,2022–2023
abdulrehman4702,https://github.com/abdulrehman4702,129248657,2023-03,19,90,7,2022–2023
daniyal-subhani,https://github.com/daniyal-subhani,129505520,2023-03,11,90,7,2022–2023
hamza-m-farooqi,https://github.com/hamza-m-farooqi,128902654,2023-03,49,88,7,2022–2023
hamzatheprogrammer,https://github.com/hamzatheprogrammer,126867941,2023-03,28,88,7,2022–2023
abdullahnaveedan,https://github.com/abdullahnaveedan,128359566,2023-03,20,88,7,2022–2023
mrmudasir05,https://github.com/mrmudasir05,128458495,2023-03,14,88,7,2022–2023
sheheryaraltaf,https://github.com/sheheryaraltaf,129542036,2023-03,7,88,7,2022–2023
muhmmadwaqar,https://github.com/muhmmadwaqar,127643475,2023-03,15,86,7,2022–2023
FarazAhsan11,https://github.com/FarazAhsan11,127343300,2023-03,23,84,7,2022–2023
sajwarkhan,https://github.com/sajwarkhan,128600798,2023-03,12,82,7,2022–2023
Shahid-Yaseen,https://github.com/Shahid-Yaseen,129145174,2023-03,6,81,7,2022–2023
SaifSOCX,https://github.com/SaifSOCX,128045717,2023-03,26,79,7,2022–2023
Abdul-Rafay-Mubashar,https://github.com/Abdul-Rafay-Mubashar,127678895,2023-03,17,79,7,2022–2023
Haroon-Niamat029,https://github.com/Haroon-Niamat029,128363972,2023-03,33,77,7,2022–2023
azeemasabir,https://github.com/azeemasabir,127886039,2023-03,15,77,7,2022–2023
CodedbyAli,https://github.com/CodedbyAli,128150645,2023-03,9,76,7,2022–2023
HassanSajidGit,https://github.com/HassanSajidGit,128933569,2023-03,11,75,7,2022–2023
amanaliofficial,https://github.com/amanaliofficial,128854053,2023-03,7,72,7,2022–2023
iiqbal-gill,https://github.com/iiqbal-gill,127585740,2023-03,40,67,7,2022–2023
abdullahqasim01,https://github.com/abdullahqasim01,127170762,2023-03,11,67,7,2022–2023
Arfaakhalid,https://github.com/Arfaakhalid,128004073,2023-03,15,66,7,2022–2023
umairsattar142,https://github.com/umairsattar142,128280607,2023-03,13,63,7,2022–2023
hyounas865,https://github.com/hyounas865,129436101,2023-03,7,63,7,2022–2023
Syed-Muhammad-Danish,https://github.com/Syed-Muhammad-Danish,129270936,2023-03,13,61,7,2022–2023
khizarirfan76,https://github.com/khizarirfan76,128745596,2023-03,7,59,7,2022–2023
hammadtariqatdatics,https://github.com/hammadtariqatdatics,126790893,2023-03,13,55,7,2022–2023
SamiRasheed,https://github.com/SamiRasheed,129277243,2023-03,8,53,7,2022–2023
Abdul-RehmanBCS,https://github.com/Abdul-RehmanBCS,127846553,2023-03,32,51,7,2022–2023
Abdul-Karim1,https://github.com/Abdul-Karim1,127615763,2023-03,14,49,7,2022–2023
MYousafTK,https://github.com/MYousafTK,128382787,2023-03,12,49,7,2022–2023
malikokasha56,https://github.com/malikokasha56,127250970,2023-03,15,48,7,2022–2023
bilaljoyia,https://github.com/bilaljoyia,126891058,2023-03,14,47,7,2022–2023
usamaking786,https://github.com/usamaking786,129351455,2023-03,22,44,7,2022–2023
TahaKhan20,https://github.com/TahaKhan20,127239243,2023-03,21,44,7,2022–2023
sanwaljaved6609,https://github.com/sanwaljaved6609,128613877,2023-03,24,43,7,2022–2023
samiullahtau,https://github.com/samiullahtau,129107566,2023-03,15,42,7,2022–2023
Omyr-5,https://github.com/Omyr-5,129320476,2023-03,12,40,7,2022–2023
sokainakanwal,https://github.com/sokainakanwal,127542642,2023-03,20,39,7,2022–2023
Rashidkhan65,https://github.com/Rashidkhan65,128240604,2023-03,13,39,7,2022–2023
shahxa99,https://github.com/shahxa99,129101720,2023-03,9,39,7,2022–2023
aleehyder1992,https://github.com/aleehyder1992,128898491,2023-03,38,38,7,2022–2023
AbdulAhadLodhi,https://github.com/AbdulAhadLodhi,128899553,2023-03,20,37,7,2022–2023
KhaliqBhatti,https://github.com/KhaliqBhatti,129244989,2023-03,18,37,7,2022–2023
bhattiwajdan,https://github.com/bhattiwajdan,128275708,2023-03,6,37,7,2022–2023
UsmanMuneer15,https://github.com/UsmanMuneer15,129029349,2023-03,17,36,7,2022–2023
alizayyn,https://github.com/alizayyn,129493183,2023-03,14,36,7,2022–2023
UmaimahAKhan,https://github.com/UmaimahAKhan,127806140,2023-03,9,34,7,2022–2023
farooqUsman12,https://github.com/farooqUsman12,127661880,2023-03,12,33,7,2022–2023
Muhammad-OwaisButt,https://github.com/Muhammad-OwaisButt,129035395,2023-03,12,33,7,2022–2023
Husnain-Imran,https://github.com/Husnain-Imran,129370073,2023-03,10,33,7,2022–2023
Beenish-Fatima,https://github.com/Beenish-Fatima,128534748,2023-03,9,32,7,2022–2023
abubakarustafa877,https://github.com/abubakarustafa877,129089739,2023-03,15,30,7,2022–2023
AbrarQureshi91,https://github.com/AbrarQureshi91,128716942,2023-03,15,29,7,2022–2023
umarkhatabcherrybyte,https://github.com/umarkhatabcherrybyte,126666367,2023-03,10,29,7,2022–2023
Mr-FahadSatti,https://github.com/Mr-FahadSatti,129386582,2023-03,12,28,7,2022–2023
Ahtishamkarim,https://github.com/Ahtishamkarim,128146156,2023-03,6,27,7,2022–2023
encreativeacademy,https://github.com/encreativeacademy,127321343,2023-03,11,25,7,2022–2023
ZuhraKhan,https://github.com/ZuhraKhan,129016931,2023-03,6,25,7,2022–2023
usamaGitHub321,https://github.com/usamaGitHub321,128908854,2023-03,11,24,7,2022–2023
nomanashraf78,https://github.com/nomanashraf78,127776466,2023-03,9,22,7,2022–2023
mohsin-mirza,https://github.com/mohsin-mirza,128387294,2023-03,7,22,7,2022–2023
MuhammadHaseeb8575,https://github.com/MuhammadHaseeb8575,128039736,2023-03,6,22,7,2022–2023
AsifAliDeveloper,https://github.com/AsifAliDeveloper,128137458,2023-03,6,22,7,2022–2023
koderTalha,https://github.com/koderTalha,127968337,2023-03,14,21,7,2022–2023
AnshaSarwar,https://github.com/AnshaSarwar,129772789,2023-04,37,1735,7,2022–2023
LubabaKhalid,https://github.com/LubabaKhalid,129605617,2023-04,50,1440,7,2022–2023
BazilSuhail,https://github.com/BazilSuhail,129619936,2023-04,35,1322,7,2022–2023
MuhammadUmar7831,https://github.com/MuhammadUmar7831,131664477,2023-04,22,1195,7,2022–2023
hammadaslam1,https://github.com/hammadaslam1,131670890,2023-04,29,1070,7,2022–2023
AbubakarTechy,https://github.com/AbubakarTechy,131538521,2023-04,73,837,7,2022–2023
DeveloperUmerFarooq,https://github.com/DeveloperUmerFarooq,130483624,2023-04,14,796,7,2022–2023
MTalha250,https://github.com/MTalha250,132173567,2023-04,36,757,7,2022–2023
mubeenvr27,https://github.com/mubeenvr27,130519942,2023-04,22,669,7,2022–2023
Ahmad1015,https://github.com/Ahmad1015,129595472,2023-04,81,660,7,2022–2023
TalhaK-20,https://github.com/TalhaK-20,131589476,2023-04,63,659,7,2022–2023
Talhaahmd,https://github.com/Talhaahmd,131532732,2023-04,28,632,7,2022–2023
WaliUllahbaig,https://github.com/WaliUllahbaig,130383445,2023-04,10,613,7,2022–2023
hafiz9ouman,https://github.com/hafiz9ouman,129717839,2023-04,13,440,7,2022–2023
ZainFaisal005,https://github.com/ZainFaisal005,131845884,2023-04,23,426,7,2022–2023
faaizmahmood,https://github.com/faaizmahmood,130306332,2023-04,25,409,7,2022–2023
ZainAhmad33,https://github.com/ZainAhmad33,132078634,2023-04,17,404,7,2022–2023
SikandarFarooqSaani,https://github.com/SikandarFarooqSaani,129685362,2023-04,129,388,7,2022–2023
RazaRajpoot92,https://github.com/RazaRajpoot92,129612604,2023-04,34,369,7,2022–2023
HaroonMalik771,https://github.com/HaroonMalik771,129644841,2023-04,32,353,7,2022–2023
mehboob14,https://github.com/mehboob14,130151311,2023-04,68,340,7,2022–2023
itzsaad09,https://github.com/itzsaad09,131962743,2023-04,22,335,7,2022–2023
Huzaifa-Yaqoob,https://github.com/Huzaifa-Yaqoob,131013868,2023-04,26,302,7,2022–2023
hamxaShaukat,https://github.com/hamxaShaukat,130088095,2023-04,38,283,7,2022–2023
MuneebProblemSolver,https://github.com/MuneebProblemSolver,130989469,2023-04,36,279,7,2022–2023
buildwithsaqlain,https://github.com/buildwithsaqlain,129774784,2023-04,15,259,7,2022–2023
Mudassir5367,https://github.com/Mudassir5367,129822618,2023-04,75,257,7,2022–2023
HasnainMuavia1,https://github.com/HasnainMuavia1,131387615,2023-04,57,248,7,2022–2023
syedmuneeb321,https://github.com/syedmuneeb321,130203424,2023-04,43,226,7,2022–2023
Bilalishaquee,https://github.com/Bilalishaquee,132065289,2023-04,28,218,7,2022–2023
umarbilalkhan,https://github.com/umarbilalkhan,130790502,2023-04,17,211,7,2022–2023
RaiMuhammadHaider,https://github.com/RaiMuhammadHaider,131354320,2023-04,19,184,7,2022–2023
afsahurrehman11,https://github.com/afsahurrehman11,130085532,2023-04,24,168,7,2022–2023
AmirAliTech,https://github.com/AmirAliTech,131444811,2023-04,21,166,7,2022–2023
usman-wf,https://github.com/usman-wf,131209941,2023-04,22,154,7,2022–2023
SyedAbdullah01,https://github.com/SyedAbdullah01,130579512,2023-04,19,151,7,2022–2023
haris-315,https://github.com/haris-315,129922659,2023-04,15,151,7,2022–2023
mustuqalbi,https://github.com/mustuqalbi,131846387,2023-04,39,150,7,2022–2023
haseeb5555,https://github.com/haseeb5555,129727756,2023-04,35,148,7,2022–2023
zainishtiaq316,https://github.com/zainishtiaq316,131896185,2023-04,12,137,7,2022–2023
HussainDurrani1,https://github.com/HussainDurrani1,130679495,2023-04,6,134,7,2022–2023
Mohsin-424,https://github.com/Mohsin-424,129749023,2023-04,22,126,7,2022–2023
Mubbara-Majid,https://github.com/Mubbara-Majid,130280125,2023-04,13,126,7,2022–2023
Arham-Ramay,https://github.com/Arham-Ramay,129655216,2023-04,46,121,7,2022–2023
zubair-ra,https://github.com/zubair-ra,131311122,2023-04,27,120,7,2022–2023
RehanAliMaan,https://github.com/RehanAliMaan,130174371,2023-04,102,118,7,2022–2023
majidhanif230,https://github.com/majidhanif230,130247036,2023-04,16,115,7,2022–2023
SaddamShah92,https://github.com/SaddamShah92,129947606,2023-04,15,109,7,2022–2023
moiz200125,https://github.com/moiz200125,130084727,2023-04,14,109,7,2022–2023
ahmadkhalil-1,https://github.com/ahmadkhalil-1,131601921,2023-04,31,107,7,2022–2023
umair-builds,https://github.com/umair-builds,132132048,2023-04,21,107,7,2022–2023
rafaykhokhar,https://github.com/rafaykhokhar,130896895,2023-04,35,105,7,2022–2023
Sibgha-Zeeshan,https://github.com/Sibgha-Zeeshan,132210204,2023-04,21,104,7,2022–2023
mahmad831,https://github.com/mahmad831,131823327,2023-04,11,103,7,2022–2023
zeeshanAhmed2798,https://github.com/zeeshanAhmed2798,132136632,2023-04,24,101,7,2022–2023
qurban7860,https://github.com/qurban7860,130245638,2023-04,21,99,7,2022–2023
Moeen-ch,https://github.com/Moeen-ch,129826837,2023-04,10,97,7,2022–2023
Mehar-Usman,https://github.com/Mehar-Usman,130401197,2023-04,31,96,7,2022–2023
Atif-Mughal,https://github.com/Atif-Mughal,129737905,2023-04,11,94,7,2022–2023
muhammadharoon0000,https://github.com/muhammadharoon0000,129682161,2023-04,12,93,7,2022–2023
Mohammad-Rah1m,https://github.com/Mohammad-Rah1m,129831360,2023-04,7,89,7,2022–2023
BatmanZZZZ,https://github.com/BatmanZZZZ,129876453,2023-04,20,88,7,2022–2023
hassanbabar78,https://github.com/hassanbabar78,130081518,2023-04,23,86,7,2022–2023
SulemanAli-Asif,https://github.com/SulemanAli-Asif,130297675,2023-04,12,86,7,2022–2023
Hariskhan55,https://github.com/Hariskhan55,132215431,2023-04,37,85,7,2022–2023
HammadAkram0,https://github.com/HammadAkram0,130531112,2023-04,7,85,7,2022–2023
imranaxix,https://github.com/imranaxix,131592767,2023-04,11,80,7,2022–2023
mohsin-ux,https://github.com/mohsin-ux,130903421,2023-04,20,79,7,2022–2023
ahmad-majid,https://github.com/ahmad-majid,130081012,2023-04,31,76,7,2022–2023
Hamza47477,https://github.com/Hamza47477,129833562,2023-04,17,74,7,2022–2023
EbaaHaq,https://github.com/EbaaHaq,130431067,2023-04,17,73,7,2022–2023
MuhammadJaffar52,https://github.com/MuhammadJaffar52,129592007,2023-04,37,71,7,2022–2023
jawad226,https://github.com/jawad226,130249786,2023-04,10,69,7,2022–2023
taheer1234,https://github.com/taheer1234,129678302,2023-04,13,67,7,2022–2023
ahm3d-khanzada,https://github.com/ahm3d-khanzada,131893014,2023-04,13,66,7,2022–2023
Muzammil592,https://github.com/Muzammil592,132131721,2023-04,18,65,7,2022–2023
HassaanMughal,https://github.com/HassaanMughal,130041665,2023-04,6,64,7,2022–2023
Abdul-Rehman-13812,https://github.com/Abdul-Rehman-13812,129746474,2023-04,10,62,7,2022–2023
HafizMustafa7,https://github.com/HafizMustafa7,132127934,2023-04,7,62,7,2022–2023
haseebaslam123,https://github.com/haseebaslam123,131891270,2023-04,8,61,7,2022–2023
bilalmiir,https://github.com/bilalmiir,131450110,2023-04,13,58,7,2022–2023
ahmarjamil308,https://github.com/ahmarjamil308,130285644,2023-04,18,57,7,2022–2023
ASAD-ALI-ARSHAD,https://github.com/ASAD-ALI-ARSHAD,130903014,2023-04,10,57,7,2022–2023
raheeq8,https://github.com/raheeq8,129994713,2023-04,10,57,7,2022–2023
DaniyalGulzar,https://github.com/DaniyalGulzar,129930300,2023-04,9,56,7,2022–2023
Asad-Ghafoor,https://github.com/Asad-Ghafoor,130133123,2023-04,19,53,7,2022–2023
Zunira-Sajjad,https://github.com/Zunira-Sajjad,130488633,2023-04,12,49,7,2022–2023
syedamahnoorasad,https://github.com/syedamahnoorasad,130562727,2023-04,11,47,7,2022–2023
HuzaifaQaiser,https://github.com/HuzaifaQaiser,130314504,2023-04,12,44,7,2022–2023
rafeeq13,https://github.com/rafeeq13,131982124,2023-04,24,43,7,2022–2023
muawan56,https://github.com/muawan56,131895305,2023-04,16,43,7,2022–2023
hamzariaz503,https://github.com/hamzariaz503,130305813,2023-04,15,42,7,2022–2023
alchemist-guy,https://github.com/alchemist-guy,130905993,2023-04,8,41,7,2022–2023
muneebmalik2468,https://github.com/muneebmalik2468,132008408,2023-04,10,36,7,2022–2023
ibrahimaziz10,https://github.com/ibrahimaziz10,131944507,2023-04,10,35,7,2022–2023
eemaan2616,https://github.com/eemaan2616,130742745,2023-04,6,35,7,2022–2023
Sarfraz-64,https://github.com/Sarfraz-64,130149008,2023-04,8,34,7,2022–2023
IbraheemShahzad,https://github.com/IbraheemShahzad,132009830,2023-04,8,30,7,2022–2023
Ahsan-Tahir-Programming,https://github.com/Ahsan-Tahir-Programming,129910432,2023-04,7,30,7,2022–2023
MateenShahbaz,https://github.com/MateenShahbaz,129575762,2023-04,19,29,7,2022–2023
umair-codex,https://github.com/umair-codex,131555637,2023-04,12,28,7,2022–2023
UsmanNadeem575,https://github.com/UsmanNadeem575,130163011,2023-04,8,27,7,2022–2023
mahmad2k,https://github.com/mahmad2k,130843154,2023-04,8,27,7,2022–2023
saadali7865,https://github.com/saadali7865,130435727,2023-04,7,26,7,2022–2023
MQDevs,https://github.com/MQDevs,129585815,2023-04,6,26,7,2022–2023
Faseeh07-lang,https://github.com/Faseeh07-lang,129685765,2023-04,11,25,7,2022–2023
findsaddam,https://github.com/findsaddam,129615822,2023-04,8,25,7,2022–2023
eren-senpai70,https://github.com/eren-senpai70,130178492,2023-04,7,25,7,2022–2023
zunairaiqbal078,https://github.com/zunairaiqbal078,130303295,2023-04,11,23,7,2022–2023
786Nabeel,https://github.com/786Nabeel,131605458,2023-04,7,23,7,2022–2023
ahmadtechlab,https://github.com/ahmadtechlab,130370833,2023-04,9,22,7,2022–2023
Aliasgharcoder,https://github.com/Aliasgharcoder,130109948,2023-04,8,22,7,2022–2023
harishumayon,https://github.com/harishumayon,131307313,2023-04,7,22,7,2022–2023
hafizfaizan20,https://github.com/hafizfaizan20,130105846,2023-04,7,22,7,2022–2023
fastcoded,https://github.com/fastcoded,130042424,2023-04,6,22,7,2022–2023
Abubakar420,https://github.com/Abubakar420,135134120,2023-05,14,1545,7,2022–2023
usman4222,https://github.com/usman4222,133402116,2023-05,65,1482,7,2022–2023
hashim-cpro,https://github.com/hashim-cpro,134845736,2023-05,40,1377,7,2022–2023
asadaliofficials,https://github.com/asadaliofficials,134801060,2023-05,31,1160,7,2022–2023
huzaifa1-0,https://github.com/huzaifa1-0,133530582,2023-05,38,1004,7,2022–2023
ShoaibFarooka,https://github.com/ShoaibFarooka,132901735,2023-05,47,970,7,2022–2023
ZaryabKhan001,https://github.com/ZaryabKhan001,132281424,2023-05,82,861,7,2022–2023
hasaanahmedrana,https://github.com/hasaanahmedrana,132395812,2023-05,21,725,7,2022–2023
samzafar26,https://github.com/samzafar26,133894224,2023-05,7,723,7,2022–2023
MalikShujaatAli,https://github.com/MalikShujaatAli,133032022,2023-05,10,626,7,2022–2023
Muhammad-Sheraz-ds,https://github.com/Muhammad-Sheraz-ds,134140140,2023-05,91,608,7,2022–2023
FarazAhmad-117,https://github.com/FarazAhmad-117,132738567,2023-05,92,553,7,2022–2023
callmesohaib,https://github.com/callmesohaib,132386212,2023-05,30,528,7,2022–2023
Tahira-Nawaz,https://github.com/Tahira-Nawaz,134612402,2023-05,29,522,7,2022–2023
Hamzaanees8,https://github.com/Hamzaanees8,132423638,2023-05,6,443,7,2022–2023
RanaTalha04,https://github.com/RanaTalha04,132384427,2023-05,23,436,7,2022–2023
hurairamuzammal,https://github.com/hurairamuzammal,132491599,2023-05,27,426,7,2022–2023
MaryamArif7,https://github.com/MaryamArif7,132745375,2023-05,22,413,7,2022–2023
Qamar-usman-ai,https://github.com/Qamar-usman-ai,132997659,2023-05,25,411,7,2022–2023
ahsan123-png,https://github.com/ahsan123-png,135040587,2023-05,20,406,7,2022–2023
ezza-abdullah1,https://github.com/ezza-abdullah1,132831218,2023-05,10,374,7,2022–2023
alihumdard,https://github.com/alihumdard,132681271,2023-05,47,356,7,2022–2023
ahadnawaz585,https://github.com/ahadnawaz585,132939571,2023-05,28,344,7,2022–2023
saadaryf,https://github.com/saadaryf,133157723,2023-05,22,328,7,2022–2023
Husnain-Abid,https://github.com/Husnain-Abid,134037646,2023-05,47,326,7,2022–2023
muqadsaqudoos,https://github.com/muqadsaqudoos,132848623,2023-05,45,326,7,2022–2023
aashanamir,https://github.com/aashanamir,133952942,2023-05,37,275,7,2022–2023
uzairahm290,https://github.com/uzairahm290,134963925,2023-05,30,267,7,2022–2023
abdullah0325,https://github.com/abdullah0325,133787552,2023-05,22,250,7,2022–2023
ItsTalhaIqbal,https://github.com/ItsTalhaIqbal,134729186,2023-05,25,247,7,2022–2023
the-usman,https://github.com/the-usman,132537746,2023-05,49,232,7,2022–2023
Ahsanali507,https://github.com/Ahsanali507,132997289,2023-05,37,231,7,2022–2023
muhammadalix1,https://github.com/muhammadalix1,132764279,2023-05,45,230,7,2022–2023
alihusnain-dev,https://github.com/alihusnain-dev,133203198,2023-05,27,230,7,2022–2023
Noor-Fatima-Khalid,https://github.com/Noor-Fatima-Khalid,133573002,2023-05,10,219,7,2022–2023
Yousafnlp,https://github.com/Yousafnlp,132944422,2023-05,38,204,7,2022–2023
WaqarAhmadWD,https://github.com/WaqarAhmadWD,133499384,2023-05,33,200,7,2022–2023
asimsaleem1,https://github.com/asimsaleem1,132302634,2023-05,12,195,7,2022–2023
TahirZia-1,https://github.com/TahirZia-1,134102599,2023-05,27,189,7,2022–2023
abdulogs,https://github.com/abdulogs,133869722,2023-05,39,185,7,2022–2023
zarakkhattak96,https://github.com/zarakkhattak96,134920351,2023-05,12,184,7,2022–2023
Fa1zan141,https://github.com/Fa1zan141,135154610,2023-05,17,183,7,2022–2023
abdulmanan-ali,https://github.com/abdulmanan-ali,132811477,2023-05,22,182,7,2022–2023
junaid-ash4275,https://github.com/junaid-ash4275,134047688,2023-05,15,176,7,2022–2023
zzayd30,https://github.com/zzayd30,132562994,2023-05,24,173,7,2022–2023
Ryyan-Choudhary,https://github.com/Ryyan-Choudhary,134947247,2023-05,7,169,7,2022–2023
zafar1162014,https://github.com/zafar1162014,134407621,2023-05,20,164,7,2022–2023
haseebkhanak,https://github.com/haseebkhanak,132825441,2023-05,15,155,7,2022–2023
Faisal5oo,https://github.com/Faisal5oo,133655119,2023-05,30,154,7,2022–2023
talhaticx,https://github.com/talhaticx,133682569,2023-05,10,152,7,2022–2023
aqeel-01,https://github.com/aqeel-01,133170261,2023-05,10,151,7,2022–2023
FaisalMisbah23,https://github.com/FaisalMisbah23,132295428,2023-05,29,148,7,2022–2023
mzaid622,https://github.com/mzaid622,132562646,2023-05,19,141,7,2022–2023
AbdulMoeez231,https://github.com/AbdulMoeez231,134604183,2023-05,7,141,7,2022–2023
hafizqaim,https://github.com/hafizqaim,133333459,2023-05,21,140,7,2022–2023
BPOTW,https://github.com/BPOTW,133132057,2023-05,28,136,7,2022–2023
TayyabNawaz111,https://github.com/TayyabNawaz111,134776610,2023-05,17,134,7,2022–2023
HaseebSiddique89,https://github.com/HaseebSiddique89,134223419,2023-05,11,134,7,2022–2023
shoaibahmad0,https://github.com/shoaibahmad0,132933234,2023-05,35,132,7,2022–2023
musabsarmadmir,https://github.com/musabsarmadmir,133634951,2023-05,19,121,7,2022–2023
Nouman-hashir,https://github.com/Nouman-hashir,134682051,2023-05,28,119,7,2022–2023
ahmadtahir1399,https://github.com/ahmadtahir1399,132302808,2023-05,16,119,7,2022–2023
ZeeshanAhamad786,https://github.com/ZeeshanAhamad786,134972775,2023-05,24,118,7,2022–2023
traximuser20,https://github.com/traximuser20,133132928,2023-05,22,118,7,2022–2023
ayyaz126,https://github.com/ayyaz126,134609204,2023-05,74,116,7,2022–2023
FaraxMalik,https://github.com/FaraxMalik,133353942,2023-05,12,115,7,2022–2023
Abdullah30243,https://github.com/Abdullah30243,134044858,2023-05,9,113,7,2022–2023
hanzlahyasir,https://github.com/hanzlahyasir,134833525,2023-05,10,109,7,2022–2023
geeky-dawood,https://github.com/geeky-dawood,133329320,2023-05,9,106,7,2022–2023
itx-tayyab,https://github.com/itx-tayyab,132944037,2023-05,7,99,7,2022–2023
subhan092,https://github.com/subhan092,133578485,2023-05,30,95,7,2022–2023
codewithbisal,https://github.com/codewithbisal,134628968,2023-05,27,87,7,2022–2023
waqarali56,https://github.com/waqarali56,132379751,2023-05,13,87,7,2022–2023
muhammadhassan0011,https://github.com/muhammadhassan0011,134213714,2023-05,32,84,7,2022–2023
Waseem989,https://github.com/Waseem989,133914961,2023-05,13,84,7,2022–2023
Rohankhan5990,https://github.com/Rohankhan5990,134016581,2023-05,15,82,7,2022–2023
Hamza-248,https://github.com/Hamza-248,133511008,2023-05,7,76,7,2022–2023
Muhammad-Shan,https://github.com/Muhammad-Shan,134515333,2023-05,6,76,7,2022–2023
MuhammadUsmanGhani832,https://github.com/MuhammadUsmanGhani832,134769239,2023-05,19,74,7,2022–2023
mhamza7265,https://github.com/mhamza7265,135020441,2023-05,10,73,7,2022–2023
itsahsanfareed,https://github.com/itsahsanfareed,134946360,2023-05,10,73,7,2022–2023
SHARAFATY,https://github.com/SHARAFATY,132651246,2023-05,15,72,7,2022–2023
chishti21,https://github.com/chishti21,132797554,2023-05,42,69,7,2022–2023
Muhammad-Abdullah-Waheed,https://github.com/Muhammad-Abdullah-Waheed,134809581,2023-05,18,69,7,2022–2023
fakharaltaf,https://github.com/fakharaltaf,134336602,2023-05,18,68,7,2022–2023
Sherryhassan5,https://github.com/Sherryhassan5,134337029,2023-05,17,68,7,2022–2023
Mehreenjamshed,https://github.com/Mehreenjamshed,135092158,2023-05,15,67,7,2022–2023
abubkr991,https://github.com/abubkr991,132338762,2023-05,12,66,7,2022–2023
muhdalishan,https://github.com/muhdalishan,134948599,2023-05,12,64,7,2022–2023
asjadafzaal,https://github.com/asjadafzaal,132608659,2023-05,10,64,7,2022–2023
Abdul-Wahab-Aslam,https://github.com/Abdul-Wahab-Aslam,133736431,2023-05,20,61,7,2022–2023
ahmadmujtaba0,https://github.com/ahmadmujtaba0,134303447,2023-05,9,59,7,2022–2023
sheikh-faisal-nadeem,https://github.com/sheikh-faisal-nadeem,134169805,2023-05,18,58,7,2022–2023
AboutAhmed,https://github.com/AboutAhmed,132567915,2023-05,25,56,7,2022–2023
WaqarHussain0,https://github.com/WaqarHussain0,132434798,2023-05,13,55,7,2022–2023
jxkhan,https://github.com/jxkhan,132646345,2023-05,13,55,7,2022–2023
hassan3311,https://github.com/hassan3311,132553363,2023-05,27,54,7,2022–2023
Kashif-078,https://github.com/Kashif-078,135126946,2023-05,15,54,7,2022–2023
wajidali4907,https://github.com/wajidali4907,134839679,2023-05,11,54,7,2022–2023
hamadali03,https://github.com/hamadali03,135126917,2023-05,11,53,7,2022–2023
Hamzah-sidd,https://github.com/Hamzah-sidd,134204732,2023-05,6,53,7,2022–2023
aqsa-arshad123,https://github.com/aqsa-arshad123,132376608,2023-05,13,52,7,2022–2023
Aqsa-88,https://github.com/Aqsa-88,134773638,2023-05,18,51,7,2022–2023
mahanaeem,https://github.com/mahanaeem,132570387,2023-05,17,50,7,2022–2023
uzair-77,https://github.com/uzair-77,134830647,2023-05,13,49,7,2022–2023
messumali,https://github.com/messumali,132295590,2023-05,10,48,7,2022–2023
CodeChasse,https://github.com/CodeChasse,133678237,2023-05,7,48,7,2022–2023
Hashmian,https://github.com/Hashmian,134804534,2023-05,7,47,7,2022–2023
Mujtaba-345,https://github.com/Mujtaba-345,132654462,2023-05,6,47,7,2022–2023
Shaban-beep,https://github.com/Shaban-beep,132364476,2023-05,28,45,7,2022–2023
Muhammad-Awais007,https://github.com/Muhammad-Awais007,134586839,2023-05,16,45,7,2022–2023
Ali-Shaharyar07,https://github.com/Ali-Shaharyar07,133806901,2023-05,8,43,7,2022–2023
rashidsharif,https://github.com/rashidsharif,134828863,2023-05,11,42,7,2022–2023
teayab,https://github.com/teayab,134270693,2023-05,10,42,7,2022–2023
HumaBajwa46,https://github.com/HumaBajwa46,134203802,2023-05,8,42,7,2022–2023
arslanntariq,https://github.com/arslanntariq,132695103,2023-05,8,41,7,2022–2023
MuhammadJunaidAkhter100,https://github.com/MuhammadJunaidAkhter100,133223215,2023-05,26,40,7,2022–2023
HalfFriedPotato,https://github.com/HalfFriedPotato,133816335,2023-05,10,40,7,2022–2023
ZahraAslamKhan,https://github.com/ZahraAslamKhan,133871261,2023-05,6,40,7,2022–2023
Muaz-Shoukat,https://github.com/Muaz-Shoukat,133502544,2023-05,10,36,7,2022–2023
Zahoorabbas444,https://github.com/Zahoorabbas444,132945816,2023-05,17,35,7,2022–2023
Mfarhan6918,https://github.com/Mfarhan6918,133115040,2023-05,10,35,7,2022–2023
bareerahanif,https://github.com/bareerahanif,133042158,2023-05,7,35,7,2022–2023
tyash03,https://github.com/tyash03,134013866,2023-05,14,34,7,2022–2023
abubakarO1,https://github.com/abubakarO1,133882280,2023-05,12,34,7,2022–2023
Moin2525,https://github.com/Moin2525,132272975,2023-05,12,34,7,2022–2023
II-Shabber-II,https://github.com/II-Shabber-II,133205744,2023-05,11,33,7,2022–2023
Junaidkhan126,https://github.com/Junaidkhan126,133149787,2023-05,10,31,7,2022–2023
Abdullah5968,https://github.com/Abdullah5968,134293370,2023-05,7,31,7,2022–2023
BilalSadiq421,https://github.com/BilalSadiq421,132783956,2023-05,6,31,7,2022–2023
waqassanjum,https://github.com/waqassanjum,134284935,2023-05,6,29,7,2022–2023
MuhammadAbubakar-00,https://github.com/MuhammadAbubakar-00,134279342,2023-05,7,28,7,2022–2023
HamzaTariq2411,https://github.com/HamzaTariq2411,134262533,2023-05,10,27,7,2022–2023
AyeshaNoreenU,https://github.com/AyeshaNoreenU,132774693,2023-05,7,26,7,2022–2023
Shahzaib077,https://github.com/Shahzaib077,134877374,2023-05,14,25,7,2022–2023
mujab-fatima,https://github.com/mujab-fatima,134846269,2023-05,7,25,7,2022–2023
affansukhera,https://github.com/affansukhera,133012382,2023-05,6,25,7,2022–2023
noumanaslam2188,https://github.com/noumanaslam2188,133664069,2023-05,16,24,7,2022–2023
TalhaNazir7,https://github.com/TalhaNazir7,134781201,2023-05,12,24,7,2022–2023
maaaaz28,https://github.com/maaaaz28,134001492,2023-05,10,23,7,2022–2023
usmandev0,https://github.com/usmandev0,133765106,2023-05,6,23,7,2022–2023
rehanSultan,https://github.com/rehanSultan,133506015,2023-05,18,22,7,2022–2023
hafsaailyass,https://github.com/hafsaailyass,134876025,2023-05,6,22,7,2022–2023
mt-dev08,https://github.com/mt-dev08,135343495,2023-06,13,1423,7,2022–2023
SENODROOM,https://github.com/SENODROOM,136210526,2023-06,83,1350,7,2022–2023
AfzalHabibi,https://github.com/AfzalHabibi,136314472,2023-06,13,831,7,2022–2023
SherMuhammadgithub,https://github.com/SherMuhammadgithub,136792000,2023-06,57,734,7,2022–2023
MNJ-Commits,https://github.com/MNJ-Commits,136459101,2023-06,8,721,7,2022–2023
touseefiqbal845,https://github.com/touseefiqbal845,136140163,2023-06,57,680,7,2022–2023
shoaib1522,https://github.com/shoaib1522,136816825,2023-06,39,657,7,2022–2023
Talha12Shiekh,https://github.com/Talha12Shiekh,137197166,2023-06,33,550,7,2022–2023
mb-awan,https://github.com/mb-awan,135512716,2023-06,42,449,7,2022–2023
Usmanyousaf88,https://github.com/Usmanyousaf88,136231384,2023-06,34,448,7,2022–2023
SaiF-654,https://github.com/SaiF-654,136271482,2023-06,66,438,7,2022–2023
malirazaansari,https://github.com/malirazaansari,137720587,2023-06,22,421,7,2022–2023
farzeennimran,https://github.com/farzeennimran,136755585,2023-06,44,411,7,2022–2023
mwahaj36,https://github.com/mwahaj36,137283515,2023-06,6,401,7,2022–2023
hammad-faroq,https://github.com/hammad-faroq,136726081,2023-06,14,342,7,2022–2023
zohaibsaeed117,https://github.com/zohaibsaeed117,135411466,2023-06,31,302,7,2022–2023
Usman-Bajwa1,https://github.com/Usman-Bajwa1,136103857,2023-06,17,282,7,2022–2023
haroonwebs,https://github.com/haroonwebs,135261825,2023-06,21,271,7,2022–2023
AliAzlanDev,https://github.com/AliAzlanDev,136848358,2023-06,12,271,7,2022–2023
oniChan1226,https://github.com/oniChan1226,135277393,2023-06,50,262,7,2022–2023
noorulhassan07,https://github.com/noorulhassan07,135355225,2023-06,22,261,7,2022–2023
Abdul-Ahad2004,https://github.com/Abdul-Ahad2004,136984643,2023-06,19,256,7,2022–2023
thesocialobaid,https://github.com/thesocialobaid,135545939,2023-06,47,238,7,2022–2023
allahwasayadev,https://github.com/allahwasayadev,136370181,2023-06,21,223,7,2022–2023
AfnanHussain10,https://github.com/AfnanHussain10,137839671,2023-06,23,208,7,2022–2023
M-Husnain-Ali,https://github.com/M-Husnain-Ali,136307497,2023-06,20,205,7,2022–2023
zaidy-mughal,https://github.com/zaidy-mughal,136632267,2023-06,25,203,7,2022–2023
RizwanAli4574,https://github.com/RizwanAli4574,137984475,2023-06,64,200,7,2022–2023
mabdullah136,https://github.com/mabdullah136,135630896,2023-06,30,200,7,2022–2023
HassanRashid15,https://github.com/HassanRashid15,135802421,2023-06,66,198,7,2022–2023
yasiruaf,https://github.com/yasiruaf,135971000,2023-06,15,197,7,2022–2023
Skinnyytallboy,https://github.com/Skinnyytallboy,137199029,2023-06,7,191,7,2022–2023
knightafter,https://github.com/knightafter,136196221,2023-06,9,190,7,2022–2023
SibteDev72,https://github.com/SibteDev72,136581898,2023-06,16,182,7,2022–2023
owais6824,https://github.com/owais6824,137401321,2023-06,14,179,7,2022–2023
zohaibzahid1,https://github.com/zohaibzahid1,137396409,2023-06,12,170,7,2022–2023
adilazhar,https://github.com/adilazhar,136679153,2023-06,14,168,7,2022–2023
Talha-Jabar,https://github.com/Talha-Jabar,137186756,2023-06,31,158,7,2022–2023
NasirAkra,https://github.com/NasirAkra,136269686,2023-06,41,154,7,2022–2023
arb-108,https://github.com/arb-108,135389694,2023-06,41,154,7,2022–2023
xoraizw,https://github.com/xoraizw,136005119,2023-06,17,147,7,2022–2023
ZainabSalman612,https://github.com/ZainabSalman612,136378230,2023-06,10,132,7,2022–2023
AhmedRIU,https://github.com/AhmedRIU,135974049,2023-06,26,131,7,2022–2023
irfan-web-dev,https://github.com/irfan-web-dev,136342509,2023-06,24,131,7,2022–2023
aroobacodes,https://github.com/aroobacodes,138132950,2023-06,26,124,7,2022–2023
junaidniazi1,https://github.com/junaidniazi1,136156988,2023-06,35,121,7,2022–2023
Zubair-Ali-Sandhu,https://github.com/Zubair-Ali-Sandhu,135794855,2023-06,21,109,7,2022–2023
talhabaig007,https://github.com/talhabaig007,137608833,2023-06,26,105,7,2022–2023
farhanqamar,https://github.com/farhanqamar,135999562,2023-06,31,101,7,2022–2023
UmairKhan34,https://github.com/UmairKhan34,136227039,2023-06,19,101,7,2022–2023
mansur-sajid,https://github.com/mansur-sajid,135330799,2023-06,19,98,7,2022–2023
SamiRehmanCode,https://github.com/SamiRehmanCode,136986952,2023-06,15,95,7,2022–2023
KhaquanS,https://github.com/KhaquanS,137878540,2023-06,7,91,7,2022–2023
abdullahnaeem007,https://github.com/abdullahnaeem007,137498592,2023-06,17,90,7,2022–2023
fareedsheikh,https://github.com/fareedsheikh,137783255,2023-06,15,88,7,2022–2023
Arham786Pk,https://github.com/Arham786Pk,137191768,2023-06,41,87,7,2022–2023
abdullahkhana,https://github.com/abdullahkhana,135534028,2023-06,10,86,7,2022–2023
bisma1206,https://github.com/bisma1206,138247280,2023-06,26,82,7,2022–2023
SardarAhmad000,https://github.com/SardarAhmad000,137824382,2023-06,6,81,7,2022–2023
rabbiyabukhari,https://github.com/rabbiyabukhari,136985819,2023-06,17,80,7,2022–2023
abdullahkalim21,https://github.com/abdullahkalim21,137987772,2023-06,11,80,7,2022–2023
afaq3522,https://github.com/afaq3522,136465577,2023-06,9,80,7,2022–2023
usmantahirsqa,https://github.com/usmantahirsqa,137467107,2023-06,9,77,7,2022–2023
farid-ud-din,https://github.com/farid-ud-din,135273783,2023-06,14,75,7,2022–2023
Yasir897,https://github.com/Yasir897,135501472,2023-06,9,69,7,2022–2023
MianBadrFarooq,https://github.com/MianBadrFarooq,137507574,2023-06,18,67,7,2022–2023
abuabakar000,https://github.com/abuabakar000,135865499,2023-06,9,67,7,2022–2023
MWasiF1,https://github.com/MWasiF1,135234078,2023-06,13,61,7,2022–2023
developersoorajkumar,https://github.com/developersoorajkumar,137141733,2023-06,8,60,7,2022–2023
MuneebCS,https://github.com/MuneebCS,138211383,2023-06,19,59,7,2022–2023
samithaheem9431,https://github.com/samithaheem9431,136158432,2023-06,14,58,7,2022–2023
KhubaibSami,https://github.com/KhubaibSami,135456398,2023-06,13,57,7,2022–2023
AbdulRehman0094,https://github.com/AbdulRehman0094,137327092,2023-06,17,54,7,2022–2023
aamnoo,https://github.com/aamnoo,135878539,2023-06,11,54,7,2022–2023
usman-ahmad-22,https://github.com/usman-ahmad-22,136974739,2023-06,9,52,7,2022–2023
rabeeanoor123,https://github.com/rabeeanoor123,135824691,2023-06,10,50,7,2022–2023
arslansaeed009,https://github.com/arslansaeed009,136450244,2023-06,11,48,7,2022–2023
RashidBhatti313,https://github.com/RashidBhatti313,135345666,2023-06,35,45,7,2022–2023
MLuqman786,https://github.com/MLuqman786,135990585,2023-06,21,43,7,2022–2023
itx-aqsa,https://github.com/itx-aqsa,137061405,2023-06,13,43,7,2022–2023
ArslanYaseen94,https://github.com/ArslanYaseen94,135540071,2023-06,13,43,7,2022–2023
fatimaShahid6,https://github.com/fatimaShahid6,136847137,2023-06,12,36,7,2022–2023
Shakeeb-Paracha,https://github.com/Shakeeb-Paracha,136743930,2023-06,7,36,7,2022–2023
Salman23lol,https://github.com/Salman23lol,137103280,2023-06,29,34,7,2022–2023
Qasir-Saleem,https://github.com/Qasir-Saleem,135249681,2023-06,15,34,7,2022–2023
ranajee5614,https://github.com/ranajee5614,135754522,2023-06,9,34,7,2022–2023
Shahanbutt07,https://github.com/Shahanbutt07,135371137,2023-06,7,34,7,2022–2023
Sohaibgillani6789,https://github.com/Sohaibgillani6789,136028210,2023-06,12,33,7,2022–2023
UsmanT2000,https://github.com/UsmanT2000,137356798,2023-06,18,32,7,2022–2023
MRizwanEjaz,https://github.com/MRizwanEjaz,136400534,2023-06,14,32,8,2023–2024
AyeshaSadiqah,https://github.com/AyeshaSadiqah,137896186,2023-06,13,32,8,2023–2024
Nabeel50,https://github.com/Nabeel50,136007563,2023-06,22,31,8,2023–2024
wasil123456,https://github.com/wasil123456,136967295,2023-06,10,31,8,2023–2024
Uzair20500,https://github.com/Uzair20500,137563487,2023-06,7,31,8,2023–2024
UzairYounas,https://github.com/UzairYounas,136150770,2023-06,16,29,8,2023–2024
Ahmer-Shah,https://github.com/Ahmer-Shah,137507298,2023-06,12,28,8,2023–2024
hassaanali18,https://github.com/hassaanali18,136245885,2023-06,11,28,8,2023–2024
AdnanDataScience,https://github.com/AdnanDataScience,136719572,2023-06,10,28,8,2023–2024
Sherdilpro-momin,https://github.com/Sherdilpro-momin,135333030,2023-06,6,28,8,2023–2024
maazsajid158,https://github.com/maazsajid158,136833569,2023-06,6,28,8,2023–2024
shahan3478,https://github.com/shahan3478,136256500,2023-06,17,24,8,2023–2024
Shabi-Ul-Hassan,https://github.com/Shabi-Ul-Hassan,136381647,2023-06,6,23,8,2023–2024
Asad-gsoft-consulting,https://github.com/Asad-gsoft-consulting,137259850,2023-06,10,22,8,2023–2024
erslannaveed,https://github.com/erslannaveed,137452837,2023-06,7,22,8,2023–2024
faizanBrandixSoft,https://github.com/faizanBrandixSoft,136622651,2023-06,7,22,8,2023–2024
BushraNasir23,https://github.com/BushraNasir23,137592512,2023-06,6,22,8,2023–2024
lumber1ghauri,https://github.com/lumber1ghauri,140582012,2023-07,23,31424,8,2023–2024
ahmmikun,https://github.com/ahmmikun,140977479,2023-07,23,1849,8,2023–2024
imtahirabatool,https://github.com/imtahirabatool,138373725,2023-07,69,1719,8,2023–2024
moinhameed27,https://github.com/moinhameed27,139669999,2023-07,15,1624,8,2023–2024
Musxeto,https://github.com/Musxeto,138971833,2023-07,50,1490,8,2023–2024
HaseebAlgoMastero,https://github.com/HaseebAlgoMastero,138986901,2023-07,27,1401,8,2023–2024
ShahwaizZahid,https://github.com/ShahwaizZahid,138676911,2023-07,28,1152,8,2023–2024
its-hafsa04,https://github.com/its-hafsa04,139751784,2023-07,30,1073,8,2023–2024
attiquers,https://github.com/attiquers,138348940,2023-07,48,688,8,2023–2024
faizioncode,https://github.com/faizioncode,140485685,2023-07,46,643,8,2023–2024
AliRazaDev27,https://github.com/AliRazaDev27,139774123,2023-07,16,595,8,2023–2024
waqar2403,https://github.com/waqar2403,140682775,2023-07,36,513,8,2023–2024
Abdullahhas,https://github.com/Abdullahhas,140836470,2023-07,36,467,8,2023–2024
Umar21061,https://github.com/Umar21061,138823435,2023-07,22,428,8,2023–2024
mr-taha-saqib,https://github.com/mr-taha-saqib,139553015,2023-07,118,423,8,2023–2024
Sheroz-Akram,https://github.com/Sheroz-Akram,138395522,2023-07,33,413,8,2023–2024
arhamm07,https://github.com/arhamm07,140911762,2023-07,31,396,8,2023–2024
Code-Mindscape,https://github.com/Code-Mindscape,140715931,2023-07,31,391,8,2023–2024
Subhan0309,https://github.com/Subhan0309,138607323,2023-07,10,368,8,2023–2024
harmanpythanist,https://github.com/harmanpythanist,139279892,2023-07,36,367,8,2023–2024
qasimleoo,https://github.com/qasimleoo,139119048,2023-07,36,348,8,2023–2024
FawwazRaza,https://github.com/FawwazRaza,139315892,2023-07,13,327,8,2023–2024
ahmddbilall,https://github.com/ahmddbilall,138764971,2023-07,33,323,8,2023–2024
chaman-khan,https://github.com/chaman-khan,139955389,2023-07,16,312,8,2023–2024
FassihShah,https://github.com/FassihShah,139495501,2023-07,22,301,8,2023–2024
Faizekhan-fk,https://github.com/Faizekhan-fk,140505132,2023-07,13,301,8,2023–2024
airejtashfeen,https://github.com/airejtashfeen,138529244,2023-07,28,298,8,2023–2024
touseef78,https://github.com/touseef78,139859642,2023-07,6,290,8,2023–2024
httpsyaseen,https://github.com/httpsyaseen,139966479,2023-07,45,283,8,2023–2024
ShifaZahra123,https://github.com/ShifaZahra123,140159309,2023-07,31,279,8,2023–2024
mana2759,https://github.com/mana2759,140649828,2023-07,27,261,8,2023–2024
arisha-glich,https://github.com/arisha-glich,140903474,2023-07,21,260,8,2023–2024
M-Tayyab06,https://github.com/M-Tayyab06,138435085,2023-07,21,247,8,2023–2024
Sidra001Babar,https://github.com/Sidra001Babar,140131133,2023-07,17,246,8,2023–2024
Farook0,https://github.com/Farook0,140078347,2023-07,27,245,8,2023–2024
Ibtixam,https://github.com/Ibtixam,140602780,2023-07,14,235,8,2023–2024
hammad5421,https://github.com/hammad5421,139546876,2023-07,21,233,8,2023–2024
mshamoonbutt,https://github.com/mshamoonbutt,139213392,2023-07,18,232,8,2023–2024
StarkUsman,https://github.com/StarkUsman,139047020,2023-07,31,210,8,2023–2024
MuhammadHaziq,https://github.com/MuhammadHaziq,139744919,2023-07,10,202,8,2023–2024
saifali17x,https://github.com/saifali17x,138641788,2023-07,36,201,8,2023–2024
fareha1069,https://github.com/fareha1069,138511916,2023-07,30,198,8,2023–2024
Azan80,https://github.com/Azan80,138569405,2023-07,23,198,8,2023–2024
khalidch73,https://github.com/khalidch73,139677718,2023-07,54,193,8,2023–2024
alihusnain010203,https://github.com/alihusnain010203,139127727,2023-07,18,193,8,2023–2024
Taimoor2301,https://github.com/Taimoor2301,139239078,2023-07,28,190,8,2023–2024
m-hassanqureshi,https://github.com/m-hassanqureshi,140505321,2023-07,23,177,8,2023–2024
usman-dev-k,https://github.com/usman-dev-k,140155937,2023-07,7,170,8,2023–2024
ShoaibSoftEngr99,https://github.com/ShoaibSoftEngr99,140615500,2023-07,21,166,8,2023–2024
MuhammadBilal561,https://github.com/MuhammadBilal561,139680383,2023-07,38,164,8,2023–2024
shahmeer01dev,https://github.com/shahmeer01dev,140190185,2023-07,13,164,8,2023–2024
hamzaq453,https://github.com/hamzaq453,139677439,2023-07,22,156,8,2023–2024
mu2602659,https://github.com/mu2602659,138890361,2023-07,9,153,8,2023–2024
Athars904,https://github.com/Athars904,138568962,2023-07,43,149,8,2023–2024
amna-saeed,https://github.com/amna-saeed,139339704,2023-07,7,149,8,2023–2024
Nomankhan65,https://github.com/Nomankhan65,139708603,2023-07,26,144,8,2023–2024
MuhammadSheryar18,https://github.com/MuhammadSheryar18,138797056,2023-07,18,143,8,2023–2024
MuhammadTalhaKhan007,https://github.com/MuhammadTalhaKhan007,139450184,2023-07,7,139,8,2023–2024
iamzeeshandev,https://github.com/iamzeeshandev,138572962,2023-07,10,138,8,2023–2024
hamzasafdar43,https://github.com/hamzasafdar43,141044593,2023-07,13,135,8,2023–2024
FahadAhmad311,https://github.com/FahadAhmad311,140303043,2023-07,45,133,8,2023–2024
aqsafatima001,https://github.com/aqsafatima001,139895773,2023-07,29,133,8,2023–2024
Muhammad-Huzaifa24,https://github.com/Muhammad-Huzaifa24,140804533,2023-07,19,132,8,2023–2024
MaazAhmadDeveloper,https://github.com/MaazAhmadDeveloper,139908710,2023-07,32,128,8,2023–2024
Qamar-ul-Hasnain,https://github.com/Qamar-ul-Hasnain,140267543,2023-07,13,122,8,2023–2024
chauhdhryWaleed,https://github.com/chauhdhryWaleed,138867014,2023-07,10,118,8,2023–2024
ZohaJaved098,https://github.com/ZohaJaved098,138484112,2023-07,17,116,8,2023–2024
cmmubeenofficial,https://github.com/cmmubeenofficial,138345882,2023-07,29,112,8,2023–2024
Rimsha002,https://github.com/Rimsha002,138379179,2023-07,21,107,8,2023–2024
TaahaaUsman,https://github.com/TaahaaUsman,140640011,2023-07,34,104,8,2023–2024
muhammadhamza9676,https://github.com/muhammadhamza9676,138454400,2023-07,17,101,8,2023–2024
MuhamanButt,https://github.com/MuhamanButt,140170214,2023-07,12,100,8,2023–2024
Arslanasif9t9,https://github.com/Arslanasif9t9,140950959,2023-07,21,97,8,2023–2024
AliQas-7,https://github.com/AliQas-7,139605287,2023-07,22,96,8,2023–2024
rayan-rt,https://github.com/rayan-rt,140231076,2023-07,20,95,8,2023–2024
moizahmed102,https://github.com/moizahmed102,141021523,2023-07,6,88,8,2023–2024
Dev-Muhammad-Ali,https://github.com/Dev-Muhammad-Ali,140586167,2023-07,20,86,8,2023–2024
salmanamir95,https://github.com/salmanamir95,140381852,2023-07,15,83,8,2023–2024
azlan1323,https://github.com/azlan1323,139651622,2023-07,6,83,8,2023–2024
Haris-6,https://github.com/Haris-6,140857121,2023-07,31,81,8,2023–2024
calltonnystark,https://github.com/calltonnystark,140106522,2023-07,10,80,8,2023–2024
Hassanislamx,https://github.com/Hassanislamx,138744113,2023-07,11,77,8,2023–2024
JunaidSaleem-code,https://github.com/JunaidSaleem-code,140949258,2023-07,12,76,8,2023–2024
Afia-Shafique,https://github.com/Afia-Shafique,140160308,2023-07,10,75,8,2023–2024
abnisar17,https://github.com/abnisar17,140382115,2023-07,8,75,8,2023–2024
iamnatahir,https://github.com/iamnatahir,139622970,2023-07,15,74,8,2023–2024
AbdulMoiz-MMY,https://github.com/AbdulMoiz-MMY,139704797,2023-07,14,73,8,2023–2024
MHuzaifa-DS,https://github.com/MHuzaifa-DS,139149177,2023-07,13,72,8,2023–2024
abeerlala,https://github.com/abeerlala,140332219,2023-07,9,72,8,2023–2024
maarqa,https://github.com/maarqa,138987849,2023-07,6,70,8,2023–2024
Alyiscoding,https://github.com/Alyiscoding,139209183,2023-07,24,69,8,2023–2024
anast439,https://github.com/anast439,138768398,2023-07,14,69,8,2023–2024
UsmanArshad-Cloud,https://github.com/UsmanArshad-Cloud,140395277,2023-07,20,68,8,2023–2024
ShoaibAhmed-007,https://github.com/ShoaibAhmed-007,139850825,2023-07,15,68,8,2023–2024
abdullah-kz17,https://github.com/abdullah-kz17,139771241,2023-07,14,67,8,2023–2024
aribamazharam,https://github.com/aribamazharam,139103685,2023-07,7,67,8,2023–2024
MunawarAliArbisoft,https://github.com/MunawarAliArbisoft,138569548,2023-07,6,67,8,2023–2024
ManalRizwan45,https://github.com/ManalRizwan45,140510629,2023-07,17,66,8,2023–2024
Humzah001,https://github.com/Humzah001,139167890,2023-07,17,64,8,2023–2024
Arman-Asghar,https://github.com/Arman-Asghar,140571808,2023-07,29,63,8,2023–2024
MuzammilAshraf09,https://github.com/MuzammilAshraf09,139282295,2023-07,17,62,8,2023–2024
Usama-Hanif131,https://github.com/Usama-Hanif131,139855488,2023-07,55,61,8,2023–2024
LaibaNadeem106,https://github.com/LaibaNadeem106,139864626,2023-07,27,61,8,2023–2024
Syed-Irtaza,https://github.com/Syed-Irtaza,140686714,2023-07,15,61,8,2023–2024
Shabi4023,https://github.com/Shabi4023,140791911,2023-07,22,60,8,2023–2024
M-ArslanArshad,https://github.com/M-ArslanArshad,139504416,2023-07,8,60,8,2023–2024
hassanshiekh19,https://github.com/hassanshiekh19,138776615,2023-07,19,59,8,2023–2024
WajihaGul,https://github.com/WajihaGul,138859061,2023-07,26,56,8,2023–2024
LaibaKhalil61,https://github.com/LaibaKhalil61,140665310,2023-07,24,55,8,2023–2024
AttaMuhammad16,https://github.com/AttaMuhammad16,140898469,2023-07,17,55,8,2023–2024
ItsAjwah,https://github.com/ItsAjwah,139917879,2023-07,12,53,8,2023–2024
HarisAliQasim5,https://github.com/HarisAliQasim5,139075067,2023-07,9,52,8,2023–2024
ZeeshanNawaz6626,https://github.com/ZeeshanNawaz6626,140953787,2023-07,33,51,8,2023–2024
Ayza-Tahir,https://github.com/Ayza-Tahir,140605884,2023-07,9,50,8,2023–2024
luqmansarwar012,https://github.com/luqmansarwar012,138595898,2023-07,10,49,8,2023–2024
Ahmed70077,https://github.com/Ahmed70077,138682037,2023-07,7,49,8,2023–2024
ranamudassirali,https://github.com/ranamudassirali,139259452,2023-07,19,48,8,2023–2024
SanaImran0,https://github.com/SanaImran0,139153872,2023-07,14,48,8,2023–2024
cogniqube,https://github.com/cogniqube,139863807,2023-07,12,48,8,2023–2024
eiman1510,https://github.com/eiman1510,140498046,2023-07,12,48,8,2023–2024
Mujeeb117,https://github.com/Mujeeb117,139441304,2023-07,28,46,8,2023–2024
khrehan882,https://github.com/khrehan882,139777882,2023-07,17,46,8,2023–2024
Ghania66,https://github.com/Ghania66,141033107,2023-07,22,44,8,2023–2024
muhammadateeeb,https://github.com/muhammadateeeb,140931945,2023-07,16,44,8,2023–2024
Zain4111552,https://github.com/Zain4111552,139036490,2023-07,8,44,8,2023–2024
umer-sulehri,https://github.com/umer-sulehri,138296241,2023-07,10,43,8,2023–2024
shah0334,https://github.com/shah0334,140487736,2023-07,6,43,8,2023–2024
GoharButt17,https://github.com/GoharButt17,139701860,2023-07,17,41,8,2023–2024
UmairKhan585,https://github.com/UmairKhan585,141042549,2023-07,15,41,8,2023–2024
DanyalHamid19,https://github.com/DanyalHamid19,138367664,2023-07,9,41,8,2023–2024
M-hasham-sandhu,https://github.com/M-hasham-sandhu,139214397,2023-07,16,39,8,2023–2024
iFahadislive,https://github.com/iFahadislive,139016388,2023-07,13,39,8,2023–2024
omamaaslam,https://github.com/omamaaslam,138890621,2023-07,11,39,8,2023–2024
Titan-TREX,https://github.com/Titan-TREX,139366628,2023-07,10,39,8,2023–2024
Muneeb5075,https://github.com/Muneeb5075,140547229,2023-07,9,39,8,2023–2024
naumanyousaf8,https://github.com/naumanyousaf8,140940848,2023-07,15,38,8,2023–2024
Am-Qamar,https://github.com/Am-Qamar,140735375,2023-07,12,38,8,2023–2024
MuzzamilRauf,https://github.com/MuzzamilRauf,140946812,2023-07,22,37,8,2023–2024
talhaSaeed01,https://github.com/talhaSaeed01,140380643,2023-07,6,37,8,2023–2024
azan1234567890,https://github.com/azan1234567890,138600489,2023-07,13,35,8,2023–2024
WaheedRaza56,https://github.com/WaheedRaza56,138984474,2023-07,14,34,8,2023–2024
Mamoona786,https://github.com/Mamoona786,139463165,2023-07,7,34,8,2023–2024
Muhmmad-Abdullah,https://github.com/Muhmmad-Abdullah,139441028,2023-07,20,33,8,2023–2024
FaiqaNasreen,https://github.com/FaiqaNasreen,139847810,2023-07,8,33,8,2023–2024
muhammadqasim415,https://github.com/muhammadqasim415,140233027,2023-07,65,32,8,2023–2024
Muhzahid,https://github.com/Muhzahid,140680459,2023-07,14,32,8,2023–2024
FatimaImtiaz67,https://github.com/FatimaImtiaz67,140704322,2023-07,9,32,8,2023–2024
mr-alihamza,https://github.com/mr-alihamza,140140559,2023-07,7,32,8,2023–2024
UEDev106,https://github.com/UEDev106,139745644,2023-07,22,31,8,2023–2024
HMT1140,https://github.com/HMT1140,139555499,2023-07,13,31,8,2023–2024
SubhanZafarAnsari,https://github.com/SubhanZafarAnsari,139756630,2023-07,11,31,8,2023–2024
Matti251,https://github.com/Matti251,139385194,2023-07,9,31,8,2023–2024
MuhammadNaeem89254,https://github.com/MuhammadNaeem89254,139315807,2023-07,20,30,8,2023–2024
Riyan-20,https://github.com/Riyan-20,140109894,2023-07,16,30,8,2023–2024
jadranPTI,https://github.com/jadranPTI,140953348,2023-07,11,29,8,2023–2024
abdulwahab2655,https://github.com/abdulwahab2655,138298493,2023-07,9,29,8,2023–2024
mehar99197,https://github.com/mehar99197,139831886,2023-07,9,29,8,2023–2024
Munir-Ul-Hassan,https://github.com/Munir-Ul-Hassan,139949671,2023-07,8,29,8,2023–2024
Shaher-Yar,https://github.com/Shaher-Yar,140485614,2023-07,9,28,8,2023–2024
AsadShah21,https://github.com/AsadShah21,140603082,2023-07,25,26,8,2023–2024
falakahmad,https://github.com/falakahmad,140724903,2023-07,9,26,8,2023–2024
talhaawais1122,https://github.com/talhaawais1122,140059588,2023-07,20,25,8,2023–2024
UMAR1814,https://github.com/UMAR1814,141071630,2023-07,10,25,8,2023–2024
Zuhaib-Designer,https://github.com/Zuhaib-Designer,141019974,2023-07,10,25,8,2023–2024
AqsaTraiq,https://github.com/AqsaTraiq,139567025,2023-07,13,24,8,2023–2024
shahzaibrehman001,https://github.com/shahzaibrehman001,141061582,2023-07,8,23,8,2023–2024
shamsiaiqbal,https://github.com/shamsiaiqbal,138850509,2023-07,13,21,8,2023–2024
devmirza-bot,https://github.com/devmirza-bot,142266648,2023-08,10,119275,8,2023–2024
CodeByMateen,https://github.com/CodeByMateen,142880053,2023-08,50,3159,8,2023–2024
connect2abdulaziz,https://github.com/connect2abdulaziz,141150154,2023-08,62,990,8,2023–2024
rexmoeed,https://github.com/rexmoeed,142339044,2023-08,26,950,8,2023–2024
mabdullahgithub,https://github.com/mabdullahgithub,142112488,2023-08,20,877,8,2023–2024
ali7haider,https://github.com/ali7haider,143605924,2023-08,65,759,8,2023–2024
Muhammad-javed440,https://github.com/Muhammad-javed440,141915304,2023-08,95,552,8,2023–2024
Mian-JunaidBabar,https://github.com/Mian-JunaidBabar,141634635,2023-08,12,521,8,2023–2024
umairzia1773,https://github.com/umairzia1773,143083285,2023-08,11,509,8,2023–2024
adeel420,https://github.com/adeel420,143376329,2023-08,66,503,8,2023–2024
UsmanKhalil25,https://github.com/UsmanKhalil25,142806683,2023-08,41,495,8,2023–2024
Safiullahgithub,https://github.com/Safiullahgithub,141447767,2023-08,43,489,8,2023–2024
AmberSultan,https://github.com/AmberSultan,142016638,2023-08,43,442,8,2023–2024
Azhar512,https://github.com/Azhar512,142801331,2023-08,25,431,8,2023–2024
AliHamza003,https://github.com/AliHamza003,141618199,2023-08,11,419,8,2023–2024
ahsanch445,https://github.com/ahsanch445,142527011,2023-08,20,413,8,2023–2024
HaroonBsf,https://github.com/HaroonBsf,142262416,2023-08,14,406,8,2023–2024
ammarabid29,https://github.com/ammarabid29,142807252,2023-08,43,363,8,2023–2024
Ali78656,https://github.com/Ali78656,142739050,2023-08,68,350,8,2023–2024
ha405,https://github.com/ha405,142177417,2023-08,28,341,8,2023–2024
mnasirEE,https://github.com/mnasirEE,143133415,2023-08,33,338,8,2023–2024
FaatehNaeem,https://github.com/FaatehNaeem,141557318,2023-08,22,329,8,2023–2024
FaisalRaza19,https://github.com/FaisalRaza19,141394705,2023-08,14,320,8,2023–2024
usmanraza3388,https://github.com/usmanraza3388,142123043,2023-08,7,315,8,2023–2024
Muhammad-Ali02,https://github.com/Muhammad-Ali02,141838361,2023-08,12,313,8,2023–2024
Muzammil327,https://github.com/Muzammil327,142336128,2023-08,34,308,8,2023–2024
Asad-In-Data,https://github.com/Asad-In-Data,141873003,2023-08,38,292,8,2023–2024
ali-hasnain-dev,https://github.com/ali-hasnain-dev,143272549,2023-08,15,269,8,2023–2024
awaisfaryad25,https://github.com/awaisfaryad25,142403036,2023-08,24,268,8,2023–2024
HashamAkram18,https://github.com/HashamAkram18,142882166,2023-08,32,259,8,2023–2024
CtrlAltCodeMSU,https://github.com/CtrlAltCodeMSU,143680991,2023-08,30,258,8,2023–2024
farooqbinmunir,https://github.com/farooqbinmunir,143595715,2023-08,14,254,8,2023–2024
Jibran-Arshad-Zubair,https://github.com/Jibran-Arshad-Zubair,142300830,2023-08,15,241,8,2023–2024
BSSE23102,https://github.com/BSSE23102,143380730,2023-08,33,233,8,2023–2024
muhmubeen1,https://github.com/muhmubeen1,141475267,2023-08,19,225,8,2023–2024
aliraza-zaidi,https://github.com/aliraza-zaidi,143335280,2023-08,19,225,8,2023–2024
BSSE23004,https://github.com/BSSE23004,143382935,2023-08,15,221,8,2023–2024
httpsharis,https://github.com/httpsharis,141741356,2023-08,24,217,8,2023–2024
Arham70,https://github.com/Arham70,141118641,2023-08,20,214,8,2023–2024
hamxasajid,https://github.com/hamxasajid,141557408,2023-08,26,213,8,2023–2024
zaigum,https://github.com/zaigum,143170220,2023-08,14,207,8,2023–2024
taha867,https://github.com/taha867,141947606,2023-08,13,204,8,2023–2024
faridkhan081,https://github.com/faridkhan081,141269690,2023-08,16,198,8,2023–2024
talhazain1,https://github.com/talhazain1,141580865,2023-08,20,192,8,2023–2024
TaimoorByteNinja,https://github.com/TaimoorByteNinja,143291244,2023-08,17,192,8,2023–2024
jawad026,https://github.com/jawad026,141228658,2023-08,18,184,8,2023–2024
nazishjaveed,https://github.com/nazishjaveed,141372605,2023-08,51,181,8,2023–2024
Muhammad3490,https://github.com/Muhammad3490,143320877,2023-08,52,180,8,2023–2024
daniyal-sohail,https://github.com/daniyal-sohail,141173475,2023-08,29,179,8,2023–2024
HaMZAAsif043,https://github.com/HaMZAAsif043,141219619,2023-08,33,177,8,2023–2024
ShamiGondal,https://github.com/ShamiGondal,142899458,2023-08,20,173,8,2023–2024
HammadJahangir123,https://github.com/HammadJahangir123,141329639,2023-08,7,172,8,2023–2024
Stag51,https://github.com/Stag51,143473833,2023-08,48,171,8,2023–2024
fatimajaved444,https://github.com/fatimajaved444,141432478,2023-08,27,163,8,2023–2024
adanakbar,https://github.com/adanakbar,143631805,2023-08,10,162,8,2023–2024
ahmadmalik0301,https://github.com/ahmadmalik0301,141818555,2023-08,12,157,8,2023–2024
Iamirtizaali,https://github.com/Iamirtizaali,142350791,2023-08,33,156,8,2023–2024
rida16baig,https://github.com/rida16baig,143617981,2023-08,24,132,8,2023–2024
ali-rehman-ML,https://github.com/ali-rehman-ML,143129282,2023-08,25,130,8,2023–2024
AhsanBytes,https://github.com/AhsanBytes,141918804,2023-08,12,129,8,2023–2024
arshea-02,https://github.com/arshea-02,141957025,2023-08,12,129,8,2023–2024
ehtisham-nasirr,https://github.com/ehtisham-nasirr,141869244,2023-08,12,127,8,2023–2024
M-Danish-J,https://github.com/M-Danish-J,142681530,2023-08,7,127,8,2023–2024
Ayaan-Ahmad24,https://github.com/Ayaan-Ahmad24,141678249,2023-08,17,125,8,2023–2024
Muhammad-Haris014,https://github.com/Muhammad-Haris014,143638229,2023-08,43,124,8,2023–2024
NishaAnwar,https://github.com/NishaAnwar,143272454,2023-08,23,118,8,2023–2024
Ahmad-RJ,https://github.com/Ahmad-RJ,142026871,2023-08,26,117,8,2023–2024
Yasar786AbdulRazaq,https://github.com/Yasar786AbdulRazaq,142078923,2023-08,53,116,8,2023–2024
MuhmmadUmair,https://github.com/MuhmmadUmair,143011974,2023-08,23,115,8,2023–2024
Umairmaqsood00,https://github.com/Umairmaqsood00,142876620,2023-08,9,112,8,2023–2024
Anns-RG,https://github.com/Anns-RG,141120958,2023-08,9,112,8,2023–2024
DEV-Muhammad-ibrahim,https://github.com/DEV-Muhammad-ibrahim,143604798,2023-08,9,112,8,2023–2024
Iamabdulsalam786,https://github.com/Iamabdulsalam786,142340708,2023-08,27,109,8,2023–2024
taariqmushtaq,https://github.com/taariqmushtaq,142487186,2023-08,21,107,8,2023–2024
talhanadeem7860,https://github.com/talhanadeem7860,142590688,2023-08,27,105,8,2023–2024
MuhammadUmarAleem,https://github.com/MuhammadUmarAleem,141380511,2023-08,28,104,8,2023–2024
Khadeejahh-Asiff,https://github.com/Khadeejahh-Asiff,142526249,2023-08,18,103,8,2023–2024
faizan-ashraf11,https://github.com/faizan-ashraf11,142475041,2023-08,13,103,8,2023–2024
mohsin-akram821,https://github.com/mohsin-akram821,143265453,2023-08,19,102,8,2023–2024
asad-134,https://github.com/asad-134,142744932,2023-08,10,101,8,2023–2024
Momin-Mahmud,https://github.com/Momin-Mahmud,141317038,2023-08,6,101,8,2023–2024
ghousali002,https://github.com/ghousali002,142977531,2023-08,16,99,8,2023–2024
Kamran534,https://github.com/Kamran534,142419158,2023-08,24,98,8,2023–2024
BSSE23008,https://github.com/BSSE23008,143381737,2023-08,9,97,8,2023–2024
fatimanisar678,https://github.com/fatimanisar678,142247052,2023-08,16,93,8,2023–2024
iqraarian,https://github.com/iqraarian,143726323,2023-08,37,91,8,2023–2024
BeastOP1,https://github.com/BeastOP1,142098910,2023-08,13,91,8,2023–2024
zohaibchoudhary,https://github.com/zohaibchoudhary,142671524,2023-08,29,88,8,2023–2024
FurqanAhmed-web,https://github.com/FurqanAhmed-web,142998974,2023-08,17,88,8,2023–2024
tayyab-10,https://github.com/tayyab-10,142720647,2023-08,26,87,8,2023–2024
tahadoesthat,https://github.com/tahadoesthat,141592180,2023-08,8,86,8,2023–2024
subhannadeem1,https://github.com/subhannadeem1,142383659,2023-08,12,84,8,2023–2024
devtahirzahid,https://github.com/devtahirzahid,142656236,2023-08,15,80,8,2023–2024
mudas2002,https://github.com/mudas2002,141341170,2023-08,12,79,8,2023–2024
areebafarooq,https://github.com/areebafarooq,142613338,2023-08,33,78,8,2023–2024
Minhal-Ahmed,https://github.com/Minhal-Ahmed,142437837,2023-08,10,78,8,2023–2024
Uzair-blip,https://github.com/Uzair-blip,142146585,2023-08,28,76,8,2023–2024
SamahaSohail27,https://github.com/SamahaSohail27,141258951,2023-08,14,73,8,2023–2024
zeeshan5912,https://github.com/zeeshan5912,141860131,2023-08,6,73,8,2023–2024
RajaDawood9,https://github.com/RajaDawood9,143741655,2023-08,10,71,8,2023–2024
ZakriyaAhmad,https://github.com/ZakriyaAhmad,143161483,2023-08,9,71,8,2023–2024
mehtab11011,https://github.com/mehtab11011,142143274,2023-08,15,70,8,2023–2024
Humayun-98,https://github.com/Humayun-98,142262427,2023-08,12,69,8,2023–2024
Zeeshan-Afzal-01,https://github.com/Zeeshan-Afzal-01,143308408,2023-08,15,68,8,2023–2024
raisrazzaq,https://github.com/raisrazzaq,143174975,2023-08,11,67,8,2023–2024
ahmad-ramzan,https://github.com/ahmad-ramzan,142464373,2023-08,10,66,8,2023–2024
Hanan019,https://github.com/Hanan019,142966089,2023-08,11,65,8,2023–2024
bilal443malik,https://github.com/bilal443malik,141304031,2023-08,10,65,8,2023–2024
sanan-959,https://github.com/sanan-959,143159288,2023-08,30,64,8,2023–2024
maliijaz,https://github.com/maliijaz,142663488,2023-08,18,64,8,2023–2024
RimshaIdrees,https://github.com/RimshaIdrees,141485579,2023-08,9,64,8,2023–2024
MuhammadShahbazRaza,https://github.com/MuhammadShahbazRaza,141335378,2023-08,7,64,8,2023–2024
rizwan-akram0,https://github.com/rizwan-akram0,142139139,2023-08,15,61,8,2023–2024
SamraIdrees,https://github.com/SamraIdrees,142085972,2023-08,10,60,8,2023–2024
Talha17062,https://github.com/Talha17062,142256921,2023-08,7,60,8,2023–2024
HarisMuhammadAwan,https://github.com/HarisMuhammadAwan,142180841,2023-08,8,59,8,2023–2024
Rabia-Basharat,https://github.com/Rabia-Basharat,143688482,2023-08,6,59,8,2023–2024
Umar2468-tech,https://github.com/Umar2468-tech,143722167,2023-08,24,58,8,2023–2024
ArslanZubair,https://github.com/ArslanZubair,141906252,2023-08,18,58,8,2023–2024
saimawan185,https://github.com/saimawan185,141933915,2023-08,9,57,8,2023–2024
Zartasha-Fajar,https://github.com/Zartasha-Fajar,142709354,2023-08,24,56,8,2023–2024
skyusman90,https://github.com/skyusman90,143638396,2023-08,12,53,8,2023–2024
AhmedNaeem3,https://github.com/AhmedNaeem3,141825468,2023-08,7,53,8,2023–2024
ToobaFazal02,https://github.com/ToobaFazal02,143120754,2023-08,15,52,8,2023–2024
BSSE23001,https://github.com/BSSE23001,143381077,2023-08,11,52,8,2023–2024
Baembl,https://github.com/Baembl,142351905,2023-08,8,51,8,2023–2024
MananCh4,https://github.com/MananCh4,143380750,2023-08,21,50,8,2023–2024
bsse23018,https://github.com/bsse23018,143381889,2023-08,12,49,8,2023–2024
anssajid71,https://github.com/anssajid71,142485443,2023-08,9,49,8,2023–2024
zeeshandev4u,https://github.com/zeeshandev4u,142852043,2023-08,6,48,8,2023–2024
Sheraz-Maqsood,https://github.com/Sheraz-Maqsood,142078919,2023-08,8,47,8,2023–2024
saqibritgithub,https://github.com/saqibritgithub,141248652,2023-08,24,46,8,2023–2024
burhanahmad12,https://github.com/burhanahmad12,142163393,2023-08,11,45,8,2023–2024
Abdul-Rehman74,https://github.com/Abdul-Rehman74,142412971,2023-08,6,45,8,2023–2024
here-Jamshaid,https://github.com/here-Jamshaid,141249829,2023-08,19,44,8,2023–2024
Ali-irtza,https://github.com/Ali-irtza,141372195,2023-08,16,44,8,2023–2024
umarshahzadumar91,https://github.com/umarshahzadumar91,143497313,2023-08,13,44,8,2023–2024
bilalarshad-1,https://github.com/bilalarshad-1,142101864,2023-08,7,44,8,2023–2024
Zaynab511,https://github.com/Zaynab511,141957022,2023-08,20,43,8,2023–2024
anas-akbar-saqi,https://github.com/anas-akbar-saqi,142495581,2023-08,6,43,8,2023–2024
riz354,https://github.com/riz354,141447803,2023-08,8,42,8,2023–2024
MrHafi,https://github.com/MrHafi,143126153,2023-08,8,41,8,2023–2024
HamzaSE007,https://github.com/HamzaSE007,141320468,2023-08,7,41,8,2023–2024
Hafiz-Naeem-Amir,https://github.com/Hafiz-Naeem-Amir,142076332,2023-08,9,40,8,2023–2024
MahrozSarmad,https://github.com/MahrozSarmad,142839867,2023-08,12,39,8,2023–2024
khawnjei,https://github.com/khawnjei,142121165,2023-08,13,38,8,2023–2024
umair-sajjad,https://github.com/umair-sajjad,143706000,2023-08,11,38,8,2023–2024
CodeByAown,https://github.com/CodeByAown,143354459,2023-08,9,37,8,2023–2024
ibrahimkhawajaa,https://github.com/ibrahimkhawajaa,143437687,2023-08,11,36,8,2023–2024
yahyaqarni,https://github.com/yahyaqarni,141647669,2023-08,10,36,8,2023–2024
malaikak077,https://github.com/malaikak077,143001882,2023-08,10,36,8,2023–2024
Hanzala-Habib,https://github.com/Hanzala-Habib,143346710,2023-08,10,36,8,2023–2024
Naima-Ashfaq12,https://github.com/Naima-Ashfaq12,142430210,2023-08,9,36,8,2023–2024
ADHarry,https://github.com/ADHarry,141544052,2023-08,6,35,8,2023–2024
JamshaidFullStackDeveloper,https://github.com/JamshaidFullStackDeveloper,142969159,2023-08,18,34,8,2023–2024
miantalhaarain,https://github.com/miantalhaarain,142482493,2023-08,12,34,8,2023–2024
Mohid-Abdullah,https://github.com/Mohid-Abdullah,141454033,2023-08,7,34,8,2023–2024
almanmirza,https://github.com/almanmirza,142442127,2023-08,16,33,8,2023–2024
dev-aliqasim,https://github.com/dev-aliqasim,141854517,2023-08,9,33,8,2023–2024
munib-mushtaq,https://github.com/munib-mushtaq,142144221,2023-08,13,32,8,2023–2024
hammadafzaal06,https://github.com/hammadafzaal06,143577864,2023-08,13,32,8,2023–2024
talha9612,https://github.com/talha9612,143596550,2023-08,13,32,8,2023–2024
SwairaDev,https://github.com/SwairaDev,143314141,2023-08,8,32,8,2023–2024
MuhammadUmerAsif,https://github.com/MuhammadUmerAsif,142830547,2023-08,16,31,8,2023–2024
FahadAz05,https://github.com/FahadAz05,142019676,2023-08,13,31,8,2023–2024
ZainAli5212,https://github.com/ZainAli5212,142053679,2023-08,10,31,8,2023–2024
Ayyaz-web,https://github.com/Ayyaz-web,143746622,2023-08,22,30,8,2023–2024
hafiz-anas0,https://github.com/hafiz-anas0,142723545,2023-08,15,30,8,2023–2024
sanailyas90f,https://github.com/sanailyas90f,142225753,2023-08,9,29,8,2023–2024
haseebchaudhary454,https://github.com/haseebchaudhary454,143196346,2023-08,12,28,8,2023–2024
Ansa347,https://github.com/Ansa347,141541066,2023-08,13,27,8,2023–2024
AnasMuhammad58,https://github.com/AnasMuhammad58,142404558,2023-08,9,27,8,2023–2024
M-Faheem-Akram,https://github.com/M-Faheem-Akram,142267281,2023-08,17,26,8,2023–2024
iamakbarJahangir,https://github.com/iamakbarJahangir,141894990,2023-08,8,26,8,2023–2024
ahmadmaqsood,https://github.com/ahmadmaqsood,141679275,2023-08,13,24,8,2023–2024
iusmanmaqbool,https://github.com/iusmanmaqbool,142599757,2023-08,12,24,8,2023–2024
ahsulutions,https://github.com/ahsulutions,143286184,2023-08,9,24,8,2023–2024
MAzeemQureshi,https://github.com/MAzeemQureshi,141294962,2023-08,17,23,8,2023–2024
Ayesha-Saddique9,https://github.com/Ayesha-Saddique9,142135634,2023-08,13,23,8,2023–2024
talha-1999,https://github.com/talha-1999,142546825,2023-08,11,22,8,2023–2024
zahidkhan778,https://github.com/zahidkhan778,141567392,2023-08,6,22,8,2023–2024
Abdul-hannan-coder,https://github.com/Abdul-hannan-coder,145397220,2023-09,40,24756,8,2023–2024
Coconut-X,https://github.com/Coconut-X,144850519,2023-09,26,2566,8,2023–2024
AmirHashmi017,https://github.com/AmirHashmi017,144407626,2023-09,47,1649,8,2023–2024
MianSaadTahir,https://github.com/MianSaadTahir,144413344,2023-09,25,1122,8,2023–2024
safi-io,https://github.com/safi-io,145552372,2023-09,51,959,8,2023–2024
codehunterzahid,https://github.com/codehunterzahid,145700090,2023-09,32,655,8,2023–2024
osamaaslam86004,https://github.com/osamaaslam86004,144129880,2023-09,43,605,8,2023–2024
Abdullahshaz70,https://github.com/Abdullahshaz70,145151091,2023-09,23,566,8,2023–2024
affan-ch,https://github.com/affan-ch,144314731,2023-09,15,548,8,2023–2024
Masood-Hussain,https://github.com/Masood-Hussain,144346171,2023-09,12,546,8,2023–2024
imArslanJavaScriptor,https://github.com/imArslanJavaScriptor,144650701,2023-09,56,543,8,2023–2024
faisal03-develop,https://github.com/faisal03-develop,144291357,2023-09,53,541,8,2023–2024
asfarwaheed01,https://github.com/asfarwaheed01,144226732,2023-09,39,463,8,2023–2024
iMamoonAkhter,https://github.com/iMamoonAkhter,145218680,2023-09,58,451,8,2023–2024
said9246,https://github.com/said9246,144016832,2023-09,42,423,8,2023–2024
AbuBakar2006,https://github.com/AbuBakar2006,145850441,2023-09,35,387,8,2023–2024
aabr2612,https://github.com/aabr2612,144421564,2023-09,28,378,8,2023–2024
ASamad73,https://github.com/ASamad73,145781779,2023-09,17,363,8,2023–2024
irazshakir,https://github.com/irazshakir,145909598,2023-09,7,363,8,2023–2024
Rizwanhu,https://github.com/Rizwanhu,144608221,2023-09,53,326,8,2023–2024
Shahryar-Sohail,https://github.com/Shahryar-Sohail,144619587,2023-09,35,317,8,2023–2024
kashifali0969082,https://github.com/kashifali0969082,144449902,2023-09,24,315,8,2023–2024
dev-ahmadbilal,https://github.com/dev-ahmadbilal,143768499,2023-09,22,313,8,2023–2024
bazifabdullah,https://github.com/bazifabdullah,144853581,2023-09,28,310,8,2023–2024
MaheenGitHub,https://github.com/MaheenGitHub,146413921,2023-09,25,303,8,2023–2024
Ayan-Amir,https://github.com/Ayan-Amir,144680158,2023-09,20,296,8,2023–2024
Hasnain-Fatmi,https://github.com/Hasnain-Fatmi,145764132,2023-09,17,295,8,2023–2024
UsmanBahoo,https://github.com/UsmanBahoo,146253443,2023-09,37,290,8,2023–2024
Talha-TN,https://github.com/Talha-TN,144161919,2023-09,49,288,8,2023–2024
Hassan-Jamal,https://github.com/Hassan-Jamal,144148547,2023-09,42,286,8,2023–2024
daniyal-shakeel,https://github.com/daniyal-shakeel,145363574,2023-09,10,278,8,2023–2024
zamadshakil,https://github.com/zamadshakil,146313727,2023-09,53,273,8,2023–2024
umairnaeem373,https://github.com/umairnaeem373,144672715,2023-09,30,271,8,2023–2024
usman2789,https://github.com/usman2789,145428927,2023-09,15,269,8,2023–2024
Zaeem-Shah3321,https://github.com/Zaeem-Shah3321,144407537,2023-09,10,268,8,2023–2024
zaidamjaddev,https://github.com/zaidamjaddev,144407789,2023-09,35,266,8,2023–2024
Shujjat,https://github.com/Shujjat,144312754,2023-09,15,265,8,2023–2024
m-tayaib,https://github.com/m-tayaib,145452112,2023-09,39,256,8,2023–2024
M-Arbaz,https://github.com/M-Arbaz,145528265,2023-09,42,227,8,2023–2024
Abdulmehad,https://github.com/Abdulmehad,146379929,2023-09,27,226,8,2023–2024
saadahmad-1,https://github.com/saadahmad-1,145578594,2023-09,23,226,8,2023–2024
Jawadaziz78,https://github.com/Jawadaziz78,146210850,2023-09,16,226,8,2023–2024
developer-yasir,https://github.com/developer-yasir,146189016,2023-09,21,223,8,2023–2024
Sameer-Ansari506,https://github.com/Sameer-Ansari506,145912661,2023-09,14,207,8,2023–2024
abubakarmunir712,https://github.com/abubakarmunir712,144547827,2023-09,21,201,8,2023–2024
muaaz042,https://github.com/muaaz042,144440887,2023-09,16,200,8,2023–2024
Khizer313,https://github.com/Khizer313,144154503,2023-09,45,194,8,2023–2024
Anasnaveed69,https://github.com/Anasnaveed69,143800307,2023-09,19,194,8,2023–2024
huzaifaarshad12,https://github.com/huzaifaarshad12,144416664,2023-09,18,188,8,2023–2024
mbabarali,https://github.com/mbabarali,144947128,2023-09,8,187,8,2023–2024
SultanAli41,https://github.com/SultanAli41,144574403,2023-09,12,186,8,2023–2024
FawadTahir12,https://github.com/FawadTahir12,144444531,2023-09,20,180,8,2023–2024
Aqsayyy00,https://github.com/Aqsayyy00,144638673,2023-09,15,178,8,2023–2024
hamidrazadev,https://github.com/hamidrazadev,144914285,2023-09,9,175,8,2023–2024
esairfan,https://github.com/esairfan,144407847,2023-09,32,171,8,2023–2024
MRamzan2000,https://github.com/MRamzan2000,144847631,2023-09,25,169,8,2023–2024
SaroashDS,https://github.com/SaroashDS,144798692,2023-09,18,162,8,2023–2024
nihal-tariq,https://github.com/nihal-tariq,145322725,2023-09,20,161,8,2023–2024
furqanlatif11,https://github.com/furqanlatif11,144804278,2023-09,11,161,8,2023–2024
usman9522,https://github.com/usman9522,143846327,2023-09,11,144,8,2023–2024
realAhmedCodes,https://github.com/realAhmedCodes,144537913,2023-09,11,142,8,2023–2024
AamirSohail4,https://github.com/AamirSohail4,146069108,2023-09,40,138,8,2023–2024
itsarbab0,https://github.com/itsarbab0,144175048,2023-09,28,136,8,2023–2024
sufian2811,https://github.com/sufian2811,144229159,2023-09,15,136,8,2023–2024
MuhammadSaimArshad,https://github.com/MuhammadSaimArshad,145798454,2023-09,13,136,8,2023–2024
ali101908,https://github.com/ali101908,146337502,2023-09,6,130,8,2023–2024
hamid-rehman-X6,https://github.com/hamid-rehman-X6,145020711,2023-09,15,126,8,2023–2024
qazimtahir,https://github.com/qazimtahir,146485833,2023-09,29,125,8,2023–2024
Qurat-ul-ainnn,https://github.com/Qurat-ul-ainnn,145261717,2023-09,29,122,8,2023–2024
AhsanalyOfficial,https://github.com/AhsanalyOfficial,144561663,2023-09,19,119,8,2023–2024
UsmanAliAshraf,https://github.com/UsmanAliAshraf,144407816,2023-09,31,116,8,2023–2024
Adnan4star,https://github.com/Adnan4star,146493949,2023-09,15,114,8,2023–2024
HANIAARSHAD890,https://github.com/HANIAARSHAD890,144407628,2023-09,25,112,8,2023–2024
asad-masood-12,https://github.com/asad-masood-12,144618696,2023-09,33,111,8,2023–2024
SikanderMalik300,https://github.com/SikanderMalik300,146025803,2023-09,23,109,8,2023–2024
Ahmad-Bin-Rashid,https://github.com/Ahmad-Bin-Rashid,144414852,2023-09,13,108,8,2023–2024
MuhammmadOwais,https://github.com/MuhammmadOwais,144408310,2023-09,66,107,8,2023–2024
muazahmadma,https://github.com/muazahmadma,143788999,2023-09,20,107,8,2023–2024
mfareedkhan,https://github.com/mfareedkhan,146511813,2023-09,16,104,8,2023–2024
Adnan-Sarfraz,https://github.com/Adnan-Sarfraz,145495367,2023-09,36,100,8,2023–2024
talha270,https://github.com/talha270,144779558,2023-09,29,100,8,2023–2024
zainMahar78,https://github.com/zainMahar78,144410914,2023-09,29,100,8,2023–2024
KhalilNiazi,https://github.com/KhalilNiazi,144272882,2023-09,17,100,8,2023–2024
shahzad52,https://github.com/shahzad52,144759310,2023-09,9,98,8,2023–2024
bilal5717,https://github.com/bilal5717,145279530,2023-09,26,90,8,2023–2024
ShariqAwaan,https://github.com/ShariqAwaan,145561688,2023-09,8,90,8,2023–2024
AyeshaFarzand,https://github.com/AyeshaFarzand,145141050,2023-09,7,90,8,2023–2024
M-Yasir-Hassan,https://github.com/M-Yasir-Hassan,144553833,2023-09,25,86,8,2023–2024
AmmarNoorZia,https://github.com/AmmarNoorZia,146531081,2023-09,8,84,8,2023–2024
mariumijay,https://github.com/mariumijay,144022283,2023-09,17,83,8,2023–2024
salar-butt,https://github.com/salar-butt,144666140,2023-09,53,82,8,2023–2024
salmanbintariq,https://github.com/salmanbintariq,144411855,2023-09,17,82,8,2023–2024
rizwanashafi,https://github.com/rizwanashafi,143878205,2023-09,8,80,8,2023–2024
Sarim-Rao,https://github.com/Sarim-Rao,145774266,2023-09,21,79,8,2023–2024
imhnor,https://github.com/imhnor,144425263,2023-09,19,78,8,2023–2024
ikramaliokz,https://github.com/ikramaliokz,145329345,2023-09,12,77,8,2023–2024
ahmedrazasahoo,https://github.com/ahmedrazasahoo,144615718,2023-09,14,76,8,2023–2024
Muhammadmubeen29,https://github.com/Muhammadmubeen29,144120293,2023-09,25,75,8,2023–2024
Musfirah-zaib,https://github.com/Musfirah-zaib,146152378,2023-09,31,73,8,2023–2024
codewithbilalkhan,https://github.com/codewithbilalkhan,146593127,2023-09,17,73,8,2023–2024
FizaAsmat,https://github.com/FizaAsmat,145119016,2023-09,12,73,8,2023–2024
mbinj3,https://github.com/mbinj3,144477700,2023-09,26,72,8,2023–2024
sehrish678,https://github.com/sehrish678,144407432,2023-09,9,71,8,2023–2024
MAbuBakar486,https://github.com/MAbuBakar486,145952695,2023-09,16,70,8,2023–2024
thisisahmad,https://github.com/thisisahmad,144439631,2023-09,15,70,8,2023–2024
husnainmazhar45,https://github.com/husnainmazhar45,144983962,2023-09,18,69,8,2023–2024
asad-tyb0000,https://github.com/asad-tyb0000,144407478,2023-09,16,69,8,2023–2024
Hamzashamshad1,https://github.com/Hamzashamshad1,145127073,2023-09,6,69,8,2023–2024
asadnadeem6321,https://github.com/asadnadeem6321,143881478,2023-09,23,66,8,2023–2024
ebadhassanDev,https://github.com/ebadhassanDev,146079070,2023-09,6,66,8,2023–2024
HumzaAwan,https://github.com/HumzaAwan,146110746,2023-09,24,65,8,2023–2024
MuhamadTalha12,https://github.com/MuhamadTalha12,144407554,2023-09,8,63,8,2023–2024
Asadyousaf03,https://github.com/Asadyousaf03,145373454,2023-09,9,61,8,2023–2024
Malik9299,https://github.com/Malik9299,145154743,2023-09,8,60,8,2023–2024
Arooba047,https://github.com/Arooba047,144327986,2023-09,8,60,8,2023–2024
6t9xstar,https://github.com/6t9xstar,143932417,2023-09,15,59,8,2023–2024
zeeshandevsinn,https://github.com/zeeshandevsinn,144530717,2023-09,16,58,8,2023–2024
SaadKazmi,https://github.com/SaadKazmi,145764006,2023-09,10,58,8,2023–2024
niazi-78600,https://github.com/niazi-78600,144116344,2023-09,33,57,8,2023–2024
mhz0192,https://github.com/mhz0192,146092950,2023-09,32,57,8,2023–2024
ahmadraz321,https://github.com/ahmadraz321,143883863,2023-09,24,57,8,2023–2024
FarhanGillani143,https://github.com/FarhanGillani143,145331264,2023-09,12,57,8,2023–2024
abdulwasayhub,https://github.com/abdulwasayhub,144469951,2023-09,20,56,8,2023–2024
Ali-Akbar-Zaidi,https://github.com/Ali-Akbar-Zaidi,144132405,2023-09,9,56,8,2023–2024
RaoAhmadRaza,https://github.com/RaoAhmadRaza,145257493,2023-09,10,54,8,2023–2024
iusm4n,https://github.com/iusm4n,144441831,2023-09,13,53,8,2023–2024
Mshahbaz090,https://github.com/Mshahbaz090,146095854,2023-09,29,52,8,2023–2024
saibVSquare,https://github.com/saibVSquare,145130840,2023-09,8,52,8,2023–2024
RidaKhan09,https://github.com/RidaKhan09,144364768,2023-09,17,51,8,2023–2024
Maleaha,https://github.com/Maleaha,145060131,2023-09,12,51,8,2023–2024
abdullahbinmasood1,https://github.com/abdullahbinmasood1,144407659,2023-09,14,50,8,2023–2024
sokainakanwal1,https://github.com/sokainakanwal1,144311024,2023-09,18,49,8,2023–2024
im-nasir,https://github.com/im-nasir,143841645,2023-09,12,49,8,2023–2024
Kashif9566,https://github.com/Kashif9566,146489731,2023-09,10,49,8,2023–2024
ZayanAmjad,https://github.com/ZayanAmjad,144555716,2023-09,16,48,8,2023–2024
ahmad-here,https://github.com/ahmad-here,145191319,2023-09,12,47,8,2023–2024
itzahsannn,https://github.com/itzahsannn,144270084,2023-09,6,47,8,2023–2024
zohaibali7262,https://github.com/zohaibali7262,145841829,2023-09,6,47,8,2023–2024
Usman15021,https://github.com/Usman15021,146538247,2023-09,26,46,8,2023–2024
Syed-Sabtain85,https://github.com/Syed-Sabtain85,143774496,2023-09,13,45,8,2023–2024
codebyiqrar,https://github.com/codebyiqrar,146313116,2023-09,6,45,8,2023–2024
AhmadRaza630,https://github.com/AhmadRaza630,144025913,2023-09,7,44,8,2023–2024
SyedSamad7,https://github.com/SyedSamad7,145374183,2023-09,7,42,8,2023–2024
realmyasir,https://github.com/realmyasir,145558820,2023-09,26,40,8,2023–2024
zubairbinshaukat,https://github.com/zubairbinshaukat,145450776,2023-09,6,40,8,2023–2024
azam739,https://github.com/azam739,144701005,2023-09,17,39,8,2023–2024
syedhaseebhamza,https://github.com/syedhaseebhamza,144257838,2023-09,15,39,8,2023–2024
zaenb00,https://github.com/zaenb00,144408385,2023-09,17,38,8,2023–2024
areebakushef,https://github.com/areebakushef,144930438,2023-09,6,38,8,2023–2024
shery1039,https://github.com/shery1039,145667191,2023-09,28,37,8,2023–2024
marva00,https://github.com/marva00,145064169,2023-09,21,37,8,2023–2024
mahnoorkhawar5,https://github.com/mahnoorkhawar5,145118685,2023-09,19,36,8,2023–2024
MubarikKhan33,https://github.com/MubarikKhan33,144116070,2023-09,12,35,8,2023–2024
Malaikaamir,https://github.com/Malaikaamir,144441156,2023-09,27,34,8,2023–2024
QAXI-HASHIM-ALI,https://github.com/QAXI-HASHIM-ALI,143925214,2023-09,22,33,8,2023–2024
Usama1251,https://github.com/Usama1251,146373405,2023-09,14,33,8,2023–2024
noor-ul-ain11,https://github.com/noor-ul-ain11,143778981,2023-09,12,33,8,2023–2024
kaleemfaryad,https://github.com/kaleemfaryad,144408128,2023-09,11,31,8,2023–2024
SyedFahad147,https://github.com/SyedFahad147,145288853,2023-09,15,30,8,2023–2024
AbdullahIbrahim157,https://github.com/AbdullahIbrahim157,145923569,2023-09,13,30,8,2023–2024
Hashim-Aleem,https://github.com/Hashim-Aleem,145910578,2023-09,11,30,8,2023–2024
saadi-code,https://github.com/saadi-code,143804124,2023-09,7,30,8,2023–2024
godspeedahmad,https://github.com/godspeedahmad,144266044,2023-09,9,29,8,2023–2024
muhamadwaqasaslam,https://github.com/muhamadwaqasaslam,144019223,2023-09,8,29,8,2023–2024
shehrii9,https://github.com/shehrii9,143957877,2023-09,6,29,8,2023–2024
Misharab15,https://github.com/Misharab15,145376956,2023-09,14,28,8,2023–2024
Aleena-01,https://github.com/Aleena-01,144408022,2023-09,12,28,8,2023–2024
KASHIFALI6556,https://github.com/KASHIFALI6556,144440719,2023-09,14,27,8,2023–2024
MudassarSattar034,https://github.com/MudassarSattar034,144717471,2023-09,7,27,8,2023–2024
MalikFarazAhamad,https://github.com/MalikFarazAhamad,145370270,2023-09,9,26,8,2023–2024
waleed1-idenbrid,https://github.com/waleed1-idenbrid,144309821,2023-09,18,25,8,2023–2024
shahidshabir11349,https://github.com/shahidshabir11349,143905071,2023-09,14,25,8,2023–2024
M-Ibraheem0,https://github.com/M-Ibraheem0,144413886,2023-09,11,25,8,2023–2024
madnaeem001,https://github.com/madnaeem001,145109398,2023-09,8,25,8,2023–2024
mian656,https://github.com/mian656,145830970,2023-09,7,25,8,2023–2024
Muzamal-ReactJsDev,https://github.com/Muzamal-ReactJsDev,145338232,2023-09,7,23,8,2023–2024
naseemwaziri,https://github.com/naseemwaziri,145723596,2023-09,6,23,8,2023–2024
gitameerhamza,https://github.com/gitameerhamza,148001002,2023-10,12,83903,8,2023–2024
ItsAhsanSajjad,https://github.com/ItsAhsanSajjad,146634162,2023-10,28,916,8,2023–2024
Noumansharif27,https://github.com/Noumansharif27,148430778,2023-10,54,870,8,2023–2024
ObaidBuilds,https://github.com/ObaidBuilds,148737556,2023-10,26,839,8,2023–2024
haroonawanofficial,https://github.com/haroonawanofficial,148648539,2023-10,44,836,8,2023–2024
Syed-Muhammad-Hussnain-Raza,https://github.com/Syed-Muhammad-Hussnain-Raza,146955280,2023-10,34,609,8,2023–2024
mianusmancontact,https://github.com/mianusmancontact,149428691,2023-10,10,507,8,2023–2024
alihamasdev,https://github.com/alihamasdev,147739235,2023-10,13,471,8,2023–2024
m-faisal930,https://github.com/m-faisal930,147386814,2023-10,29,460,8,2023–2024
abdullahmug2332,https://github.com/abdullahmug2332,149046719,2023-10,38,389,8,2023–2024
PatheticUser,https://github.com/PatheticUser,148254423,2023-10,41,388,8,2023–2024
Tashfeen-Chohan,https://github.com/Tashfeen-Chohan,147094961,2023-10,25,377,8,2023–2024
Nofal71,https://github.com/Nofal71,147974175,2023-10,16,367,8,2023–2024
junii03,https://github.com/junii03,147371297,2023-10,16,308,8,2023–2024
Atif1299,https://github.com/Atif1299,146841239,2023-10,39,306,8,2023–2024
SheharyarDaym,https://github.com/SheharyarDaym,147532749,2023-10,22,293,8,2023–2024
Noor3800,https://github.com/Noor3800,148723599,2023-10,27,290,8,2023–2024
hassanimtiaz158,https://github.com/hassanimtiaz158,146753227,2023-10,19,273,8,2023–2024
hamzaanwar12,https://github.com/hamzaanwar12,147822744,2023-10,87,272,8,2023–2024
ReshephInayat,https://github.com/ReshephInayat,147343288,2023-10,29,270,8,2023–2024
M-Rizwan-Razzaq,https://github.com/M-Rizwan-Razzaq,147418083,2023-10,20,234,8,2023–2024
mastonaqvi,https://github.com/mastonaqvi,147847670,2023-10,46,231,8,2023–2024
ahmadhasnain0,https://github.com/ahmadhasnain0,148529738,2023-10,10,224,8,2023–2024
Attique-dash,https://github.com/Attique-dash,148264649,2023-10,13,221,8,2023–2024
Zeeshan-Kazmii,https://github.com/Zeeshan-Kazmii,149222988,2023-10,22,217,8,2023–2024
Sherrymadlad,https://github.com/Sherrymadlad,148681594,2023-10,8,214,8,2023–2024
muhammadalisaleem,https://github.com/muhammadalisaleem,146933488,2023-10,21,213,8,2023–2024
faiza-shakeel77,https://github.com/faiza-shakeel77,149284413,2023-10,9,212,8,2023–2024
MianMuhammadBodla,https://github.com/MianMuhammadBodla,147194370,2023-10,38,206,8,2023–2024
talhahakeem,https://github.com/talhahakeem,148760204,2023-10,24,203,8,2023–2024
harisbinrehan-qbatch,https://github.com/harisbinrehan-qbatch,147626644,2023-10,6,189,8,2023–2024
malir2,https://github.com/malir2,149310481,2023-10,16,177,8,2023–2024
mibra-heem,https://github.com/mibra-heem,147918331,2023-10,11,176,8,2023–2024
SaadAkram200,https://github.com/SaadAkram200,148552107,2023-10,10,175,8,2023–2024
ahmedrazakhann,https://github.com/ahmedrazakhann,149476761,2023-10,14,172,8,2023–2024
aykaimran,https://github.com/aykaimran,148101861,2023-10,15,163,8,2023–2024
arushahmd,https://github.com/arushahmd,148287044,2023-10,17,158,8,2023–2024
talhasir,https://github.com/talhasir,149300711,2023-10,11,157,8,2023–2024
waqas-9999,https://github.com/waqas-9999,147145005,2023-10,8,157,8,2023–2024
being-amara-khan,https://github.com/being-amara-khan,147994783,2023-10,18,154,8,2023–2024
AnsarAkbar,https://github.com/AnsarAkbar,149039926,2023-10,24,148,8,2023–2024
TahaKhan192004,https://github.com/TahaKhan192004,147314150,2023-10,36,146,8,2023–2024
Usmana4360,https://github.com/Usmana4360,147612208,2023-10,19,146,8,2023–2024
Shvmroz,https://github.com/Shvmroz,146703135,2023-10,10,146,8,2023–2024
abdulmoeez222,https://github.com/abdulmoeez222,146938080,2023-10,18,143,8,2023–2024
MuhammadAnas1010,https://github.com/MuhammadAnas1010,147365395,2023-10,9,143,8,2023–2024
Eesha-Maryam,https://github.com/Eesha-Maryam,148610799,2023-10,18,138,8,2023–2024
muhammadabdullah0303,https://github.com/muhammadabdullah0303,146756374,2023-10,11,138,8,2023–2024
ZunoorAhmad,https://github.com/ZunoorAhmad,148877349,2023-10,10,123,8,2023–2024
AhmedHussain007,https://github.com/AhmedHussain007,147406446,2023-10,19,121,8,2023–2024
EngrAhmadMakki,https://github.com/EngrAhmadMakki,148890887,2023-10,18,118,8,2023–2024
SadiqAliBabar,https://github.com/SadiqAliBabar,148310055,2023-10,14,117,8,2023–2024
IshaAli444,https://github.com/IshaAli444,148653041,2023-10,12,114,8,2023–2024
AwaisZahid331,https://github.com/AwaisZahid331,147282377,2023-10,26,112,8,2023–2024
MuzammilAhmedBhatti,https://github.com/MuzammilAhmedBhatti,148004236,2023-10,9,112,8,2023–2024
Ab-Rehman-18,https://github.com/Ab-Rehman-18,148073546,2023-10,62,110,8,2023–2024
Mabdu11ah-abd,https://github.com/Mabdu11ah-abd,147126390,2023-10,6,107,8,2023–2024
abdullahikram90,https://github.com/abdullahikram90,147640702,2023-10,13,106,8,2023–2024
Hamna-Mazher,https://github.com/Hamna-Mazher,148467520,2023-10,17,105,8,2023–2024
hasipfaruk,https://github.com/hasipfaruk,148285382,2023-10,15,105,8,2023–2024
Rebelhere,https://github.com/Rebelhere,149233912,2023-10,9,104,8,2023–2024
Qasim-Akram,https://github.com/Qasim-Akram,148638478,2023-10,12,102,8,2023–2024
NidaIshaq,https://github.com/NidaIshaq,148307487,2023-10,14,101,8,2023–2024
SiddiquiSaab04,https://github.com/SiddiquiSaab04,146741349,2023-10,15,98,8,2023–2024
SafeerAhmad0,https://github.com/SafeerAhmad0,147386102,2023-10,22,97,8,2023–2024
Syed-Asad-Abbas,https://github.com/Syed-Asad-Abbas,147848536,2023-10,18,94,8,2023–2024
Muzxa,https://github.com/Muzxa,147920057,2023-10,10,91,8,2023–2024
ahmii237,https://github.com/ahmii237,148269958,2023-10,14,86,8,2023–2024
SanehaSiddique,https://github.com/SanehaSiddique,147426106,2023-10,39,85,8,2023–2024
haseebexe,https://github.com/haseebexe,146916679,2023-10,9,84,8,2023–2024
quicklearner404,https://github.com/quicklearner404,149135030,2023-10,6,83,8,2023–2024
Usman3262,https://github.com/Usman3262,149370096,2023-10,26,79,8,2023–2024
Nayoob,https://github.com/Nayoob,148423912,2023-10,25,78,8,2023–2024
shazil20,https://github.com/shazil20,149499565,2023-10,25,77,8,2023–2024
HasnatHaider,https://github.com/HasnatHaider,148796416,2023-10,17,77,8,2023–2024
AhmadProjects-git,https://github.com/AhmadProjects-git,148372972,2023-10,6,76,8,2023–2024
umer142,https://github.com/umer142,149531735,2023-10,13,72,8,2023–2024
AliAsgharSha,https://github.com/AliAsgharSha,147384233,2023-10,18,71,8,2023–2024
ahsanzubair172,https://github.com/ahsanzubair172,147402017,2023-10,8,70,8,2023–2024
Haris-Nasir,https://github.com/Haris-Nasir,147267960,2023-10,27,68,8,2023–2024
mzmakm00,https://github.com/mzmakm00,148120123,2023-10,20,65,8,2023–2024
Saifrazzaq1,https://github.com/Saifrazzaq1,146702372,2023-10,11,64,8,2023–2024
RiziRajput,https://github.com/RiziRajput,147029843,2023-10,16,63,8,2023–2024
humza14985,https://github.com/humza14985,148695935,2023-10,37,62,8,2023–2024
VisionSecret,https://github.com/VisionSecret,149484416,2023-10,29,61,8,2023–2024
AlinaAsifKhan,https://github.com/AlinaAsifKhan,149353884,2023-10,12,58,8,2023–2024
aamirsgithub,https://github.com/aamirsgithub,146937339,2023-10,6,58,8,2023–2024
seharnisar,https://github.com/seharnisar,147860041,2023-10,13,57,8,2023–2024
ayeshaamjad01,https://github.com/ayeshaamjad01,147806001,2023-10,14,55,8,2023–2024
hassan2809,https://github.com/hassan2809,147645345,2023-10,8,54,8,2023–2024
AsifAbbas1090,https://github.com/AsifAbbas1090,147283866,2023-10,11,53,8,2023–2024
manal-zahra,https://github.com/manal-zahra,147995859,2023-10,24,52,8,2023–2024
Samiullah0991,https://github.com/Samiullah0991,148689161,2023-10,17,51,8,2023–2024
AmbreenMahhoor,https://github.com/AmbreenMahhoor,148541089,2023-10,25,50,8,2023–2024
MuhammadSajid368,https://github.com/MuhammadSajid368,148059104,2023-10,8,50,8,2023–2024
Talha-Anjum0,https://github.com/Talha-Anjum0,148114608,2023-10,18,49,8,2023–2024
213020aumc,https://github.com/213020aumc,146819094,2023-10,22,46,8,2023–2024
ranaely,https://github.com/ranaely,147315113,2023-10,8,46,8,2023–2024
fahadibrahimdev,https://github.com/fahadibrahimdev,146709405,2023-10,37,45,8,2023–2024
Syed-Ali-Qasim,https://github.com/Syed-Ali-Qasim,146689211,2023-10,6,43,8,2023–2024
salmankas785,https://github.com/salmankas785,149208715,2023-10,11,42,8,2023–2024
saqlain-aslam,https://github.com/saqlain-aslam,147295497,2023-10,8,42,8,2023–2024
Sikandar-7,https://github.com/Sikandar-7,147736186,2023-10,6,42,8,2023–2024
jabeen-zahra,https://github.com/jabeen-zahra,147488179,2023-10,6,40,8,2023–2024
m-1Ahmad,https://github.com/m-1Ahmad,149201186,2023-10,9,38,8,2023–2024
codexmaham,https://github.com/codexmaham,148324865,2023-10,8,38,8,2023–2024
ujavedodl,https://github.com/ujavedodl,149464837,2023-10,9,36,8,2023–2024
hamadsap,https://github.com/hamadsap,149500744,2023-10,6,35,8,2023–2024
CodeWithImran786,https://github.com/CodeWithImran786,147131398,2023-10,24,34,8,2023–2024
AhmadBinTariq,https://github.com/AhmadBinTariq,146872021,2023-10,8,34,8,2023–2024
haseebahmad789,https://github.com/haseebahmad789,148216457,2023-10,18,32,8,2023–2024
huzaifagaming,https://github.com/huzaifagaming,149190867,2023-10,16,32,8,2023–2024
FatimaAnjumOfficial,https://github.com/FatimaAnjumOfficial,147131340,2023-10,7,32,8,2023–2024
abubaker302,https://github.com/abubaker302,146846765,2023-10,17,31,8,2023–2024
muzzamil7770,https://github.com/muzzamil7770,148375724,2023-10,7,29,8,2023–2024
MohammadAliChaudary,https://github.com/MohammadAliChaudary,147695252,2023-10,7,27,8,2023–2024
haris0326,https://github.com/haris0326,148496365,2023-10,6,27,8,2023–2024
YousafNaeem88,https://github.com/YousafNaeem88,149318071,2023-10,13,26,8,2023–2024
Memoona-Shahid,https://github.com/Memoona-Shahid,146987483,2023-10,7,26,8,2023–2024
Usama-Umer,https://github.com/Usama-Umer,147060895,2023-10,11,25,8,2023–2024
6amsolution,https://github.com/6amsolution,147414820,2023-10,9,25,8,2023–2024
IamUmarFarooq,https://github.com/IamUmarFarooq,147486825,2023-10,8,25,8,2023–2024
Syeda-Jaweria-Amjad,https://github.com/Syeda-Jaweria-Amjad,147545009,2023-10,10,24,8,2023–2024
sheharyar0503,https://github.com/sheharyar0503,147403515,2023-10,7,24,8,2023–2024
AbdullahNasrullah10937,https://github.com/AbdullahNasrullah10937,146910130,2023-10,23,23,8,2023–2024
Mian-Ahmad-Nawaz,https://github.com/Mian-Ahmad-Nawaz,148789150,2023-10,7,23,8,2023–2024
MuhammadAbubakar2004,https://github.com/MuhammadAbubakar2004,149166424,2023-10,13,22,8,2023–2024
Muhammad-Waseem1306,https://github.com/Muhammad-Waseem1306,147245717,2023-10,6,22,8,2023–2024
MHussnainNawaz,https://github.com/MHussnainNawaz,147604715,2023-10,17,21,8,2023–2024
asim-shahid,https://github.com/asim-shahid,150524473,2023-11,11,18108,8,2023–2024
abrauf18,https://github.com/abrauf18,150667911,2023-11,14,4326,8,2023–2024
yahyavaleo,https://github.com/yahyavaleo,151204922,2023-11,10,1541,8,2023–2024
farhankhalidkayani,https://github.com/farhankhalidkayani,151544521,2023-11,46,1206,8,2023–2024
faheem-ul,https://github.com/faheem-ul,151522220,2023-11,41,1180,8,2023–2024
ahmad-shk,https://github.com/ahmad-shk,151009949,2023-11,47,806,8,2023–2024
fatima-n09,https://github.com/fatima-n09,150540933,2023-11,13,593,8,2023–2024
mwaleed580,https://github.com/mwaleed580,151720315,2023-11,10,571,8,2023–2024
AbdulMoeez1278,https://github.com/AbdulMoeez1278,150109036,2023-11,31,546,8,2023–2024
Talalilyas1208,https://github.com/Talalilyas1208,151737492,2023-11,8,517,8,2023–2024
AbdullahProjects,https://github.com/AbdullahProjects,150433247,2023-11,55,479,8,2023–2024
nauman331,https://github.com/nauman331,151706435,2023-11,26,475,8,2023–2024
huzaifanaeem909,https://github.com/huzaifanaeem909,149817734,2023-11,15,440,8,2023–2024
Noor-Fatima-Afzal,https://github.com/Noor-Fatima-Afzal,151453127,2023-11,74,405,8,2023–2024
avexxx3,https://github.com/avexxx3,149749883,2023-11,13,403,8,2023–2024
ateebqaiser,https://github.com/ateebqaiser,152051043,2023-11,18,344,8,2023–2024
syed-ali3,https://github.com/syed-ali3,152195030,2023-11,9,319,8,2023–2024
syedturabb,https://github.com/syedturabb,152087628,2023-11,10,291,8,2023–2024
m-ans-ishfaq,https://github.com/m-ans-ishfaq,150812466,2023-11,29,265,8,2023–2024
imranshabbir-developer,https://github.com/imranshabbir-developer,152411395,2023-11,40,264,8,2023–2024
ShakeelAhmad18,https://github.com/ShakeelAhmad18,150515418,2023-11,63,256,8,2023–2024
CoderMohib,https://github.com/CoderMohib,152194482,2023-11,28,252,8,2023–2024
haqdadkhan,https://github.com/haqdadkhan,150778090,2023-11,19,236,8,2023–2024
junaidsultanxyz,https://github.com/junaidsultanxyz,149696462,2023-11,19,215,8,2023–2024
muhammadjunaidfarooq,https://github.com/muhammadjunaidfarooq,150023247,2023-11,47,204,8,2023–2024
Malik-Rizwan0,https://github.com/Malik-Rizwan0,151925755,2023-11,18,203,8,2023–2024
qazimtalhatariq,https://github.com/qazimtalhatariq,151367252,2023-11,14,194,8,2023–2024
abishbaig,https://github.com/abishbaig,150265259,2023-11,21,191,8,2023–2024
Asharr-Ali,https://github.com/Asharr-Ali,149996177,2023-11,12,184,8,2023–2024
Mshandev,https://github.com/Mshandev,150339563,2023-11,21,171,8,2023–2024
Mohsin-Khan0786,https://github.com/Mohsin-Khan0786,151525557,2023-11,24,147,8,2023–2024
muhammadfaizanhassan,https://github.com/muhammadfaizanhassan,149832717,2023-11,19,144,8,2023–2024
shahnawazgull,https://github.com/shahnawazgull,152190125,2023-11,26,141,8,2023–2024
imranahmad88pr147,https://github.com/imranahmad88pr147,151503906,2023-11,11,135,8,2023–2024
zohaib5911,https://github.com/zohaib5911,149583085,2023-11,29,134,8,2023–2024
M-Saadullah,https://github.com/M-Saadullah,150258201,2023-11,21,132,8,2023–2024
Zeshig01,https://github.com/Zeshig01,150527429,2023-11,36,131,8,2023–2024
Anees279,https://github.com/Anees279,151461645,2023-11,17,131,8,2023–2024
iqrasaleem-umt,https://github.com/iqrasaleem-umt,150886796,2023-11,33,126,8,2023–2024
binsaadibin,https://github.com/binsaadibin,150598731,2023-11,18,124,8,2023–2024
kashif7868,https://github.com/kashif7868,151561581,2023-11,17,112,8,2023–2024
s-abdulrehman12,https://github.com/s-abdulrehman12,151516159,2023-11,13,110,8,2023–2024
Hsxtech-AliMuzafar,https://github.com/Hsxtech-AliMuzafar,149746882,2023-11,9,109,8,2023–2024
syedmusab31,https://github.com/syedmusab31,150191783,2023-11,20,106,8,2023–2024
ayesha189,https://github.com/ayesha189,152148122,2023-11,15,106,8,2023–2024
PythonMindset,https://github.com/PythonMindset,152074599,2023-11,8,104,8,2023–2024
MUSulehri,https://github.com/MUSulehri,150555923,2023-11,12,103,8,2023–2024
ShahzaibHaider0,https://github.com/ShahzaibHaider0,150579950,2023-11,6,100,8,2023–2024
ihsandanish1,https://github.com/ihsandanish1,149953957,2023-11,58,98,8,2023–2024
saara-nasir01,https://github.com/saara-nasir01,152314504,2023-11,15,97,8,2023–2024
ZainRiaz09,https://github.com/ZainRiaz09,149959596,2023-11,28,95,8,2023–2024
Mr-Engnr,https://github.com/Mr-Engnr,152437870,2023-11,13,94,8,2023–2024
hsnx999,https://github.com/hsnx999,152194770,2023-11,10,91,8,2023–2024
salmankhalid7,https://github.com/salmankhalid7,150897221,2023-11,21,89,8,2023–2024
MainFurqan,https://github.com/MainFurqan,152207102,2023-11,17,89,8,2023–2024
BilalWattu521,https://github.com/BilalWattu521,150813902,2023-11,15,89,8,2023–2024
Asfar224,https://github.com/Asfar224,150332441,2023-11,11,86,8,2023–2024
Rumi019,https://github.com/Rumi019,151341185,2023-11,6,86,8,2023–2024
iko088,https://github.com/iko088,149926431,2023-11,53,84,8,2023–2024
alliy1234,https://github.com/alliy1234,149563507,2023-11,24,84,8,2023–2024
Mqasim94,https://github.com/Mqasim94,149766611,2023-11,6,78,8,2023–2024
mianwaleedirfan,https://github.com/mianwaleedirfan,149953372,2023-11,10,75,8,2023–2024
taimoor-asghar,https://github.com/taimoor-asghar,151550373,2023-11,18,74,8,2023–2024
Usman-2302,https://github.com/Usman-2302,150267659,2023-11,8,71,8,2023–2024
Ayesha9912,https://github.com/Ayesha9912,150822825,2023-11,22,70,8,2023–2024
dataseekho,https://github.com/dataseekho,150342761,2023-11,10,70,8,2023–2024
Zafrankhan1,https://github.com/Zafrankhan1,150580256,2023-11,38,69,8,2023–2024
nihaal237,https://github.com/nihaal237,151386986,2023-11,6,69,8,2023–2024
Muhammad-Hammad-Khan7,https://github.com/Muhammad-Hammad-Khan7,149608353,2023-11,31,68,8,2023–2024
NaimaAqeel,https://github.com/NaimaAqeel,152531502,2023-11,30,68,8,2023–2024
Umair0092,https://github.com/Umair0092,152393835,2023-11,12,68,8,2023–2024
m-aoun,https://github.com/m-aoun,151518539,2023-11,9,68,8,2023–2024
abdulhadinaeem,https://github.com/abdulhadinaeem,149653951,2023-11,18,67,8,2023–2024
Sheeza-Imtiaz,https://github.com/Sheeza-Imtiaz,149560675,2023-11,14,67,8,2023–2024
unaizanisar,https://github.com/unaizanisar,152496167,2023-11,13,62,8,2023–2024
Tahirsultan777,https://github.com/Tahirsultan777,151936398,2023-11,9,62,8,2023–2024
Ayyaz-Qadir,https://github.com/Ayyaz-Qadir,150770718,2023-11,19,61,8,2023–2024
FareedBakhsh,https://github.com/FareedBakhsh,150926488,2023-11,31,60,8,2023–2024
coder1haseeb,https://github.com/coder1haseeb,151150753,2023-11,24,59,8,2023–2024
ASADAYUB1,https://github.com/ASADAYUB1,149915657,2023-11,20,59,8,2023–2024
umernaseeralam,https://github.com/umernaseeralam,150697785,2023-11,12,59,8,2023–2024
47aamir,https://github.com/47aamir,149759338,2023-11,16,58,8,2023–2024
atiq01238,https://github.com/atiq01238,150509253,2023-11,10,55,8,2023–2024
TanveerAhmadAI,https://github.com/TanveerAhmadAI,150953314,2023-11,6,54,8,2023–2024
reemi7,https://github.com/reemi7,149588475,2023-11,15,53,8,2023–2024
theshafqatullah,https://github.com/theshafqatullah,151396638,2023-11,9,53,8,2023–2024
MuhammadWaqasRazaq,https://github.com/MuhammadWaqasRazaq,152498570,2023-11,15,50,8,2023–2024
AbjectControl,https://github.com/AbjectControl,149995720,2023-11,8,50,8,2023–2024
affan-t,https://github.com/affan-t,151336976,2023-11,7,50,8,2023–2024
Anas123-svg,https://github.com/Anas123-svg,149559203,2023-11,6,50,8,2023–2024
HafizNomi,https://github.com/HafizNomi,151368305,2023-11,6,48,8,2023–2024
UmarEhtisham,https://github.com/UmarEhtisham,151546862,2023-11,12,47,8,2023–2024
AmimaKhan002,https://github.com/AmimaKhan002,150880494,2023-11,7,46,8,2023–2024
Mr-Khuzaima,https://github.com/Mr-Khuzaima,152535297,2023-11,7,44,8,2023–2024
Shehrazali365,https://github.com/Shehrazali365,152422813,2023-11,13,43,8,2023–2024
GTR-Nafeel,https://github.com/GTR-Nafeel,151048507,2023-11,11,43,8,2023–2024
mwahab532,https://github.com/mwahab532,150228104,2023-11,8,43,8,2023–2024
ans125,https://github.com/ans125,150611604,2023-11,17,42,8,2023–2024
Hammad089,https://github.com/Hammad089,152257728,2023-11,14,38,8,2023–2024
Toqir-dar,https://github.com/Toqir-dar,151329746,2023-11,13,38,8,2023–2024
alihusnain124,https://github.com/alihusnain124,150443323,2023-11,12,38,8,2023–2024
zeeshanshabir07,https://github.com/zeeshanshabir07,149652993,2023-11,12,37,8,2023–2024
mahamtahirx,https://github.com/mahamtahirx,151493657,2023-11,12,37,8,2023–2024
sajidmtariq30,https://github.com/sajidmtariq30,149877372,2023-11,16,36,8,2023–2024
madnanm0,https://github.com/madnanm0,151677509,2023-11,7,36,8,2023–2024
farazshoukat,https://github.com/farazshoukat,151566029,2023-11,11,32,8,2023–2024
FarrukhHafeez-Dev,https://github.com/FarrukhHafeez-Dev,150732588,2023-11,10,32,8,2023–2024
NehaWaseem,https://github.com/NehaWaseem,151124795,2023-11,6,32,8,2023–2024
amna1526,https://github.com/amna1526,151923768,2023-11,8,31,8,2023–2024
harisfayyaz-56,https://github.com/harisfayyaz-56,152532571,2023-11,6,31,8,2023–2024
umrn5505,https://github.com/umrn5505,149577535,2023-11,10,29,8,2023–2024
danishnadeem2,https://github.com/danishnadeem2,150360522,2023-11,26,28,8,2023–2024
coddermind,https://github.com/coddermind,149863894,2023-11,7,28,8,2023–2024
haiderali309,https://github.com/haiderali309,151786690,2023-11,10,27,8,2023–2024
YashfaZahid,https://github.com/YashfaZahid,150727749,2023-11,6,24,8,2023–2024
hanifabbas786,https://github.com/hanifabbas786,152361547,2023-11,26,23,8,2023–2024
shayanali339,https://github.com/shayanali339,151519307,2023-11,6,23,8,2023–2024
MalikHamzaSaleemi,https://github.com/MalikHamzaSaleemi,150550296,2023-11,9,22,8,2023–2024
AbdullahMehdi211,https://github.com/AbdullahMehdi211,150350052,2023-11,7,22,8,2023–2024
Faisalhere7,https://github.com/Faisalhere7,152618488,2023-12,12,1665,8,2023–2024
Raza181261,https://github.com/Raza181261,154697961,2023-12,33,1244,8,2023–2024
hamzasand,https://github.com/hamzasand,152792061,2023-12,41,1005,8,2023–2024
aizaz88,https://github.com/aizaz88,153418628,2023-12,26,981,8,2023–2024
Haroon7102,https://github.com/Haroon7102,154257223,2023-12,11,943,8,2023–2024
Dev-Abdullah-786,https://github.com/Dev-Abdullah-786,155304843,2023-12,44,766,8,2023–2024
Sanaullahcs,https://github.com/Sanaullahcs,153008363,2023-12,34,653,8,2023–2024
ShoaibRaza12,https://github.com/ShoaibRaza12,154362378,2023-12,10,479,8,2023–2024
Bisma41,https://github.com/Bisma41,152860495,2023-12,28,456,8,2023–2024
NoorFatimaAfzal,https://github.com/NoorFatimaAfzal,154274914,2023-12,37,433,8,2023–2024
CodeCraft4,https://github.com/CodeCraft4,152774777,2023-12,28,387,8,2023–2024
MuhammadDilshad532,https://github.com/MuhammadDilshad532,152772591,2023-12,30,268,8,2023–2024
Zainab-Junaid,https://github.com/Zainab-Junaid,153438938,2023-12,12,251,8,2023–2024
FazeelAr,https://github.com/FazeelAr,153188860,2023-12,39,240,8,2023–2024
syedtayyabdev,https://github.com/syedtayyabdev,154093830,2023-12,38,228,8,2023–2024
mrQur3Sh1,https://github.com/mrQur3Sh1,152991545,2023-12,22,200,8,2023–2024
AyeshaAfzal-01,https://github.com/AyeshaAfzal-01,154336255,2023-12,19,180,8,2023–2024
mubeen20012,https://github.com/mubeen20012,153099719,2023-12,58,166,8,2023–2024
Noman-10xe,https://github.com/Noman-10xe,155075768,2023-12,13,155,8,2023–2024
mahnraslam,https://github.com/mahnraslam,155006126,2023-12,13,153,8,2023–2024
alihamzanasir,https://github.com/alihamzanasir,155153743,2023-12,12,138,8,2023–2024
bilalahmadgujjar,https://github.com/bilalahmadgujjar,153160047,2023-12,8,108,8,2023–2024
Alikhk1,https://github.com/Alikhk1,153542050,2023-12,7,98,8,2023–2024
sadaqat-ali-shaker,https://github.com/sadaqat-ali-shaker,154803205,2023-12,26,94,8,2023–2024
IsmaeelAsghar,https://github.com/IsmaeelAsghar,153230139,2023-12,8,94,8,2023–2024
mahn00rmj2004,https://github.com/mahn00rmj2004,154057291,2023-12,20,93,8,2023–2024
Shahid0099,https://github.com/Shahid0099,154043599,2023-12,26,92,8,2023–2024
0786abu,https://github.com/0786abu,154405314,2023-12,23,82,8,2023–2024
abdullahmaqsood-dev,https://github.com/abdullahmaqsood-dev,155227303,2023-12,21,71,8,2023–2024
Faisal-Mahmood-Developer,https://github.com/Faisal-Mahmood-Developer,153306840,2023-12,31,70,8,2023–2024
malikahsanawan,https://github.com/malikahsanawan,153192842,2023-12,35,69,8,2023–2024
Hafsa-akhtar07,https://github.com/Hafsa-akhtar07,152772267,2023-12,6,64,8,2023–2024
abrarhaider001,https://github.com/abrarhaider001,153983561,2023-12,27,62,8,2023–2024
cwomerai,https://github.com/cwomerai,153436076,2023-12,34,59,8,2023–2024
Umair-Ali-804,https://github.com/Umair-Ali-804,153929862,2023-12,17,58,8,2023–2024
umerfarooq-68,https://github.com/umerfarooq-68,152650196,2023-12,16,56,8,2023–2024
Abdelliito,https://github.com/Abdelliito,152735737,2023-12,13,55,8,2023–2024
FaizanDeveloper177,https://github.com/FaizanDeveloper177,154661959,2023-12,8,55,8,2023–2024
shazamvirk,https://github.com/shazamvirk,154023379,2023-12,13,50,8,2023–2024
iamadeelnaeem,https://github.com/iamadeelnaeem,153359435,2023-12,21,48,8,2023–2024
Nimra3107,https://github.com/Nimra3107,153927294,2023-12,9,47,8,2023–2024
KamranAli786320,https://github.com/KamranAli786320,155252842,2023-12,22,46,8,2023–2024
assad69ali,https://github.com/assad69ali,155087727,2023-12,14,42,8,2023–2024
danyalmoazzam,https://github.com/danyalmoazzam,154667312,2023-12,8,42,8,2023–2024
FarooqArshad8029,https://github.com/FarooqArshad8029,154060857,2023-12,9,41,8,2023–2024
AyaanKhattak,https://github.com/AyaanKhattak,152668067,2023-12,10,39,8,2023–2024
syedhasht,https://github.com/syedhasht,155305714,2023-12,11,38,8,2023–2024
AbdulrehmanAI,https://github.com/AbdulrehmanAI,153290466,2023-12,25,34,8,2023–2024
umair7013,https://github.com/umair7013,154078816,2023-12,21,30,8,2023–2024
ToheedKhalid,https://github.com/ToheedKhalid,153521581,2023-12,21,30,8,2023–2024
sardarjunaidsahil,https://github.com/sardarjunaidsahil,154405261,2023-12,8,25,8,2023–2024
SabikaKashif,https://github.com/SabikaKashif,154405283,2023-12,7,25,8,2023–2024
Hammad1952,https://github.com/Hammad1952,154439868,2023-12,7,24,8,2023–2024
hassanali5744,https://github.com/hassanali5744,153506958,2023-12,12,22,8,2023–2024
HsnSaboor,https://github.com/HsnSaboor,156575127,2024-01,41,1849,8,2023–2024
devhassan17,https://github.com/devhassan17,156808621,2024-01,32,1010,8,2023–2024
mehdi-raza99,https://github.com/mehdi-raza99,157884983,2024-01,25,639,8,2023–2024
miantalha45,https://github.com/miantalha45,155809113,2024-01,27,594,8,2023–2024
Haroon-chh,https://github.com/Haroon-chh,157529623,2024-01,11,589,8,2023–2024
wali-hu,https://github.com/wali-hu,155668010,2024-01,41,553,8,2023–2024
JahanZaibAsif,https://github.com/JahanZaibAsif,156038344,2024-01,56,531,8,2023–2024
MohidNaghman1,https://github.com/MohidNaghman1,158181836,2024-01,45,493,8,2023–2024
infiniV,https://github.com/infiniV,156723164,2024-01,19,486,8,2023–2024
sufyan2618,https://github.com/sufyan2618,155754649,2024-01,29,455,8,2023–2024
minhajasghar,https://github.com/minhajasghar,157454467,2024-01,11,437,8,2023–2024
engmaryamameen,https://github.com/engmaryamameen,155364505,2024-01,14,428,8,2023–2024
abdulrehmangulfaraz,https://github.com/abdulrehmangulfaraz,157941389,2024-01,20,421,8,2023–2024
Waleed-Ahmed-05,https://github.com/Waleed-Ahmed-05,156175348,2024-01,10,403,8,2023–2024
Awais12xd,https://github.com/Awais12xd,157825343,2024-01,64,381,8,2023–2024
Monis9451,https://github.com/Monis9451,158310987,2024-01,30,380,8,2023–2024
Hassan-Mef,https://github.com/Hassan-Mef,156674177,2024-01,33,370,8,2023–2024
Ahsan-Asim,https://github.com/Ahsan-Asim,157886051,2024-01,30,360,8,2023–2024
Hash-Overflow-bit,https://github.com/Hash-Overflow-bit,158287958,2024-01,55,327,8,2023–2024
AhmadAli-68,https://github.com/AhmadAli-68,155881450,2024-01,43,322,8,2023–2024
MuhammadAnas8,https://github.com/MuhammadAnas8,157989970,2024-01,13,318,8,2023–2024
hamzajawad123,https://github.com/hamzajawad123,157114459,2024-01,14,279,8,2023–2024
Abrash-Official,https://github.com/Abrash-Official,156603514,2024-01,16,273,8,2023–2024
maryamarshad248,https://github.com/maryamarshad248,156906831,2024-01,134,266,8,2023–2024
SyedGhufranHassan,https://github.com/SyedGhufranHassan,158184151,2024-01,34,266,8,2023–2024
nazalmalik,https://github.com/nazalmalik,155678924,2024-01,16,253,8,2023–2024
shoaibatmaca,https://github.com/shoaibatmaca,157016303,2024-01,26,236,8,2023–2024
M-awais-rasool,https://github.com/M-awais-rasool,157481419,2024-01,11,235,8,2023–2024
arbabtufail,https://github.com/arbabtufail,155576814,2024-01,30,231,8,2023–2024
abdullahashfaqvirk,https://github.com/abdullahashfaqvirk,157302411,2024-01,20,231,8,2023–2024
Rival5555,https://github.com/Rival5555,156446916,2024-01,13,227,8,2023–2024
SlippinZubair007,https://github.com/SlippinZubair007,157364979,2024-01,29,220,8,2023–2024
smfahad19,https://github.com/smfahad19,156584040,2024-01,29,208,8,2023–2024
Muhammad-Ikrash,https://github.com/Muhammad-Ikrash,155843639,2024-01,11,208,8,2023–2024
MRDEVELOPERSHAHZADA,https://github.com/MRDEVELOPERSHAHZADA,157731890,2024-01,10,199,8,2023–2024
Suleman25,https://github.com/Suleman25,158144023,2024-01,24,172,8,2023–2024
MuhammadAhtishamYousaf,https://github.com/MuhammadAhtishamYousaf,157544539,2024-01,25,170,8,2023–2024
MuhammadUmer241,https://github.com/MuhammadUmer241,156159700,2024-01,11,168,8,2023–2024
muhammadhaseeb417,https://github.com/muhammadhaseeb417,157219370,2024-01,38,164,8,2023–2024
thebilalkhokhar,https://github.com/thebilalkhokhar,158217640,2024-01,21,162,8,2023–2024
hamzamajeed46,https://github.com/hamzamajeed46,157844240,2024-01,12,158,8,2023–2024
Talhadeveloperr,https://github.com/Talhadeveloperr,156058351,2024-01,41,157,8,2023–2024
sermadahmad,https://github.com/sermadahmad,157159608,2024-01,27,153,8,2023–2024
hammad-umt,https://github.com/hammad-umt,155807057,2024-01,29,146,8,2023–2024
rushammm,https://github.com/rushammm,157041167,2024-01,15,143,8,2023–2024
AbbasMuneer,https://github.com/AbbasMuneer,157717333,2024-01,9,139,8,2023–2024
ihtishamDev,https://github.com/ihtishamDev,155869318,2024-01,17,138,8,2023–2024
FahadButt696,https://github.com/FahadButt696,157651720,2024-01,9,136,8,2023–2024
allee-usman,https://github.com/allee-usman,155767215,2024-01,9,134,8,2023–2024
Daniyalhhgg,https://github.com/Daniyalhhgg,156016786,2024-01,28,128,8,2023–2024
MukarramNawaz,https://github.com/MukarramNawaz,156927769,2024-01,14,126,8,2023–2024
fatimanadeem3,https://github.com/fatimanadeem3,156985269,2024-01,30,125,8,2023–2024
HaxnainRiaz,https://github.com/HaxnainRiaz,156640036,2024-01,23,122,8,2023–2024
saimfaisal,https://github.com/saimfaisal,156470810,2024-01,30,120,8,2023–2024
junaidrao47,https://github.com/junaidrao47,156021076,2024-01,25,109,8,2023–2024
shahzaibaly1938,https://github.com/shahzaibaly1938,156782896,2024-01,7,107,8,2023–2024
kanwar-mana,https://github.com/kanwar-mana,157883858,2024-01,20,106,8,2023–2024
subhaan1122,https://github.com/subhaan1122,157952447,2024-01,30,99,8,2023–2024
aonzaidi110,https://github.com/aonzaidi110,158312158,2024-01,16,96,8,2023–2024
mtaimoorkhalid,https://github.com/mtaimoorkhalid,157301054,2024-01,13,95,8,2023–2024
FatimaAtiq,https://github.com/FatimaAtiq,158149014,2024-01,11,92,8,2023–2024
nomanjaffar1,https://github.com/nomanjaffar1,156498897,2024-01,21,91,8,2023–2024
Muttayab99,https://github.com/Muttayab99,157699853,2024-01,17,86,8,2023–2024
codebymuddasir,https://github.com/codebymuddasir,155835634,2024-01,6,86,8,2023–2024
IrsaAbid123,https://github.com/IrsaAbid123,156125278,2024-01,30,82,8,2023–2024
aximooz,https://github.com/aximooz,156899486,2024-01,20,77,9,2024–2024
raffay2k4,https://github.com/raffay2k4,157130216,2024-01,16,77,9,2024–2024
Hanzla-Mahmood,https://github.com/Hanzla-Mahmood,157579324,2024-01,7,77,9,2024–2024
BilalSajid202,https://github.com/BilalSajid202,155935020,2024-01,12,76,9,2024–2024
naeemsbb,https://github.com/naeemsbb,158027557,2024-01,7,76,9,2024–2024
HROON157,https://github.com/HROON157,155438028,2024-01,8,75,9,2024–2024
MalikAnas1818,https://github.com/MalikAnas1818,157392647,2024-01,22,72,9,2024–2024
AbdulRehmanMunir1,https://github.com/AbdulRehmanMunir1,157450592,2024-01,36,70,9,2024–2024
girlmeetsfast,https://github.com/girlmeetsfast,158209396,2024-01,6,69,9,2024–2024
AminaMehwishkhan,https://github.com/AminaMehwishkhan,157866327,2024-01,32,68,9,2024–2024
abdulqadeer-AQ,https://github.com/abdulqadeer-AQ,156391422,2024-01,10,68,9,2024–2024
MansoorTariq9,https://github.com/MansoorTariq9,156508689,2024-01,6,65,9,2024–2024
Qaswa-Chaudhary,https://github.com/Qaswa-Chaudhary,156606052,2024-01,8,64,9,2024–2024
nabeeldevx,https://github.com/nabeeldevx,155577813,2024-01,6,63,9,2024–2024
saadsultan482,https://github.com/saadsultan482,155612191,2024-01,34,62,9,2024–2024
GhufranButt,https://github.com/GhufranButt,157708543,2024-01,13,62,9,2024–2024
Shoaib-Alam-041,https://github.com/Shoaib-Alam-041,156301637,2024-01,10,60,9,2024–2024
imUsamaZia,https://github.com/imUsamaZia,157028808,2024-01,16,57,9,2024–2024
khalid-sohaib,https://github.com/khalid-sohaib,157798042,2024-01,11,57,9,2024–2024
ashas233,https://github.com/ashas233,158188819,2024-01,20,56,9,2024–2024
arslan-naseem,https://github.com/arslan-naseem,157616660,2024-01,15,55,9,2024–2024
Saad-Masood-123,https://github.com/Saad-Masood-123,156588151,2024-01,20,54,9,2024–2024
mamoonayoob,https://github.com/mamoonayoob,156844901,2024-01,23,52,9,2024–2024
ayesha004-creator,https://github.com/ayesha004-creator,158337027,2024-01,9,52,9,2024–2024
Asadd1503,https://github.com/Asadd1503,157307426,2024-01,14,51,9,2024–2024
MehakRamzan,https://github.com/MehakRamzan,157967811,2024-01,23,49,9,2024–2024
MAwaisAleem,https://github.com/MAwaisAleem,157953102,2024-01,15,49,9,2024–2024
JamshaidMushtaqq,https://github.com/JamshaidMushtaqq,156090363,2024-01,12,49,9,2024–2024
Hashimmughal0,https://github.com/Hashimmughal0,155978432,2024-01,8,48,9,2024–2024
usman-siddique,https://github.com/usman-siddique,157099191,2024-01,7,48,9,2024–2024
M-codeR-UMER,https://github.com/M-codeR-UMER,155852130,2024-01,8,47,9,2024–2024
abdullah-naqvi,https://github.com/abdullah-naqvi,155843927,2024-01,6,47,9,2024–2024
asad-iqbal-76,https://github.com/asad-iqbal-76,155946111,2024-01,10,46,9,2024–2024
AkashaMaqsood134,https://github.com/AkashaMaqsood134,156964488,2024-01,22,45,9,2024–2024
Junaid-Sheikh-JS,https://github.com/Junaid-Sheikh-JS,156797149,2024-01,17,45,9,2024–2024
Kazim55Raza,https://github.com/Kazim55Raza,156807108,2024-01,11,43,9,2024–2024
Mohsinabbasgithub,https://github.com/Mohsinabbasgithub,157979428,2024-01,8,42,9,2024–2024
asad-snippets,https://github.com/asad-snippets,157963202,2024-01,11,41,9,2024–2024
junaid9808,https://github.com/junaid9808,156915517,2024-01,9,41,9,2024–2024
BenishAhsan,https://github.com/BenishAhsan,156318355,2024-01,6,41,9,2024–2024
mohammadtaha501,https://github.com/mohammadtaha501,156105506,2024-01,10,40,9,2024–2024
maryamfarooq13,https://github.com/maryamfarooq13,158145384,2024-01,13,39,9,2024–2024
Abdullah02024,https://github.com/Abdullah02024,158035145,2024-01,18,37,9,2024–2024
Haider2228,https://github.com/Haider2228,155827206,2024-01,12,37,9,2024–2024
Hurarah-Malik30,https://github.com/Hurarah-Malik30,157670739,2024-01,11,36,9,2024–2024
saira-saeed44,https://github.com/saira-saeed44,156566341,2024-01,23,34,9,2024–2024
MujahidSadiq,https://github.com/MujahidSadiq,155825146,2024-01,16,34,9,2024–2024
naeem-nawaz,https://github.com/naeem-nawaz,155434747,2024-01,6,34,9,2024–2024
heyanas31,https://github.com/heyanas31,155837596,2024-01,6,30,9,2024–2024
Asad7922,https://github.com/Asad7922,155817945,2024-01,19,29,9,2024–2024
NadeemIqbal6614,https://github.com/NadeemIqbal6614,157383949,2024-01,28,28,9,2024–2024
sajidalikargili,https://github.com/sajidalikargili,157840675,2024-01,9,27,9,2024–2024
Atif-jamil,https://github.com/Atif-jamil,157339472,2024-01,6,26,9,2024–2024
shafiullah2002,https://github.com/shafiullah2002,157701545,2024-01,16,25,9,2024–2024
Asim8611,https://github.com/Asim8611,156671279,2024-01,8,25,9,2024–2024
MrZohaibTabassum,https://github.com/MrZohaibTabassum,157811622,2024-01,11,24,9,2024–2024
razaahmed1,https://github.com/razaahmed1,157898047,2024-01,10,22,9,2024–2024
Bushra-Butt-17,https://github.com/Bushra-Butt-17,161236178,2024-02,38,1936,9,2024–2024
itsmehardawood,https://github.com/itsmehardawood,161126309,2024-02,56,1446,9,2024–2024
HammadRashid1997,https://github.com/HammadRashid1997,160396261,2024-02,18,1220,9,2024–2024
hasnaintypes,https://github.com/hasnaintypes,160152599,2024-02,37,971,9,2024–2024
RayyanKhan4004,https://github.com/RayyanKhan4004,160082300,2024-02,24,903,9,2024–2024
moeez5251,https://github.com/moeez5251,159162874,2024-02,34,816,9,2024–2024
Ahsaan-ullah3236,https://github.com/Ahsaan-ullah3236,158459990,2024-02,32,814,9,2024–2024
ShaiqRaza,https://github.com/ShaiqRaza,159626620,2024-02,18,792,9,2024–2024
yasirwali1052,https://github.com/yasirwali1052,161471117,2024-02,30,728,9,2024–2024
sajidmehmoodtariq-dev,https://github.com/sajidmehmoodtariq-dev,161706544,2024-02,69,724,9,2024–2024
Moh-Tayyab,https://github.com/Moh-Tayyab,160000753,2024-02,98,646,9,2024–2024
Muhammad-Yousaff,https://github.com/Muhammad-Yousaff,159869382,2024-02,24,643,9,2024–2024
ZaheerAhmedkhan65,https://github.com/ZaheerAhmedkhan65,161584694,2024-02,39,623,9,2024–2024
Husnain-Ali-dev-02,https://github.com/Husnain-Ali-dev-02,161426089,2024-02,73,554,9,2024–2024
hamza-sohail-mughal,https://github.com/hamza-sohail-mughal,160127318,2024-02,6,554,9,2024–2024
Muhammad-Noshad,https://github.com/Muhammad-Noshad,159698929,2024-02,14,392,9,2024–2024
AliRana30,https://github.com/AliRana30,159713825,2024-02,18,344,9,2024–2024
meshahzad92,https://github.com/meshahzad92,160225124,2024-02,37,330,9,2024–2024
AliHamza-lab,https://github.com/AliHamza-lab,160996641,2024-02,18,290,9,2024–2024
mhasnainiftikhar,https://github.com/mhasnainiftikhar,160528829,2024-02,19,278,9,2024–2024
muhammad-nomankd,https://github.com/muhammad-nomankd,161321577,2024-02,20,275,9,2024–2024
ZainabManzoorr,https://github.com/ZainabManzoorr,161215774,2024-02,36,274,9,2024–2024
babarai45,https://github.com/babarai45,158789770,2024-02,63,261,9,2024–2024
AsadMughalAM,https://github.com/AsadMughalAM,159759158,2024-02,38,259,9,2024–2024
H-Was1,https://github.com/H-Was1,160735009,2024-02,46,241,9,2024–2024
MuhamadBinImran,https://github.com/MuhamadBinImran,160055368,2024-02,24,238,9,2024–2024
Azhar-Sharif,https://github.com/Azhar-Sharif,161110566,2024-02,26,236,9,2024–2024
MuhammadShavaiz,https://github.com/MuhammadShavaiz,159474697,2024-02,20,228,9,2024–2024
AyeshaChd,https://github.com/AyeshaChd,161125297,2024-02,17,218,9,2024–2024
moosaraza-3254,https://github.com/moosaraza-3254,160665758,2024-02,13,209,9,2024–2024
1tsZaid,https://github.com/1tsZaid,159717315,2024-02,8,208,9,2024–2024
Amna-Javed2,https://github.com/Amna-Javed2,160821158,2024-02,24,202,9,2024–2024
muhammadhassan1214,https://github.com/muhammadhassan1214,158617366,2024-02,24,200,9,2024–2024
mhaddi12,https://github.com/mhaddi12,159878070,2024-02,43,198,9,2024–2024
TayyabFT,https://github.com/TayyabFT,158431466,2024-02,23,198,9,2024–2024
iamabd55,https://github.com/iamabd55,160416267,2024-02,21,187,9,2024–2024
btwwahab,https://github.com/btwwahab,161306349,2024-02,12,184,9,2024–2024
Atiqumer,https://github.com/Atiqumer,160879617,2024-02,15,183,9,2024–2024
abbas-sadiq,https://github.com/abbas-sadiq,159952309,2024-02,11,170,9,2024–2024
muzammil7866,https://github.com/muzammil7866,160920532,2024-02,17,166,9,2024–2024
hamzach9410,https://github.com/hamzach9410,160158063,2024-02,24,161,9,2024–2024
Haseeb-Farooq1,https://github.com/Haseeb-Farooq1,158761288,2024-02,13,157,9,2024–2024
Munaeem7,https://github.com/Munaeem7,160645028,2024-02,9,150,9,2024–2024
Sameer051022,https://github.com/Sameer051022,159415034,2024-02,20,148,9,2024–2024
IqraSami123,https://github.com/IqraSami123,161605147,2024-02,6,143,9,2024–2024
MuhammadNabeelIjaz,https://github.com/MuhammadNabeelIjaz,159825339,2024-02,11,142,9,2024–2024
HassanCodeSmith,https://github.com/HassanCodeSmith,160456960,2024-02,83,137,9,2024–2024
Not-Secret-Dev,https://github.com/Not-Secret-Dev,161371453,2024-02,29,137,9,2024–2024
malikahmadmukhtar,https://github.com/malikahmadmukhtar,158511475,2024-02,19,134,9,2024–2024
M-Umar-Shahid,https://github.com/M-Umar-Shahid,159911362,2024-02,13,133,9,2024–2024
shahjhan99,https://github.com/shahjhan99,160136280,2024-02,16,132,9,2024–2024
M-Adrees-gujjar,https://github.com/M-Adrees-gujjar,159925060,2024-02,28,125,9,2024–2024
HaiderManzoor,https://github.com/HaiderManzoor,160750896,2024-02,18,122,9,2024–2024
Hassnain-Altaf,https://github.com/Hassnain-Altaf,160369877,2024-02,31,120,9,2024–2024
MSY-Salman,https://github.com/MSY-Salman,161055385,2024-02,10,120,9,2024–2024
sheikhrehanseo,https://github.com/sheikhrehanseo,160058435,2024-02,8,120,9,2024–2024
hasanm4-6,https://github.com/hasanm4-6,160392227,2024-02,16,119,9,2024–2024
xraffay-dev,https://github.com/xraffay-dev,161760708,2024-02,15,119,9,2024–2024
HaseebUlHassan207,https://github.com/HaseebUlHassan207,160251220,2024-02,10,114,9,2024–2024
alimuhtashamj,https://github.com/alimuhtashamj,159819475,2024-02,16,113,9,2024–2024
Jahanzaib-1602,https://github.com/Jahanzaib-1602,159462387,2024-02,11,110,9,2024–2024
Smranz,https://github.com/Smranz,160693752,2024-02,9,107,9,2024–2024
Aima-Saif,https://github.com/Aima-Saif,160998473,2024-02,9,105,9,2024–2024
Hamza-Zahoor157,https://github.com/Hamza-Zahoor157,159646669,2024-02,28,103,9,2024–2024
OPxMirza,https://github.com/OPxMirza,161678690,2024-02,19,96,9,2024–2024
muhammad-sufyan1,https://github.com/muhammad-sufyan1,161763338,2024-02,18,92,9,2024–2024
FarzanHaider,https://github.com/FarzanHaider,158690438,2024-02,37,87,9,2024–2024
hananmoiz,https://github.com/hananmoiz,160004399,2024-02,6,86,9,2024–2024
Khadija-tulkubra,https://github.com/Khadija-tulkubra,160544061,2024-02,22,78,9,2024–2024
nawwalwaseer,https://github.com/nawwalwaseer,159305110,2024-02,14,77,9,2024–2024
ZaynZain,https://github.com/ZaynZain,159608310,2024-02,19,76,9,2024–2024
huzaifa-190,https://github.com/huzaifa-190,160710050,2024-02,16,75,9,2024–2024
TalhaProjects,https://github.com/TalhaProjects,158755351,2024-02,13,75,9,2024–2024
BilalKhan26,https://github.com/BilalKhan26,160748942,2024-02,13,74,9,2024–2024
HassanRaza5121,https://github.com/HassanRaza5121,158549513,2024-02,19,73,9,2024–2024
Minahilch,https://github.com/Minahilch,160406525,2024-02,10,72,9,2024–2024
iamsohailmaqsood14,https://github.com/iamsohailmaqsood14,160104056,2024-02,28,71,9,2024–2024
se-ahtisham,https://github.com/se-ahtisham,159082885,2024-02,19,70,9,2024–2024
syedfaaiz88,https://github.com/syedfaaiz88,160045500,2024-02,6,68,9,2024–2024
StormHive,https://github.com/StormHive,159723035,2024-02,8,66,9,2024–2024
MJamshaidBhatti,https://github.com/MJamshaidBhatti,159922092,2024-02,10,61,9,2024–2024
salehahmad798,https://github.com/salehahmad798,160526321,2024-02,16,59,9,2024–2024
Rohan-Waseem,https://github.com/Rohan-Waseem,159543716,2024-02,6,57,9,2024–2024
raheel-9deem,https://github.com/raheel-9deem,159145466,2024-02,11,56,9,2024–2024
Attiq2,https://github.com/Attiq2,161135367,2024-02,6,55,9,2024–2024
thehaseebi,https://github.com/thehaseebi,159136473,2024-02,19,53,9,2024–2024
waqasyounas302,https://github.com/waqasyounas302,160921475,2024-02,16,52,9,2024–2024
masfandraza,https://github.com/masfandraza,160776001,2024-02,11,51,9,2024–2024
Gulfam-Amjad,https://github.com/Gulfam-Amjad,161131377,2024-02,11,50,9,2024–2024
Suleman-Khokhar,https://github.com/Suleman-Khokhar,161107015,2024-02,23,48,9,2024–2024
inventixcity,https://github.com/inventixcity,161311310,2024-02,22,46,9,2024–2024
Abdulrehmanwarraich007,https://github.com/Abdulrehmanwarraich007,160733195,2024-02,18,46,9,2024–2024
AlinaHassan114,https://github.com/AlinaHassan114,161017071,2024-02,11,46,9,2024–2024
Abbas192006,https://github.com/Abbas192006,159467043,2024-02,6,46,9,2024–2024
irfansajid-code,https://github.com/irfansajid-code,159871554,2024-02,10,45,9,2024–2024
Minahil757575,https://github.com/Minahil757575,159717616,2024-02,7,45,9,2024–2024
zaheerahmedgit,https://github.com/zaheerahmedgit,160654885,2024-02,17,44,9,2024–2024
ali-bakht-jafry,https://github.com/ali-bakht-jafry,160253321,2024-02,9,43,9,2024–2024
Ayaz-Ahmad-siddiqui,https://github.com/Ayaz-Ahmad-siddiqui,160926440,2024-02,15,42,9,2024–2024
awon-abbas,https://github.com/awon-abbas,159758752,2024-02,9,40,9,2024–2024
MHassanGull,https://github.com/MHassanGull,158817713,2024-02,6,39,9,2024–2024
Abdullahsaif77,https://github.com/Abdullahsaif77,158745281,2024-02,13,37,9,2024–2024
MARRIYAM07,https://github.com/MARRIYAM07,161143357,2024-02,7,37,9,2024–2024
MuhammadUmar2132,https://github.com/MuhammadUmar2132,160889329,2024-02,22,35,9,2024–2024
vaheebah,https://github.com/vaheebah,161125470,2024-02,9,33,9,2024–2024
humayongujjar,https://github.com/humayongujjar,159561987,2024-02,7,31,9,2024–2024
HMuhammadTalha,https://github.com/HMuhammadTalha,158838204,2024-02,7,31,9,2024–2024
maisamsyed2,https://github.com/maisamsyed2,159809025,2024-02,10,30,9,2024–2024
MAHIAHMAD253,https://github.com/MAHIAHMAD253,160654187,2024-02,33,29,9,2024–2024
mubashar-pyflow,https://github.com/mubashar-pyflow,159146306,2024-02,10,29,9,2024–2024
Misbahmuzamal,https://github.com/Misbahmuzamal,159175301,2024-02,7,29,9,2024–2024
m-asif2426,https://github.com/m-asif2426,161621015,2024-02,9,27,9,2024–2024
mr-daniyalkhan,https://github.com/mr-daniyalkhan,158559575,2024-02,10,26,9,2024–2024
Azzam341,https://github.com/Azzam341,160049130,2024-02,9,26,9,2024–2024
naveedrajpoot7086,https://github.com/naveedrajpoot7086,160619597,2024-02,15,25,9,2024–2024
Adnan555555,https://github.com/Adnan555555,160737439,2024-02,8,25,9,2024–2024
ZainabAslam1212,https://github.com/ZainabAslam1212,161015743,2024-02,6,25,9,2024–2024
yahya0081,https://github.com/yahya0081,159167014,2024-02,9,24,9,2024–2024
HassantahirDev,https://github.com/HassantahirDev,161735445,2024-02,7,24,9,2024–2024
umair-shafiq003,https://github.com/umair-shafiq003,161586153,2024-02,6,23,9,2024–2024
ajlaljathol,https://github.com/ajlaljathol,161135755,2024-02,9,22,9,2024–2024
SadaqatBilal,https://github.com/SadaqatBilal,159667686,2024-02,8,22,9,2024–2024
OBIL2,https://github.com/OBIL2,160912471,2024-02,7,22,9,2024–2024
TehminaSaleem13,https://github.com/TehminaSaleem13,163129784,2024-03,38,8070,9,2024–2024
Kabir-50,https://github.com/Kabir-50,165341067,2024-03,10,7176,9,2024–2024
beingharisali,https://github.com/beingharisali,162190855,2024-03,85,2827,9,2024–2024
muhammadadilnaeem,https://github.com/muhammadadilnaeem,162784706,2024-03,49,1862,9,2024–2024
a1k2f3,https://github.com/a1k2f3,164070836,2024-03,36,738,9,2024–2024
hamzaraftar,https://github.com/hamzaraftar,161805792,2024-03,18,729,9,2024–2024
Syed-Abdullah123,https://github.com/Syed-Abdullah123,161802150,2024-03,23,709,9,2024–2024
zakriyamalik,https://github.com/zakriyamalik,163418476,2024-03,50,691,9,2024–2024
im-Toqeer-506,https://github.com/im-Toqeer-506,162108644,2024-03,27,688,9,2024–2024
Muhammad-Hamza-Khan-03,https://github.com/Muhammad-Hamza-Khan-03,163638005,2024-03,22,615,9,2024–2024
amarhumayunx,https://github.com/amarhumayunx,162724370,2024-03,28,582,9,2024–2024
beyg1,https://github.com/beyg1,162571840,2024-03,11,538,9,2024–2024
AbdulRehman1026,https://github.com/AbdulRehman1026,162404461,2024-03,6,533,9,2024–2024
Mobeen-Dev,https://github.com/Mobeen-Dev,165556583,2024-03,29,484,9,2024–2024
hammasmunir,https://github.com/hammasmunir,165521031,2024-03,8,436,9,2024–2024
happiestt-talha,https://github.com/happiestt-talha,163756085,2024-03,36,420,9,2024–2024
Sherazwaseem1,https://github.com/Sherazwaseem1,162155062,2024-03,15,415,9,2024–2024
mhassan35,https://github.com/mhassan35,164785066,2024-03,63,409,9,2024–2024
moizxox,https://github.com/moizxox,164487066,2024-03,24,394,9,2024–2024
MAbdullah005,https://github.com/MAbdullah005,162645001,2024-03,57,389,9,2024–2024
m-iftikhar,https://github.com/m-iftikhar,164349175,2024-03,38,368,9,2024–2024
Slothdemon22,https://github.com/Slothdemon22,162999948,2024-03,41,361,9,2024–2024
zainf2327,https://github.com/zainf2327,164072957,2024-03,12,356,9,2024–2024
MyProVerse,https://github.com/MyProVerse,164657204,2024-03,25,348,9,2024–2024
devByWaleed,https://github.com/devByWaleed,163301387,2024-03,22,318,9,2024–2024
Muhammad-Umair-0,https://github.com/Muhammad-Umair-0,163060808,2024-03,51,313,9,2024–2024
Alihusnain1489,https://github.com/Alihusnain1489,165344921,2024-03,20,303,9,2024–2024
Muhammad-Ahmad17,https://github.com/Muhammad-Ahmad17,163166702,2024-03,14,302,9,2024–2024
abshah2005,https://github.com/abshah2005,165013088,2024-03,11,280,9,2024–2024
AttaUrRehman1278,https://github.com/AttaUrRehman1278,164546151,2024-03,7,258,9,2024–2024
lemon079,https://github.com/lemon079,162277807,2024-03,20,245,9,2024–2024
ShahzebFaisal5649,https://github.com/ShahzebFaisal5649,162788730,2024-03,25,244,9,2024–2024
alishbannoor2,https://github.com/alishbannoor2,164486890,2024-03,25,241,9,2024–2024
ZainAshraf005,https://github.com/ZainAshraf005,164740618,2024-03,38,235,9,2024–2024
4PPL8,https://github.com/4PPL8,161913387,2024-03,21,232,9,2024–2024
Awais-khalid11,https://github.com/Awais-khalid11,162429123,2024-03,11,223,9,2024–2024
Shayan03447,https://github.com/Shayan03447,164052161,2024-03,42,219,9,2024–2024
mrehankarim,https://github.com/mrehankarim,162461517,2024-03,23,208,9,2024–2024
DevOpsNazim,https://github.com/DevOpsNazim,163650814,2024-03,15,206,9,2024–2024
RajaUmerSaleem,https://github.com/RajaUmerSaleem,164018087,2024-03,36,196,9,2024–2024
Hammad4457,https://github.com/Hammad4457,163127721,2024-03,17,187,9,2024–2024
talhahassan0005,https://github.com/talhahassan0005,163239430,2024-03,15,183,9,2024–2024
ali2943,https://github.com/ali2943,162022915,2024-03,8,183,9,2024–2024
umairva7,https://github.com/umairva7,165201782,2024-03,18,178,9,2024–2024
laiba09Saleem,https://github.com/laiba09Saleem,161811795,2024-03,13,178,9,2024–2024
Farman0234,https://github.com/Farman0234,163710211,2024-03,48,177,9,2024–2024
Afnan-11,https://github.com/Afnan-11,161938432,2024-03,15,175,9,2024–2024
Saad-Hassan25,https://github.com/Saad-Hassan25,162106714,2024-03,22,167,9,2024–2024
Maldii14,https://github.com/Maldii14,164465294,2024-03,82,159,9,2024–2024
kausar-fatima,https://github.com/kausar-fatima,165108114,2024-03,33,156,9,2024–2024
usmansr,https://github.com/usmansr,165565408,2024-03,16,154,9,2024–2024
Arslanabid09,https://github.com/Arslanabid09,163387090,2024-03,60,148,9,2024–2024
UsamaSafder,https://github.com/UsamaSafder,165325453,2024-03,12,138,9,2024–2024
mabdulahadch,https://github.com/mabdulahadch,162739792,2024-03,28,134,9,2024–2024
mmubashirdev,https://github.com/mmubashirdev,164543210,2024-03,28,131,9,2024–2024
attiqzahoor,https://github.com/attiqzahoor,162964441,2024-03,39,125,9,2024–2024
raheemashfaq,https://github.com/raheemashfaq,163124677,2024-03,34,125,9,2024–2024
sherazcs23,https://github.com/sherazcs23,162985175,2024-03,10,121,9,2024–2024
iamfarzam,https://github.com/iamfarzam,162793033,2024-03,10,116,9,2024–2024
HuzaifaLatif13,https://github.com/HuzaifaLatif13,162182823,2024-03,12,114,9,2024–2024
ahsanbasharat4385,https://github.com/ahsanbasharat4385,163886352,2024-03,29,112,9,2024–2024
Eishal-Fatima-Qadri,https://github.com/Eishal-Fatima-Qadri,165313014,2024-03,11,112,9,2024–2024
MeharAbdulla,https://github.com/MeharAbdulla,165459874,2024-03,20,108,9,2024–2024
Masood-J,https://github.com/Masood-J,163732055,2024-03,10,108,9,2024–2024
MuqsitShafat,https://github.com/MuqsitShafat,162117937,2024-03,15,105,9,2024–2024
MuhammadSubhanZia,https://github.com/MuhammadSubhanZia,162008765,2024-03,10,103,9,2024–2024
nativedev001,https://github.com/nativedev001,165584433,2024-03,50,101,9,2024–2024
rayyan237,https://github.com/rayyan237,161947556,2024-03,7,94,9,2024–2024
Abdulxmannan,https://github.com/Abdulxmannan,161948180,2024-03,21,93,9,2024–2024
taimour-hssn1,https://github.com/taimour-hssn1,164148831,2024-03,10,91,9,2024–2024
aqibaa,https://github.com/aqibaa,162022683,2024-03,23,89,9,2024–2024
saadmakhdoom12,https://github.com/saadmakhdoom12,163754476,2024-03,11,85,9,2024–2024
anasdev-10,https://github.com/anasdev-10,163725130,2024-03,14,84,9,2024–2024
AbdullahZulfiqar2005,https://github.com/AbdullahZulfiqar2005,164308085,2024-03,20,78,9,2024–2024
Wali-Murtaza-121,https://github.com/Wali-Murtaza-121,163717431,2024-03,19,69,9,2024–2024
not-saad-zahid,https://github.com/not-saad-zahid,164911888,2024-03,18,64,9,2024–2024
TayyabaHassan,https://github.com/TayyabaHassan,163346829,2024-03,24,63,9,2024–2024
JaveriaaRao,https://github.com/JaveriaaRao,163687580,2024-03,8,63,9,2024–2024
Usamaksk,https://github.com/Usamaksk,163733830,2024-03,24,62,9,2024–2024
usamashoaib87,https://github.com/usamashoaib87,164012732,2024-03,11,60,9,2024–2024
umarfarooq3152,https://github.com/umarfarooq3152,163873008,2024-03,8,59,9,2024–2024
HalimaF,https://github.com/HalimaF,165152382,2024-03,11,54,9,2024–2024
ABDULLAH-AI484,https://github.com/ABDULLAH-AI484,163725272,2024-03,11,53,9,2024–2024
daniyaljafri,https://github.com/daniyaljafri,162121875,2024-03,14,52,9,2024–2024
Muhammad-Hassan-522,https://github.com/Muhammad-Hassan-522,165464858,2024-03,12,52,9,2024–2024
fatimaKhan003,https://github.com/fatimaKhan003,163330776,2024-03,9,52,9,2024–2024
RafaqatAli-Oracle-ERP,https://github.com/RafaqatAli-Oracle-ERP,163724955,2024-03,15,49,9,2024–2024
umerubab313,https://github.com/umerubab313,162890120,2024-03,8,49,9,2024–2024
HamzaAhmad536,https://github.com/HamzaAhmad536,164469200,2024-03,12,48,9,2024–2024
milyaskhan2127,https://github.com/milyaskhan2127,161940851,2024-03,12,48,9,2024–2024
ali-murtaza1,https://github.com/ali-murtaza1,162638662,2024-03,6,48,9,2024–2024
hamzaabbasi210,https://github.com/hamzaabbasi210,162911885,2024-03,12,47,9,2024–2024
anastanvir,https://github.com/anastanvir,165418772,2024-03,24,46,9,2024–2024
ashakram05,https://github.com/ashakram05,163726623,2024-03,7,46,9,2024–2024
SUBHANJANJUA,https://github.com/SUBHANJANJUA,163815000,2024-03,17,45,9,2024–2024
Ali-Hassan24,https://github.com/Ali-Hassan24,164615638,2024-03,15,45,9,2024–2024
HussainGull,https://github.com/HussainGull,162280811,2024-03,8,45,9,2024–2024
Zafar-Ali-0472,https://github.com/Zafar-Ali-0472,164198300,2024-03,20,44,9,2024–2024
abdullah-farhan-1,https://github.com/abdullah-farhan-1,162580806,2024-03,16,43,9,2024–2024
Alinaveedbutt,https://github.com/Alinaveedbutt,165483385,2024-03,10,41,9,2024–2024
NoumanSyed70,https://github.com/NoumanSyed70,165423048,2024-03,7,41,9,2024–2024
Naseeb327,https://github.com/Naseeb327,162811986,2024-03,9,40,9,2024–2024
Arslanahmad2263,https://github.com/Arslanahmad2263,163703589,2024-03,15,39,9,2024–2024
mianafzaal297,https://github.com/mianafzaal297,164647958,2024-03,7,38,9,2024–2024
isyedmuhammadali,https://github.com/isyedmuhammadali,163008749,2024-03,19,36,9,2024–2024
syed-faizan-rasool,https://github.com/syed-faizan-rasool,163971167,2024-03,10,36,9,2024–2024
AdeelAhmad2003,https://github.com/AdeelAhmad2003,164757986,2024-03,7,34,9,2024–2024
MalikSohaibIqbal,https://github.com/MalikSohaibIqbal,163728585,2024-03,6,34,9,2024–2024
yasirrHanif,https://github.com/yasirrHanif,164410883,2024-03,6,34,9,2024–2024
najaf-ali-jam,https://github.com/najaf-ali-jam,163522635,2024-03,21,32,9,2024–2024
RanaMuzammil272,https://github.com/RanaMuzammil272,162144041,2024-03,9,32,9,2024–2024
ArhamWasif,https://github.com/ArhamWasif,163019304,2024-03,20,31,9,2024–2024
akbarhussain07,https://github.com/akbarhussain07,163533168,2024-03,12,31,9,2024–2024
SarmadHassan27,https://github.com/SarmadHassan27,162944566,2024-03,12,29,9,2024–2024
hashimsmarttech,https://github.com/hashimsmarttech,165211382,2024-03,15,28,9,2024–2024
SyedaRija,https://github.com/SyedaRija,162483122,2024-03,11,28,9,2024–2024
Fizza-77,https://github.com/Fizza-77,164839894,2024-03,9,28,9,2024–2024
Egenius1243,https://github.com/Egenius1243,163855480,2024-03,23,27,9,2024–2024
Asadali6845,https://github.com/Asadali6845,162018902,2024-03,11,27,9,2024–2024
ualvi27,https://github.com/ualvi27,162821251,2024-03,10,27,9,2024–2024
HassanThakra,https://github.com/HassanThakra,164744093,2024-03,7,27,9,2024–2024
missmunazza,https://github.com/missmunazza,162793683,2024-03,7,27,9,2024–2024
arfa-maryam-khan,https://github.com/arfa-maryam-khan,163519091,2024-03,6,26,9,2024–2024
shanrajpoot,https://github.com/shanrajpoot,163812868,2024-03,10,25,9,2024–2024
mahnoor567,https://github.com/mahnoor567,162464839,2024-03,8,25,9,2024–2024
m-adeel-faryad,https://github.com/m-adeel-faryad,163100126,2024-03,21,24,9,2024–2024
Amnakhalid127,https://github.com/Amnakhalid127,162368181,2024-03,16,24,9,2024–2024
CodeChatWithDawood,https://github.com/CodeChatWithDawood,162988567,2024-03,14,24,9,2024–2024
dksh711,https://github.com/dksh711,162448832,2024-03,9,24,9,2024–2024
abdurrehmanbinmasud,https://github.com/abdurrehmanbinmasud,162818992,2024-03,11,23,9,2024–2024
UsamaMAlik01,https://github.com/UsamaMAlik01,163622840,2024-03,7,22,9,2024–2024
HumayounAkhtar,https://github.com/HumayounAkhtar,164623498,2024-03,27,21,9,2024–2024
RafayYousafzai,https://github.com/RafayYousafzai,168355922,2024-04,31,1801,9,2024–2024
alihassanml,https://github.com/alihassanml,165924119,2024-04,145,1027,9,2024–2024
mahnoormeher,https://github.com/mahnoormeher,168336224,2024-04,11,591,9,2024–2024
Hira-Haider-46,https://github.com/Hira-Haider-46,166338659,2024-04,37,414,9,2024–2024
Usmandevblends,https://github.com/Usmandevblends,167763547,2024-04,18,395,9,2024–2024
usmankhan16677,https://github.com/usmankhan16677,168012021,2024-04,11,379,9,2024–2024
alijafarkamal,https://github.com/alijafarkamal,167525240,2024-04,44,358,9,2024–2024
muhamadmalik,https://github.com/muhamadmalik,166666712,2024-04,26,323,9,2024–2024
mudassir7732,https://github.com/mudassir7732,166212595,2024-04,7,306,9,2024–2024
Usman22209,https://github.com/Usman22209,166890135,2024-04,21,262,9,2024–2024
abuzar-ali1,https://github.com/abuzar-ali1,168404860,2024-04,28,245,9,2024–2024
salik702,https://github.com/salik702,167015317,2024-04,14,245,9,2024–2024
ReebaDevCraft,https://github.com/ReebaDevCraft,167805857,2024-04,16,229,9,2024–2024
Danyal494,https://github.com/Danyal494,167676132,2024-04,50,226,9,2024–2024
HassanRaza2020,https://github.com/HassanRaza2020,167288072,2024-04,11,224,9,2024–2024
Abrar140,https://github.com/Abrar140,166329654,2024-04,8,203,9,2024–2024
ayyadahmad,https://github.com/ayyadahmad,166391146,2024-04,20,200,9,2024–2024
OyeeeTalha,https://github.com/OyeeeTalha,167155025,2024-04,6,199,9,2024–2024
code-its-Ahmad,https://github.com/code-its-Ahmad,166840462,2024-04,25,192,9,2024–2024
ShanMuhammad23,https://github.com/ShanMuhammad23,166112493,2024-04,18,180,9,2024–2024
TahirBaltee,https://github.com/TahirBaltee,166918889,2024-04,11,176,9,2024–2024
Asmatbangash,https://github.com/Asmatbangash,167705685,2024-04,34,169,9,2024–2024
FarmanCs,https://github.com/FarmanCs,167885990,2024-04,32,168,9,2024–2024
saad-waseem7,https://github.com/saad-waseem7,165696604,2024-04,10,166,9,2024–2024
Faizan-Ashraf,https://github.com/Faizan-Ashraf,168391455,2024-04,19,165,9,2024–2024
Ibrahim-muftii,https://github.com/Ibrahim-muftii,167407442,2024-04,19,164,9,2024–2024
Mu-Wahaj,https://github.com/Mu-Wahaj,168306109,2024-04,37,154,9,2024–2024
kashifsoh678,https://github.com/kashifsoh678,166333029,2024-04,9,147,9,2024–2024
AmmadCode,https://github.com/AmmadCode,168121581,2024-04,26,145,9,2024–2024
mubeenahmedqazi,https://github.com/mubeenahmedqazi,167180502,2024-04,24,143,9,2024–2024
pirzadafatima,https://github.com/pirzadafatima,166999266,2024-04,17,143,9,2024–2024
ranashahzaibf22,https://github.com/ranashahzaibf22,165768911,2024-04,6,143,9,2024–2024
SyedArmghanAhmad,https://github.com/SyedArmghanAhmad,168146316,2024-04,35,141,9,2024–2024
saleha-rizvia,https://github.com/saleha-rizvia,167563877,2024-04,12,129,9,2024–2024
ManiMindScripts,https://github.com/ManiMindScripts,168444770,2024-04,29,111,9,2024–2024
SulemanKhan01,https://github.com/SulemanKhan01,168589213,2024-04,14,108,9,2024–2024
talha-shah2031,https://github.com/talha-shah2031,167776068,2024-04,11,105,9,2024–2024
MuhammadHassanSaboor,https://github.com/MuhammadHassanSaboor,168593803,2024-04,21,104,9,2024–2024
NoorFatimaAnwar,https://github.com/NoorFatimaAnwar,166732107,2024-04,12,102,9,2024–2024
info-asadghaffar,https://github.com/info-asadghaffar,165853770,2024-04,38,100,9,2024–2024
ANEEQIMRAN-AI,https://github.com/ANEEQIMRAN-AI,167567664,2024-04,19,97,9,2024–2024
AbdulRehman2005101,https://github.com/AbdulRehman2005101,166083419,2024-04,38,95,9,2024–2024
zain4cs,https://github.com/zain4cs,168427445,2024-04,11,95,9,2024–2024
IBRAHIMIQBAAl,https://github.com/IBRAHIMIQBAAl,167633591,2024-04,31,89,9,2024–2024
Dev-hamzaa,https://github.com/Dev-hamzaa,165761330,2024-04,12,87,9,2024–2024
mahnoorauf,https://github.com/mahnoorauf,166315612,2024-04,7,82,9,2024–2024
Maira-Izhar,https://github.com/Maira-Izhar,168265832,2024-04,23,77,9,2024–2024
Mehdi060,https://github.com/Mehdi060,168205246,2024-04,9,69,9,2024–2024
Ahmed-Fraz-Awan,https://github.com/Ahmed-Fraz-Awan,165892488,2024-04,18,68,9,2024–2024
Muneeb-Mughal-Dev,https://github.com/Muneeb-Mughal-Dev,167460517,2024-04,7,66,9,2024–2024
hamzamubashir786,https://github.com/hamzamubashir786,167816304,2024-04,19,55,9,2024–2024
HumzaBasharat,https://github.com/HumzaBasharat,166948455,2024-04,14,55,9,2024–2024
ariba-arshad,https://github.com/ariba-arshad,166751188,2024-04,13,55,9,2024–2024
ImShehzad,https://github.com/ImShehzad,165985752,2024-04,16,49,9,2024–2024
MuhammadAhmadSamdani,https://github.com/MuhammadAhmadSamdani,167784209,2024-04,15,48,9,2024–2024
ShahzaibHanief,https://github.com/ShahzaibHanief,167170864,2024-04,12,47,9,2024–2024
ahmadmasood17,https://github.com/ahmadmasood17,168068193,2024-04,16,46,9,2024–2024
UmarImranBytes,https://github.com/UmarImranBytes,166153334,2024-04,16,44,9,2024–2024
1-WaleedAhmad,https://github.com/1-WaleedAhmad,168111780,2024-04,9,43,9,2024–2024
MahnoorInfo,https://github.com/MahnoorInfo,168362825,2024-04,8,42,9,2024–2024
Danyal-Nadeem,https://github.com/Danyal-Nadeem,166290606,2024-04,10,41,9,2024–2024
TaimoorAnwaar,https://github.com/TaimoorAnwaar,167068837,2024-04,19,40,9,2024–2024
RohanAhmad3434,https://github.com/RohanAhmad3434,166288554,2024-04,8,37,9,2024–2024
WaleedAkram01,https://github.com/WaleedAkram01,167955779,2024-04,16,36,9,2024–2024
iamhussaintalha,https://github.com/iamhussaintalha,167832925,2024-04,6,36,9,2024–2024
23rehan,https://github.com/23rehan,167982264,2024-04,20,35,9,2024–2024
habib0821,https://github.com/habib0821,167770638,2024-04,19,35,9,2024–2024
erajamir,https://github.com/erajamir,167202909,2024-04,7,35,9,2024–2024
abdullahmirzaxd,https://github.com/abdullahmirzaxd,166423645,2024-04,16,34,9,2024–2024
Syeda-Shixa,https://github.com/Syeda-Shixa,168409699,2024-04,9,34,9,2024–2024
laiba-09,https://github.com/laiba-09,168167278,2024-04,6,34,9,2024–2024
AhmedKhalid013,https://github.com/AhmedKhalid013,168532123,2024-04,12,32,9,2024–2024
devdawood01,https://github.com/devdawood01,167764257,2024-04,6,26,9,2024–2024
AbdurRahman020,https://github.com/AbdurRahman020,166206088,2024-04,6,24,9,2024–2024
devsaad780,https://github.com/devsaad780,168565579,2024-04,11,23,9,2024–2024
TalhaJamil0004,https://github.com/TalhaJamil0004,167218878,2024-04,8,22,9,2024–2024
HassanMehmood413,https://github.com/HassanMehmood413,170643017,2024-05,87,4340,9,2024–2024
shiza-gull,https://github.com/shiza-gull,170800559,2024-05,6,4243,9,2024–2024
SaifRasool92,https://github.com/SaifRasool92,170190067,2024-05,35,2903,9,2024–2024
EjazAhmadvirk,https://github.com/EjazAhmadvirk,170202716,2024-05,26,2483,9,2024–2024
Taimoo-r,https://github.com/Taimoo-r,170397682,2024-05,21,1735,9,2024–2024
TalhaProgrammer92,https://github.com/TalhaProgrammer92,168698445,2024-05,22,1051,9,2024–2024
MAhmad25,https://github.com/MAhmad25,171363420,2024-05,38,891,9,2024–2024
HammadAli08,https://github.com/HammadAli08,168889251,2024-05,30,534,9,2024–2024
codewithfourtix,https://github.com/codewithfourtix,169186637,2024-05,47,510,9,2024–2024
Innocent-Developer,https://github.com/Innocent-Developer,168945675,2024-05,42,492,9,2024–2024
khizarali07,https://github.com/khizarali07,171210500,2024-05,45,451,9,2024–2024
BasitSol,https://github.com/BasitSol,169131098,2024-05,19,388,9,2024–2024
DevWaqarAhmad,https://github.com/DevWaqarAhmad,169539165,2024-05,24,369,9,2024–2024
devkashaniqbal,https://github.com/devkashaniqbal,169760418,2024-05,36,368,9,2024–2024
SadiaKhalil125,https://github.com/SadiaKhalil125,169144610,2024-05,35,334,9,2024–2024
Ahmad-Ali-Rafique,https://github.com/Ahmad-Ali-Rafique,168845174,2024-05,35,332,9,2024–2024
sajjalf23,https://github.com/sajjalf23,168956586,2024-05,29,327,9,2024–2024
zaibx383,https://github.com/zaibx383,171185196,2024-05,7,317,9,2024–2024
Ali-salman04,https://github.com/Ali-salman04,169364844,2024-05,19,300,9,2024–2024
RidaBatool004,https://github.com/RidaBatool004,170814142,2024-05,15,258,9,2024–2024
Fatimabutt786,https://github.com/Fatimabutt786,168910378,2024-05,34,248,9,2024–2024
Tayyab-Khurram,https://github.com/Tayyab-Khurram,170799271,2024-05,18,190,9,2024–2024
CapMushi,https://github.com/CapMushi,169101396,2024-05,19,188,9,2024–2024
Zahidaslam786,https://github.com/Zahidaslam786,168932437,2024-05,31,184,9,2024–2024
zainkashif1122,https://github.com/zainkashif1122,170141701,2024-05,23,182,9,2024–2024
Afzaal-Ijaz,https://github.com/Afzaal-Ijaz,170915605,2024-05,32,177,9,2024–2024
devsyedhaider,https://github.com/devsyedhaider,170001768,2024-05,35,174,9,2024–2024
fatimahere7,https://github.com/fatimahere7,169813129,2024-05,20,174,9,2024–2024
Amnafiaz200,https://github.com/Amnafiaz200,171213042,2024-05,16,174,9,2024–2024
EhtishamNazir1234,https://github.com/EhtishamNazir1234,168620014,2024-05,14,172,9,2024–2024
adeentaquie,https://github.com/adeentaquie,169589668,2024-05,19,170,9,2024–2024
usmanmobeen111,https://github.com/usmanmobeen111,170809650,2024-05,83,168,9,2024–2024
bilalafzal6349,https://github.com/bilalafzal6349,168739092,2024-05,41,160,9,2024–2024
mohsiinnn,https://github.com/mohsiinnn,171312186,2024-05,12,152,9,2024–2024
IqraMalik99,https://github.com/IqraMalik99,170126171,2024-05,10,150,9,2024–2024
alsfimayo,https://github.com/alsfimayo,170001504,2024-05,28,148,9,2024–2024
SherazArshad001,https://github.com/SherazArshad001,168931836,2024-05,15,147,9,2024–2024
kabeer-dev,https://github.com/kabeer-dev,169985368,2024-05,12,146,9,2024–2024
rafiashan18,https://github.com/rafiashan18,169656902,2024-05,31,129,9,2024–2024
Junaidfaiz1,https://github.com/Junaidfaiz1,170784385,2024-05,12,126,9,2024–2024
SyedAounHaiderSherazi,https://github.com/SyedAounHaiderSherazi,168753404,2024-05,33,121,9,2024–2024
tassawwur,https://github.com/tassawwur,169008773,2024-05,17,121,9,2024–2024
FatimaIjazOfficial,https://github.com/FatimaIjazOfficial,170043850,2024-05,43,119,9,2024–2024
AbuakarCodes,https://github.com/AbuakarCodes,168928438,2024-05,13,110,9,2024–2024
hamna-ali,https://github.com/hamna-ali,169433536,2024-05,15,109,9,2024–2024
SheerGhazi,https://github.com/SheerGhazi,170002431,2024-05,12,107,9,2024–2024
waliallah019,https://github.com/waliallah019,171143790,2024-05,17,102,9,2024–2024
AbdullahPatti,https://github.com/AbdullahPatti,170951931,2024-05,19,94,9,2024–2024
m-ali04,https://github.com/m-ali04,170112510,2024-05,7,91,9,2024–2024
areebatahir11,https://github.com/areebatahir11,170547202,2024-05,12,88,9,2024–2024
zestymec,https://github.com/zestymec,171046526,2024-05,32,87,9,2024–2024
umarkhtabte,https://github.com/umarkhtabte,169673506,2024-05,13,87,9,2024–2024
DevMoazAI,https://github.com/DevMoazAI,169355381,2024-05,18,86,9,2024–2024
muhammadsamiirshad,https://github.com/muhammadsamiirshad,170781277,2024-05,23,84,9,2024–2024
Afzal-habib,https://github.com/Afzal-habib,169782165,2024-05,10,83,9,2024–2024
iawais-10,https://github.com/iawais-10,169167450,2024-05,7,83,9,2024–2024
muzamilfaisal1,https://github.com/muzamilfaisal1,169911900,2024-05,14,82,9,2024–2024
maliahmadt,https://github.com/maliahmadt,171312436,2024-05,9,80,9,2024–2024
Mohid150,https://github.com/Mohid150,168666478,2024-05,10,79,9,2024–2024
moeezch095,https://github.com/moeezch095,170814252,2024-05,13,74,9,2024–2024
MuzammilMazhar,https://github.com/MuzammilMazhar,168976445,2024-05,10,73,9,2024–2024
kashf048,https://github.com/kashf048,169187540,2024-05,25,72,9,2024–2024
Gujjarmag,https://github.com/Gujjarmag,170171283,2024-05,13,69,9,2024–2024
TalhaJaved1515,https://github.com/TalhaJaved1515,168657222,2024-05,11,69,9,2024–2024
Axfal,https://github.com/Axfal,171283252,2024-05,28,68,9,2024–2024
Abdullah12389,https://github.com/Abdullah12389,169129731,2024-05,8,66,9,2024–2024
LaibaNaheed,https://github.com/LaibaNaheed,169808188,2024-05,19,65,9,2024–2024
muhammad-ahmad-akhtar,https://github.com/muhammad-ahmad-akhtar,171131357,2024-05,7,65,9,2024–2024
Asif-jutt,https://github.com/Asif-jutt,169117618,2024-05,17,63,9,2024–2024
Salal04,https://github.com/Salal04,169447279,2024-05,16,62,9,2024–2024
samar-sadaat,https://github.com/samar-sadaat,168641927,2024-05,6,58,9,2024–2024
umekalsoom68,https://github.com/umekalsoom68,168982163,2024-05,16,56,9,2024–2024
alee155,https://github.com/alee155,171341071,2024-05,29,55,9,2024–2024
UsamaBinHaleem524,https://github.com/UsamaBinHaleem524,170551857,2024-05,16,53,9,2024–2024
awaisfatehali,https://github.com/awaisfatehali,168961195,2024-05,26,52,9,2024–2024
Qudrat486,https://github.com/Qudrat486,169154247,2024-05,22,51,9,2024–2024
muneer062,https://github.com/muneer062,169219850,2024-05,33,49,9,2024–2024
faizanahmed124,https://github.com/faizanahmed124,170436723,2024-05,32,49,9,2024–2024
Muhammad-Rehan-Shahbaz,https://github.com/Muhammad-Rehan-Shahbaz,171383227,2024-05,12,48,9,2024–2024
Najammm,https://github.com/Najammm,171057179,2024-05,11,47,9,2024–2024
ahmadali8186105,https://github.com/ahmadali8186105,170239283,2024-05,13,46,9,2024–2024
alimaqsood119,https://github.com/alimaqsood119,170091550,2024-05,12,46,9,2024–2024
alachaudhary,https://github.com/alachaudhary,170884352,2024-05,10,46,9,2024–2024
ubaidAhmad07,https://github.com/ubaidAhmad07,171365370,2024-05,9,46,9,2024–2024
zain7404,https://github.com/zain7404,170656855,2024-05,10,45,9,2024–2024
AneesHaider12,https://github.com/AneesHaider12,170867070,2024-05,17,43,9,2024–2024
irehan999,https://github.com/irehan999,170237531,2024-05,13,43,9,2024–2024
mujahid-rafiq,https://github.com/mujahid-rafiq,168741561,2024-05,6,43,9,2024–2024
shahzil-shahzad1,https://github.com/shahzil-shahzad1,170728839,2024-05,22,42,9,2024–2024
MAHMADTAHIR,https://github.com/MAHMADTAHIR,168724048,2024-05,16,42,9,2024–2024
areefurrahman,https://github.com/areefurrahman,170653262,2024-05,7,42,9,2024–2024
Alirazadevwith,https://github.com/Alirazadevwith,169273385,2024-05,13,41,9,2024–2024
Iqra077,https://github.com/Iqra077,168904018,2024-05,7,41,9,2024–2024
nawazhassa,https://github.com/nawazhassa,168887635,2024-05,9,40,9,2024–2024
abbasu1,https://github.com/abbasu1,169242488,2024-05,25,39,9,2024–2024
khadijasheikh2004,https://github.com/khadijasheikh2004,170871140,2024-05,13,39,9,2024–2024
Hira6,https://github.com/Hira6,169739754,2024-05,8,35,9,2024–2024
MrAbdullah515,https://github.com/MrAbdullah515,169943976,2024-05,8,35,9,2024–2024
stackhead,https://github.com/stackhead,170474089,2024-05,9,34,9,2024–2024
rohamubeen555,https://github.com/rohamubeen555,170805292,2024-05,6,34,9,2024–2024
mfaaizi,https://github.com/mfaaizi,171189134,2024-05,17,33,9,2024–2024
MD2132,https://github.com/MD2132,171135778,2024-05,10,33,9,2024–2024
usama-Mubashar,https://github.com/usama-Mubashar,170458237,2024-05,11,32,9,2024–2024
Naeemali081,https://github.com/Naeemali081,169831411,2024-05,6,31,9,2024–2024
MrTalhaSami,https://github.com/MrTalhaSami,169103889,2024-05,8,30,9,2024–2024
da-wood69,https://github.com/da-wood69,170787225,2024-05,14,29,9,2024–2024
mwaqasahmad0082,https://github.com/mwaqasahmad0082,171066169,2024-05,20,28,9,2024–2024
bilalkhanofficial00,https://github.com/bilalkhanofficial00,169928102,2024-05,6,28,9,2024–2024
Kamranxheikh,https://github.com/Kamranxheikh,169203639,2024-05,16,27,9,2024–2024
syedadilshahgithub,https://github.com/syedadilshahgithub,170131299,2024-05,10,27,9,2024–2024
Haroon-Ashraf-Chaudhry,https://github.com/Haroon-Ashraf-Chaudhry,169752515,2024-05,6,27,9,2024–2024
zaeemulhassan12,https://github.com/zaeemulhassan12,170763155,2024-05,15,26,9,2024–2024
Abuhurairajaved,https://github.com/Abuhurairajaved,169147258,2024-05,11,25,9,2024–2024
Farhanali4032,https://github.com/Farhanali4032,168707144,2024-05,7,25,9,2024–2024
maaddyhere,https://github.com/maaddyhere,170670109,2024-05,8,24,9,2024–2024
bk110306,https://github.com/bk110306,169822570,2024-05,8,24,9,2024–2024
ZAIN-mashhood,https://github.com/ZAIN-mashhood,169896520,2024-05,7,24,9,2024–2024
ChNomanKamboh,https://github.com/ChNomanKamboh,170504924,2024-05,20,23,9,2024–2024
Nayyarnj1,https://github.com/Nayyarnj1,169636182,2024-05,14,23,9,2024–2024
gitswirl,https://github.com/gitswirl,169624352,2024-05,10,22,9,2024–2024
johnny-007,https://github.com/johnny-007,168762065,2024-05,8,22,9,2024–2024
turabdev,https://github.com/turabdev,170176251,2024-05,7,22,9,2024–2024
Zainghouri,https://github.com/Zainghouri,168996812,2024-05,6,22,9,2024–2024
Areeba1718,https://github.com/Areeba1718,173288724,2024-06,8,69128,9,2024–2024
ManoFayyaz,https://github.com/ManoFayyaz,172268854,2024-06,16,6424,9,2024–2024
softmindsol,https://github.com/softmindsol,171685781,2024-06,49,2002,9,2024–2024
dev-amber,https://github.com/dev-amber,171811849,2024-06,27,1402,9,2024–2024
Hifza-Khalid,https://github.com/Hifza-Khalid,173448236,2024-06,65,676,9,2024–2024
AlgoNest,https://github.com/AlgoNest,172865687,2024-06,23,643,9,2024–2024
se-farooqahmad,https://github.com/se-farooqahmad,173856884,2024-06,16,570,9,2024–2024
FaiqaN27,https://github.com/FaiqaN27,172600820,2024-06,19,542,9,2024–2024
Syedzain08,https://github.com/Syedzain08,172059800,2024-06,13,542,9,2024–2024
jahanzaib2610,https://github.com/jahanzaib2610,172121958,2024-06,13,503,9,2024–2024
abdullahiftikharcode,https://github.com/abdullahiftikharcode,174109573,2024-06,19,376,9,2024–2024
momna-ahmad,https://github.com/momna-ahmad,173814233,2024-06,13,358,9,2024–2024
codewithShahi,https://github.com/codewithShahi,174178065,2024-06,11,308,9,2024–2024
sanwalsulehri,https://github.com/sanwalsulehri,173961159,2024-06,8,289,9,2024–2024
codingwithhamid,https://github.com/codingwithhamid,171565538,2024-06,81,288,9,2024–2024
rifatzaman5,https://github.com/rifatzaman5,171543908,2024-06,21,279,9,2024–2024
mE-uMAr,https://github.com/mE-uMAr,173488125,2024-06,23,251,9,2024–2024
Abdullah-Maqbool1,https://github.com/Abdullah-Maqbool1,173061054,2024-06,9,248,9,2024–2024
Mehwash-shahzadi,https://github.com/Mehwash-shahzadi,172952342,2024-06,18,232,9,2024–2024
Jawa090,https://github.com/Jawa090,173764082,2024-06,61,225,9,2024–2024
Kashif-Khokhar,https://github.com/Kashif-Khokhar,171410022,2024-06,43,223,9,2024–2024
Mujtaba-Syed,https://github.com/Mujtaba-Syed,173340366,2024-06,10,221,9,2024–2024
iMuhammadWali,https://github.com/iMuhammadWali,173672255,2024-06,7,217,9,2024–2024
umar601,https://github.com/umar601,174269595,2024-06,28,215,9,2024–2024
Nauman-Irshad,https://github.com/Nauman-Irshad,171707812,2024-06,83,214,9,2024–2024
Wasif1016,https://github.com/Wasif1016,171468797,2024-06,15,212,9,2024–2024
mian11umar22,https://github.com/mian11umar22,171921739,2024-06,41,180,9,2024–2024
Saad33-hash,https://github.com/Saad33-hash,174083638,2024-06,17,177,9,2024–2024
Dev-Waqas232,https://github.com/Dev-Waqas232,173756929,2024-06,24,168,9,2024–2024
Lordhussnain,https://github.com/Lordhussnain,171414660,2024-06,22,166,9,2024–2024
Nimraiqbal-n,https://github.com/Nimraiqbal-n,172951503,2024-06,35,153,9,2024–2024
tahir1122-dev,https://github.com/tahir1122-dev,173924041,2024-06,14,151,9,2024–2024
areeba75,https://github.com/areeba75,171560187,2024-06,12,150,9,2024–2024
rizwan-mansha-developer,https://github.com/rizwan-mansha-developer,172895488,2024-06,19,134,9,2024–2024
SadaanTahir,https://github.com/SadaanTahir,171417097,2024-06,10,132,9,2024–2024
WardaRashid07,https://github.com/WardaRashid07,171941427,2024-06,9,132,9,2024–2024
Hamza-Kahloon786,https://github.com/Hamza-Kahloon786,173801684,2024-06,22,130,9,2024–2024
Code-fever1,https://github.com/Code-fever1,172437618,2024-06,9,129,9,2024–2024
gulhassan-gh,https://github.com/gulhassan-gh,172502216,2024-06,6,129,9,2024–2024
RANA-DANISH-65,https://github.com/RANA-DANISH-65,173990612,2024-06,49,118,9,2024–2024
Touseeq-Haider,https://github.com/Touseeq-Haider,174011068,2024-06,15,118,9,2024–2024
Hamza-farid,https://github.com/Hamza-farid,171604976,2024-06,57,115,9,2024–2024
Honeybee163,https://github.com/Honeybee163,172043204,2024-06,26,113,9,2024–2024
syedhabibahmadg,https://github.com/syedhabibahmadg,173460560,2024-06,14,110,9,2024–2024
EngrMohsinAzam,https://github.com/EngrMohsinAzam,172890971,2024-06,7,109,9,2024–2024
Sohail-DevOps,https://github.com/Sohail-DevOps,174185110,2024-06,35,108,9,2024–2024
RubabMubashar,https://github.com/RubabMubashar,173905925,2024-06,9,108,9,2024–2024
AbdulRehmaan17,https://github.com/AbdulRehmaan17,171417300,2024-06,21,106,9,2024–2024
Ayesha-Nad-eem,https://github.com/Ayesha-Nad-eem,172799411,2024-06,17,104,9,2024–2024
qayoommunawar,https://github.com/qayoommunawar,172496858,2024-06,50,103,9,2024–2024
farhansyedAli,https://github.com/farhansyedAli,171420141,2024-06,9,102,9,2024–2024
AsjadHanif,https://github.com/AsjadHanif,172898390,2024-06,7,99,9,2024–2024
abdullahilyas48,https://github.com/abdullahilyas48,172269840,2024-06,6,98,9,2024–2024
Dua-Butt,https://github.com/Dua-Butt,174137194,2024-06,16,97,9,2024–2024
AjmalBukhari,https://github.com/AjmalBukhari,172073054,2024-06,7,96,9,2024–2024
Abdullah-MWT,https://github.com/Abdullah-MWT,172430064,2024-06,36,95,9,2024–2024
bilal02arbisoft,https://github.com/bilal02arbisoft,173877890,2024-06,12,93,9,2024–2024
Muhammad-Daniyal-Waseem,https://github.com/Muhammad-Daniyal-Waseem,171687905,2024-06,17,88,9,2024–2024
salmanmehmood-dev,https://github.com/salmanmehmood-dev,172273060,2024-06,20,87,9,2024–2024
Syed-AbdulRahman-1012,https://github.com/Syed-AbdulRahman-1012,172780204,2024-06,18,87,9,2024–2024
UmarRana2005,https://github.com/UmarRana2005,173649133,2024-06,8,85,9,2024–2024
masfaatanveer,https://github.com/masfaatanveer,173894835,2024-06,10,78,9,2024–2024
saddamhussain11,https://github.com/saddamhussain11,171551649,2024-06,10,76,9,2024–2024
selfskill-dev,https://github.com/selfskill-dev,172958215,2024-06,13,69,9,2024–2024
itxMUmerFarooqBajwa321,https://github.com/itxMUmerFarooqBajwa321,171769072,2024-06,14,68,9,2024–2024
kashifmuneer1085,https://github.com/kashifmuneer1085,174099283,2024-06,16,67,9,2024–2024
jaweriafayyaz,https://github.com/jaweriafayyaz,172796727,2024-06,7,66,9,2024–2024
AbdullahVirk06,https://github.com/AbdullahVirk06,174074099,2024-06,24,65,9,2024–2024
iammuaazhassan,https://github.com/iammuaazhassan,171420656,2024-06,19,65,9,2024–2024
Shoaib-1965,https://github.com/Shoaib-1965,171928902,2024-06,17,63,9,2024–2024
MuhammadNaveedNawaz,https://github.com/MuhammadNaveedNawaz,171442133,2024-06,17,60,9,2024–2024
Attayab-31,https://github.com/Attayab-31,174133588,2024-06,12,57,9,2024–2024
Laiba-AbdulQuddus,https://github.com/Laiba-AbdulQuddus,173544521,2024-06,22,56,9,2024–2024
aizaz-js,https://github.com/aizaz-js,172009780,2024-06,9,55,9,2024–2024
muddasirrob,https://github.com/muddasirrob,174159769,2024-06,19,53,9,2024–2024
muhammadibnemukhtar,https://github.com/muhammadibnemukhtar,173876216,2024-06,11,53,9,2024–2024
Nimra-Yaqoob,https://github.com/Nimra-Yaqoob,171912007,2024-06,9,51,9,2024–2024
numanali503,https://github.com/numanali503,174246910,2024-06,21,50,9,2024–2024
Zain-ul-Abdin-Arshad,https://github.com/Zain-ul-Abdin-Arshad,171730380,2024-06,19,46,9,2024–2024
shakeeldeveloper,https://github.com/shakeeldeveloper,173329667,2024-06,19,44,9,2024–2024
AzeemAkhtar1,https://github.com/AzeemAkhtar1,172209277,2024-06,14,44,9,2024–2024
azaan03,https://github.com/azaan03,171514782,2024-06,17,43,9,2024–2024
waqas-png,https://github.com/waqas-png,174150010,2024-06,10,43,9,2024–2024
mjawadsial,https://github.com/mjawadsial,171398840,2024-06,11,42,9,2024–2024
Ehtasham-123-AI,https://github.com/Ehtasham-123-AI,173375698,2024-06,36,41,9,2024–2024
TalhaAI,https://github.com/TalhaAI,172079629,2024-06,11,40,9,2024–2024
NaeemAkmal,https://github.com/NaeemAkmal,174071440,2024-06,11,39,9,2024–2024
abrar-28,https://github.com/abrar-28,172909396,2024-06,17,38,9,2024–2024
aliahmadmehmood,https://github.com/aliahmadmehmood,173735411,2024-06,11,38,9,2024–2024
M-Tayyab-AI,https://github.com/M-Tayyab-AI,172848807,2024-06,7,38,9,2024–2024
G-Mujtaba247,https://github.com/G-Mujtaba247,172355281,2024-06,11,37,9,2024–2024
mianmubeen01,https://github.com/mianmubeen01,171581158,2024-06,6,36,9,2024–2024
TalhaUsmanOfficial,https://github.com/TalhaUsmanOfficial,172976811,2024-06,13,34,9,2024–2024
jaisha-engineer,https://github.com/jaisha-engineer,174190005,2024-06,12,34,9,2024–2024
ShoaibAslam56,https://github.com/ShoaibAslam56,174039065,2024-06,12,33,9,2024–2024
rizw7498,https://github.com/rizw7498,173769510,2024-06,9,33,9,2024–2024
MudassirAli-0,https://github.com/MudassirAli-0,173806461,2024-06,11,31,9,2024–2024
Asadkhalil06,https://github.com/Asadkhalil06,172495733,2024-06,7,29,9,2024–2024
Myst-Shahbaz,https://github.com/Myst-Shahbaz,173238713,2024-06,6,28,9,2024–2024
UsmanMushtaq1122,https://github.com/UsmanMushtaq1122,171920821,2024-06,14,24,9,2024–2024
shizadildar,https://github.com/shizadildar,171417375,2024-06,11,24,9,2024–2024
Harris-Pervez,https://github.com/Harris-Pervez,171579650,2024-06,11,23,9,2024–2024
manasnazim,https://github.com/manasnazim,171777995,2024-06,12,22,9,2024–2024
Ifra-Mubarik246,https://github.com/Ifra-Mubarik246,172474811,2024-06,11,22,9,2024–2024
nabeelusman90,https://github.com/nabeelusman90,172110595,2024-06,11,22,9,2024–2024
Maira-Tanveer,https://github.com/Maira-Tanveer,173647891,2024-06,6,22,9,2024–2024
imHaris8278,https://github.com/imHaris8278,176490161,2024-07,18,1236,9,2024–2024
sufiinamulhassan,https://github.com/sufiinamulhassan,174931442,2024-07,17,1013,9,2024–2024
amirmubeen-dev,https://github.com/amirmubeen-dev,174854646,2024-07,22,759,9,2024–2024
SahilIjaz,https://github.com/SahilIjaz,175009199,2024-07,63,688,9,2024–2024
anwaar-mirza,https://github.com/anwaar-mirza,176392617,2024-07,35,521,9,2024–2024
ZohaibCodez,https://github.com/ZohaibCodez,175593038,2024-07,36,488,9,2024–2024
waheed444,https://github.com/waheed444,176230684,2024-07,28,399,9,2024–2024
zain-ahmed1713,https://github.com/zain-ahmed1713,176914048,2024-07,12,385,9,2024–2024
waqi786,https://github.com/waqi786,175015208,2024-07,32,375,9,2024–2024
afzalhussainj,https://github.com/afzalhussainj,175578525,2024-07,14,368,9,2024–2024
webdevabdul0,https://github.com/webdevabdul0,177001133,2024-07,22,334,9,2024–2024
Faizan3N,https://github.com/Faizan3N,176225761,2024-07,32,326,9,2024–2024
muhammad-anas35,https://github.com/muhammad-anas35,176211066,2024-07,45,307,9,2024–2024
git-mahad,https://github.com/git-mahad,176595714,2024-07,44,268,9,2024–2024
tayyab1134,https://github.com/tayyab1134,176043819,2024-07,18,264,9,2024–2024
mrmayoumair,https://github.com/mrmayoumair,176177063,2024-07,16,257,9,2024–2024
Minahil-official,https://github.com/Minahil-official,176235235,2024-07,63,237,9,2024–2024
MadhaArif,https://github.com/MadhaArif,175565702,2024-07,39,236,9,2024–2024
NajeebUrRehmanRaja,https://github.com/NajeebUrRehmanRaja,176427113,2024-07,16,219,9,2024–2024
ahmedembeddedxx,https://github.com/ahmedembeddedxx,175879344,2024-07,44,217,9,2024–2024
mianomersohail,https://github.com/mianomersohail,175359768,2024-07,14,214,9,2024–2024
HussainAnjan5,https://github.com/HussainAnjan5,175691866,2024-07,41,213,9,2024–2024
SamiUrRehman2395,https://github.com/SamiUrRehman2395,175101121,2024-07,21,206,9,2024–2024
usman1058,https://github.com/usman1058,175490011,2024-07,22,205,9,2024–2024
jansher303,https://github.com/jansher303,176964685,2024-07,8,199,9,2024–2024
Daniyal00001,https://github.com/Daniyal00001,176914237,2024-07,30,191,9,2024–2024
Ahmadnaveedofficial,https://github.com/Ahmadnaveedofficial,174598900,2024-07,16,188,9,2024–2024
AbdulHaseeb4,https://github.com/AbdulHaseeb4,174591132,2024-07,10,186,9,2024–2024
aadamhashmi1,https://github.com/aadamhashmi1,176911748,2024-07,34,183,9,2024–2024
Yousaf-rao,https://github.com/Yousaf-rao,175467024,2024-07,39,182,9,2024–2024
Mudassirjamshaid,https://github.com/Mudassirjamshaid,174699346,2024-07,11,182,9,2024–2024
AhmadExpa,https://github.com/AhmadExpa,175330561,2024-07,38,179,9,2024–2024
ataur-rehman,https://github.com/ataur-rehman,175243640,2024-07,6,170,9,2024–2024
rehmatcodes,https://github.com/rehmatcodes,174750142,2024-07,111,147,9,2024–2024
yawar2518,https://github.com/yawar2518,175973398,2024-07,13,143,9,2024–2024
RakibAkram5,https://github.com/RakibAkram5,176305828,2024-07,25,140,9,2024–2024
mehtabali05,https://github.com/mehtabali05,176130157,2024-07,27,136,9,2024–2024
devarsalmern,https://github.com/devarsalmern,175056407,2024-07,27,129,9,2024–2024
Husnain19-tech,https://github.com/Husnain19-tech,175480504,2024-07,7,127,9,2024–2024
Abdul-wahab456,https://github.com/Abdul-wahab456,177129627,2024-07,11,123,9,2024–2024
AbdulRehmanDotNet,https://github.com/AbdulRehmanDotNet,175030061,2024-07,6,121,9,2024–2024
Ahmadleo-tech,https://github.com/Ahmadleo-tech,175964842,2024-07,22,120,9,2024–2024
Hassandot,https://github.com/Hassandot,174738798,2024-07,8,118,9,2024–2024
abdu4751,https://github.com/abdu4751,175088068,2024-07,12,112,9,2024–2024
Hassan-SoftwareEngineer,https://github.com/Hassan-SoftwareEngineer,176348310,2024-07,14,99,9,2024–2024
UmerRais006,https://github.com/UmerRais006,175381930,2024-07,12,99,9,2024–2024
71017Ansar,https://github.com/71017Ansar,175580773,2024-07,23,98,9,2024–2024
AbdulSamiWaseem,https://github.com/AbdulSamiWaseem,175011017,2024-07,14,94,9,2024–2024
asad-sidhu,https://github.com/asad-sidhu,175679195,2024-07,8,94,9,2024–2024
jamilaameer01,https://github.com/jamilaameer01,176274501,2024-07,40,91,9,2024–2024
Ali-raza41,https://github.com/Ali-raza41,175989854,2024-07,27,91,9,2024–2024
naima810,https://github.com/naima810,175576810,2024-07,10,91,9,2024–2024
Aleeza-Multazim,https://github.com/Aleeza-Multazim,175471235,2024-07,35,89,9,2024–2024
Broly-1,https://github.com/Broly-1,174966115,2024-07,6,85,9,2024–2024
Mohibcodder,https://github.com/Mohibcodder,176748540,2024-07,15,83,9,2024–2024
Rayyan-khalid,https://github.com/Rayyan-khalid,175565059,2024-07,17,82,9,2024–2024
duarizwan25,https://github.com/duarizwan25,174470562,2024-07,27,78,9,2024–2024
Hammad-Honey,https://github.com/Hammad-Honey,174630414,2024-07,11,76,9,2024–2024
MuhammadSaimKhalid,https://github.com/MuhammadSaimKhalid,175472758,2024-07,8,71,9,2024–2024
taba123-debug,https://github.com/taba123-debug,175469878,2024-07,22,68,9,2024–2024
AbdulRaheempro,https://github.com/AbdulRaheempro,176670939,2024-07,28,67,9,2024–2024
hassan-jamil,https://github.com/hassan-jamil,174914712,2024-07,14,67,9,2024–2024
growwitharslan,https://github.com/growwitharslan,175596552,2024-07,12,66,9,2024–2024
Techistics,https://github.com/Techistics,175922293,2024-07,25,65,9,2024–2024
shehryar008,https://github.com/shehryar008,175486768,2024-07,9,65,9,2024–2024
Maryamshahzadi-123,https://github.com/Maryamshahzadi-123,176610249,2024-07,8,65,9,2024–2024
Hadiashehzad,https://github.com/Hadiashehzad,176148860,2024-07,8,65,9,2024–2024
AliAkbar-code,https://github.com/AliAkbar-code,176039462,2024-07,14,62,9,2024–2024
AmeerHamza-345,https://github.com/AmeerHamza-345,176291031,2024-07,6,62,9,2024–2024
ahmadmohsin04,https://github.com/ahmadmohsin04,177099978,2024-07,18,59,9,2024–2024
BasitAlphaA,https://github.com/BasitAlphaA,174745630,2024-07,13,59,9,2024–2024
X-SAMEER-SHAHID,https://github.com/X-SAMEER-SHAHID,174434039,2024-07,13,59,9,2024–2024
Abdul-Rehman757,https://github.com/Abdul-Rehman757,175138616,2024-07,9,59,9,2024–2024
RustamKazmi,https://github.com/RustamKazmi,176376467,2024-07,22,57,9,2024–2024
fahadhussain3,https://github.com/fahadhussain3,175414729,2024-07,13,57,9,2024–2024
Ali-Hackers,https://github.com/Ali-Hackers,175591908,2024-07,12,57,9,2024–2024
Fahad-2005,https://github.com/Fahad-2005,174708271,2024-07,6,57,9,2024–2024
shoaibansari-092,https://github.com/shoaibansari-092,176010549,2024-07,25,56,9,2024–2024
saeedurahman,https://github.com/saeedurahman,175315691,2024-07,14,56,9,2024–2024
Ka208-coder,https://github.com/Ka208-coder,176475341,2024-07,8,55,9,2024–2024
haroonriazhr,https://github.com/haroonriazhr,175541786,2024-07,23,54,9,2024–2024
rizwangulzar-sudo,https://github.com/rizwangulzar-sudo,177010580,2024-07,18,52,9,2024–2024
arslan-naseem994,https://github.com/arslan-naseem994,175093285,2024-07,22,51,9,2024–2024
Usman2005-wed,https://github.com/Usman2005-wed,175617302,2024-07,12,47,9,2024–2024
SubhanAli-creator,https://github.com/SubhanAli-creator,176529312,2024-07,7,47,9,2024–2024
ahmadali47,https://github.com/ahmadali47,176324884,2024-07,7,47,9,2024–2024
ahmed2003-prog,https://github.com/ahmed2003-prog,174798486,2024-07,15,46,9,2024–2024
sameerxx67,https://github.com/sameerxx67,176339806,2024-07,13,46,9,2024–2024
maheen-736,https://github.com/maheen-736,176495888,2024-07,8,44,9,2024–2024
huzaifa-huzi-ali,https://github.com/huzaifa-huzi-ali,176713895,2024-07,11,41,9,2024–2024
indexiz,https://github.com/indexiz,176617284,2024-07,9,41,9,2024–2024
hamidkhan121,https://github.com/hamidkhan121,175148244,2024-07,42,40,9,2024–2024
codekeyboard,https://github.com/codekeyboard,175129548,2024-07,16,40,9,2024–2024
furqan-dev01,https://github.com/furqan-dev01,176924922,2024-07,15,40,9,2024–2024
Muhammad-Adeel-322,https://github.com/Muhammad-Adeel-322,174815459,2024-07,13,40,9,2024–2024
Muhammad-Bilal-Rafique,https://github.com/Muhammad-Bilal-Rafique,175847073,2024-07,9,39,9,2024–2024
Shehriarcoder,https://github.com/Shehriarcoder,175256059,2024-07,8,39,9,2024–2024
Hassan-2504,https://github.com/Hassan-2504,176476978,2024-07,7,39,9,2024–2024
AbdullahMalik368,https://github.com/AbdullahMalik368,175605563,2024-07,6,37,9,2024–2024
Abdullah-Shuraim-Barlas,https://github.com/Abdullah-Shuraim-Barlas,176509527,2024-07,29,36,9,2024–2024
aminailyas311,https://github.com/aminailyas311,176687511,2024-07,17,36,9,2024–2024
aliumair00,https://github.com/aliumair00,175416009,2024-07,11,36,9,2024–2024
Abubakermughal308,https://github.com/Abubakermughal308,176218344,2024-07,11,36,9,2024–2024
rabdullahshahid,https://github.com/rabdullahshahid,176117700,2024-07,6,36,9,2024–2024
mmuazzamahmad,https://github.com/mmuazzamahmad,176344429,2024-07,6,36,9,2024–2024
MASIL6805,https://github.com/MASIL6805,174702151,2024-07,6,36,9,2024–2024
Danish046,https://github.com/Danish046,175554804,2024-07,12,35,9,2024–2024
Abdul-Bsit,https://github.com/Abdul-Bsit,176401438,2024-07,10,35,9,2024–2024
Hammad-Butt,https://github.com/Hammad-Butt,176604034,2024-07,8,34,9,2024–2024
DevAbdulQadir,https://github.com/DevAbdulQadir,175933195,2024-07,8,34,9,2024–2024
Ateefa264,https://github.com/Ateefa264,175300879,2024-07,8,33,9,2024–2024
MuhammadUmerFarooq68,https://github.com/MuhammadUmerFarooq68,176586206,2024-07,9,32,9,2024–2024
anas-789,https://github.com/anas-789,174870965,2024-07,6,32,9,2024–2024
Usman-145,https://github.com/Usman-145,176739081,2024-07,13,31,9,2024–2024
ghaffar234,https://github.com/ghaffar234,176668634,2024-07,8,30,9,2024–2024
abdulrehman930-star,https://github.com/abdulrehman930-star,175260472,2024-07,13,29,9,2024–2024
amanshafaqat,https://github.com/amanshafaqat,177138378,2024-07,9,29,9,2024–2024
abdullahGufran,https://github.com/abdullahGufran,175925854,2024-07,15,28,9,2024–2024
Junaid-Altaf,https://github.com/Junaid-Altaf,175688702,2024-07,9,28,9,2024–2024
Farhaanahmad1,https://github.com/Farhaanahmad1,176332783,2024-07,7,27,9,2024–2024
adeelejaz33,https://github.com/adeelejaz33,175969386,2024-07,6,27,9,2024–2024
Muhammad-Ahsan-Ali,https://github.com/Muhammad-Ahsan-Ali,176761053,2024-07,15,26,9,2024–2024
FarzanShah21,https://github.com/FarzanShah21,176920009,2024-07,9,26,9,2024–2024
attia-khan,https://github.com/attia-khan,176428927,2024-07,7,26,9,2024–2024
hamdanwaqar,https://github.com/hamdanwaqar,174905034,2024-07,9,25,9,2024–2024
Kaleem4535,https://github.com/Kaleem4535,177088130,2024-07,8,25,9,2024–2024
Sarib01,https://github.com/Sarib01,176491369,2024-07,18,24,9,2024–2024
muhammadanas853,https://github.com/muhammadanas853,176798048,2024-07,10,24,9,2024–2024
uiteantech,https://github.com/uiteantech,176665733,2024-07,9,24,9,2024–2024
hamzaruel,https://github.com/hamzaruel,174410293,2024-07,6,24,9,2024–2024
junaidrasul,https://github.com/junaidrasul,176546988,2024-07,19,22,9,2024–2024
Rehman-Tayyab-Khan,https://github.com/Rehman-Tayyab-Khan,176026595,2024-07,9,22,9,2024–2024
AZAAN777,https://github.com/AZAAN777,174415283,2024-07,8,22,9,2024–2024
afaq-mohiuddin,https://github.com/afaq-mohiuddin,177932124,2024-08,1253,249559,9,2024–2024
IamHamzaAziz,https://github.com/IamHamzaAziz,178897936,2024-08,45,7455,9,2024–2024
Mahad-007,https://github.com/Mahad-007,178025210,2024-08,60,935,9,2024–2024
Aqsaabbasi2690,https://github.com/Aqsaabbasi2690,178490925,2024-08,35,610,9,2024–2024
Usman-17,https://github.com/Usman-17,178041541,2024-08,10,446,9,2024–2024
IUK-9214,https://github.com/IUK-9214,178402017,2024-08,33,405,9,2024–2024
usmans-github,https://github.com/usmans-github,179364910,2024-08,18,387,9,2024–2024
muhammadsaadlmk,https://github.com/muhammadsaadlmk,179119430,2024-08,86,370,9,2024–2024
msharjeelali,https://github.com/msharjeelali,177190416,2024-08,29,321,9,2024–2024
rauf22750,https://github.com/rauf22750,178573865,2024-08,6,302,9,2024–2024
Muhammad-Adil-code,https://github.com/Muhammad-Adil-code,178538896,2024-08,45,267,9,2024–2024
Hamza-star,https://github.com/Hamza-star,178466575,2024-08,10,257,9,2024–2024
Ahmad-U19,https://github.com/Ahmad-U19,178979725,2024-08,46,239,9,2024–2024
Aliimrann744,https://github.com/Aliimrann744,178108916,2024-08,21,239,9,2024–2024
fmughalishere,https://github.com/fmughalishere,177786529,2024-08,42,237,9,2024–2024
Tayyab-Hussayn,https://github.com/Tayyab-Hussayn,179961031,2024-08,30,236,9,2024–2024
Ahsanmehar,https://github.com/Ahsanmehar,179199055,2024-08,21,221,9,2024–2024
Faizan80235,https://github.com/Faizan80235,177581696,2024-08,32,215,9,2024–2024
usmanhasann,https://github.com/usmanhasann,177457349,2024-08,23,203,9,2024–2024
RehmanMalik947,https://github.com/RehmanMalik947,178026467,2024-08,38,201,9,2024–2024
Alihamza-786,https://github.com/Alihamza-786,177483092,2024-08,15,193,9,2024–2024
Alizanoor-student,https://github.com/Alizanoor-student,179727645,2024-08,15,188,9,2024–2024
Anasyaseen92,https://github.com/Anasyaseen92,180015874,2024-08,14,185,9,2024–2024
huzaifa1rehan,https://github.com/huzaifa1rehan,179625320,2024-08,8,175,9,2024–2024
Yasmeenrafique,https://github.com/Yasmeenrafique,178546172,2024-08,42,173,9,2024–2024
hasiraza,https://github.com/hasiraza,178773818,2024-08,34,170,9,2024–2024
Afza1112,https://github.com/Afza1112,179112543,2024-08,10,160,9,2024–2024
M-Laheem-Ayub,https://github.com/M-Laheem-Ayub,177439152,2024-08,21,147,9,2024–2024
eman-github-code,https://github.com/eman-github-code,178175497,2024-08,19,142,9,2024–2024
Haashir-99,https://github.com/Haashir-99,178870724,2024-08,10,136,9,2024–2024
gwynn-c,https://github.com/gwynn-c,178674911,2024-08,9,131,9,2024–2024
abdullahhrajpoot,https://github.com/abdullahhrajpoot,178323872,2024-08,13,127,9,2024–2024
MaryamNazir1,https://github.com/MaryamNazir1,179402603,2024-08,12,123,9,2024–2024
Areeba-Naeem123,https://github.com/Areeba-Naeem123,178986866,2024-08,8,119,9,2024–2024
HammayalRamzan,https://github.com/HammayalRamzan,179677303,2024-08,27,115,9,2024–2024
usman972,https://github.com/usman972,178011006,2024-08,7,107,9,2024–2024
i-Abdulhaseeb,https://github.com/i-Abdulhaseeb,178925527,2024-08,25,99,9,2024–2024
muhammadtaha0022,https://github.com/muhammadtaha0022,179367051,2024-08,13,90,9,2024–2024
ahmadrasheed8055,https://github.com/ahmadrasheed8055,179598311,2024-08,6,90,9,2024–2024
raheelanjum786,https://github.com/raheelanjum786,179170262,2024-08,45,89,9,2024–2024
saadkhantareen,https://github.com/saadkhantareen,177992788,2024-08,30,89,9,2024–2024
nomanchaudhary,https://github.com/nomanchaudhary,178480094,2024-08,11,88,9,2024–2024
Ammar-ibrahims,https://github.com/Ammar-ibrahims,178778659,2024-08,11,86,9,2024–2024
Killercoder07,https://github.com/Killercoder07,178817850,2024-08,11,85,9,2024–2024
jabran-adeel,https://github.com/jabran-adeel,179014970,2024-08,10,82,9,2024–2024
Rehmanvirk,https://github.com/Rehmanvirk,179233735,2024-08,15,79,9,2024–2024
ayeshakhadam72,https://github.com/ayeshakhadam72,178939238,2024-08,19,72,9,2024–2024
Hasan-Butt,https://github.com/Hasan-Butt,177761752,2024-08,7,71,9,2024–2024
Malik-Touqeer,https://github.com/Malik-Touqeer,178449474,2024-08,26,70,9,2024–2024
InzishKhan,https://github.com/InzishKhan,178266487,2024-08,17,69,9,2024–2024
Fatima-DataScientist,https://github.com/Fatima-DataScientist,177720633,2024-08,24,65,9,2024–2024
SherazYousafDev,https://github.com/SherazYousafDev,178695308,2024-08,20,65,9,2024–2024
Ayesha-gif47,https://github.com/Ayesha-gif47,179164262,2024-08,10,62,9,2024–2024
nadeemkaleem17,https://github.com/nadeemkaleem17,179050555,2024-08,19,61,9,2024–2024
AliAbbas2105,https://github.com/AliAbbas2105,179253554,2024-08,12,61,9,2024–2024
ahmed-dev8250,https://github.com/ahmed-dev8250,179702568,2024-08,10,61,9,2024–2024
Shameer412,https://github.com/Shameer412,178019676,2024-08,7,60,9,2024–2024
mywebnersvg,https://github.com/mywebnersvg,178334130,2024-08,11,59,9,2024–2024
Muazzam-Mahmood,https://github.com/Muazzam-Mahmood,177329531,2024-08,10,57,9,2024–2024
eshafayyaz,https://github.com/eshafayyaz,179855148,2024-08,8,54,9,2024–2024
Abubakar-Shabbir,https://github.com/Abubakar-Shabbir,179403745,2024-08,13,53,9,2024–2024
MohammadShairAli,https://github.com/MohammadShairAli,178094654,2024-08,10,53,9,2024–2024
devtayyab04,https://github.com/devtayyab04,177843873,2024-08,18,48,9,2024–2024
zainabbas-se,https://github.com/zainabbas-se,179130209,2024-08,13,48,9,2024–2024
ahmedgull1,https://github.com/ahmedgull1,179117784,2024-08,32,47,9,2024–2024
saadee1605,https://github.com/saadee1605,178015372,2024-08,9,47,9,2024–2024
Aqsa-Sadaqat,https://github.com/Aqsa-Sadaqat,178311890,2024-08,20,45,9,2024–2024
mshafi6339,https://github.com/mshafi6339,179337643,2024-08,13,45,9,2024–2024
salmanlatif116,https://github.com/salmanlatif116,178867830,2024-08,11,44,9,2024–2024
wizfrit,https://github.com/wizfrit,178736691,2024-08,9,43,9,2024–2024
minahil-asim-baig237,https://github.com/minahil-asim-baig237,179172120,2024-08,20,42,9,2024–2024
hmshb,https://github.com/hmshb,178461758,2024-08,12,41,9,2024–2024
Sharafatali1175,https://github.com/Sharafatali1175,179611970,2024-08,16,40,9,2024–2024
Sirrat21,https://github.com/Sirrat21,177403300,2024-08,14,40,9,2024–2024
Muhammad-Abbas-55,https://github.com/Muhammad-Abbas-55,179520276,2024-08,8,39,9,2024–2024
zahidghotia,https://github.com/zahidghotia,178752822,2024-08,12,38,9,2024–2024
ZohaibAyaz01,https://github.com/ZohaibAyaz01,179119189,2024-08,6,37,9,2024–2024
AbbadMalikk,https://github.com/AbbadMalikk,177457033,2024-08,7,36,9,2024–2024
ZohairAli009,https://github.com/ZohairAli009,178390568,2024-08,7,36,9,2024–2024
junaidshk899,https://github.com/junaidshk899,177317246,2024-08,12,33,9,2024–2024
moazamali92,https://github.com/moazamali92,178012968,2024-08,15,31,9,2024–2024
1-234-cyber,https://github.com/1-234-cyber,178937007,2024-08,9,31,9,2024–2024
AsfandRehman,https://github.com/AsfandRehman,179327459,2024-08,26,30,9,2024–2024
Talhaahmed303,https://github.com/Talhaahmed303,179294599,2024-08,9,29,9,2024–2024
hinanawazz,https://github.com/hinanawazz,177716740,2024-08,12,27,9,2024–2024
M-Salman-Shah,https://github.com/M-Salman-Shah,178731840,2024-08,7,27,9,2024–2024
Punisher-69,https://github.com/Punisher-69,177457657,2024-08,6,27,9,2024–2024
aamnaariff,https://github.com/aamnaariff,178270543,2024-08,6,27,9,2024–2024
mujeeb-mughal1,https://github.com/mujeeb-mughal1,177450585,2024-08,11,26,9,2024–2024
tuaha-shahid,https://github.com/tuaha-shahid,178727638,2024-08,8,26,9,2024–2024
nadeem123-ai,https://github.com/nadeem123-ai,178711691,2024-08,18,23,9,2024–2024
iranaumair,https://github.com/iranaumair,179333028,2024-08,9,23,9,2024–2024
Haseeb-Hassan-x,https://github.com/Haseeb-Hassan-x,179645968,2024-08,13,22,9,2024–2024
abdullahabidali,https://github.com/abdullahabidali,182865523,2024-09,8,381089,9,2024–2024
Ayesha5121472,https://github.com/Ayesha5121472,180530308,2024-09,10,82475,9,2024–2024
Hashir-Qadeer,https://github.com/Hashir-Qadeer,183133475,2024-09,9,3065,9,2024–2024
adilarain00,https://github.com/adilarain00,180179665,2024-09,17,827,9,2024–2024
Zeeshan-Khan1,https://github.com/Zeeshan-Khan1,180170939,2024-09,22,659,9,2024–2024
xeeshan-zs,https://github.com/xeeshan-zs,180097685,2024-09,38,517,9,2024–2024
mjeyz,https://github.com/mjeyz,180803869,2024-09,35,507,9,2024–2024
alihussnain1122,https://github.com/alihussnain1122,181746748,2024-09,48,475,9,2024–2024
luffy-2606,https://github.com/luffy-2606,181657317,2024-09,15,450,9,2024–2024
SheharyarTariq,https://github.com/SheharyarTariq,181748266,2024-09,21,432,9,2024–2024
Bilalwebdev26,https://github.com/Bilalwebdev26,180820138,2024-09,33,423,9,2024–2024
emaaanbutt,https://github.com/emaaanbutt,182200456,2024-09,41,421,9,2024–2024
rayyan2956,https://github.com/rayyan2956,180648934,2024-09,15,372,9,2024–2024
CosmicEmm,https://github.com/CosmicEmm,183423490,2024-09,15,370,9,2024–2024
Abdullah-Naeem-Gill,https://github.com/Abdullah-Naeem-Gill,180220435,2024-09,30,351,9,2024–2024
Yasir349913,https://github.com/Yasir349913,182353799,2024-09,51,333,9,2024–2024
alishair7071,https://github.com/alishair7071,181624967,2024-09,30,331,9,2024–2024
asad7116,https://github.com/asad7116,181062409,2024-09,17,315,9,2024–2024
rummannaqvi,https://github.com/rummannaqvi,182324631,2024-09,21,312,9,2024–2024
RanaZainUlAbiden,https://github.com/RanaZainUlAbiden,181440138,2024-09,13,280,9,2024–2024
NADIR38,https://github.com/NADIR38,180681357,2024-09,13,280,9,2024–2024
ShahzaibDevo,https://github.com/ShahzaibDevo,182541963,2024-09,51,277,9,2024–2024
AhmedNasir7,https://github.com/AhmedNasir7,183390479,2024-09,12,254,9,2024–2024
thealihamza04,https://github.com/thealihamza04,180670785,2024-09,12,248,9,2024–2024
muhammadjamalmatloob,https://github.com/muhammadjamalmatloob,180429019,2024-09,28,243,9,2024–2024
Zohaib-Karamat,https://github.com/Zohaib-Karamat,180724029,2024-09,34,238,9,2024–2024
yasir-ghafar,https://github.com/yasir-ghafar,182479161,2024-09,17,216,9,2024–2024
Toheed-Ali,https://github.com/Toheed-Ali,183200933,2024-09,8,209,9,2024–2024
hammadfarooq-ai,https://github.com/hammadfarooq-ai,183341550,2024-09,107,208,9,2024–2024
zahoor-khan178,https://github.com/zahoor-khan178,180146683,2024-09,7,207,9,2024–2024
AbdullahAmir06,https://github.com/AbdullahAmir06,180859490,2024-09,23,206,9,2024–2024
HaseebSardar286,https://github.com/HaseebSardar286,183252873,2024-09,34,203,9,2024–2024
Farhanullah7873,https://github.com/Farhanullah7873,183054208,2024-09,7,195,9,2024–2024
itx-sherazi,https://github.com/itx-sherazi,180298642,2024-09,34,188,9,2024–2024
MuhammadZain28,https://github.com/MuhammadZain28,180664116,2024-09,15,178,9,2024–2024
Techsynx,https://github.com/Techsynx,180408159,2024-09,32,162,9,2024–2024
Jahanzaib-Gull,https://github.com/Jahanzaib-Gull,180417816,2024-09,12,159,9,2024–2024
tahirdotdev-tdd,https://github.com/tahirdotdev-tdd,181484664,2024-09,31,155,9,2024–2024
ahmedA-gif,https://github.com/ahmedA-gif,180302852,2024-09,51,148,9,2024–2024
m-najeeb,https://github.com/m-najeeb,182793763,2024-09,30,147,9,2024–2024
umar-saleem-7,https://github.com/umar-saleem-7,183225647,2024-09,20,143,9,2024–2024
naeemullah-datascientist,https://github.com/naeemullah-datascientist,182163982,2024-09,14,141,9,2024–2024
Zain-Ali-712,https://github.com/Zain-Ali-712,181464213,2024-09,20,137,9,2024–2024
anas-bin-sabir,https://github.com/anas-bin-sabir,180759115,2024-09,9,136,9,2024–2024
MetavizPro,https://github.com/MetavizPro,182633259,2024-09,50,133,9,2024–2024
Abdullah-608,https://github.com/Abdullah-608,182192024,2024-09,25,128,9,2024–2024
umairali-dev,https://github.com/umairali-dev,180734787,2024-09,11,124,9,2024–2024
AmarWaqar-TSKLI,https://github.com/AmarWaqar-TSKLI,180629589,2024-09,17,118,9,2024–2024
AmnaNaveed189,https://github.com/AmnaNaveed189,181464210,2024-09,15,118,9,2024–2024
Moazam-Alii,https://github.com/Moazam-Alii,181562966,2024-09,13,117,9,2024–2024
tabishmishere,https://github.com/tabishmishere,182001604,2024-09,20,111,9,2024–2024
Suresh-cs-q,https://github.com/Suresh-cs-q,182596786,2024-09,32,102,9,2024–2024
Muhammad-Saad28,https://github.com/Muhammad-Saad28,180460844,2024-09,10,102,9,2024–2024
ahsanmoizz,https://github.com/ahsanmoizz,181505544,2024-09,21,97,9,2024–2024
AbubakarOrakzai,https://github.com/AbubakarOrakzai,181657099,2024-09,7,94,9,2024–2024
haider-abbas72,https://github.com/haider-abbas72,181388261,2024-09,12,91,9,2024–2024
VizAnalystHabiba,https://github.com/VizAnalystHabiba,180059192,2024-09,15,86,9,2024–2024
HassanNawaz14,https://github.com/HassanNawaz14,180554787,2024-09,14,86,9,2024–2024
MUmarMunir533,https://github.com/MUmarMunir533,181535027,2024-09,23,85,9,2024–2024
MutafAkram223,https://github.com/MutafAkram223,180690349,2024-09,46,79,9,2024–2024
usmanDataScientific,https://github.com/usmanDataScientific,182767584,2024-09,34,79,9,2024–2024
MuhammadBilal018,https://github.com/MuhammadBilal018,183264107,2024-09,6,77,9,2024–2024
AHMAD-0702,https://github.com/AHMAD-0702,181829007,2024-09,7,76,9,2024–2024
Laiba-amanat,https://github.com/Laiba-amanat,182545153,2024-09,9,75,9,2024–2024
Muazam10,https://github.com/Muazam10,180834580,2024-09,17,74,9,2024–2024
sm-altamash,https://github.com/sm-altamash,180496097,2024-09,10,72,9,2024–2024
HussnainAshiq-5657,https://github.com/HussnainAshiq-5657,181572187,2024-09,13,71,10,2024–2026
thytalha,https://github.com/thytalha,182010692,2024-09,6,71,10,2024–2026
baasit-abbas,https://github.com/baasit-abbas,180982941,2024-09,37,70,10,2024–2026
jawadahsan131,https://github.com/jawadahsan131,181589674,2024-09,7,70,10,2024–2026
mustafaC0der,https://github.com/mustafaC0der,183081665,2024-09,19,69,10,2024–2026
CybilFa,https://github.com/CybilFa,182199594,2024-09,8,68,10,2024–2026
MuhammadArhaam,https://github.com/MuhammadArhaam,182934198,2024-09,26,65,10,2024–2026
beingkashifali,https://github.com/beingkashifali,183165358,2024-09,20,64,10,2024–2026
Asad996,https://github.com/Asad996,181649309,2024-09,22,61,10,2024–2026
muhammmadalizahid,https://github.com/muhammmadalizahid,180445520,2024-09,19,61,10,2024–2026
RabailFiaz,https://github.com/RabailFiaz,180085115,2024-09,12,61,10,2024–2026
AbdulMateen-javed,https://github.com/AbdulMateen-javed,181282977,2024-09,28,59,10,2024–2026
abu-huraira-abid,https://github.com/abu-huraira-abid,181416054,2024-09,17,58,10,2024–2026
Jwkmk8522,https://github.com/Jwkmk8522,183068368,2024-09,16,58,10,2024–2026
ZainabBibi164,https://github.com/ZainabBibi164,182550444,2024-09,12,58,10,2024–2026
aliasgherit,https://github.com/aliasgherit,180330793,2024-09,8,58,10,2024–2026
Muhammad-Taaha,https://github.com/Muhammad-Taaha,181586581,2024-09,8,57,10,2024–2026
MustafaLatif,https://github.com/MustafaLatif,182370118,2024-09,10,55,10,2024–2026
mazam380,https://github.com/mazam380,181596480,2024-09,29,54,10,2024–2026
atamustafakhan,https://github.com/atamustafakhan,181942227,2024-09,9,52,10,2024–2026
rana-umer-dev,https://github.com/rana-umer-dev,181993665,2024-09,10,51,10,2024–2026
Naqeeb-Bro,https://github.com/Naqeeb-Bro,182733332,2024-09,9,51,10,2024–2026
WajeehaIjaz,https://github.com/WajeehaIjaz,181621186,2024-09,20,50,10,2024–2026
MuhammadQasimTasleem,https://github.com/MuhammadQasimTasleem,180991331,2024-09,15,50,10,2024–2026
muhammad-arslan7,https://github.com/muhammad-arslan7,180812814,2024-09,6,50,10,2024–2026
asadmahmoodx,https://github.com/asadmahmoodx,183047492,2024-09,16,47,10,2024–2026
Aimanijaz1,https://github.com/Aimanijaz1,182223631,2024-09,8,47,10,2024–2026
HassaanRasool,https://github.com/HassaanRasool,180629981,2024-09,7,45,10,2024–2026
Rizwan-zaman38,https://github.com/Rizwan-zaman38,181520254,2024-09,16,41,10,2024–2026
ABDULLAH-G-1,https://github.com/ABDULLAH-G-1,182323774,2024-09,7,40,10,2024–2026
LaibaSaleem043,https://github.com/LaibaSaleem043,182468731,2024-09,16,39,10,2024–2026
HaseebAther,https://github.com/HaseebAther,181770994,2024-09,11,39,10,2024–2026
zain-taseer-developer,https://github.com/zain-taseer-developer,181737041,2024-09,11,39,10,2024–2026
MuhammadUsman95-swl,https://github.com/MuhammadUsman95-swl,181436658,2024-09,6,39,10,2024–2026
AlishaGhaffar,https://github.com/AlishaGhaffar,180441334,2024-09,10,38,10,2024–2026
ArooJ-fatima0301,https://github.com/ArooJ-fatima0301,182534472,2024-09,11,35,10,2024–2026
dev-muneeb-1520,https://github.com/dev-muneeb-1520,181842000,2024-09,10,35,10,2024–2026
MuhammadZainIqbal,https://github.com/MuhammadZainIqbal,180554634,2024-09,8,35,10,2024–2026
munirsons,https://github.com/munirsons,181669118,2024-09,8,35,10,2024–2026
Ibrahim-344,https://github.com/Ibrahim-344,181659574,2024-09,7,35,10,2024–2026
hassan8605,https://github.com/hassan8605,180102647,2024-09,8,34,10,2024–2026
uzairraza73,https://github.com/uzairraza73,181219085,2024-09,13,33,10,2024–2026
malaikaahsan,https://github.com/malaikaahsan,180420390,2024-09,13,32,10,2024–2026
Nimra-Niamat,https://github.com/Nimra-Niamat,181182674,2024-09,10,32,10,2024–2026
Muhaammadali2,https://github.com/Muhaammadali2,181464559,2024-09,7,31,10,2024–2026
mian-farhan,https://github.com/mian-farhan,181976926,2024-09,20,30,10,2024–2026
Saim-Maqsood7,https://github.com/Saim-Maqsood7,182012112,2024-09,10,28,10,2024–2026
ALIYASIR545,https://github.com/ALIYASIR545,182734379,2024-09,9,28,10,2024–2026
HAFIZMUHAMMADUSMANZAHOOR,https://github.com/HAFIZMUHAMMADUSMANZAHOOR,183289748,2024-09,14,26,10,2024–2026
muhammadhamidportfolio,https://github.com/muhammadhamidportfolio,182445169,2024-09,13,26,10,2024–2026
ahmad9547,https://github.com/ahmad9547,180918902,2024-09,8,26,10,2024–2026
mtoqeerzafar,https://github.com/mtoqeerzafar,180396576,2024-09,12,24,10,2024–2026
Muhammmad-Ummar,https://github.com/Muhammmad-Ummar,181626805,2024-09,7,24,10,2024–2026
AbdulHadi-47,https://github.com/AbdulHadi-47,182690141,2024-09,9,23,10,2024–2026
imahmadzohaib,https://github.com/imahmadzohaib,181314245,2024-09,6,23,10,2024–2026
aizad98,https://github.com/aizad98,181233129,2024-09,6,22,10,2024–2026
artahir-dev,https://github.com/artahir-dev,181695684,2024-09,13,21,10,2024–2026
MBadarMurtaza,https://github.com/MBadarMurtaza,186918857,2024-10,45,559,10,2024–2026
maryam-innovates,https://github.com/maryam-innovates,185566823,2024-10,10,558,10,2024–2026
021haseeb,https://github.com/021haseeb,186460664,2024-10,26,359,10,2024–2026
SaadGN,https://github.com/SaadGN,185687994,2024-10,9,357,10,2024–2026
thisnaeem,https://github.com/thisnaeem,183782203,2024-10,66,346,10,2024–2026
codedits,https://github.com/codedits,186810994,2024-10,8,337,10,2024–2026
ByteCraftByLaiba,https://github.com/ByteCraftByLaiba,184988050,2024-10,27,335,10,2024–2026
muneeb-akram74,https://github.com/muneeb-akram74,183483871,2024-10,10,308,10,2024–2026
ashrafdevx,https://github.com/ashrafdevx,184215524,2024-10,13,273,10,2024–2026
hafizabdullahyasir,https://github.com/hafizabdullahyasir,185241705,2024-10,27,254,10,2024–2026
mozumil,https://github.com/mozumil,184168538,2024-10,9,251,10,2024–2026
hozi8-web3,https://github.com/hozi8-web3,183485974,2024-10,22,233,10,2024–2026
zohaib2012,https://github.com/zohaib2012,186877372,2024-10,31,195,10,2024–2026
talhacodess,https://github.com/talhacodess,185072717,2024-10,10,195,10,2024–2026
Abdullah-warraich-ch,https://github.com/Abdullah-warraich-ch,185072416,2024-10,17,193,10,2024–2026
MShayan-Faisal,https://github.com/MShayan-Faisal,185163209,2024-10,22,187,10,2024–2026
sufyan574,https://github.com/sufyan574,184154272,2024-10,14,181,10,2024–2026
masifkhan3,https://github.com/masifkhan3,185401023,2024-10,19,173,10,2024–2026
AhmadFaseeh,https://github.com/AhmadFaseeh,184448719,2024-10,12,154,10,2024–2026
Muhammad124Ahmad,https://github.com/Muhammad124Ahmad,183640481,2024-10,43,152,10,2024–2026
qamarabbas-devops,https://github.com/qamarabbas-devops,186900403,2024-10,12,147,10,2024–2026
hasnain1439,https://github.com/hasnain1439,183495294,2024-10,30,142,10,2024–2026
immuhammadfurqan,https://github.com/immuhammadfurqan,183514196,2024-10,20,141,10,2024–2026
junaidnawaz1,https://github.com/junaidnawaz1,185547346,2024-10,15,141,10,2024–2026
HafizArham71,https://github.com/HafizArham71,185874567,2024-10,15,141,10,2024–2026
DevNebula300,https://github.com/DevNebula300,183517831,2024-10,33,140,10,2024–2026
Syeda-munaza,https://github.com/Syeda-munaza,185396046,2024-10,30,140,10,2024–2026
MuhammadRaffeyUniversity,https://github.com/MuhammadRaffeyUniversity,183613240,2024-10,8,133,10,2024–2026
Faseeh-Ops,https://github.com/Faseeh-Ops,185592621,2024-10,13,131,10,2024–2026
ahk1022,https://github.com/ahk1022,186462438,2024-10,42,130,10,2024–2026
hassanzaheer88,https://github.com/hassanzaheer88,183570743,2024-10,7,130,10,2024–2026
alirazayousaf786,https://github.com/alirazayousaf786,185554374,2024-10,10,129,10,2024–2026
haliarutab24,https://github.com/haliarutab24,186957862,2024-10,40,126,10,2024–2026
SidraSiddique,https://github.com/SidraSiddique,183908932,2024-10,13,126,10,2024–2026
Muhammad-Zohaib-42,https://github.com/Muhammad-Zohaib-42,186459335,2024-10,14,119,10,2024–2026
MuhammadTalha988516,https://github.com/MuhammadTalha988516,186908822,2024-10,9,119,10,2024–2026
Sami-ur-Rehman1073,https://github.com/Sami-ur-Rehman1073,184283320,2024-10,9,119,10,2024–2026
aaish376,https://github.com/aaish376,183624966,2024-10,26,117,10,2024–2026
Asra-Bukhari,https://github.com/Asra-Bukhari,184302674,2024-10,14,117,10,2024–2026
AbbasHafeez,https://github.com/AbbasHafeez,183908057,2024-10,18,114,10,2024–2026
UsmanHaiderWeb,https://github.com/UsmanHaiderWeb,184366956,2024-10,26,112,10,2024–2026
Sheharyar94M,https://github.com/Sheharyar94M,183926489,2024-10,25,106,10,2024–2026
AnasShafiq07,https://github.com/AnasShafiq07,184522940,2024-10,9,106,10,2024–2026
Kazimhaider12,https://github.com/Kazimhaider12,183863530,2024-10,29,102,10,2024–2026
M-Abdullah-Amjad,https://github.com/M-Abdullah-Amjad,184520484,2024-10,26,99,10,2024–2026
asifalidev77,https://github.com/asifalidev77,184554095,2024-10,16,98,10,2024–2026
UnicodeTech-PVT,https://github.com/UnicodeTech-PVT,185941867,2024-10,21,97,10,2024–2026
talibjameel,https://github.com/talibjameel,186904374,2024-10,21,95,10,2024–2026
MHuzaifaAlam,https://github.com/MHuzaifaAlam,186925256,2024-10,8,93,10,2024–2026
HumairAli26,https://github.com/HumairAli26,185322838,2024-10,9,90,10,2024–2026
itzzsaadi,https://github.com/itzzsaadi,186382460,2024-10,12,89,10,2024–2026
muana8877,https://github.com/muana8877,184628915,2024-10,9,86,10,2024–2026
ahsan-builds,https://github.com/ahsan-builds,184577875,2024-10,19,85,10,2024–2026
ichbintayyab,https://github.com/ichbintayyab,184354127,2024-10,7,85,10,2024–2026
Devops544,https://github.com/Devops544,184260380,2024-10,15,83,10,2024–2026
zainaahmed06,https://github.com/zainaahmed06,184652015,2024-10,13,82,10,2024–2026
aliahmed766,https://github.com/aliahmed766,184104538,2024-10,15,80,10,2024–2026
AbdulHanan546,https://github.com/AbdulHanan546,185244220,2024-10,22,79,10,2024–2026
ahmadXplore,https://github.com/ahmadXplore,184738059,2024-10,18,72,10,2024–2026
mehwishnasirb,https://github.com/mehwishnasirb,186920551,2024-10,19,69,10,2024–2026
furqanizgenius,https://github.com/furqanizgenius,186641690,2024-10,17,68,10,2024–2026
uXaamA,https://github.com/uXaamA,183855995,2024-10,12,65,10,2024–2026
aliahmadtahir,https://github.com/aliahmadtahir,183577845,2024-10,9,64,10,2024–2026
usamamuaviadev,https://github.com/usamamuaviadev,186715384,2024-10,43,63,10,2024–2026
sheikhkaifsadiq,https://github.com/sheikhkaifsadiq,186493672,2024-10,6,59,10,2024–2026
Hafiz-Omer-code,https://github.com/Hafiz-Omer-code,185595598,2024-10,11,58,10,2024–2026
Rana-Zayan-001,https://github.com/Rana-Zayan-001,185704017,2024-10,15,57,10,2024–2026
sharjeel262,https://github.com/sharjeel262,183640787,2024-10,25,54,10,2024–2026
HanniaMariya,https://github.com/HanniaMariya,184536402,2024-10,16,53,10,2024–2026
Wareesha381,https://github.com/Wareesha381,185201125,2024-10,13,51,10,2024–2026
SyedAliHamzaBukhari,https://github.com/SyedAliHamzaBukhari,186008778,2024-10,7,51,10,2024–2026
fizzza1,https://github.com/fizzza1,185627290,2024-10,12,50,10,2024–2026
AmeerHamzaDiode,https://github.com/AmeerHamzaDiode,185761727,2024-10,8,50,10,2024–2026
zuhaibkacho14,https://github.com/zuhaibkacho14,183839266,2024-10,15,49,10,2024–2026
Huzaifa-Rana,https://github.com/Huzaifa-Rana,186790964,2024-10,7,49,10,2024–2026
HammadAli64,https://github.com/HammadAli64,184727719,2024-10,23,47,10,2024–2026
Fatima-Haneef,https://github.com/Fatima-Haneef,184758467,2024-10,8,47,10,2024–2026
laibaabbas1,https://github.com/laibaabbas1,184980098,2024-10,36,46,10,2024–2026
UsamaFarooqedu,https://github.com/UsamaFarooqedu,184076650,2024-10,17,46,10,2024–2026
SADDIQUE874,https://github.com/SADDIQUE874,185502913,2024-10,18,45,10,2024–2026
zaeem-collab,https://github.com/zaeem-collab,185273213,2024-10,28,44,10,2024–2026
M-Numan-Anwar,https://github.com/M-Numan-Anwar,185207323,2024-10,25,43,10,2024–2026
Programmingwithrehman,https://github.com/Programmingwithrehman,184852648,2024-10,6,43,10,2024–2026
dad-baloch,https://github.com/dad-baloch,186289441,2024-10,7,42,10,2024–2026
mabbasazam,https://github.com/mabbasazam,184396269,2024-10,12,40,10,2024–2026
abdulmannantariq101,https://github.com/abdulmannantariq101,186161239,2024-10,13,39,10,2024–2026
Abdul-Wahab-Subhani,https://github.com/Abdul-Wahab-Subhani,185252881,2024-10,8,37,10,2024–2026
Usama12362,https://github.com/Usama12362,185063005,2024-10,8,36,10,2024–2026
Muneeb-os,https://github.com/Muneeb-os,183517763,2024-10,11,35,10,2024–2026
Atharfatima,https://github.com/Atharfatima,186964666,2024-10,19,34,10,2024–2026
Usman-Awan345,https://github.com/Usman-Awan345,186151184,2024-10,14,31,10,2024–2026
SyedMominHaider,https://github.com/SyedMominHaider,185223815,2024-10,10,31,10,2024–2026
daniyal-dar,https://github.com/daniyal-dar,183927636,2024-10,19,30,10,2024–2026
hassan-jnr-powersoft,https://github.com/hassan-jnr-powersoft,185595480,2024-10,9,29,10,2024–2026
tehreemmalikkkkk,https://github.com/tehreemmalikkkkk,185846994,2024-10,9,28,10,2024–2026
Samama2005,https://github.com/Samama2005,186097880,2024-10,12,27,10,2024–2026
Usama-Sabir-coder,https://github.com/Usama-Sabir-coder,185588057,2024-10,10,27,10,2024–2026
shehroz03,https://github.com/shehroz03,186301533,2024-10,8,26,10,2024–2026
wajeehajaved01,https://github.com/wajeehajaved01,186462834,2024-10,6,26,10,2024–2026
syed-Ahsan-zaidi,https://github.com/syed-Ahsan-zaidi,184926709,2024-10,17,25,10,2024–2026
hamzazeeshann,https://github.com/hamzazeeshann,184100651,2024-10,9,25,10,2024–2026
TuahaTayyab,https://github.com/TuahaTayyab,183509224,2024-10,7,25,10,2024–2026
Fraz-Rasheed,https://github.com/Fraz-Rasheed,186366203,2024-10,10,23,10,2024–2026
zaidhafeeez,https://github.com/zaidhafeeez,188496560,2024-11,10,32879,10,2024–2026
NxSYED-ux,https://github.com/NxSYED-ux,189741824,2024-11,13,1855,10,2024–2026
W-N-R,https://github.com/W-N-R,189478679,2024-11,11,465,10,2024–2026
Gitasadhubs,https://github.com/Gitasadhubs,188983135,2024-11,62,442,10,2024–2026
abdulahad-2,https://github.com/abdulahad-2,189211242,2024-11,14,439,10,2024–2026
NasirSultan,https://github.com/NasirSultan,188371999,2024-11,25,331,10,2024–2026
muhammadowais87,https://github.com/muhammadowais87,189617050,2024-11,13,329,10,2024–2026
mumer2650,https://github.com/mumer2650,187772862,2024-11,36,243,10,2024–2026
Adnan040404,https://github.com/Adnan040404,188809152,2024-11,45,242,10,2024–2026
L1F21BSSE0089,https://github.com/L1F21BSSE0089,190119601,2024-11,10,214,10,2024–2026
haseebarshad17,https://github.com/haseebarshad17,189439946,2024-11,21,201,10,2024–2026
hassimalik,https://github.com/hassimalik,187800985,2024-11,33,165,10,2024–2026
YousafAlahi,https://github.com/YousafAlahi,189106343,2024-11,20,165,10,2024–2026
Sameeralydev,https://github.com/Sameeralydev,188955359,2024-11,28,158,10,2024–2026
mubashfaq,https://github.com/mubashfaq,187359024,2024-11,18,125,10,2024–2026
ShahnamUlHassan,https://github.com/ShahnamUlHassan,189113380,2024-11,13,125,10,2024–2026
Hunain-Riasat,https://github.com/Hunain-Riasat,188042960,2024-11,15,121,10,2024–2026
abdullah-dev01,https://github.com/abdullah-dev01,189367561,2024-11,12,114,10,2024–2026
turabbb,https://github.com/turabbb,189280436,2024-11,15,111,10,2024–2026
imuhammadQasim,https://github.com/imuhammadQasim,187950014,2024-11,27,110,10,2024–2026
Abdullah-Askari,https://github.com/Abdullah-Askari,187512337,2024-11,6,110,10,2024–2026
hafizaaqsadev,https://github.com/hafizaaqsadev,188989054,2024-11,19,108,10,2024–2026
Awaisverse,https://github.com/Awaisverse,188329511,2024-11,22,107,10,2024–2026
salmanhabibkhan,https://github.com/salmanhabibkhan,187216568,2024-11,7,107,10,2024–2026
hassanhashmi16,https://github.com/hassanhashmi16,189634929,2024-11,16,103,10,2024–2026
Danish-Bin-Qayyum,https://github.com/Danish-Bin-Qayyum,188131331,2024-11,7,102,10,2024–2026
usmanjamildev,https://github.com/usmanjamildev,188959743,2024-11,14,94,10,2024–2026
Hamza-ZX,https://github.com/Hamza-ZX,187624242,2024-11,9,93,10,2024–2026
Qassimm,https://github.com/Qassimm,189501172,2024-11,14,91,10,2024–2026
theahmednagra,https://github.com/theahmednagra,187275292,2024-11,11,88,10,2024–2026
umansheikh0611,https://github.com/umansheikh0611,189083914,2024-11,10,87,10,2024–2026
muhammadmujtabasajid,https://github.com/muhammadmujtabasajid,187299035,2024-11,8,86,10,2024–2026
rabiaabdulrauf,https://github.com/rabiaabdulrauf,188980556,2024-11,34,82,10,2024–2026
TahaNaveed-107,https://github.com/TahaNaveed-107,187172852,2024-11,8,82,10,2024–2026
Sana-Fatima398,https://github.com/Sana-Fatima398,188760040,2024-11,11,79,10,2024–2026
sjeyz,https://github.com/sjeyz,189372766,2024-11,8,74,10,2024–2026
Shawaiz788,https://github.com/Shawaiz788,189942646,2024-11,6,73,10,2024–2026
waleedhkirmani,https://github.com/waleedhkirmani,187973678,2024-11,9,71,10,2024–2026
m-qa5im,https://github.com/m-qa5im,187771972,2024-11,7,71,10,2024–2026
Syedmashaf-14,https://github.com/Syedmashaf-14,187201950,2024-11,14,67,10,2024–2026
SohaibSajid56,https://github.com/SohaibSajid56,187020717,2024-11,8,67,10,2024–2026
AliAbbas-14,https://github.com/AliAbbas-14,189773432,2024-11,20,66,10,2024–2026
khubaib0227,https://github.com/khubaib0227,188147225,2024-11,15,60,10,2024–2026
alijan-code,https://github.com/alijan-code,189089991,2024-11,23,59,10,2024–2026
Umair0436,https://github.com/Umair0436,187844886,2024-11,12,59,10,2024–2026
rafiacoder,https://github.com/rafiacoder,188963180,2024-11,24,58,10,2024–2026
Code-with-Khadija,https://github.com/Code-with-Khadija,187860098,2024-11,12,57,10,2024–2026
habeel-bhatti,https://github.com/habeel-bhatti,190099683,2024-11,37,56,10,2024–2026
Abdullah-Sanomads,https://github.com/Abdullah-Sanomads,189240448,2024-11,8,55,10,2024–2026
ahsan169,https://github.com/ahsan169,190023756,2024-11,13,50,10,2024–2026
Hmm-Asadullah,https://github.com/Hmm-Asadullah,189367837,2024-11,10,50,10,2024–2026
FatimaRasheedEngineer,https://github.com/FatimaRasheedEngineer,188987607,2024-11,21,49,10,2024–2026
minahilkhalidmk,https://github.com/minahilkhalidmk,189530242,2024-11,6,47,10,2024–2026
RehanRiaz09,https://github.com/RehanRiaz09,187724480,2024-11,12,46,10,2024–2026
AhadxArain,https://github.com/AhadxArain,187293329,2024-11,16,44,10,2024–2026
bazedgul1,https://github.com/bazedgul1,189212804,2024-11,9,44,10,2024–2026
sanwalsultan,https://github.com/sanwalsultan,189495294,2024-11,10,43,10,2024–2026
muhammadafzaal007,https://github.com/muhammadafzaal007,187402835,2024-11,16,42,10,2024–2026
x-Neurons,https://github.com/x-Neurons,187946577,2024-11,9,42,10,2024–2026
HoorulainAsad,https://github.com/HoorulainAsad,189759041,2024-11,7,40,10,2024–2026
Alikhang111,https://github.com/Alikhang111,187795413,2024-11,22,39,10,2024–2026
aftab707,https://github.com/aftab707,188766636,2024-11,11,38,10,2024–2026
AhmadHassan28,https://github.com/AhmadHassan28,189835570,2024-11,8,37,10,2024–2026
hanan309,https://github.com/hanan309,188408462,2024-11,15,36,10,2024–2026
RanaFahad007,https://github.com/RanaFahad007,188537870,2024-11,14,36,10,2024–2026
SRHv2,https://github.com/SRHv2,187373326,2024-11,10,36,10,2024–2026
MuhammadAwais005,https://github.com/MuhammadAwais005,188757715,2024-11,8,35,10,2024–2026
mzubair-afzal,https://github.com/mzubair-afzal,188999703,2024-11,19,34,10,2024–2026
ahmadshakeeL917,https://github.com/ahmadshakeeL917,189258423,2024-11,6,33,10,2024–2026
Ajwa-R,https://github.com/Ajwa-R,189946710,2024-11,9,32,10,2024–2026
AbiWaqas08,https://github.com/AbiWaqas08,187016461,2024-11,8,32,10,2024–2026
UrwaShahidicoder,https://github.com/UrwaShahidicoder,188989446,2024-11,17,30,10,2024–2026
Kiran-Arshad-1,https://github.com/Kiran-Arshad-1,190207228,2024-11,16,27,10,2024–2026
dev-M-Ali,https://github.com/dev-M-Ali,188588342,2024-11,10,27,10,2024–2026
Ather52,https://github.com/Ather52,189036142,2024-11,8,27,10,2024–2026
SaadFarooqTxend,https://github.com/SaadFarooqTxend,189220311,2024-11,12,23,10,2024–2026
dev-sulman,https://github.com/dev-sulman,191896100,2024-12,21,1170,10,2024–2026
Imtiaz513,https://github.com/Imtiaz513,192143611,2024-12,13,778,10,2024–2026
UmerFarooqJillani,https://github.com/UmerFarooqJillani,192805530,2024-12,19,667,10,2024–2026
Atonomous,https://github.com/Atonomous,192242983,2024-12,11,406,10,2024–2026
FaizBuildsStuff,https://github.com/FaizBuildsStuff,190358388,2024-12,32,350,10,2024–2026
SulymanKhalil,https://github.com/SulymanKhalil,191374293,2024-12,38,322,10,2024–2026
SufyanAli56,https://github.com/SufyanAli56,190470562,2024-12,33,299,10,2024–2026
Abdul-Manan-PG,https://github.com/Abdul-Manan-PG,190521862,2024-12,7,274,10,2024–2026
abubakarkhosa-git,https://github.com/abubakarkhosa-git,190359846,2024-12,20,268,10,2024–2026
Muhammad-Hamza-webdev,https://github.com/Muhammad-Hamza-webdev,190333817,2024-12,18,255,10,2024–2026
DrAdnanFarzandAli,https://github.com/DrAdnanFarzandAli,190236676,2024-12,33,240,10,2024–2026
areeb193,https://github.com/areeb193,190927048,2024-12,21,209,10,2024–2026
Umar123-git,https://github.com/Umar123-git,193144954,2024-12,9,202,10,2024–2026
MHassan-Tariq,https://github.com/MHassan-Tariq,190526782,2024-12,14,190,10,2024–2026
ali-maqsood1,https://github.com/ali-maqsood1,191245717,2024-12,16,179,10,2024–2026
TayyabaAltaf1,https://github.com/TayyabaAltaf1,190997199,2024-12,36,165,10,2024–2026
Komal-commits-ai,https://github.com/Komal-commits-ai,191678982,2024-12,9,164,10,2024–2026
FaizanMajeed112,https://github.com/FaizanMajeed112,191228008,2024-12,15,135,10,2024–2026
Saragill12,https://github.com/Saragill12,190801052,2024-12,35,125,10,2024–2026
engraliahmed,https://github.com/engraliahmed,192502737,2024-12,24,114,10,2024–2026
M-Rabee-4146,https://github.com/M-Rabee-4146,192108266,2024-12,12,114,10,2024–2026
Shahzaib-arch786,https://github.com/Shahzaib-arch786,192427821,2024-12,12,111,10,2024–2026
SaadUrfSadi,https://github.com/SaadUrfSadi,190629669,2024-12,27,109,10,2024–2026
Iamzohaibali,https://github.com/Iamzohaibali,190991697,2024-12,57,95,10,2024–2026
asadullah-7,https://github.com/asadullah-7,192610241,2024-12,12,90,10,2024–2026
MubashirRajput3786,https://github.com/MubashirRajput3786,191139017,2024-12,14,88,10,2024–2026
kanva34,https://github.com/kanva34,193055489,2024-12,6,77,10,2024–2026
AticMatic,https://github.com/AticMatic,190407940,2024-12,9,76,10,2024–2026
hassankhan-34,https://github.com/hassankhan-34,192989886,2024-12,11,75,10,2024–2026
Khoshal01,https://github.com/Khoshal01,192681013,2024-12,16,73,10,2024–2026
Ahmad-Mujtaba0,https://github.com/Ahmad-Mujtaba0,191608088,2024-12,41,71,10,2024–2026
tayyabdevpro,https://github.com/tayyabdevpro,192547700,2024-12,11,69,10,2024–2026
m-tayyabsaleem,https://github.com/m-tayyabsaleem,192064393,2024-12,11,65,10,2024–2026
sanaullah-sana,https://github.com/sanaullah-sana,190386780,2024-12,12,64,10,2024–2026
abdurrehmansleepsalot,https://github.com/abdurrehmansleepsalot,192291165,2024-12,13,63,10,2024–2026
Samiq-56,https://github.com/Samiq-56,193211095,2024-12,33,57,10,2024–2026
Zarawar5555,https://github.com/Zarawar5555,191509387,2024-12,16,56,10,2024–2026
Ranazia943,https://github.com/Ranazia943,191438161,2024-12,10,56,10,2024–2026
Salaar052,https://github.com/Salaar052,192168853,2024-12,9,55,10,2024–2026
leehay873,https://github.com/leehay873,190746840,2024-12,34,50,10,2024–2026
Noman-ashraf1,https://github.com/Noman-ashraf1,191578301,2024-12,11,50,10,2024–2026
Muhammad-Kamran-Khan,https://github.com/Muhammad-Kamran-Khan,192521318,2024-12,18,48,10,2024–2026
RIYAN-DEV-18,https://github.com/RIYAN-DEV-18,192348500,2024-12,6,48,10,2024–2026
ihassanarif29,https://github.com/ihassanarif29,192275692,2024-12,7,46,10,2024–2026
Mahnoormughal84,https://github.com/Mahnoormughal84,190965885,2024-12,25,45,10,2024–2026
msnawaz786,https://github.com/msnawaz786,191838947,2024-12,12,44,10,2024–2026
bilalahsanwc,https://github.com/bilalahsanwc,192730324,2024-12,7,44,10,2024–2026
Zain-Abbas-developer,https://github.com/Zain-Abbas-developer,190354380,2024-12,13,43,10,2024–2026
hamzashk25,https://github.com/hamzashk25,192451390,2024-12,9,42,10,2024–2026
Furqan-Ahmed2006,https://github.com/Furqan-Ahmed2006,192973950,2024-12,19,41,10,2024–2026
AbdulQadeer05,https://github.com/AbdulQadeer05,191023297,2024-12,20,39,10,2024–2026
UsamaAhmed-Researcher,https://github.com/UsamaAhmed-Researcher,192473737,2024-12,22,34,10,2024–2026
sahibzada471,https://github.com/sahibzada471,191088590,2024-12,13,34,10,2024–2026
mominabilal,https://github.com/mominabilal,193104227,2024-12,7,30,10,2024–2026
moazam50,https://github.com/moazam50,192421227,2024-12,7,29,10,2024–2026
MAzlanKhan,https://github.com/MAzlanKhan,191010841,2024-12,10,28,10,2024–2026
IrsaamSabir,https://github.com/IrsaamSabir,191001482,2024-12,6,26,10,2024–2026
Aliimtiaz82,https://github.com/Aliimtiaz82,190715547,2024-12,8,23,10,2024–2026
artasyaskar,https://github.com/artasyaskar,195338019,2025-01,45,1561,10,2024–2026
mirzayasirabdullahbaig07,https://github.com/mirzayasirabdullahbaig07,194883236,2025-01,44,1195,10,2024–2026
Muhammad-Shoaib-1,https://github.com/Muhammad-Shoaib-1,194068486,2025-01,18,1184,10,2024–2026
alibro005,https://github.com/alibro005,195623281,2025-01,14,997,10,2024–2026
RyanIdris41,https://github.com/RyanIdris41,193806786,2025-01,6,949,10,2024–2026
kxmtkw,https://github.com/kxmtkw,193673274,2025-01,6,772,10,2024–2026
hasinUllah565,https://github.com/hasinUllah565,194087657,2025-01,16,637,10,2024–2026
Meharzain2010,https://github.com/Meharzain2010,194600882,2025-01,14,384,10,2024–2026
rafayashfaq,https://github.com/rafayashfaq,196890530,2025-01,12,369,10,2024–2026
zohaib-7035,https://github.com/zohaib-7035,196353530,2025-01,65,324,10,2024–2026
SaqibYounas,https://github.com/SaqibYounas,194108355,2025-01,9,316,10,2024–2026
SaadInnovates,https://github.com/SaadInnovates,195454972,2025-01,66,282,10,2024–2026
amirfarid78,https://github.com/amirfarid78,194351539,2025-01,19,257,10,2024–2026
Abdullah-JUTT-cloud,https://github.com/Abdullah-JUTT-cloud,193693387,2025-01,21,219,10,2024–2026
umernvd,https://github.com/umernvd,194832502,2025-01,14,204,10,2024–2026
Fahad-NinjaTurtle,https://github.com/Fahad-NinjaTurtle,194504232,2025-01,13,199,10,2024–2026
FaizanNaroo,https://github.com/FaizanNaroo,197308871,2025-01,15,196,10,2024–2026
AsadUllah428,https://github.com/AsadUllah428,193598889,2025-01,25,195,10,2024–2026
MuhammadHasaanWaseem,https://github.com/MuhammadHasaanWaseem,196189534,2025-01,18,184,10,2024–2026
haroon-rash,https://github.com/haroon-rash,193466155,2025-01,13,179,10,2024–2026
Mqt22,https://github.com/Mqt22,194278859,2025-01,49,167,10,2024–2026
Sanawer-Batool,https://github.com/Sanawer-Batool,195768509,2025-01,25,161,10,2024–2026
MuhammadSubhan123321,https://github.com/MuhammadSubhan123321,194490638,2025-01,17,161,10,2024–2026
AfaqKhan10,https://github.com/AfaqKhan10,196180179,2025-01,9,154,10,2024–2026
SaadAbbas598,https://github.com/SaadAbbas598,196430993,2025-01,15,145,10,2024–2026
MuhammadAyanSajid,https://github.com/MuhammadAyanSajid,196661521,2025-01,32,144,10,2024–2026
alphaxt,https://github.com/alphaxt,196701256,2025-01,12,143,10,2024–2026
Nauman804,https://github.com/Nauman804,196555331,2025-01,16,142,10,2024–2026
saadbinather,https://github.com/saadbinather,196843685,2025-01,21,137,10,2024–2026
Aina-Aroob,https://github.com/Aina-Aroob,197317295,2025-01,8,128,10,2024–2026
Shahbazh1,https://github.com/Shahbazh1,196802603,2025-01,18,123,10,2024–2026
usmanasifbutt,https://github.com/usmanasifbutt,194797748,2025-01,13,105,10,2024–2026
Ammar-creator5345,https://github.com/Ammar-creator5345,196683306,2025-01,9,99,10,2024–2026
moheezkiani01,https://github.com/moheezkiani01,193472752,2025-01,12,98,10,2024–2026
itxmjr,https://github.com/itxmjr,197095724,2025-01,17,93,10,2024–2026
Aiengineer360,https://github.com/Aiengineer360,193739668,2025-01,15,90,10,2024–2026
ShumailAffan,https://github.com/ShumailAffan,195763570,2025-01,12,89,10,2024–2026
salmariaz-tech,https://github.com/salmariaz-tech,197232094,2025-01,28,88,10,2024–2026
zaighumabbaspk,https://github.com/zaighumabbaspk,196829163,2025-01,13,88,10,2024–2026
furqanjaved1060,https://github.com/furqanjaved1060,193793511,2025-01,8,88,10,2024–2026
ahmad123576,https://github.com/ahmad123576,193579227,2025-01,12,83,10,2024–2026
razee512,https://github.com/razee512,194096661,2025-01,12,81,10,2024–2026
kamran241,https://github.com/kamran241,194071374,2025-01,45,76,10,2024–2026
IrfanHaider17,https://github.com/IrfanHaider17,194691880,2025-01,16,76,10,2024–2026
Mhasxxb,https://github.com/Mhasxxb,194929810,2025-01,12,76,10,2024–2026
HamzaAdeel05,https://github.com/HamzaAdeel05,194789559,2025-01,13,74,10,2024–2026
Moazali302,https://github.com/Moazali302,196075589,2025-01,7,74,10,2024–2026
taimourkhokhar,https://github.com/taimourkhokhar,196520277,2025-01,6,74,10,2024–2026
lizey19,https://github.com/lizey19,196217170,2025-01,13,72,10,2024–2026
Ayesha1Shafqat,https://github.com/Ayesha1Shafqat,195468888,2025-01,10,70,10,2024–2026
Mah-Noor11,https://github.com/Mah-Noor11,195539473,2025-01,8,70,10,2024–2026
AsadRiaz045,https://github.com/AsadRiaz045,196596716,2025-01,11,66,10,2024–2026
MohsinKhan4050,https://github.com/MohsinKhan4050,195156627,2025-01,22,65,10,2024–2026
AbuBakarAthar,https://github.com/AbuBakarAthar,195725826,2025-01,19,65,10,2024–2026
owaisrao751,https://github.com/owaisrao751,194105467,2025-01,26,63,10,2024–2026
yaseenishfaqjan,https://github.com/yaseenishfaqjan,195257706,2025-01,20,63,10,2024–2026
Caliph3ubaidUrRe7man,https://github.com/Caliph3ubaidUrRe7man,193945261,2025-01,9,62,10,2024–2026
MauarijKhan,https://github.com/MauarijKhan,195657517,2025-01,10,60,10,2024–2026
Harris-Shoukat,https://github.com/Harris-Shoukat,193392109,2025-01,17,58,10,2024–2026
AbdullahBajwa48,https://github.com/AbdullahBajwa48,196811764,2025-01,9,50,10,2024–2026
Abubakr-Cake,https://github.com/Abubakr-Cake,197088770,2025-01,10,47,10,2024–2026
s-malix21,https://github.com/s-malix21,195926892,2025-01,6,43,10,2024–2026
arhama1100,https://github.com/arhama1100,193531928,2025-01,15,41,10,2024–2026
Ahmed-116,https://github.com/Ahmed-116,197288454,2025-01,14,41,10,2024–2026
sajjad-hassan834,https://github.com/sajjad-hassan834,194879409,2025-01,13,40,10,2024–2026
Moosa0320,https://github.com/Moosa0320,195759595,2025-01,6,39,10,2024–2026
HammadNawaz519,https://github.com/HammadNawaz519,196807058,2025-01,6,39,10,2024–2026
ahsanyousaf786,https://github.com/ahsanyousaf786,195540736,2025-01,9,38,10,2024–2026
muhammad-ishaque-tareen,https://github.com/muhammad-ishaque-tareen,196775394,2025-01,8,38,10,2024–2026
asim-dev456,https://github.com/asim-dev456,194793935,2025-01,14,36,10,2024–2026
nida-karamat,https://github.com/nida-karamat,195677834,2025-01,14,35,10,2024–2026
mudasir1144,https://github.com/mudasir1144,194194404,2025-01,7,35,10,2024–2026
muneeb-sajid,https://github.com/muneeb-sajid,196604202,2025-01,8,34,10,2024–2026
sweratanveer,https://github.com/sweratanveer,194418786,2025-01,13,33,10,2024–2026
knightx9295,https://github.com/knightx9295,193606120,2025-01,6,31,10,2024–2026
AhmadQamar0679,https://github.com/AhmadQamar0679,194710730,2025-01,7,30,10,2024–2026
Hashaam-Ahmad775,https://github.com/Hashaam-Ahmad775,195820928,2025-01,8,29,10,2024–2026
Parotcompany,https://github.com/Parotcompany,196824773,2025-01,15,28,10,2024–2026
Umar-shahzad85,https://github.com/Umar-shahzad85,194962874,2025-01,10,28,10,2024–2026
qamar5663,https://github.com/qamar5663,196018119,2025-01,27,27,10,2024–2026
newbieahmi,https://github.com/newbieahmi,196321286,2025-01,10,27,10,2024–2026
anasrashid369,https://github.com/anasrashid369,193880079,2025-01,9,26,10,2024–2026
Mubeenshan,https://github.com/Mubeenshan,193396414,2025-01,6,25,10,2024–2026
rehanbhjg,https://github.com/rehanbhjg,196309644,2025-01,10,23,10,2024–2026
themhamza,https://github.com/themhamza,196933448,2025-01,7,23,10,2024–2026
Samama313,https://github.com/Samama313,194365323,2025-01,6,23,10,2024–2026
Farmanullah92,https://github.com/Farmanullah92,193598140,2025-01,7,22,10,2024–2026
kashfeetraza,https://github.com/kashfeetraza,197568918,2025-02,43,659,10,2024–2026
immaryammahmood,https://github.com/immaryammahmood,199388655,2025-02,11,507,10,2024–2026
abdullahdep,https://github.com/abdullahdep,200755763,2025-02,19,505,10,2024–2026
umer1730,https://github.com/umer1730,199497244,2025-02,8,471,10,2024–2026
noor-1457,https://github.com/noor-1457,199600612,2025-02,24,392,10,2024–2026
MuhammadTalalZahid33,https://github.com/MuhammadTalalZahid33,197923517,2025-02,11,341,10,2024–2026
Tabbu-Arain,https://github.com/Tabbu-Arain,197355454,2025-02,14,318,10,2024–2026
aman-zulfiqar,https://github.com/aman-zulfiqar,201290574,2025-02,28,298,10,2024–2026
gullsnobar,https://github.com/gullsnobar,200612855,2025-02,81,245,10,2024–2026
noman-nawaz-dev,https://github.com/noman-nawaz-dev,197493734,2025-02,15,245,10,2024–2026
Tech-Hammad,https://github.com/Tech-Hammad,199673757,2025-02,8,234,10,2024–2026
Abdullah-Zafarr,https://github.com/Abdullah-Zafarr,200517102,2025-02,9,233,10,2024–2026
awaismumtaz1406,https://github.com/awaismumtaz1406,199968383,2025-02,18,191,10,2024–2026
HamzaAsif2002,https://github.com/HamzaAsif2002,199100507,2025-02,36,186,10,2024–2026
SamanAslam10,https://github.com/SamanAslam10,198786309,2025-02,15,168,10,2024–2026
amnafatimaa,https://github.com/amnafatimaa,198695747,2025-02,18,166,10,2024–2026
M-Farooq-Ahmad,https://github.com/M-Farooq-Ahmad,198334701,2025-02,7,159,10,2024–2026
Adnan-ZY,https://github.com/Adnan-ZY,199272479,2025-02,22,152,10,2024–2026
abdulrehhhhman,https://github.com/abdulrehhhhman,199367014,2025-02,22,151,10,2024–2026
WarNightOG,https://github.com/WarNightOG,197376849,2025-02,12,140,10,2024–2026
ROMANIJAZ78600,https://github.com/ROMANIJAZ78600,199098764,2025-02,18,132,10,2024–2026
husnain-native,https://github.com/husnain-native,198404505,2025-02,19,122,10,2024–2026
whozahm3d,https://github.com/whozahm3d,200116264,2025-02,9,122,10,2024–2026
IbrahimAhmed-Tech,https://github.com/IbrahimAhmed-Tech,197713258,2025-02,11,119,10,2024–2026
muizztalks,https://github.com/muizztalks,197752216,2025-02,11,116,10,2024–2026
Muhammad-Waqar022,https://github.com/Muhammad-Waqar022,198858975,2025-02,13,115,10,2024–2026
qayyums3116,https://github.com/qayyums3116,200571202,2025-02,13,108,10,2024–2026
MuhammadMusabYaqoob,https://github.com/MuhammadMusabYaqoob,200641392,2025-02,10,103,10,2024–2026
shahbaz746,https://github.com/shahbaz746,199788468,2025-02,16,101,10,2024–2026
Abdulrahman50ab,https://github.com/Abdulrahman50ab,200950324,2025-02,16,79,10,2024–2026
Nafay-Aftab,https://github.com/Nafay-Aftab,199752991,2025-02,16,69,10,2024–2026
humzamajeed,https://github.com/humzamajeed,199477335,2025-02,15,66,10,2024–2026
awais9642,https://github.com/awais9642,199898939,2025-02,6,62,10,2024–2026
bakar6947,https://github.com/bakar6947,200795205,2025-02,6,62,10,2024–2026
Ahmad-code-boy,https://github.com/Ahmad-code-boy,200012519,2025-02,18,57,10,2024–2026
nshahmeer-ai,https://github.com/nshahmeer-ai,199268856,2025-02,14,53,10,2024–2026
faizan03434,https://github.com/faizan03434,199067655,2025-02,13,50,10,2024–2026
Tayyab2287,https://github.com/Tayyab2287,199074754,2025-02,14,49,10,2024–2026
Abdul-Rehman473,https://github.com/Abdul-Rehman473,200401839,2025-02,10,49,10,2024–2026
MuhammadZain007,https://github.com/MuhammadZain007,198233216,2025-02,10,45,10,2024–2026
EngrShehrozAkhterCh,https://github.com/EngrShehrozAkhterCh,198645224,2025-02,11,41,10,2024–2026
irfan241,https://github.com/irfan241,197711967,2025-02,13,38,10,2024–2026
MRameez12,https://github.com/MRameez12,198214601,2025-02,6,38,10,2024–2026
usmankhaan300,https://github.com/usmankhaan300,201195159,2025-02,13,36,10,2024–2026
muhammadafzaal0,https://github.com/muhammadafzaal0,200639472,2025-02,9,34,10,2024–2026
Syed-Huzaifa-Yazdani-29,https://github.com/Syed-Huzaifa-Yazdani-29,198505059,2025-02,17,31,10,2024–2026
zamiltech5043,https://github.com/zamiltech5043,199572981,2025-02,8,30,10,2024–2026
Aneeta021,https://github.com/Aneeta021,198566872,2025-02,13,26,10,2024–2026
ZishanZaman,https://github.com/ZishanZaman,197476305,2025-02,12,26,10,2024–2026
Nomi9251,https://github.com/Nomi9251,199097958,2025-02,12,26,10,2024–2026
faisalraza189,https://github.com/faisalraza189,198669754,2025-02,10,26,10,2024–2026
fahadGhauri,https://github.com/fahadGhauri,199740838,2025-02,7,26,10,2024–2026
UzairNazeer515,https://github.com/UzairNazeer515,198252439,2025-02,20,25,10,2024–2026
AwaisAli3101,https://github.com/AwaisAli3101,198097970,2025-02,18,24,10,2024–2026
farzandali0099,https://github.com/farzandali0099,197366847,2025-02,14,23,10,2024–2026
Danish2336,https://github.com/Danish2336,198582021,2025-02,7,23,10,2024–2026
AliSaleem7542,https://github.com/AliSaleem7542,198972595,2025-02,13,22,10,2024–2026
muqadas-233,https://github.com/muqadas-233,197358274,2025-02,9,22,10,2024–2026
Asad-Zaidi,https://github.com/Asad-Zaidi,205497635,2025-03,26,2218,10,2024–2026
AbdulKreemShah2408,https://github.com/AbdulKreemShah2408,201979525,2025-03,38,1213,10,2024–2026
aliahmad552,https://github.com/aliahmad552,202575057,2025-03,40,489,10,2024–2026
ar-rehman786,https://github.com/ar-rehman786,202184624,2025-03,17,440,10,2024–2026
Hassan-Ali-Mehdi-3024,https://github.com/Hassan-Ali-Mehdi-3024,204460957,2025-03,15,286,10,2024–2026
Musawir456,https://github.com/Musawir456,204560738,2025-03,58,209,10,2024–2026
wajahatAli-1016,https://github.com/wajahatAli-1016,203838388,2025-03,20,205,10,2024–2026
MananAslamDev,https://github.com/MananAslamDev,203062584,2025-03,21,191,10,2024–2026
Maryam4321,https://github.com/Maryam4321,202784402,2025-03,10,180,10,2024–2026
abdullahkhaver,https://github.com/abdullahkhaver,203943488,2025-03,28,158,10,2024–2026
Iqra-Ilyas094093,https://github.com/Iqra-Ilyas094093,201430946,2025-03,25,151,10,2024–2026
syedharis14,https://github.com/syedharis14,202575674,2025-03,7,140,10,2024–2026
Khansa05,https://github.com/Khansa05,204424729,2025-03,18,130,10,2024–2026
ZaidSohail21,https://github.com/ZaidSohail21,202584374,2025-03,11,122,10,2024–2026
Muhammad-Rameez765,https://github.com/Muhammad-Rameez765,203834420,2025-03,9,122,10,2024–2026
AliHaSSan-13,https://github.com/AliHaSSan-13,203404358,2025-03,6,108,10,2024–2026
Arooj56,https://github.com/Arooj56,202301095,2025-03,13,95,10,2024–2026
MSubhanAli4210,https://github.com/MSubhanAli4210,202655867,2025-03,20,94,10,2024–2026
Hamza-Bhatti07,https://github.com/Hamza-Bhatti07,201485454,2025-03,12,93,10,2024–2026
AghaEssa,https://github.com/AghaEssa,202514310,2025-03,13,87,10,2024–2026
Sitara-Shahzad1,https://github.com/Sitara-Shahzad1,202161073,2025-03,29,86,10,2024–2026
AliPasha122,https://github.com/AliPasha122,204518239,2025-03,35,84,10,2024–2026
Afshan-Farooq-dev,https://github.com/Afshan-Farooq-dev,204486053,2025-03,17,79,10,2024–2026
AsyncHawks,https://github.com/AsyncHawks,202853749,2025-03,19,77,10,2024–2026
ikram-webdev,https://github.com/ikram-webdev,202784151,2025-03,17,77,10,2024–2026
HashirLodhi,https://github.com/HashirLodhi,202629928,2025-03,33,74,10,2024–2026
UzairAsif-8,https://github.com/UzairAsif-8,202725125,2025-03,22,73,10,2024–2026
anas1846,https://github.com/anas1846,203886238,2025-03,13,66,10,2024–2026
hamzaafzal391,https://github.com/hamzaafzal391,204150670,2025-03,13,66,10,2024–2026
shaafali713,https://github.com/shaafali713,201586185,2025-03,51,65,10,2024–2026
f4farmaish,https://github.com/f4farmaish,202648508,2025-03,21,63,10,2024–2026
heyhusn,https://github.com/heyhusn,204906494,2025-03,19,63,10,2024–2026
raonabeelahmad11,https://github.com/raonabeelahmad11,202449684,2025-03,8,61,10,2024–2026
zabi2223,https://github.com/zabi2223,203694254,2025-03,7,58,10,2024–2026
Muzammil-Abubakar,https://github.com/Muzammil-Abubakar,201339366,2025-03,6,55,10,2024–2026
Mustafaibrahim10,https://github.com/Mustafaibrahim10,203284057,2025-03,9,53,10,2024–2026
thehmfpk,https://github.com/thehmfpk,204987996,2025-03,15,52,10,2024–2026
Asad-Bilal34,https://github.com/Asad-Bilal34,203898998,2025-03,10,52,10,2024–2026
HashirFarooq0023,https://github.com/HashirFarooq0023,202613679,2025-03,6,51,10,2024–2026
ShafaqMunawar,https://github.com/ShafaqMunawar,203690001,2025-03,31,47,10,2024–2026
emann-fatimma,https://github.com/emann-fatimma,204589678,2025-03,7,47,10,2024–2026
Rehana5-tech,https://github.com/Rehana5-tech,203391807,2025-03,13,46,10,2024–2026
SaqlainAshraf05,https://github.com/SaqlainAshraf05,203403103,2025-03,24,45,10,2024–2026
Shaimo-CoreGames,https://github.com/Shaimo-CoreGames,201335892,2025-03,7,44,10,2024–2026
afsontech,https://github.com/afsontech,202327652,2025-03,6,44,10,2024–2026
MUProgrammer,https://github.com/MUProgrammer,203561351,2025-03,18,43,10,2024–2026
zain1235ytuZ,https://github.com/zain1235ytuZ,204447485,2025-03,13,41,10,2024–2026
mhamza-py,https://github.com/mhamza-py,204856830,2025-03,6,41,10,2024–2026
shery0099x,https://github.com/shery0099x,202993115,2025-03,7,40,10,2024–2026
manas895,https://github.com/manas895,203070873,2025-03,20,39,10,2024–2026
ahsanbutta,https://github.com/ahsanbutta,203890126,2025-03,18,38,10,2024–2026
HafizFawad118,https://github.com/HafizFawad118,201472161,2025-03,13,38,10,2024–2026
anasgill984,https://github.com/anasgill984,204560037,2025-03,21,37,10,2024–2026
shahrozimran,https://github.com/shahrozimran,203467904,2025-03,6,35,10,2024–2026
Chaudhary-Uzair007,https://github.com/Chaudhary-Uzair007,203617800,2025-03,18,33,10,2024–2026
saadnizami1,https://github.com/saadnizami1,205462605,2025-03,13,33,10,2024–2026
lunar-stra95,https://github.com/lunar-stra95,203493064,2025-03,10,33,10,2024–2026
shani068,https://github.com/shani068,201647765,2025-03,7,33,10,2024–2026
AnsRehman7,https://github.com/AnsRehman7,202607379,2025-03,19,28,10,2024–2026
Ali4390-d,https://github.com/Ali4390-d,204036360,2025-03,18,28,10,2024–2026
Missal-Zahra,https://github.com/Missal-Zahra,201347388,2025-03,7,26,10,2024–2026
ATIFALI1604,https://github.com/ATIFALI1604,204216718,2025-03,15,25,10,2024–2026
Fatimarashid542,https://github.com/Fatimarashid542,203319827,2025-03,9,24,10,2024–2026
Abdullah321Umar,https://github.com/Abdullah321Umar,209007056,2025-04,41,850,10,2024–2026
muhammadXainAhmad,https://github.com/muhammadXainAhmad,206599128,2025-04,24,457,10,2024–2026
alishehzad-943,https://github.com/alishehzad-943,208625689,2025-04,13,303,10,2024–2026
AsadullahShehbaz,https://github.com/AsadullahShehbaz,208266416,2025-04,20,261,10,2024–2026
kashih222,https://github.com/kashih222,207989695,2025-04,17,228,10,2024–2026
Khizra0174,https://github.com/Khizra0174,207833691,2025-04,12,228,10,2024–2026
Yousaf-khan-se,https://github.com/Yousaf-khan-se,208484672,2025-04,7,175,10,2024–2026
Sachal2508,https://github.com/Sachal2508,209823736,2025-04,16,170,10,2024–2026
mansoorkhoshal,https://github.com/mansoorkhoshal,209703995,2025-04,22,160,10,2024–2026
azimystic,https://github.com/azimystic,206852340,2025-04,6,143,10,2024–2026
aliraza0321,https://github.com/aliraza0321,207499027,2025-04,6,142,10,2024–2026
Asadullah-shz,https://github.com/Asadullah-shz,208519012,2025-04,9,137,10,2024–2026
ahmadshahzadl,https://github.com/ahmadshahzadl,209226922,2025-04,15,134,10,2024–2026
Usman-Rajput45,https://github.com/Usman-Rajput45,206472702,2025-04,41,125,10,2024–2026
Ali-Hamza-jhujh,https://github.com/Ali-Hamza-jhujh,209060705,2025-04,12,99,10,2024–2026
Farah-Tanveer,https://github.com/Farah-Tanveer,206440095,2025-04,10,98,10,2024–2026
WaisAshraf05,https://github.com/WaisAshraf05,208251115,2025-04,18,97,10,2024–2026
19YearsOlds,https://github.com/19YearsOlds,206574411,2025-04,48,96,10,2024–2026
hafizhamza-123,https://github.com/hafizhamza-123,206691187,2025-04,9,92,10,2024–2026
mujahidAI,https://github.com/mujahidAI,209603106,2025-04,23,90,10,2024–2026
SMKanzuleman,https://github.com/SMKanzuleman,207839395,2025-04,21,80,10,2024–2026
gohar-niazi,https://github.com/gohar-niazi,209226589,2025-04,8,80,10,2024–2026
hamzazam2375,https://github.com/hamzazam2375,209681358,2025-04,9,76,10,2024–2026
AzkaShaukat,https://github.com/AzkaShaukat,209642682,2025-04,6,76,10,2024–2026
usmanwajid09,https://github.com/usmanwajid09,208987000,2025-04,15,72,10,2024–2026
Abdul-Basit-Razzaq,https://github.com/Abdul-Basit-Razzaq,206537278,2025-04,9,67,10,2024–2026
hashimtg10,https://github.com/hashimtg10,205916408,2025-04,16,66,10,2024–2026
haseebkhan93,https://github.com/haseebkhan93,209028528,2025-04,11,65,10,2024–2026
ramzan934,https://github.com/ramzan934,207995502,2025-04,8,64,10,2024–2026
miksi0078,https://github.com/miksi0078,207095132,2025-04,7,62,10,2024–2026
Faaiz07-cloud,https://github.com/Faaiz07-cloud,206826486,2025-04,6,53,10,2024–2026
Noor-Fatima-dev,https://github.com/Noor-Fatima-dev,207538463,2025-04,18,50,10,2024–2026
SAADSTACK,https://github.com/SAADSTACK,209094612,2025-04,18,49,10,2024–2026
Coder1051,https://github.com/Coder1051,209213750,2025-04,16,49,10,2024–2026
AsimShafique-59,https://github.com/AsimShafique-59,207867010,2025-04,21,47,10,2024–2026
carol00078,https://github.com/carol00078,206320796,2025-04,6,47,10,2024–2026
MrHasnain2522,https://github.com/MrHasnain2522,205922066,2025-04,16,45,10,2024–2026
Aafaq-Aamir,https://github.com/Aafaq-Aamir,209629563,2025-04,15,45,10,2024–2026
amnanadeem263,https://github.com/amnanadeem263,207753721,2025-04,8,44,10,2024–2026
Noorulain-Shahid,https://github.com/Noorulain-Shahid,209338844,2025-04,8,42,10,2024–2026
talha990-web,https://github.com/talha990-web,206665711,2025-04,17,41,10,2024–2026
waleed260,https://github.com/waleed260,207476481,2025-04,22,39,10,2024–2026
habeelbhatti,https://github.com/habeelbhatti,207032375,2025-04,25,36,10,2024–2026
Hamza07-debug,https://github.com/Hamza07-debug,208510906,2025-04,7,33,10,2024–2026
arehmanbutt-2630,https://github.com/arehmanbutt-2630,208510575,2025-04,7,31,10,2024–2026
ahmed-1818,https://github.com/ahmed-1818,208334012,2025-04,15,30,10,2024–2026
elonpart2,https://github.com/elonpart2,205904669,2025-04,6,30,10,2024–2026
Abdullah-123-456,https://github.com/Abdullah-123-456,206334664,2025-04,6,27,10,2024–2026
Saqib426,https://github.com/Saqib426,206874906,2025-04,11,26,10,2024–2026
Hanzala17082,https://github.com/Hanzala17082,207348326,2025-04,10,25,10,2024–2026
BilalJaved744,https://github.com/BilalJaved744,209631755,2025-04,13,24,10,2024–2026
faizan65-debug,https://github.com/faizan65-debug,208519816,2025-04,6,23,10,2024–2026
usmans-dev01,https://github.com/usmans-dev01,210870211,2025-05,11,60207,10,2024–2026
talhamajid02,https://github.com/talhamajid02,213803497,2025-05,29,25947,10,2024–2026
WarNightOG-Thunderbound,https://github.com/WarNightOG-Thunderbound,212226587,2025-05,19,612,10,2024–2026
ahmadrazahassan,https://github.com/ahmadrazahassan,210698087,2025-05,20,445,10,2024–2026
arhamshafi,https://github.com/arhamshafi,210378447,2025-05,76,364,10,2024–2026
Its-Yasir,https://github.com/Its-Yasir,212996832,2025-05,28,338,10,2024–2026
Bridgehomies,https://github.com/Bridgehomies,211135162,2025-05,15,279,10,2024–2026
ZerghamHayderK,https://github.com/ZerghamHayderK,210074484,2025-05,8,158,10,2024–2026
RehmatVisions,https://github.com/RehmatVisions,210130907,2025-05,43,157,10,2024–2026
dm-thedeveloper,https://github.com/dm-thedeveloper,212494168,2025-05,33,143,10,2024–2026
MuhammadZayeem,https://github.com/MuhammadZayeem,211979568,2025-05,7,138,10,2024–2026
Ali-Hamza-007,https://github.com/Ali-Hamza-007,210239481,2025-05,17,124,10,2024–2026
codebyheera,https://github.com/codebyheera,212929147,2025-05,6,120,10,2024–2026
hussnain-uet-87,https://github.com/hussnain-uet-87,211109677,2025-05,12,119,10,2024–2026
Mhuzaifaiqbal,https://github.com/Mhuzaifaiqbal,211810770,2025-05,8,113,10,2024–2026
asqasim,https://github.com/asqasim,212595698,2025-05,17,110,10,2024–2026
muhammadsaqibs,https://github.com/muhammadsaqibs,212036659,2025-05,10,109,10,2024–2026
usamacodeworld,https://github.com/usamacodeworld,210663919,2025-05,6,109,10,2024–2026
falak-sher-sher,https://github.com/falak-sher-sher,212253012,2025-05,21,98,10,2024–2026
Shaista45,https://github.com/Shaista45,211964032,2025-05,13,93,10,2024–2026
musab-18,https://github.com/musab-18,210492231,2025-05,11,87,10,2024–2026
CYBERATTACK1069,https://github.com/CYBERATTACK1069,211184825,2025-05,8,86,10,2024–2026
saman-majeed,https://github.com/saman-majeed,211141619,2025-05,14,83,10,2024–2026
AsadTech17,https://github.com/AsadTech17,214282342,2025-05,13,80,10,2024–2026
AhsanTestOps,https://github.com/AhsanTestOps,209964329,2025-05,8,77,10,2024–2026
hammadsaleem28,https://github.com/hammadsaleem28,213453959,2025-05,16,69,10,2024–2026
shehreyarnawaz0,https://github.com/shehreyarnawaz0,211613459,2025-05,23,66,10,2024–2026
Muaaz-lab,https://github.com/Muaaz-lab,213812850,2025-05,29,61,10,2024–2026
githasnain,https://github.com/githasnain,214155913,2025-05,12,59,10,2024–2026
hammad-x25,https://github.com/hammad-x25,210117971,2025-05,9,59,10,2024–2026
Khizer002,https://github.com/Khizer002,211214500,2025-05,28,57,10,2024–2026
rehaannazir,https://github.com/rehaannazir,212259620,2025-05,10,57,10,2024–2026
Rao3576,https://github.com/Rao3576,213854591,2025-05,19,56,10,2024–2026
Salman1037,https://github.com/Salman1037,210442755,2025-05,7,54,10,2024–2026
Usman17545,https://github.com/Usman17545,213957330,2025-05,7,54,10,2024–2026
nehanasir987,https://github.com/nehanasir987,213417232,2025-05,11,53,10,2024–2026
Matloob11,https://github.com/Matloob11,211978340,2025-05,12,52,10,2024–2026
mashargujjar5,https://github.com/mashargujjar5,212540323,2025-05,11,51,10,2024–2026
TashifToor,https://github.com/TashifToor,210361946,2025-05,8,51,10,2024–2026
MuhaammadUsman,https://github.com/MuhaammadUsman,214235679,2025-05,9,47,10,2024–2026
omerfarooq223,https://github.com/omerfarooq223,212127279,2025-05,11,44,10,2024–2026
Suffixsxd,https://github.com/Suffixsxd,210820126,2025-05,19,43,10,2024–2026
b4-behroz,https://github.com/b4-behroz,211968060,2025-05,8,43,10,2024–2026
asifjoyia886,https://github.com/asifjoyia886,212830828,2025-05,14,42,10,2024–2026
DarkVampire1235789,https://github.com/DarkVampire1235789,210753940,2025-05,11,42,10,2024–2026
Sarmad-Zia,https://github.com/Sarmad-Zia,212325949,2025-05,6,38,10,2024–2026
Abid-Hussain81,https://github.com/Abid-Hussain81,210145945,2025-05,12,36,10,2024–2026
Sabirdev112,https://github.com/Sabirdev112,214262206,2025-05,6,35,10,2024–2026
MusfirahRummanPK,https://github.com/MusfirahRummanPK,210851366,2025-05,11,32,10,2024–2026
M-ZAHID-TALIB,https://github.com/M-ZAHID-TALIB,212148373,2025-05,11,32,10,2024–2026
devfawadraza,https://github.com/devfawadraza,210249675,2025-05,8,32,10,2024–2026
maltaf700,https://github.com/maltaf700,210261809,2025-05,13,31,10,2024–2026
ch-yousufali,https://github.com/ch-yousufali,210252025,2025-05,12,31,10,2024–2026
FahadHussain622,https://github.com/FahadHussain622,210218487,2025-05,9,30,10,2024–2026
http-hamza,https://github.com/http-hamza,213973815,2025-05,8,30,10,2024–2026
BismaArshadRaja,https://github.com/BismaArshadRaja,210928021,2025-05,8,30,10,2024–2026
aaamna-zahid,https://github.com/aaamna-zahid,213032899,2025-05,7,30,10,2024–2026
Mehboob-Ahmad,https://github.com/Mehboob-Ahmad,211126317,2025-05,9,28,10,2024–2026
adeelalam1671,https://github.com/adeelalam1671,213669205,2025-05,10,26,10,2024–2026
bilalhossainshah,https://github.com/bilalhossainshah,211225734,2025-05,8,25,10,2024–2026
aqsa-bhutto07,https://github.com/aqsa-bhutto07,212148188,2025-05,8,25,10,2024–2026
Kamran0925,https://github.com/Kamran0925,215683449,2025-06,17,890,10,2024–2026
numaan750,https://github.com/numaan750,214774318,2025-06,16,489,10,2024–2026
farazazeem-6,https://github.com/farazazeem-6,216012027,2025-06,41,483,10,2024–2026
ahmad-006,https://github.com/ahmad-006,217465312,2025-06,13,423,10,2024–2026
ShahzaibAli7867,https://github.com/ShahzaibAli7867,217439321,2025-06,10,319,10,2024–2026
Jam-Awais-Ishaq,https://github.com/Jam-Awais-Ishaq,217740044,2025-06,14,245,10,2024–2026
sarukhmazari,https://github.com/sarukhmazari,217463498,2025-06,11,207,10,2024–2026
muzamilofficial,https://github.com/muzamilofficial,218629603,2025-06,7,179,10,2024–2026
Abbasi-codes-hub,https://github.com/Abbasi-codes-hub,214999478,2025-06,14,150,10,2024–2026
zoyyaali,https://github.com/zoyyaali,218408693,2025-06,7,137,10,2024–2026
MuhammadNadeemAkbar-12,https://github.com/MuhammadNadeemAkbar-12,217978540,2025-06,6,137,10,2024–2026
mirzabilalmb,https://github.com/mirzabilalmb,217224507,2025-06,15,136,10,2024–2026
mShahanJaved,https://github.com/mShahanJaved,214331060,2025-06,28,123,10,2024–2026
Huzaima372,https://github.com/Huzaima372,217914623,2025-06,10,118,10,2024–2026
AliHassanchughtai,https://github.com/AliHassanchughtai,216736840,2025-06,33,108,10,2024–2026
Ateebamir,https://github.com/Ateebamir,217157466,2025-06,13,104,10,2024–2026
Umar-Ali14,https://github.com/Umar-Ali14,216531151,2025-06,8,102,10,2024–2026
zainsajjad903,https://github.com/zainsajjad903,217874286,2025-06,9,101,10,2024–2026
Dawood131,https://github.com/Dawood131,214482986,2025-06,6,101,10,2024–2026
devshahzaibali,https://github.com/devshahzaibali,214712652,2025-06,7,94,10,2024–2026
sunnyiocreator,https://github.com/sunnyiocreator,217391129,2025-06,6,79,10,2024–2026
RimshaKhan08,https://github.com/RimshaKhan08,216437476,2025-06,28,77,10,2024–2026
ahmed-mustafa-ca,https://github.com/ahmed-mustafa-ca,217083461,2025-06,24,77,10,2024–2026
shahbazzubair,https://github.com/shahbazzubair,214478020,2025-06,7,65,10,2024–2026
Shannaseem,https://github.com/Shannaseem,217156238,2025-06,13,64,10,2024–2026
muhammadasim31,https://github.com/muhammadasim31,218055567,2025-06,20,59,10,2024–2026
AmnaTariqdev564,https://github.com/AmnaTariqdev564,217499175,2025-06,8,55,10,2024–2026
mudassar3616,https://github.com/mudassar3616,216915627,2025-06,39,53,10,2024–2026
arfa642,https://github.com/arfa642,216011036,2025-06,13,52,10,2024–2026
numan-developer-2,https://github.com/numan-developer-2,218140917,2025-06,18,51,10,2024–2026
TahaRehan8,https://github.com/TahaRehan8,215138326,2025-06,10,50,10,2024–2026
Mahnoor-Omar,https://github.com/Mahnoor-Omar,216937259,2025-06,13,44,10,2024–2026
Sikanderalijutt,https://github.com/Sikanderalijutt,214404625,2025-06,7,44,10,2024–2026
muhammadibrahim46,https://github.com/muhammadibrahim46,218348476,2025-06,12,43,10,2024–2026
zeeshan-Shakeel,https://github.com/zeeshan-Shakeel,216315433,2025-06,13,41,10,2024–2026
shiza-clouddev,https://github.com/shiza-clouddev,216387294,2025-06,24,38,10,2024–2026
RafayMoqeetAhmad,https://github.com/RafayMoqeetAhmad,217635721,2025-06,31,36,10,2024–2026
SyedMuaarij-Nadeem,https://github.com/SyedMuaarij-Nadeem,217648079,2025-06,14,36,10,2024–2026
AliAmir729,https://github.com/AliAmir729,216504712,2025-06,12,36,10,2024–2026
omardoesdata,https://github.com/omardoesdata,214371441,2025-06,16,35,10,2024–2026
FreeToolsAi,https://github.com/FreeToolsAi,214817788,2025-06,12,35,10,2024–2026
saifferoz2025,https://github.com/saifferoz2025,216789602,2025-06,10,35,10,2024–2026
Anas-code1,https://github.com/Anas-code1,218094929,2025-06,10,34,10,2024–2026
codewithaimii,https://github.com/codewithaimii,216177539,2025-06,7,32,10,2024–2026
Ali-Hussnain-official,https://github.com/Ali-Hussnain-official,218198874,2025-06,6,29,10,2024–2026
meerab78,https://github.com/meerab78,215882859,2025-06,11,25,10,2024–2026
iqrasaeed5638,https://github.com/iqrasaeed5638,216422868,2025-06,8,25,10,2024–2026
Khuzaimazia123,https://github.com/Khuzaimazia123,216321678,2025-06,12,24,10,2024–2026
Rahman1096,https://github.com/Rahman1096,216473208,2025-06,8,24,10,2024–2026
ajwarauff,https://github.com/ajwarauff,214906050,2025-06,6,24,10,2024–2026
mr-ahtashamulhaq,https://github.com/mr-ahtashamulhaq,222639123,2025-07,13,901,10,2024–2026
saimadeel894-boop,https://github.com/saimadeel894-boop,222840373,2025-07,69,827,10,2024–2026
hassanbuilds,https://github.com/hassanbuilds,219761786,2025-07,7,554,10,2024–2026
moeez-khan-jspy,https://github.com/moeez-khan-jspy,219892880,2025-07,19,431,10,2024–2026
Denver966,https://github.com/Denver966,220177634,2025-07,21,277,10,2024–2026
hello-abdul-manan,https://github.com/hello-abdul-manan,220952929,2025-07,24,268,10,2024–2026
Scheeza-Ahmad,https://github.com/Scheeza-Ahmad,223687153,2025-07,106,264,10,2024–2026
MateenSohail-coder,https://github.com/MateenSohail-coder,222058184,2025-07,22,254,10,2024–2026
Ishtiaq-Codes,https://github.com/Ishtiaq-Codes,220520279,2025-07,9,211,10,2024–2026
NudratDS,https://github.com/NudratDS,221017148,2025-07,36,185,10,2024–2026
IqraEjaz12,https://github.com/IqraEjaz12,223797438,2025-07,24,179,10,2024–2026
Abdullah929-design,https://github.com/Abdullah929-design,222164711,2025-07,14,178,10,2024–2026
official-ahmad,https://github.com/official-ahmad,222458894,2025-07,29,171,10,2024–2026
M-SAMIULLAH786,https://github.com/M-SAMIULLAH786,222484675,2025-07,26,149,10,2024–2026
2024me354-source,https://github.com/2024me354-source,223263374,2025-07,16,144,10,2024–2026
Aqib-11,https://github.com/Aqib-11,221594240,2025-07,10,134,10,2024–2026
muhammadnuman-eng,https://github.com/muhammadnuman-eng,218795739,2025-07,40,133,10,2024–2026
Meer-Abdulrehman,https://github.com/Meer-Abdulrehman,218966719,2025-07,15,122,10,2024–2026
mohsinojla,https://github.com/mohsinojla,218741785,2025-07,6,113,10,2024–2026
mamunadogar,https://github.com/mamunadogar,222271312,2025-07,9,112,10,2024–2026
SAJID-HABIB,https://github.com/SAJID-HABIB,223229529,2025-07,35,107,10,2024–2026
m-wasiq-37,https://github.com/m-wasiq-37,220876029,2025-07,9,105,10,2024–2026
muntahayousaf,https://github.com/muntahayousaf,220215204,2025-07,8,105,10,2024–2026
UmairAmjad-developer,https://github.com/UmairAmjad-developer,219014561,2025-07,6,104,10,2024–2026
azan-khan-dev,https://github.com/azan-khan-dev,220409676,2025-07,9,102,10,2024–2026
Sanakhalid03,https://github.com/Sanakhalid03,219343828,2025-07,29,100,10,2024–2026
Alina-Sher,https://github.com/Alina-Sher,219776297,2025-07,27,99,10,2024–2026
Aneeba-Waseem,https://github.com/Aneeba-Waseem,222594876,2025-07,8,93,10,2024–2026
adeel1232,https://github.com/adeel1232,218719483,2025-07,22,91,10,2024–2026
HassanAli112006,https://github.com/HassanAli112006,218770586,2025-07,6,84,10,2024–2026
Mozama1,https://github.com/Mozama1,218945062,2025-07,11,73,10,2024–2026
tarab-fatima,https://github.com/tarab-fatima,223630772,2025-07,7,68,10,2024–2026
Muhammad-Mudaser,https://github.com/Muhammad-Mudaser,221178473,2025-07,7,67,10,2024–2026
AsjalAbdullahButt,https://github.com/AsjalAbdullahButt,223203634,2025-07,7,66,10,2024–2026
ahsanmeharofficial,https://github.com/ahsanmeharofficial,222773866,2025-07,12,64,10,2024–2026
aftabahmadjs25,https://github.com/aftabahmadjs25,222417219,2025-07,6,63,10,2024–2026
moeezahmadkhan,https://github.com/moeezahmadkhan,220969969,2025-07,18,61,10,2024–2026
Muhammad-Awais123,https://github.com/Muhammad-Awais123,221101571,2025-07,13,61,10,2024–2026
amnakhalid87,https://github.com/amnakhalid87,223821093,2025-07,22,58,10,2024–2026
aleem-developer,https://github.com/aleem-developer,219001701,2025-07,9,57,10,2024–2026
m-usman14,https://github.com/m-usman14,220454482,2025-07,26,56,10,2024–2026
Mhassnain-developer,https://github.com/Mhassnain-developer,219334703,2025-07,20,56,10,2024–2026
codewitharslanjaved,https://github.com/codewitharslanjaved,221173442,2025-07,10,53,10,2024–2026
Awais748,https://github.com/Awais748,223417709,2025-07,13,52,10,2024–2026
ayaan-naeem,https://github.com/ayaan-naeem,219417106,2025-07,14,50,10,2024–2026
MuhammadQadeer2004,https://github.com/MuhammadQadeer2004,220402943,2025-07,16,49,10,2024–2026
fatiXcoder,https://github.com/fatiXcoder,221105455,2025-07,11,49,10,2024–2026
Mustafa250066,https://github.com/Mustafa250066,223898442,2025-07,6,49,10,2024–2026
Kumail-Devminds,https://github.com/Kumail-Devminds,222485013,2025-07,14,47,10,2024–2026
Muhtashim489,https://github.com/Muhtashim489,221576921,2025-07,9,47,10,2024–2026
alihamza-beep,https://github.com/alihamza-beep,221524385,2025-07,6,46,10,2024–2026
abdullahwaseem404,https://github.com/abdullahwaseem404,219622768,2025-07,12,45,10,2024–2026
ahmadbilal1042,https://github.com/ahmadbilal1042,223663546,2025-07,11,45,10,2024–2026
Muzamil-Naeem,https://github.com/Muzamil-Naeem,222095483,2025-07,17,41,10,2024–2026
ibrahim-fayyaz,https://github.com/ibrahim-fayyaz,220927443,2025-07,14,41,10,2024–2026
SadiaIlyas,https://github.com/SadiaIlyas,218826579,2025-07,9,38,10,2024–2026
muhammad-asif78,https://github.com/muhammad-asif78,220368764,2025-07,12,37,10,2024–2026
devbyahmad,https://github.com/devbyahmad,223424955,2025-07,16,36,10,2024–2026
muhammad-siraj-07,https://github.com/muhammad-siraj-07,223223358,2025-07,8,35,10,2024–2026
hmmuzammil,https://github.com/hmmuzammil,223828342,2025-07,6,35,10,2024–2026
mariaashiqqq,https://github.com/mariaashiqqq,222556849,2025-07,13,34,10,2024–2026
fizacodes,https://github.com/fizacodes,222852810,2025-07,11,34,10,2024–2026
shafiquelhr,https://github.com/shafiquelhr,220348153,2025-07,8,34,10,2024–2026
Awais811-sudo,https://github.com/Awais811-sudo,220502822,2025-07,11,33,10,2024–2026
Adnan4229,https://github.com/Adnan4229,221592286,2025-07,7,32,10,2024–2026
Ahmad-Munaam,https://github.com/Ahmad-Munaam,221838584,2025-07,10,31,10,2024–2026
ZULQARNAINRASHEED,https://github.com/ZULQARNAINRASHEED,219311240,2025-07,19,29,10,2024–2026
Danishthinks,https://github.com/Danishthinks,220679242,2025-07,13,29,10,2024–2026
iqramalik-uhe,https://github.com/iqramalik-uhe,223827922,2025-07,6,29,10,2024–2026
Rimsha2055,https://github.com/Rimsha2055,219292675,2025-07,14,28,10,2024–2026
imsuleman-10,https://github.com/imsuleman-10,220213485,2025-07,14,28,10,2024–2026
rehanDev4,https://github.com/rehanDev4,221267683,2025-07,11,28,10,2024–2026
AhmadIqbal4081,https://github.com/AhmadIqbal4081,221790432,2025-07,7,28,10,2024–2026
Ahmed-Perveiz,https://github.com/Ahmed-Perveiz,221348490,2025-07,11,27,10,2024–2026
wahab702,https://github.com/wahab702,223258764,2025-07,8,27,10,2024–2026
ascenthurera,https://github.com/ascenthurera,223091664,2025-07,7,27,10,2024–2026
tanveerkhan-dev,https://github.com/tanveerkhan-dev,222611079,2025-07,7,27,10,2024–2026
Ayesh1215,https://github.com/Ayesh1215,218911646,2025-07,8,26,10,2024–2026
ALI-AI-Engineer,https://github.com/ALI-AI-Engineer,223523708,2025-07,7,26,10,2024–2026
tahreem-razzaq,https://github.com/tahreem-razzaq,223172554,2025-07,6,26,10,2024–2026
Ali-HaSsan-25,https://github.com/Ali-HaSsan-25,219177413,2025-07,7,25,10,2024–2026
Hamid15-art,https://github.com/Hamid15-art,218769604,2025-07,10,24,10,2024–2026
mazhar-88,https://github.com/mazhar-88,223404348,2025-07,10,24,10,2024–2026
AliRaza6666,https://github.com/AliRaza6666,221836025,2025-07,8,24,10,2024–2026
MoaezAhmad,https://github.com/MoaezAhmad,222768960,2025-07,8,24,10,2024–2026
laiba228,https://github.com/laiba228,222639697,2025-07,18,22,10,2024–2026
ShanHaider10,https://github.com/ShanHaider10,222063305,2025-07,7,22,10,2024–2026
Mohidali2005,https://github.com/Mohidali2005,220415014,2025-07,7,22,10,2024–2026
hamnawaqar1,https://github.com/hamnawaqar1,221430044,2025-07,6,22,10,2024–2026
jahanzaib4455ali,https://github.com/jahanzaib4455ali,223648535,2025-07,13,21,10,2024–2026
Umer9538,https://github.com/Umer9538,226045662,2025-08,11,3262,10,2024–2026
subhan-cyber11,https://github.com/subhan-cyber11,225717920,2025-08,13,2622,10,2024–2026
memalihaider,https://github.com/memalihaider,227285972,2025-08,53,903,10,2024–2026
husnaincodes,https://github.com/husnaincodes,225037024,2025-08,11,733,10,2024–2026
Alihaider592,https://github.com/Alihaider592,223991950,2025-08,14,626,10,2024–2026
humna-mustafa,https://github.com/humna-mustafa,227798640,2025-08,8,324,10,2024–2026
developermuhammadsharjeel,https://github.com/developermuhammadsharjeel,229053233,2025-08,23,217,10,2024–2026
Javeriaakram-07,https://github.com/Javeriaakram-07,225584390,2025-08,9,190,10,2024–2026
zaeemattique,https://github.com/zaeemattique,224294220,2025-08,21,179,10,2024–2026
HammadKhan2007,https://github.com/HammadKhan2007,228566283,2025-08,42,113,10,2024–2026
seharmughal881,https://github.com/seharmughal881,226898861,2025-08,8,96,10,2024–2026
azeenmurtaza977-spec,https://github.com/azeenmurtaza977-spec,226881148,2025-08,9,94,10,2024–2026
hassan-ali-byte,https://github.com/hassan-ali-byte,229082695,2025-08,18,93,10,2024–2026
zunaishazaryab-droid,https://github.com/zunaishazaryab-droid,228648258,2025-08,22,86,10,2024–2026
muhmmadzeeshanabid-gif,https://github.com/muhmmadzeeshanabid-gif,224040092,2025-08,10,78,10,2024–2026
waqeehaider,https://github.com/waqeehaider,224562430,2025-08,17,76,10,2024–2026
ShumailaMaryam062,https://github.com/ShumailaMaryam062,229012264,2025-08,13,73,10,2024–2026
samreen-frontend,https://github.com/samreen-frontend,224826475,2025-08,7,72,10,2024–2026
Awaistabaruk,https://github.com/Awaistabaruk,227965692,2025-08,8,70,10,2024–2026
ghulamebilal-dev,https://github.com/ghulamebilal-dev,227743148,2025-08,15,59,10,2024–2026
mailasyeda,https://github.com/mailasyeda,226160275,2025-08,22,57,10,2024–2026
Abubakar35-byte,https://github.com/Abubakar35-byte,229480633,2025-08,7,57,10,2024–2026
mudassirejaz-art,https://github.com/mudassirejaz-art,224427037,2025-08,22,56,10,2024–2026
dua-rashid,https://github.com/dua-rashid,228375399,2025-08,6,53,10,2024–2026
talhahmad-webdev,https://github.com/talhahmad-webdev,224440497,2025-08,6,51,10,2024–2026
ayeshasaleem846,https://github.com/ayeshasaleem846,224660629,2025-08,11,50,10,2024–2026
muhammadbasit11,https://github.com/muhammadbasit11,226846030,2025-08,9,47,10,2024–2026
muhammad-mujtaba-haider-naqvi,https://github.com/muhammad-mujtaba-haider-naqvi,228563514,2025-08,6,47,10,2024–2026
Faizan-Ali-Shamsi,https://github.com/Faizan-Ali-Shamsi,227141509,2025-08,14,45,10,2024–2026
Muhummad-Sami,https://github.com/Muhummad-Sami,224607375,2025-08,9,44,10,2024–2026
Faizan-ishtiaq,https://github.com/Faizan-ishtiaq,226278963,2025-08,6,41,10,2024–2026
Rana-Hammad-dev,https://github.com/Rana-Hammad-dev,227989186,2025-08,17,37,10,2024–2026
wahidullah777,https://github.com/wahidullah777,224979652,2025-08,15,37,10,2024–2026
fatima123995,https://github.com/fatima123995,225402714,2025-08,13,37,10,2024–2026
theweborbitdev,https://github.com/theweborbitdev,227690067,2025-08,11,34,10,2024–2026
ammarxdev,https://github.com/ammarxdev,225307960,2025-08,10,32,10,2024–2026
Amna-luqman-dev,https://github.com/Amna-luqman-dev,227773710,2025-08,17,30,10,2024–2026
CodeByMuhammadLaraib,https://github.com/CodeByMuhammadLaraib,227940884,2025-08,10,29,10,2024–2026
AnasHasanie,https://github.com/AnasHasanie,225060540,2025-08,10,29,10,2024–2026
Salmankhan0518,https://github.com/Salmankhan0518,224394536,2025-08,8,29,10,2024–2026
CodeByHN,https://github.com/CodeByHN,225848416,2025-08,16,27,10,2024–2026
Mudassar18,https://github.com/Mudassar18,225791596,2025-08,9,27,10,2024–2026
yunusbutt676-commits,https://github.com/yunusbutt676-commits,227467611,2025-08,8,26,10,2024–2026
mtahanaeem,https://github.com/mtahanaeem,229214080,2025-08,9,25,10,2024–2026
mudassir-Bhatti,https://github.com/mudassir-Bhatti,224519739,2025-08,11,24,10,2024–2026
usmanibrahim17,https://github.com/usmanibrahim17,226472818,2025-08,9,24,10,2024–2026
mabdullah330000-design,https://github.com/mabdullah330000-design,228177100,2025-08,16,23,10,2024–2026
Abdul-Ahad-hub,https://github.com/Abdul-Ahad-hub,228173113,2025-08,9,23,10,2024–2026
abubakraslam177-source,https://github.com/abubakraslam177-source,228166991,2025-08,7,22,10,2024–2026
abubakrab69,https://github.com/abubakrab69,233972108,2025-09,8,764,10,2024–2026
RAAZIA-YASIN6770,https://github.com/RAAZIA-YASIN6770,230488632,2025-09,13,217,10,2024–2026
MuhammadIbrahimZahid,https://github.com/MuhammadIbrahimZahid,232098157,2025-09,35,213,10,2024–2026
muhammadus9139,https://github.com/muhammadus9139,231462219,2025-09,7,204,10,2024–2026
imabd645,https://github.com/imabd645,233397771,2025-09,20,199,10,2024–2026
mianhaseebnasir,https://github.com/mianhaseebnasir,235155206,2025-09,53,176,10,2024–2026
muneebslog,https://github.com/muneebslog,234987848,2025-09,8,173,10,2024–2026
shahzaib-dev79,https://github.com/shahzaib-dev79,232241279,2025-09,11,141,10,2024–2026
muhammad-hamid-jamil,https://github.com/muhammad-hamid-jamil,233097465,2025-09,27,116,10,2024–2026
m-abdullah-code,https://github.com/m-abdullah-code,229940516,2025-09,8,99,10,2024–2026
maaz-ishtiaq,https://github.com/maaz-ishtiaq,234708000,2025-09,7,81,10,2024–2026
zain-techz,https://github.com/zain-techz,233961746,2025-09,12,74,10,2024–2026
theasifzone-code,https://github.com/theasifzone-code,229700511,2025-09,7,74,10,2024–2026
Wania-Irfan-26,https://github.com/Wania-Irfan-26,231875296,2025-09,9,70,10,2024–2026
muhammadsaimatif-coder,https://github.com/muhammadsaimatif-coder,235159267,2025-09,8,66,10,2024–2026
salmanameer2,https://github.com/salmanameer2,234812799,2025-09,29,63,10,2024–2026
naveedkssk-glitch,https://github.com/naveedkssk-glitch,233934376,2025-09,26,63,10,2024–2026
techtidecorporate-dot,https://github.com/techtidecorporate-dot,231435207,2025-09,11,60,10,2024–2026
awaisalirajpot,https://github.com/awaisalirajpot,233465299,2025-09,10,59,10,2024–2026
Ayesha-Arshad7,https://github.com/Ayesha-Arshad7,231619723,2025-09,7,58,10,2024–2026
aribatariq231,https://github.com/aribatariq231,231901484,2025-09,24,48,10,2024–2026
Hamnaamin8,https://github.com/Hamnaamin8,231516064,2025-09,9,43,10,2024–2026
shahbazmalik1802-netizen,https://github.com/shahbazmalik1802-netizen,229730861,2025-09,8,43,10,2024–2026
ZainabShahzad-dev,https://github.com/ZainabShahzad-dev,234636728,2025-09,10,42,10,2024–2026
abdullah-real,https://github.com/abdullah-real,231510930,2025-09,24,38,10,2024–2026
sana-haroon,https://github.com/sana-haroon,232517485,2025-09,7,37,10,2024–2026
shahzaibjameel016-web,https://github.com/shahzaibjameel016-web,235008554,2025-09,16,36,10,2024–2026
alihamza-khan,https://github.com/alihamza-khan,232568057,2025-09,14,36,10,2024–2026
inamworkmail-creator,https://github.com/inamworkmail-creator,232026664,2025-09,14,35,10,2024–2026
mrhanzla-lab,https://github.com/mrhanzla-lab,233254696,2025-09,8,35,10,2024–2026
quicksite00,https://github.com/quicksite00,230547937,2025-09,8,34,10,2024–2026
mughal-byte,https://github.com/mughal-byte,233948378,2025-09,8,33,10,2024–2026
ASMghl,https://github.com/ASMghl,230884746,2025-09,10,32,10,2024–2026
ghousali011,https://github.com/ghousali011,233317684,2025-09,8,30,10,2024–2026
adilurrehman,https://github.com/adilurrehman,230683159,2025-09,7,30,10,2024–2026
Kashaf12609,https://github.com/Kashaf12609,233434449,2025-09,7,29,10,2024–2026
Buildwithhamza-git,https://github.com/Buildwithhamza-git,232777050,2025-09,6,28,10,2024–2026
KhizraAzeem,https://github.com/KhizraAzeem,231952465,2025-09,8,27,10,2024–2026
Uzair-Khan-54542,https://github.com/Uzair-Khan-54542,230121157,2025-09,6,26,10,2024–2026
ahperveen444,https://github.com/ahperveen444,231308273,2025-09,6,25,10,2024–2026
hashaammazhar795-byte,https://github.com/hashaammazhar795-byte,233907646,2025-09,9,23,10,2024–2026
akashasaigal-sketch,https://github.com/akashasaigal-sketch,233975233,2025-09,9,23,10,2024–2026
bestcoding-r,https://github.com/bestcoding-r,233519014,2025-09,16,21,10,2024–2026
muzamil-prog,https://github.com/muzamil-prog,236871490,2025-10,7,367,10,2024–2026
husnainisworking,https://github.com/husnainisworking,235641189,2025-10,6,197,10,2024–2026
f2025-0961,https://github.com/f2025-0961,236428655,2025-10,21,171,10,2024–2026
xheksubhanzaheer-source,https://github.com/xheksubhanzaheer-source,239982089,2025-10,74,164,10,2024–2026
ZAINI-CODE,https://github.com/ZAINI-CODE,239186344,2025-10,15,120,10,2024–2026
zaman-dataanalyst,https://github.com/zaman-dataanalyst,239003586,2025-10,6,100,10,2024–2026
raikashifali11,https://github.com/raikashifali11,235583003,2025-10,8,58,10,2024–2026
aliafzaldeveloper,https://github.com/aliafzaldeveloper,239002328,2025-10,43,54,10,2024–2026
Hammad-Ali1856,https://github.com/Hammad-Ali1856,240063044,2025-10,8,53,10,2024–2026
muhammadtayabfarooq-dev,https://github.com/muhammadtayabfarooq-dev,238337979,2025-10,13,51,10,2024–2026
subhansaafir,https://github.com/subhansaafir,235776655,2025-10,6,49,10,2024–2026
laurajlawson1-lgtm,https://github.com/laurajlawson1-lgtm,235680679,2025-10,11,46,10,2024–2026
ziaulfakercc-07,https://github.com/ziaulfakercc-07,240669613,2025-10,6,46,10,2024–2026
Abdulmoidatgit,https://github.com/Abdulmoidatgit,235759395,2025-10,17,43,10,2024–2026
TayyabaKousar,https://github.com/TayyabaKousar,236425523,2025-10,8,43,10,2024–2026
hamzaali-712,https://github.com/hamzaali-712,236814252,2025-10,8,34,10,2024–2026
aliicreator,https://github.com/aliicreator,235866263,2025-10,6,32,10,2024–2026
abdulsaboorera-bit,https://github.com/abdulsaboorera-bit,239871896,2025-10,7,31,10,2024–2026
tayabodla-786,https://github.com/tayabodla-786,238035740,2025-10,7,26,10,2024–2026
khadijahIrfan,https://github.com/khadijahIrfan,238041164,2025-10,25,25,10,2024–2026
ahsaanjameel595,https://github.com/ahsaanjameel595,241061344,2025-10,7,22,10,2024–2026
iammaani34,https://github.com/iammaani34,237177198,2025-10,15,21,10,2024–2026
yadullahalimola-collab,https://github.com/yadullahalimola-collab,245311811,2025-11,39,119,10,2024–2026
aidevyasmin,https://github.com/aidevyasmin,243834728,2025-11,38,70,10,2024–2026
sameer-shamshad,https://github.com/sameer-shamshad,245866931,2025-11,12,52,10,2024–2026
huzaifahassan972-commits,https://github.com/huzaifahassan972-commits,243519938,2025-11,6,51,10,2024–2026
mujeulhussnain-mernstack,https://github.com/mujeulhussnain-mernstack,246844281,2025-11,9,29,10,2024–2026
usmanfaisal-dev,https://github.com/usmanfaisal-dev,242334818,2025-11,8,29,10,2024–2026
ShizaRiazDev,https://github.com/ShizaRiazDev,241401199,2025-11,13,28,10,2024–2026
mzeeshan786453,https://github.com/mzeeshan786453,246687023,2025-11,7,22,10,2024–2026
TalhaAhmad-Codes,https://github.com/TalhaAhmad-Codes,251129217,2025-12,7,225,10,2024–2026
Abudora-0,https://github.com/Abudora-0,247085900,2025-12,7,165,10,2024–2026
RehanIlyas-dev,https://github.com/RehanIlyas-dev,251880341,2025-12,7,116,10,2024–2026
minahil058,https://github.com/minahil058,249957549,2025-12,7,113,10,2024–2026
yasir1423,https://github.com/yasir1423,249657437,2025-12,38,78,10,2024–2026
moiz-260,https://github.com/moiz-260,247783858,2025-12,14,75,10,2024–2026
naumanrazzaq-dot,https://github.com/naumanrazzaq-dot,251138587,2025-12,22,67,10,2024–2026
bilal-shah-shopx,https://github.com/bilal-shah-shopx,248429693,2025-12,12,64,10,2024–2026
nouman-ali-senior-developer,https://github.com/nouman-ali-senior-developer,251654825,2025-12,43,52,10,2024–2026
tybaasuleman-blip,https://github.com/tybaasuleman-blip,248295495,2025-12,10,51,10,2024–2026
zulqarnainoraxtech,https://github.com/zulqarnainoraxtech,247736632,2025-12,16,36,10,2024–2026
SamihaMumtaz,https://github.com/SamihaMumtaz,252014093,2025-12,25,30,10,2024–2026
hafizmuhammadzainshoukat-crypto,https://github.com/hafizmuhammadzainshoukat-crypto,247666877,2025-12,12,26,10,2024–2026
zuhranrasool,https://github.com/zuhranrasool,249631317,2025-12,6,24,10,2024–2026
mubasharalidev,https://github.com/mubasharalidev,258065421,2026-01,43,482,10,2024–2026
shayan9689,https://github.com/shayan9689,255357513,2026-01,22,161,10,2024–2026
noormaahnaveed2,https://github.com/noormaahnaveed2,253688341,2026-01,23,143,10,2024–2026
sobanraheel,https://github.com/sobanraheel,253508615,2026-01,43,104,10,2024–2026
itxmuznay-web,https://github.com/itxmuznay-web,255308906,2026-01,30,82,10,2024–2026
fardeendevv,https://github.com/fardeendevv,254888860,2026-01,23,60,10,2024–2026
adnanabdullah0405,https://github.com/adnanabdullah0405,252410985,2026-01,15,60,10,2024–2026
Ammar-Liaquat,https://github.com/Ammar-Liaquat,254014038,2026-01,11,57,10,2024–2026
memonashafiq084-wq,https://github.com/memonashafiq084-wq,255715258,2026-01,6,57,10,2024–2026
AhmadMughal-web,https://github.com/AhmadMughal-web,257592940,2026-01,20,55,10,2024–2026
abdullah-v-cmd,https://github.com/abdullah-v-cmd,255353620,2026-01,10,45,10,2024–2026
muhammadaamir-dev,https://github.com/muhammadaamir-dev,254425789,2026-01,6,45,10,2024–2026
CodeWithShifa,https://github.com/CodeWithShifa,254963634,2026-01,21,44,10,2024–2026
Ahmii-Ch,https://github.com/Ahmii-Ch,254078727,2026-01,21,42,10,2024–2026
ArslanAsad0101,https://github.com/ArslanAsad0101,257829117,2026-01,9,35,10,2024–2026
amnabatool4128-arch,https://github.com/amnabatool4128-arch,254231694,2026-01,24,34,10,2024–2026
usmandev304,https://github.com/usmandev304,253795025,2026-01,21,21,10,2024–2026
engrmaziz,https://github.com/engrmaziz,263594319,2026-02,14,420,10,2024–2026
Ali-Ch-01,https://github.com/Ali-Ch-01,264509511,2026-02,22,255,10,2024–2026
